file,class,method,constructor,line,cbo,cboModified,fanin,fanout,wmc,rfc,loc,returnsQty,variablesQty,parametersQty,methodsInvokedQty,methodsInvokedLocalQty,methodsInvokedIndirectLocalQty,loopQty,comparisonsQty,tryCatchQty,parenthesizedExpsQty,stringLiteralsQty,numbersQty,assignmentsQty,mathOperationsQty,maxNestedBlocksQty,anonymousClassesQty,innerClassesQty,lambdasQty,uniqueWordsQty,modifiers,logStatementsQty,hasJavaDoc
C:\Users\Madhu\Downloads\console-card-game-master\ConsoleCardGame\src\players\ComputerType.java,players.ComputerType,getTypesAsStrings/0,false,73,1,2,1,1,3,3,14,1,3,0,3,0,0,2,0,0,0,0,2,5,1,1,0,0,0,14,9,0,true
C:\Users\Madhu\Downloads\console-card-game-master\ConsoleCardGame\src\players\ComputerType.java,players.ComputerType,getFromString/1[java.lang.String],false,33,1,1,1,0,4,0,12,3,0,1,0,0,0,0,0,0,0,5,0,0,1,1,0,0,0,29,9,0,true
C:\Users\Madhu\Downloads\console-card-game-master\ConsoleCardGame\src\players\ComputerType.java,players.ComputerType,"ComputerType/2[java.lang.String,java.lang.String]",true,23,0,0,0,0,1,0,4,0,0,2,0,0,0,0,0,0,0,0,0,2,0,0,0,0,0,8,0,0,true
C:\Users\Madhu\Downloads\console-card-game-master\ConsoleCardGame\src\players\ComputerType.java,players.ComputerType,getName/0,false,56,0,3,3,0,1,0,3,1,0,0,0,0,0,0,0,0,0,0,0,0,0,0,0,0,0,7,1,0,true
C:\Users\Madhu\Downloads\console-card-game-master\ConsoleCardGame\src\players\ComputerType.java,players.ComputerType,printDescription/0,false,63,2,5,1,4,2,6,6,0,0,0,6,2,1,1,0,0,0,2,0,0,1,1,0,0,0,8,9,0,true
C:\Users\Madhu\Downloads\console-card-game-master\ConsoleCardGame\src\players\ComputerType.java,players.ComputerType,getDescription/0,false,49,0,2,2,0,1,0,3,1,0,0,0,0,0,0,0,0,0,0,0,0,0,0,0,0,0,7,1,0,true
C:\Users\Madhu\Downloads\console-card-game-master\ConsoleCardGame\src\players\Computer.java,players.Computer,"play/3[java.util.Scanner,players.Player[],game.Board]",false,51,8,13,0,13,12,13,94,1,21,3,13,0,0,3,4,0,1,16,22,44,0,3,0,0,0,83,1,0,true
C:\Users\Madhu\Downloads\console-card-game-master\ConsoleCardGame\src\players\Computer.java,players.Computer,getType/0,false,38,1,0,0,0,1,0,3,1,0,0,0,0,0,0,0,0,0,0,0,0,0,0,0,0,0,8,1,0,true
C:\Users\Madhu\Downloads\console-card-game-master\ConsoleCardGame\src\players\Computer.java,players.Computer,"Computer/3[int,java.lang.String,players.ComputerType]",true,30,1,1,1,0,1,0,4,0,0,3,0,0,0,0,0,0,0,0,0,1,0,0,0,0,0,9,1,0,true
C:\Users\Madhu\Downloads\console-card-game-master\ConsoleCardGame\src\cards\Graveyard.java,cards.Graveyard,containsCard/1[cards.Card],false,50,1,0,0,0,1,1,3,1,0,1,1,0,0,0,0,0,0,0,0,0,0,0,0,0,0,10,1,0,true
C:\Users\Madhu\Downloads\console-card-game-master\ConsoleCardGame\src\cards\Graveyard.java,cards.Graveyard,printGraveyard/0,false,64,2,4,1,3,4,3,13,0,1,0,3,0,0,1,2,0,0,2,2,1,0,2,0,0,0,18,1,0,true
C:\Users\Madhu\Downloads\console-card-game-master\ConsoleCardGame\src\cards\Graveyard.java,cards.Graveyard,addCard/1[cards.Card],false,28,2,4,1,3,1,4,5,0,0,1,4,0,0,0,0,0,0,1,0,0,0,0,0,0,0,12,1,0,true
C:\Users\Madhu\Downloads\console-card-game-master\ConsoleCardGame\src\cards\Graveyard.java,cards.Graveyard,numCardsGraveyard/0,false,57,0,0,0,0,1,1,3,1,0,0,1,0,0,0,0,0,0,0,0,0,0,0,0,0,0,8,1,0,true
C:\Users\Madhu\Downloads\console-card-game-master\ConsoleCardGame\src\cards\Graveyard.java,cards.Graveyard,Graveyard/0,true,20,1,1,1,0,1,0,3,0,0,0,0,0,0,0,0,0,0,0,0,1,0,0,0,0,0,5,1,0,true
C:\Users\Madhu\Downloads\console-card-game-master\ConsoleCardGame\src\cards\Graveyard.java,cards.Graveyard,removeCard/1[int],false,39,1,1,0,1,1,2,5,1,1,1,2,0,0,0,0,0,0,0,0,1,0,0,0,0,0,17,1,0,true
C:\Users\Madhu\Downloads\console-card-game-master\ConsoleCardGame\src\players\Player.java,players.Player$PlayData,"PlayData/5[players.Player,cards.Card,cards.Attribute,players.Player,int[]]",true,271,4,2,2,0,1,0,7,0,0,5,0,0,0,0,0,0,0,0,0,5,0,0,0,0,0,25,0,0,true
C:\Users\Madhu\Downloads\console-card-game-master\ConsoleCardGame\src\utility\PresetDecks.java,utility.PresetDecks,loadElvenDeck/1[cards.Deck],false,19,3,6,1,5,1,3,8,1,0,1,3,0,0,0,0,0,0,40,50,0,0,0,0,0,0,34,25,0,true
C:\Users\Madhu\Downloads\console-card-game-master\ConsoleCardGame\src\utility\PresetDecks.java,utility.PresetDecks,loadPirateDeck/1[cards.Deck],false,88,3,6,1,5,1,3,8,1,0,1,3,0,0,0,0,0,0,40,50,0,0,0,0,0,0,33,25,0,true
C:\Users\Madhu\Downloads\console-card-game-master\ConsoleCardGame\src\utility\PresetDecks.java,utility.PresetDecks,loadKingdomDeck/1[cards.Deck],false,157,3,6,1,5,1,3,8,1,0,1,3,0,0,0,0,0,0,40,50,0,0,0,0,0,0,32,25,0,true
C:\Users\Madhu\Downloads\console-card-game-master\ConsoleCardGame\src\game\Game.java,game.Game$Round,Round/0,true,62,2,2,1,1,8,3,34,0,6,0,3,0,0,2,3,0,0,0,6,15,0,3,0,0,0,20,2,0,true
C:\Users\Madhu\Downloads\console-card-game-master\ConsoleCardGame\src\cards\Hand.java,cards.Hand,hasCardOnIndex/1[int],false,76,0,2,2,0,2,0,3,1,0,1,0,0,0,0,1,0,0,0,0,0,0,0,0,0,0,17,1,0,true
C:\Users\Madhu\Downloads\console-card-game-master\ConsoleCardGame\src\cards\Hand.java,cards.Hand,removeCardFromHand/1[int],false,55,2,2,1,1,3,1,12,1,1,1,1,1,1,0,1,0,0,2,1,2,0,1,0,0,0,30,1,0,true
C:\Users\Madhu\Downloads\console-card-game-master\ConsoleCardGame\src\cards\Hand.java,cards.Hand,getFirstCardIndexFromHand/0,false,103,0,1,1,0,2,0,3,1,0,0,0,0,0,0,1,0,1,0,3,0,0,0,0,0,0,13,1,0,true
C:\Users\Madhu\Downloads\console-card-game-master\ConsoleCardGame\src\cards\Hand.java,cards.Hand,getCardFromHand/1[int],false,92,2,3,2,1,2,1,6,1,0,1,1,1,1,0,0,0,0,1,0,0,0,1,0,0,0,22,1,0,true
C:\Users\Madhu\Downloads\console-card-game-master\ConsoleCardGame\src\cards\Hand.java,cards.Hand,addCardToHand/1[cards.Card],false,34,2,3,1,2,4,2,13,0,1,1,2,0,0,1,2,0,0,2,1,2,0,2,0,0,0,32,1,0,true
C:\Users\Madhu\Downloads\console-card-game-master\ConsoleCardGame\src\cards\Hand.java,cards.Hand,printCardsHidden/0,false,127,2,3,1,2,4,2,12,0,1,0,2,0,0,1,2,0,0,1,2,1,0,2,0,0,0,19,1,0,true
C:\Users\Madhu\Downloads\console-card-game-master\ConsoleCardGame\src\cards\Hand.java,cards.Hand,Hand/0,true,25,1,1,1,0,1,0,4,0,0,0,0,0,0,0,0,0,0,0,1,2,0,0,0,0,0,21,1,0,true
C:\Users\Madhu\Downloads\console-card-game-master\ConsoleCardGame\src\cards\Hand.java,cards.Hand,getCardsInHand/0,false,83,0,5,5,0,1,0,3,1,0,0,0,0,0,0,0,0,0,0,0,0,0,0,0,0,0,10,1,0,true
C:\Users\Madhu\Downloads\console-card-game-master\ConsoleCardGame\src\cards\Hand.java,cards.Hand,printCards/0,false,110,2,4,1,3,4,3,13,0,1,0,3,0,0,1,2,0,0,2,2,1,0,2,0,0,0,19,1,0,true
C:\Users\Madhu\Downloads\console-card-game-master\ConsoleCardGame\src\game\Game.java,game.Game,logic/0,false,327,9,25,1,24,15,24,56,0,2,0,24,1,1,4,2,0,0,13,10,3,9,5,0,0,0,81,2,0,true
C:\Users\Madhu\Downloads\console-card-game-master\ConsoleCardGame\src\game\Game.java,game.Game,isGameMode/0,false,475,0,0,0,0,1,0,3,1,0,0,0,0,0,0,0,0,0,0,0,0,0,0,0,0,0,8,1,0,true
C:\Users\Madhu\Downloads\console-card-game-master\ConsoleCardGame\src\game\Game.java,game.Game,getCurrentRound/0,false,130,0,0,0,0,1,0,3,1,0,0,0,0,0,0,0,0,0,0,0,0,0,0,0,0,0,8,1,0,true
C:\Users\Madhu\Downloads\console-card-game-master\ConsoleCardGame\src\game\Game.java,game.Game,deckSelection/0,false,293,5,16,1,15,2,15,12,0,1,0,15,0,0,1,0,0,0,14,0,1,2,1,0,0,0,35,2,0,true
C:\Users\Madhu\Downloads\console-card-game-master\ConsoleCardGame\src\game\Game.java,game.Game,setUpHand/0,false,309,5,8,1,7,4,6,8,0,0,0,6,0,0,1,0,0,0,2,0,0,1,2,0,0,0,14,2,0,true
C:\Users\Madhu\Downloads\console-card-game-master\ConsoleCardGame\src\game\Game.java,game.Game,everyoneHasNotPassed/0,false,464,1,2,1,1,3,1,4,2,0,0,1,0,0,1,1,0,0,0,0,0,0,2,0,0,0,16,2,0,true
C:\Users\Madhu\Downloads\console-card-game-master\ConsoleCardGame\src\game\Game.java,game.Game,gameOver/0,false,411,2,5,1,4,8,8,32,0,6,0,8,0,0,3,2,0,0,8,5,9,3,2,0,0,0,33,2,0,true
C:\Users\Madhu\Downloads\console-card-game-master\ConsoleCardGame\src\game\Game.java,game.Game,start/0,false,146,3,14,1,13,11,17,47,0,0,0,17,7,2,1,0,2,0,11,2,4,2,2,0,0,0,71,1,0,true
C:\Users\Madhu\Downloads\console-card-game-master\ConsoleCardGame\src\game\Game.java,game.Game,getTurn/0,false,137,0,2,2,0,1,0,3,1,0,0,0,0,0,0,0,0,0,0,0,0,0,0,0,0,0,7,1,0,true
C:\Users\Madhu\Downloads\console-card-game-master\ConsoleCardGame\src\game\Game.java,game.Game,music/0,false,226,2,2,1,1,1,9,8,0,2,0,9,0,0,0,0,0,0,3,2,2,2,0,0,0,0,29,2,0,true
C:\Users\Madhu\Downloads\console-card-game-master\ConsoleCardGame\src\game\Game.java,game.Game,getId/0,false,123,0,0,0,0,1,0,3,1,0,0,0,0,0,0,0,0,0,0,0,0,0,0,0,0,0,6,1,0,true
C:\Users\Madhu\Downloads\console-card-game-master\ConsoleCardGame\src\game\Game.java,game.Game,printPlayers/0,false,448,5,11,1,10,2,11,12,0,0,0,11,0,0,1,0,0,0,9,0,0,7,1,0,0,0,20,1,0,true
C:\Users\Madhu\Downloads\console-card-game-master\ConsoleCardGame\src\game\Game.java,game.Game,setUpPlayers/0,false,270,5,10,1,9,4,10,20,0,4,0,10,0,0,1,0,0,0,15,1,7,2,2,0,0,0,26,2,0,true
C:\Users\Madhu\Downloads\console-card-game-master\ConsoleCardGame\src\game\Game.java,game.Game,"Game/5[int,int,int,boolean,java.util.Scanner]",true,107,2,1,1,0,1,0,11,0,0,5,0,0,0,0,0,0,0,0,1,9,0,0,0,0,0,34,0,0,true
C:\Users\Madhu\Downloads\console-card-game-master\ConsoleCardGame\src\game\Game.java,game.Game,introduction/0,false,238,4,11,1,10,4,14,21,0,1,0,14,0,0,3,0,0,0,21,0,1,4,1,0,0,0,145,2,0,true
C:\Users\Madhu\Downloads\console-card-game-master\ConsoleCardGame\src\utility\Util.java,utility.Util,clearConsole/0,false,106,0,2,2,0,3,7,8,0,0,0,7,0,0,0,0,1,0,6,0,0,0,2,0,0,0,10,9,0,true
C:\Users\Madhu\Downloads\console-card-game-master\ConsoleCardGame\src\utility\Util.java,utility.Util,"promptInputValidationByValue/3[java.lang.String,java.util.Scanner,java.lang.Object[]]",false,155,1,8,4,4,5,8,17,2,3,3,8,4,1,1,0,0,0,2,0,4,1,2,0,0,0,46,25,0,true
C:\Users\Madhu\Downloads\console-card-game-master\ConsoleCardGame\src\utility\Util.java,utility.Util,printEmptyMessage/1[java.lang.String],false,43,0,6,6,0,1,1,3,0,0,1,1,0,0,0,0,0,0,2,0,0,1,0,0,0,0,11,25,0,true
C:\Users\Madhu\Downloads\console-card-game-master\ConsoleCardGame\src\utility\Util.java,utility.Util,"printInBox/2[java.lang.String,java.lang.Object[]]",false,68,0,1,1,0,5,6,19,0,5,2,6,0,0,3,0,1,0,9,2,7,3,2,0,0,0,29,9,0,true
C:\Users\Madhu\Downloads\console-card-game-master\ConsoleCardGame\src\utility\Util.java,utility.Util,"print/2[java.lang.String,java.lang.Object[]]",false,17,0,28,28,0,1,1,3,0,0,2,1,0,0,0,0,0,0,2,0,0,1,0,0,0,0,12,25,0,true
C:\Users\Madhu\Downloads\console-card-game-master\ConsoleCardGame\src\utility\Util.java,utility.Util,printSeparator/1[java.lang.String],false,51,0,9,9,0,1,1,3,0,0,1,1,0,0,0,0,0,0,2,0,0,1,0,0,0,0,10,25,0,true
C:\Users\Madhu\Downloads\console-card-game-master\ConsoleCardGame\src\utility\Util.java,utility.Util,printSeparator2/1[java.lang.String],false,59,0,4,4,0,1,1,3,0,0,1,1,0,0,0,0,0,0,2,0,0,1,0,0,0,0,11,25,0,true
C:\Users\Madhu\Downloads\console-card-game-master\ConsoleCardGame\src\utility\Util.java,utility.Util,"promptInputValidationByRange/4[java.lang.String,java.util.Scanner,int,int]",false,204,1,6,3,3,4,6,17,3,2,4,6,3,1,0,0,1,0,3,1,3,1,1,0,0,0,48,25,0,true
C:\Users\Madhu\Downloads\console-card-game-master\ConsoleCardGame\src\utility\Util.java,utility.Util,stringToObject/1[java.lang.String],false,121,0,2,2,0,7,6,32,1,2,1,6,0,0,0,2,1,0,3,2,9,0,3,0,0,0,17,10,0,true
C:\Users\Madhu\Downloads\console-card-game-master\ConsoleCardGame\src\utility\Util.java,utility.Util,clearConsoleConfirm/1[java.util.Scanner],false,97,1,4,2,2,1,3,5,0,0,1,3,2,1,0,0,0,0,1,0,0,0,0,0,0,0,19,9,0,true
C:\Users\Madhu\Downloads\console-card-game-master\ConsoleCardGame\src\utility\Util.java,utility.Util,"printDebug/2[java.lang.String,java.lang.Object[]]",false,26,0,4,4,0,1,1,3,0,0,2,1,0,0,0,0,0,0,2,0,0,1,0,0,0,0,14,25,0,true
C:\Users\Madhu\Downloads\console-card-game-master\ConsoleCardGame\src\utility\Util.java,utility.Util,"promptInputValidationByClass/3[java.lang.String,java.util.Scanner,java.lang.Class<?>]",false,183,1,6,2,4,2,8,10,2,2,3,8,4,1,0,0,0,0,2,0,2,1,1,0,0,0,38,25,0,true
C:\Users\Madhu\Downloads\console-card-game-master\ConsoleCardGame\src\utility\Util.java,utility.Util,"printError/2[java.lang.String,java.lang.Object[]]",false,35,0,4,4,0,1,1,3,0,0,2,1,0,0,0,0,0,0,2,0,0,1,0,0,0,0,14,25,0,true
C:\Users\Madhu\Downloads\console-card-game-master\ConsoleCardGame\src\game\Board.java,game.Board,printBoard/0,false,210,4,7,1,6,4,7,16,0,2,0,7,1,1,2,0,0,0,4,1,3,1,2,0,0,0,31,1,0,true
C:\Users\Madhu\Downloads\console-card-game-master\ConsoleCardGame\src\game\Board.java,game.Board,printPlayerBoard/1[players.Player],false,231,4,7,1,6,3,7,14,0,2,1,7,1,1,1,0,0,0,4,1,3,1,1,0,0,0,37,1,0,true
C:\Users\Madhu\Downloads\console-card-game-master\ConsoleCardGame\src\game\Board.java,game.Board,"getCard/2[players.Player,int]",false,91,2,1,1,0,1,2,3,1,0,2,2,0,0,0,0,0,0,0,0,0,0,0,0,0,0,18,2,0,true
C:\Users\Madhu\Downloads\console-card-game-master\ConsoleCardGame\src\game\Board.java,game.Board,getTotalPlayerPower/1[players.Player],false,190,2,7,6,1,2,2,7,1,1,1,2,0,0,1,0,0,0,0,1,2,1,1,0,0,0,19,1,0,true
C:\Users\Madhu\Downloads\console-card-game-master\ConsoleCardGame\src\game\Board.java,game.Board,"Board/2[game.Game,players.Player[]]",true,53,4,1,1,0,2,1,9,0,0,2,1,0,0,1,0,0,0,0,0,4,0,1,0,0,0,20,1,0,true
C:\Users\Madhu\Downloads\console-card-game-master\ConsoleCardGame\src\game\Board.java,game.Board,checkTimedAttributes/0,false,127,6,7,1,6,4,12,19,1,2,0,12,1,2,1,1,0,1,4,1,2,2,2,0,0,0,29,2,0,true
C:\Users\Madhu\Downloads\console-card-game-master\ConsoleCardGame\src\game\Board.java,game.Board,"removeCard/2[players.Player,cards.Card]",false,80,3,3,1,2,1,4,4,0,0,2,4,0,0,0,0,0,0,0,0,0,0,0,0,0,0,17,2,0,true
C:\Users\Madhu\Downloads\console-card-game-master\ConsoleCardGame\src\game\Board.java,game.Board,getCardsOnBoard/1[players.Player],false,203,1,3,3,0,1,2,3,1,0,1,2,0,0,0,0,0,0,0,0,0,0,0,0,0,0,18,1,0,true
C:\Users\Madhu\Downloads\console-card-game-master\ConsoleCardGame\src\game\Board.java,game.Board,"addCard/2[players.Player,cards.Card]",false,68,3,5,1,4,1,7,6,0,1,2,7,0,0,0,0,0,0,1,1,1,1,0,0,0,0,16,2,0,true
C:\Users\Madhu\Downloads\console-card-game-master\ConsoleCardGame\src\game\Board.java,game.Board,"activateAttribute/5[players.Player,cards.Card,cards.Attribute,players.Player,cards.Card[]]",false,103,5,9,2,7,5,7,15,0,0,5,7,1,1,1,0,0,0,2,2,0,0,2,0,0,0,20,2,0,true
C:\Users\Madhu\Downloads\console-card-game-master\ConsoleCardGame\src\game\Board.java,game.Board,playBoard/1[players.Player.PlayData],false,156,7,14,1,13,4,13,20,1,2,1,13,4,3,1,1,0,0,2,2,3,1,1,0,0,0,38,1,0,true
C:\Users\Madhu\Downloads\console-card-game-master\ConsoleCardGame\src\players\Player.java,players.Player,resetGameState/0,false,236,1,2,1,1,1,1,8,0,0,0,1,0,0,0,0,0,0,1,0,5,0,0,0,0,0,18,1,0,true
C:\Users\Madhu\Downloads\console-card-game-master\ConsoleCardGame\src\players\Player.java,players.Player,setPassed/1[boolean],false,163,0,2,2,0,1,0,3,0,0,1,0,0,0,0,0,0,0,0,0,1,0,0,0,0,0,7,1,0,true
C:\Users\Madhu\Downloads\console-card-game-master\ConsoleCardGame\src\players\Player.java,players.Player,playCard/1[int],false,220,3,5,2,3,3,3,9,2,0,1,3,0,0,0,2,0,0,3,1,0,0,1,0,0,0,34,1,0,true
C:\Users\Madhu\Downloads\console-card-game-master\ConsoleCardGame\src\players\Player.java,players.Player,getGame/0,false,140,1,1,1,0,1,0,3,1,0,0,0,0,0,0,0,0,0,0,0,0,0,0,0,0,0,8,1,0,true
C:\Users\Madhu\Downloads\console-card-game-master\ConsoleCardGame\src\players\Player.java,players.Player,getCardsLeft/0,false,116,2,4,2,2,3,2,4,1,0,0,2,0,0,0,2,0,0,1,0,0,1,1,0,0,0,25,1,0,true
C:\Users\Madhu\Downloads\console-card-game-master\ConsoleCardGame\src\players\Player.java,players.Player,setDeck/1[cards.Deck],false,72,1,1,1,0,1,0,3,0,0,1,0,0,0,0,0,0,0,0,0,1,0,0,0,0,0,10,1,0,true
C:\Users\Madhu\Downloads\console-card-game-master\ConsoleCardGame\src\players\Player.java,players.Player,getId/0,false,49,0,3,3,0,1,0,3,1,0,0,0,0,0,0,0,0,0,0,0,0,0,0,0,0,0,6,1,0,true
C:\Users\Madhu\Downloads\console-card-game-master\ConsoleCardGame\src\players\Player.java,players.Player,"play/3[java.util.Scanner,players.Player[],game.Board]",false,245,3,1,1,0,1,0,1,0,0,3,0,0,0,0,0,0,0,0,0,0,0,0,0,0,0,21,1025,0,true
C:\Users\Madhu\Downloads\console-card-game-master\ConsoleCardGame\src\players\Player.java,players.Player,setGame/1[game.Game],false,148,1,1,1,0,1,0,3,0,0,1,0,0,0,0,0,0,0,0,0,1,0,0,0,0,0,11,1,0,true
C:\Users\Madhu\Downloads\console-card-game-master\ConsoleCardGame\src\players\Player.java,players.Player,printHandHidden/0,false,189,1,2,1,1,2,1,4,0,0,0,1,0,0,0,1,0,0,1,0,0,0,1,0,0,0,28,1,0,true
C:\Users\Madhu\Downloads\console-card-game-master\ConsoleCardGame\src\players\Player.java,players.Player,setGraveyard/1[cards.Graveyard],false,94,1,1,1,0,1,0,3,0,0,1,0,0,0,0,0,0,0,0,0,1,0,0,0,0,0,10,1,0,true
C:\Users\Madhu\Downloads\console-card-game-master\ConsoleCardGame\src\players\Player.java,players.Player,printHand/0,false,180,1,2,1,1,2,1,4,0,0,0,1,0,0,0,1,0,0,1,0,0,0,1,0,0,0,20,1,0,true
C:\Users\Madhu\Downloads\console-card-game-master\ConsoleCardGame\src\players\Player.java,players.Player,hasPassed/0,false,155,0,2,2,0,1,0,3,1,0,0,0,0,0,0,0,0,0,0,0,0,0,0,0,0,0,5,1,0,true
C:\Users\Madhu\Downloads\console-card-game-master\ConsoleCardGame\src\players\Player.java,players.Player,shuffleDeck/0,false,170,2,3,1,2,2,2,5,0,0,0,2,0,0,0,1,0,0,2,0,0,0,1,0,0,0,20,1,0,true
C:\Users\Madhu\Downloads\console-card-game-master\ConsoleCardGame\src\players\Player.java,players.Player,getName/0,false,42,0,12,12,0,1,0,3,1,0,0,0,0,0,0,0,0,0,0,0,0,0,0,0,0,0,6,1,0,true
C:\Users\Madhu\Downloads\console-card-game-master\ConsoleCardGame\src\players\Player.java,players.Player,"Player/2[int,java.lang.String]",true,31,0,0,0,0,1,0,6,0,0,2,0,0,0,0,0,0,0,0,1,4,0,0,0,0,0,12,1,0,true
C:\Users\Madhu\Downloads\console-card-game-master\ConsoleCardGame\src\players\Player.java,players.Player,getDeck/0,false,79,1,3,3,0,1,0,3,1,0,0,0,0,0,0,0,0,0,0,0,0,0,0,0,0,0,9,1,0,true
C:\Users\Madhu\Downloads\console-card-game-master\ConsoleCardGame\src\players\Player.java,players.Player,setRoundsWon/1[int],false,133,0,1,1,0,1,0,3,0,0,1,0,0,0,0,0,0,0,0,0,1,0,0,0,0,0,11,1,0,true
C:\Users\Madhu\Downloads\console-card-game-master\ConsoleCardGame\src\players\Player.java,players.Player,getGraveyard/0,false,86,1,2,2,0,1,0,3,1,0,0,0,0,0,0,0,0,0,0,0,0,0,0,0,0,0,9,1,0,true
C:\Users\Madhu\Downloads\console-card-game-master\ConsoleCardGame\src\players\Player.java,players.Player,getFaction/0,false,101,1,1,1,0,1,0,3,1,0,0,0,0,0,0,0,0,0,0,0,0,0,0,0,0,0,11,1,0,true
C:\Users\Madhu\Downloads\console-card-game-master\ConsoleCardGame\src\players\Player.java,players.Player,getHand/0,false,64,1,3,3,0,1,0,3,1,0,0,0,0,0,0,0,0,0,0,0,0,0,0,0,0,0,9,1,0,true
C:\Users\Madhu\Downloads\console-card-game-master\ConsoleCardGame\src\players\Player.java,players.Player,setHand/1[cards.Hand],false,57,1,1,1,0,1,0,3,0,0,1,0,0,0,0,0,0,0,0,0,1,0,0,0,0,0,11,1,0,true
C:\Users\Madhu\Downloads\console-card-game-master\ConsoleCardGame\src\players\Player.java,players.Player,drawCard/0,false,199,4,6,2,4,4,4,11,2,1,0,4,0,0,0,3,0,0,3,1,1,0,1,0,0,0,35,1,0,true
C:\Users\Madhu\Downloads\console-card-game-master\ConsoleCardGame\src\players\Player.java,players.Player,getRoundsWon/0,false,125,0,2,2,0,1,0,3,1,0,0,0,0,0,0,0,0,0,0,0,0,0,0,0,0,0,10,1,0,true
C:\Users\Madhu\Downloads\console-card-game-master\ConsoleCardGame\src\players\Player.java,players.Player,setFaction/1[cards.DeckFaction],false,109,1,1,1,0,1,0,3,0,0,1,0,0,0,0,0,0,0,0,0,1,0,0,0,0,0,12,1,0,true
C:\Users\Madhu\Downloads\console-card-game-master\ConsoleCardGame\src\cards\DeckFaction.java,cards.DeckFaction,"DeckFaction/2[java.lang.String,java.lang.String]",true,20,0,0,0,0,1,0,4,0,0,2,0,0,0,0,0,0,0,0,0,2,0,0,0,0,0,8,0,0,true
C:\Users\Madhu\Downloads\console-card-game-master\ConsoleCardGame\src\cards\DeckFaction.java,cards.DeckFaction,getName/0,false,28,0,2,2,0,1,0,3,1,0,0,0,0,0,0,0,0,0,0,0,0,0,0,0,0,0,7,1,0,true
C:\Users\Madhu\Downloads\console-card-game-master\ConsoleCardGame\src\cards\DeckFaction.java,cards.DeckFaction,getFromString/1[java.lang.String],false,44,1,1,1,0,4,0,12,3,0,1,0,0,0,0,0,0,0,5,0,0,1,1,0,0,0,31,9,0,true
C:\Users\Madhu\Downloads\console-card-game-master\ConsoleCardGame\src\cards\DeckFaction.java,cards.DeckFaction,getDescription/0,false,35,0,1,1,0,1,0,3,1,0,0,0,0,0,0,0,0,0,0,0,0,0,0,0,0,0,7,1,0,true
C:\Users\Madhu\Downloads\console-card-game-master\ConsoleCardGame\src\cards\Deck.java,cards.Deck$DeckIterator,next/0,false,170,2,1,0,1,2,1,6,1,0,0,1,1,1,0,0,0,0,0,0,0,0,1,0,0,0,6,1,0,false
C:\Users\Madhu\Downloads\console-card-game-master\ConsoleCardGame\src\cards\Deck.java,cards.Deck$DeckIterator,hasNext/0,false,165,0,1,1,0,2,0,3,1,0,0,0,0,0,0,0,0,0,0,0,0,0,0,0,0,0,4,1,0,false
C:\Users\Madhu\Downloads\console-card-game-master\ConsoleCardGame\src\cards\Deck.java,cards.Deck$DeckIterator,DeckIterator/0,true,160,0,1,1,0,1,0,3,0,0,0,0,0,0,0,0,0,0,0,0,1,0,0,0,0,0,4,1,0,false
C:\Users\Madhu\Downloads\console-card-game-master\ConsoleCardGame\src\players\Human.java,players.Human,"Human/2[int,java.lang.String]",true,20,0,1,1,0,1,0,3,0,0,2,0,0,0,0,0,0,0,0,0,0,0,0,0,0,0,6,1,0,true
C:\Users\Madhu\Downloads\console-card-game-master\ConsoleCardGame\src\players\Human.java,players.Human,"play/3[java.util.Scanner,players.Player[],game.Board]",false,25,10,22,0,22,7,23,61,2,11,3,23,0,0,2,1,0,0,27,15,19,7,2,0,0,0,87,1,0,false
C:\Users\Madhu\Downloads\console-card-game-master\ConsoleCardGame\src\cards\Card.java,cards.Card,getOwner/0,false,120,1,0,0,0,1,0,3,1,0,0,0,0,0,0,0,0,0,0,0,0,0,0,0,0,0,8,1,0,true
C:\Users\Madhu\Downloads\console-card-game-master\ConsoleCardGame\src\cards\Card.java,cards.Card,printCardHidden/0,false,235,0,3,3,0,1,1,11,0,0,0,1,0,0,0,0,0,0,9,0,0,0,0,0,0,0,23,1,0,true
C:\Users\Madhu\Downloads\console-card-game-master\ConsoleCardGame\src\cards\Card.java,cards.Card,getActiveAttribute/0,false,105,1,0,0,0,1,0,3,1,0,0,0,0,0,0,0,0,0,0,0,0,0,0,0,0,0,13,1,0,true
C:\Users\Madhu\Downloads\console-card-game-master\ConsoleCardGame\src\cards\Card.java,cards.Card,getPower/0,false,61,0,3,3,0,1,0,3,1,0,0,0,0,0,0,0,0,0,0,0,0,0,0,0,0,0,6,1,0,true
C:\Users\Madhu\Downloads\console-card-game-master\ConsoleCardGame\src\cards\Card.java,cards.Card,printAttributes/0,false,250,2,9,1,8,2,11,15,0,1,0,11,0,0,1,0,0,0,10,1,1,9,1,0,0,0,21,1,0,true
C:\Users\Madhu\Downloads\console-card-game-master\ConsoleCardGame\src\cards\Card.java,cards.Card,setBoardId/1[int],false,160,0,1,1,0,1,0,3,0,0,1,0,0,0,0,0,0,0,0,0,1,0,0,0,0,0,9,1,0,true
C:\Users\Madhu\Downloads\console-card-game-master\ConsoleCardGame\src\cards\Card.java,cards.Card,inGraveyard/0,false,137,0,1,1,0,1,0,3,1,0,0,0,0,0,0,0,0,0,0,0,0,0,0,0,0,0,6,1,0,true
C:\Users\Madhu\Downloads\console-card-game-master\ConsoleCardGame\src\cards\Card.java,cards.Card,getResiliance/0,false,83,0,1,1,0,1,0,3,1,0,0,0,0,0,0,0,0,0,0,0,0,0,0,0,0,0,6,1,0,true
C:\Users\Madhu\Downloads\console-card-game-master\ConsoleCardGame\src\cards\Card.java,cards.Card,setOwner/1[players.Player],false,129,2,3,3,0,1,0,4,1,0,1,0,0,0,0,0,0,0,0,0,1,0,0,0,0,0,15,1,0,true
C:\Users\Madhu\Downloads\console-card-game-master\ConsoleCardGame\src\cards\Card.java,cards.Card,printCard/0,false,167,1,7,6,1,8,7,45,0,22,0,7,0,0,5,0,0,0,12,11,30,8,2,0,0,0,45,1,0,true
C:\Users\Madhu\Downloads\console-card-game-master\ConsoleCardGame\src\cards\Card.java,cards.Card,setResiliance/1[int],false,91,0,1,1,0,1,0,3,0,0,1,0,0,0,0,0,0,0,0,0,1,0,0,0,0,0,8,1,0,true
C:\Users\Madhu\Downloads\console-card-game-master\ConsoleCardGame\src\cards\Card.java,cards.Card,setPower/1[int],false,76,0,1,1,0,1,0,3,0,0,1,0,0,0,0,0,0,0,0,0,1,0,0,0,0,0,9,1,0,true
C:\Users\Madhu\Downloads\console-card-game-master\ConsoleCardGame\src\cards\Card.java,cards.Card,getBoardId/0,false,152,0,0,0,0,1,0,3,1,0,0,0,0,0,0,0,0,0,0,0,0,0,0,0,0,0,10,1,0,true
C:\Users\Madhu\Downloads\console-card-game-master\ConsoleCardGame\src\cards\Card.java,cards.Card,getAttributes/0,false,98,1,2,2,0,1,1,3,1,0,0,1,0,0,0,0,0,0,0,0,0,0,0,0,0,0,6,1,0,true
C:\Users\Madhu\Downloads\console-card-game-master\ConsoleCardGame\src\cards\Card.java,cards.Card,setInGraveyard/1[boolean],false,145,0,2,2,0,1,0,3,0,0,1,0,0,0,0,0,0,0,0,0,1,0,0,0,0,0,9,1,0,true
C:\Users\Madhu\Downloads\console-card-game-master\ConsoleCardGame\src\cards\Card.java,cards.Card,"Card/4[java.lang.String,java.lang.String,int,cards.Attribute[]]",true,35,1,3,3,0,2,0,12,0,0,4,0,0,0,0,1,0,0,1,2,9,0,1,0,0,0,35,1,0,true
C:\Users\Madhu\Downloads\console-card-game-master\ConsoleCardGame\src\cards\Card.java,cards.Card,getName/0,false,54,0,12,12,0,1,0,3,1,0,0,0,0,0,0,0,0,0,0,0,0,0,0,0,0,0,6,1,0,true
C:\Users\Madhu\Downloads\console-card-game-master\ConsoleCardGame\src\cards\Card.java,cards.Card,getDescription/0,false,68,0,0,0,0,1,0,3,1,0,0,0,0,0,0,0,0,0,0,0,0,0,0,0,0,0,6,1,0,true
C:\Users\Madhu\Downloads\console-card-game-master\ConsoleCardGame\src\cards\Card.java,cards.Card,setActiveAttribute/1[cards.Attribute],false,113,1,1,1,0,1,0,3,0,0,1,0,0,0,0,0,0,0,0,0,1,0,0,0,0,0,15,1,0,true
C:\Users\Madhu\Downloads\console-card-game-master\ConsoleCardGame\src\game\Board.java,game.Board$TimedAttribute,"TimedAttribute/6[cards.Attribute,int,cards.Card,players.Player,players.Player,cards.Card[]]",true,37,4,4,1,3,1,3,9,0,0,6,3,0,0,0,0,0,0,1,0,6,0,0,0,0,0,12,2,0,false
C:\Users\Madhu\Downloads\console-card-game-master\ConsoleCardGame\src\cards\Attribute.java,cards.Attribute,getName/0,false,47,0,6,6,0,1,0,3,1,0,0,0,0,0,0,0,0,0,0,0,0,0,0,0,0,0,6,1,0,true
C:\Users\Madhu\Downloads\console-card-game-master\ConsoleCardGame\src\cards\Attribute.java,cards.Attribute,getDescription/0,false,54,0,1,1,0,1,0,3,1,0,0,0,0,0,0,0,0,0,0,0,0,0,0,0,0,0,6,1,0,true
C:\Users\Madhu\Downloads\console-card-game-master\ConsoleCardGame\src\cards\Attribute.java,cards.Attribute,getNumTargets/0,false,75,0,3,3,0,1,0,3,1,0,0,0,0,0,0,0,0,0,0,0,0,0,0,0,0,0,11,1,0,true
C:\Users\Madhu\Downloads\console-card-game-master\ConsoleCardGame\src\cards\Attribute.java,cards.Attribute,"Attribute/7[java.lang.String,java.lang.String,int,int,boolean,int,cards.AttributeType]",true,34,1,3,3,0,1,0,9,0,0,7,0,0,0,0,0,0,0,0,0,7,0,0,0,0,0,27,1,0,true
C:\Users\Madhu\Downloads\console-card-game-master\ConsoleCardGame\src\cards\Attribute.java,cards.Attribute,"activate/2[cards.Card,cards.Card]",false,98,2,7,1,6,5,6,28,0,1,2,6,0,0,0,0,0,0,6,2,1,4,2,0,0,0,36,1,0,true
C:\Users\Madhu\Downloads\console-card-game-master\ConsoleCardGame\src\cards\Attribute.java,cards.Attribute,getType/0,false,68,1,1,1,0,1,0,3,1,0,0,0,0,0,0,0,0,0,0,0,0,0,0,0,0,0,7,1,0,true
C:\Users\Madhu\Downloads\console-card-game-master\ConsoleCardGame\src\cards\Attribute.java,cards.Attribute,getValue/0,false,61,0,1,1,0,1,0,3,1,0,0,0,0,0,0,0,0,0,0,0,0,0,0,0,0,0,7,1,0,true
C:\Users\Madhu\Downloads\console-card-game-master\ConsoleCardGame\src\cards\Attribute.java,cards.Attribute,isTimed/0,false,82,0,2,2,0,1,0,3,1,0,0,0,0,0,0,0,0,0,0,0,0,0,0,0,0,0,7,1,0,true
C:\Users\Madhu\Downloads\console-card-game-master\ConsoleCardGame\src\cards\Attribute.java,cards.Attribute,getTurns/0,false,89,0,2,2,0,1,0,3,1,0,0,0,0,0,0,0,0,0,0,0,0,0,0,0,0,0,8,1,0,true
C:\Users\Madhu\Downloads\console-card-game-master\ConsoleCardGame\src\cards\Deck.java,cards.Deck,getOwner/0,false,104,1,3,3,0,1,0,3,1,0,0,0,0,0,0,0,0,0,0,0,0,0,0,0,0,0,7,1,0,true
C:\Users\Madhu\Downloads\console-card-game-master\ConsoleCardGame\src\cards\Deck.java,cards.Deck,shuffle/0,false,119,2,2,1,1,2,3,10,0,4,0,3,0,0,1,0,0,0,1,3,6,2,1,0,0,0,14,1,0,true
C:\Users\Madhu\Downloads\console-card-game-master\ConsoleCardGame\src\cards\Deck.java,cards.Deck,addCard/1[cards.Card],false,89,3,6,3,3,1,3,4,0,0,1,3,1,1,0,0,0,0,1,0,0,0,0,0,0,0,11,1,0,true
C:\Users\Madhu\Downloads\console-card-game-master\ConsoleCardGame\src\cards\Deck.java,cards.Deck,setOwner/1[players.Player],false,112,1,1,1,0,1,0,3,0,0,1,0,0,0,0,0,0,0,0,0,1,0,0,0,0,0,9,1,0,true
C:\Users\Madhu\Downloads\console-card-game-master\ConsoleCardGame\src\cards\Deck.java,cards.Deck,getCardsLeft/0,false,97,0,4,4,0,1,0,3,1,0,0,0,0,0,0,0,0,0,0,0,0,0,0,0,0,0,11,1,0,true
C:\Users\Madhu\Downloads\console-card-game-master\ConsoleCardGame\src\cards\Deck.java,cards.Deck,loadPresetDeck/1[cards.DeckFaction],false,136,4,7,1,6,4,5,16,1,1,1,5,0,0,0,0,0,0,1,0,4,0,1,0,0,0,22,9,0,true
C:\Users\Madhu\Downloads\console-card-game-master\ConsoleCardGame\src\cards\Deck.java,cards.Deck,enqueue/1[cards.Card],false,49,1,1,1,0,2,0,8,0,0,1,0,0,0,0,1,0,1,1,0,2,1,1,0,0,0,26,2,0,true
C:\Users\Madhu\Downloads\console-card-game-master\ConsoleCardGame\src\cards\Deck.java,cards.Deck,dequeue/0,false,63,1,1,1,0,2,0,10,1,1,0,0,0,0,0,1,0,1,1,1,3,2,1,0,0,0,27,2,0,true
C:\Users\Madhu\Downloads\console-card-game-master\ConsoleCardGame\src\cards\Deck.java,cards.Deck,"Deck/2[java.lang.String,int]",true,34,1,1,1,0,1,0,9,0,0,2,0,0,0,0,0,0,0,0,3,7,0,0,0,0,0,22,1,0,true
C:\Users\Madhu\Downloads\console-card-game-master\ConsoleCardGame\src\cards\Deck.java,cards.Deck,iterator/0,false,179,2,1,0,1,1,0,3,1,0,0,0,0,0,0,0,0,0,0,0,0,0,0,0,0,0,3,1,0,false
C:\Users\Madhu\Downloads\console-card-game-master\ConsoleCardGame\src\cards\Deck.java,cards.Deck,removeCard/0,false,79,3,4,1,3,1,3,5,1,1,0,3,1,1,0,0,0,0,1,0,1,0,0,0,0,0,12,1,0,true
C:\Users\Madhu\Downloads\console-card-game-master\ConsoleCardGame\src\game\Main.java,game.Main,main/1[java.lang.String[]],false,12,2,6,0,6,2,8,17,0,6,1,8,0,0,0,1,0,0,5,3,6,0,1,0,0,0,52,9,0,true
C:\Users\Madhu\Downloads\console-card-game-master\ConsoleCardGame\src\cards\AttributeType.java,cards.AttributeType,getName/0,false,28,0,1,1,0,1,0,3,1,0,0,0,0,0,0,0,0,0,0,0,0,0,0,0,0,0,7,1,0,true
C:\Users\Madhu\Downloads\console-card-game-master\ConsoleCardGame\src\cards\AttributeType.java,cards.AttributeType,"AttributeType/2[java.lang.String,java.lang.String]",true,20,0,0,0,0,1,0,4,0,0,2,0,0,0,0,0,0,0,0,0,2,0,0,0,0,0,7,0,0,true
C:\Users\Madhu\Downloads\console-card-game-master\ConsoleCardGame\src\cards\AttributeType.java,cards.AttributeType,getFromString/1[java.lang.String],false,44,1,0,0,0,4,0,12,3,0,1,0,0,0,0,0,0,0,5,0,0,1,1,0,0,0,35,9,0,true
C:\Users\Madhu\Downloads\console-card-game-master\ConsoleCardGame\src\cards\AttributeType.java,cards.AttributeType,getDescription/0,false,35,0,1,1,0,1,0,3,1,0,0,0,0,0,0,0,0,0,0,0,0,0,0,0,0,0,7,1,0,true
