file,class,method,variable,usage
C:\Users\Madhu\Downloads\console-card-game-master\ConsoleCardGame\src\players\ComputerType.java,players.ComputerType,getTypesAsStrings/0,arr,3
C:\Users\Madhu\Downloads\console-card-game-master\ConsoleCardGame\src\players\ComputerType.java,players.ComputerType,getTypesAsStrings/0,types,3
C:\Users\Madhu\Downloads\console-card-game-master\ConsoleCardGame\src\players\ComputerType.java,players.ComputerType,getTypesAsStrings/0,i,4
C:\Users\Madhu\Downloads\console-card-game-master\ConsoleCardGame\src\players\ComputerType.java,players.ComputerType,getTypesAsStrings/0,typ,3
C:\Users\Madhu\Downloads\console-card-game-master\ConsoleCardGame\src\players\ComputerType.java,players.ComputerType,getFromString/1[java.lang.String],str,2
C:\Users\Madhu\Downloads\console-card-game-master\ConsoleCardGame\src\players\ComputerType.java,players.ComputerType,"ComputerType/2[java.lang.String,java.lang.String]",name,2
C:\Users\Madhu\Downloads\console-card-game-master\ConsoleCardGame\src\players\ComputerType.java,players.ComputerType,"ComputerType/2[java.lang.String,java.lang.String]",description,2
C:\Users\Madhu\Downloads\console-card-game-master\ConsoleCardGame\src\players\ComputerType.java,players.ComputerType,printDescription/0,typ,2
C:\Users\Madhu\Downloads\console-card-game-master\ConsoleCardGame\src\players\Computer.java,players.Computer,"play/3[java.util.Scanner,players.Player[],game.Board]",card_played,13
C:\Users\Madhu\Downloads\console-card-game-master\ConsoleCardGame\src\players\Computer.java,players.Computer,"play/3[java.util.Scanner,players.Player[],game.Board]",nhand,2
C:\Users\Madhu\Downloads\console-card-game-master\ConsoleCardGame\src\players\Computer.java,players.Computer,"play/3[java.util.Scanner,players.Player[],game.Board]",targetids,10
C:\Users\Madhu\Downloads\console-card-game-master\ConsoleCardGame\src\players\Computer.java,players.Computer,"play/3[java.util.Scanner,players.Player[],game.Board]",in,0
C:\Users\Madhu\Downloads\console-card-game-master\ConsoleCardGame\src\players\Computer.java,players.Computer,"play/3[java.util.Scanner,players.Player[],game.Board]",cindex,4
C:\Users\Madhu\Downloads\console-card-game-master\ConsoleCardGame\src\players\Computer.java,players.Computer,"play/3[java.util.Scanner,players.Player[],game.Board]",players,6
C:\Users\Madhu\Downloads\console-card-game-master\ConsoleCardGame\src\players\Computer.java,players.Computer,"play/3[java.util.Scanner,players.Player[],game.Board]",cards_on_selected_board,2
C:\Users\Madhu\Downloads\console-card-game-master\ConsoleCardGame\src\players\Computer.java,players.Computer,"play/3[java.util.Scanner,players.Player[],game.Board]",at_played_num_targets,2
C:\Users\Madhu\Downloads\console-card-game-master\ConsoleCardGame\src\players\Computer.java,players.Computer,"play/3[java.util.Scanner,players.Player[],game.Board]",at_played_num_targets1,2
C:\Users\Madhu\Downloads\console-card-game-master\ConsoleCardGame\src\players\Computer.java,players.Computer,"play/3[java.util.Scanner,players.Player[],game.Board]",at_played_num_targets0,2
C:\Users\Madhu\Downloads\console-card-game-master\ConsoleCardGame\src\players\Computer.java,players.Computer,"play/3[java.util.Scanner,players.Player[],game.Board]",i,11
C:\Users\Madhu\Downloads\console-card-game-master\ConsoleCardGame\src\players\Computer.java,players.Computer,"play/3[java.util.Scanner,players.Player[],game.Board]",cindex1,2
C:\Users\Madhu\Downloads\console-card-game-master\ConsoleCardGame\src\players\Computer.java,players.Computer,"play/3[java.util.Scanner,players.Player[],game.Board]",cindex0,2
C:\Users\Madhu\Downloads\console-card-game-master\ConsoleCardGame\src\players\Computer.java,players.Computer,"play/3[java.util.Scanner,players.Player[],game.Board]",tindex,11
C:\Users\Madhu\Downloads\console-card-game-master\ConsoleCardGame\src\players\Computer.java,players.Computer,"play/3[java.util.Scanner,players.Player[],game.Board]",targeted_ply,16
C:\Users\Madhu\Downloads\console-card-game-master\ConsoleCardGame\src\players\Computer.java,players.Computer,"play/3[java.util.Scanner,players.Player[],game.Board]",cards_on_selected_board0,1
C:\Users\Madhu\Downloads\console-card-game-master\ConsoleCardGame\src\players\Computer.java,players.Computer,"play/3[java.util.Scanner,players.Player[],game.Board]",at_played,10
C:\Users\Madhu\Downloads\console-card-game-master\ConsoleCardGame\src\players\Computer.java,players.Computer,"play/3[java.util.Scanner,players.Player[],game.Board]",cards_on_selected_board1,1
C:\Users\Madhu\Downloads\console-card-game-master\ConsoleCardGame\src\players\Computer.java,players.Computer,"play/3[java.util.Scanner,players.Player[],game.Board]",rn,4
C:\Users\Madhu\Downloads\console-card-game-master\ConsoleCardGame\src\players\Computer.java,players.Computer,"play/3[java.util.Scanner,players.Player[],game.Board]",board,3
C:\Users\Madhu\Downloads\console-card-game-master\ConsoleCardGame\src\players\Computer.java,players.Computer,"Computer/3[int,java.lang.String,players.ComputerType]",name,1
C:\Users\Madhu\Downloads\console-card-game-master\ConsoleCardGame\src\players\Computer.java,players.Computer,"Computer/3[int,java.lang.String,players.ComputerType]",id,1
C:\Users\Madhu\Downloads\console-card-game-master\ConsoleCardGame\src\players\Computer.java,players.Computer,"Computer/3[int,java.lang.String,players.ComputerType]",type,2
C:\Users\Madhu\Downloads\console-card-game-master\ConsoleCardGame\src\cards\Graveyard.java,cards.Graveyard,containsCard/1[cards.Card],card,1
C:\Users\Madhu\Downloads\console-card-game-master\ConsoleCardGame\src\cards\Graveyard.java,cards.Graveyard,printGraveyard/0,c,2
C:\Users\Madhu\Downloads\console-card-game-master\ConsoleCardGame\src\cards\Graveyard.java,cards.Graveyard,printGraveyard/0,i,3
C:\Users\Madhu\Downloads\console-card-game-master\ConsoleCardGame\src\cards\Graveyard.java,cards.Graveyard,addCard/1[cards.Card],card,3
C:\Users\Madhu\Downloads\console-card-game-master\ConsoleCardGame\src\cards\Graveyard.java,cards.Graveyard,removeCard/1[int],index,1
C:\Users\Madhu\Downloads\console-card-game-master\ConsoleCardGame\src\cards\Graveyard.java,cards.Graveyard,removeCard/1[int],card,2
C:\Users\Madhu\Downloads\console-card-game-master\ConsoleCardGame\src\players\Player.java,players.Player$PlayData,"PlayData/5[players.Player,cards.Card,cards.Attribute,players.Player,int[]]",card_played,2
C:\Users\Madhu\Downloads\console-card-game-master\ConsoleCardGame\src\players\Player.java,players.Player$PlayData,"PlayData/5[players.Player,cards.Card,cards.Attribute,players.Player,int[]]",targetids,2
C:\Users\Madhu\Downloads\console-card-game-master\ConsoleCardGame\src\players\Player.java,players.Player$PlayData,"PlayData/5[players.Player,cards.Card,cards.Attribute,players.Player,int[]]",targeted_ply,2
C:\Users\Madhu\Downloads\console-card-game-master\ConsoleCardGame\src\players\Player.java,players.Player$PlayData,"PlayData/5[players.Player,cards.Card,cards.Attribute,players.Player,int[]]",at_played,2
C:\Users\Madhu\Downloads\console-card-game-master\ConsoleCardGame\src\players\Player.java,players.Player$PlayData,"PlayData/5[players.Player,cards.Card,cards.Attribute,players.Player,int[]]",player,2
C:\Users\Madhu\Downloads\console-card-game-master\ConsoleCardGame\src\utility\PresetDecks.java,utility.PresetDecks,loadElvenDeck/1[cards.Deck],deck,11
C:\Users\Madhu\Downloads\console-card-game-master\ConsoleCardGame\src\utility\PresetDecks.java,utility.PresetDecks,loadPirateDeck/1[cards.Deck],deck,11
C:\Users\Madhu\Downloads\console-card-game-master\ConsoleCardGame\src\utility\PresetDecks.java,utility.PresetDecks,loadKingdomDeck/1[cards.Deck],deck,11
C:\Users\Madhu\Downloads\console-card-game-master\ConsoleCardGame\src\game\Game.java,game.Game$Round,Round/0,max_count,5
C:\Users\Madhu\Downloads\console-card-game-master\ConsoleCardGame\src\game\Game.java,game.Game$Round,Round/0,tpower,6
C:\Users\Madhu\Downloads\console-card-game-master\ConsoleCardGame\src\game\Game.java,game.Game$Round,Round/0,winner,2
C:\Users\Madhu\Downloads\console-card-game-master\ConsoleCardGame\src\game\Game.java,game.Game$Round,Round/0,max,4
C:\Users\Madhu\Downloads\console-card-game-master\ConsoleCardGame\src\game\Game.java,game.Game$Round,Round/0,i,2
C:\Users\Madhu\Downloads\console-card-game-master\ConsoleCardGame\src\game\Game.java,game.Game$Round,Round/0,ply,6
C:\Users\Madhu\Downloads\console-card-game-master\ConsoleCardGame\src\cards\Hand.java,cards.Hand,hasCardOnIndex/1[int],index,1
C:\Users\Madhu\Downloads\console-card-game-master\ConsoleCardGame\src\cards\Hand.java,cards.Hand,removeCardFromHand/1[int],cardremoved,1
C:\Users\Madhu\Downloads\console-card-game-master\ConsoleCardGame\src\cards\Hand.java,cards.Hand,removeCardFromHand/1[int],index,3
C:\Users\Madhu\Downloads\console-card-game-master\ConsoleCardGame\src\cards\Hand.java,cards.Hand,getCardFromHand/1[int],index,2
C:\Users\Madhu\Downloads\console-card-game-master\ConsoleCardGame\src\cards\Hand.java,cards.Hand,addCardToHand/1[cards.Card],i,6
C:\Users\Madhu\Downloads\console-card-game-master\ConsoleCardGame\src\cards\Hand.java,cards.Hand,addCardToHand/1[cards.Card],card,1
C:\Users\Madhu\Downloads\console-card-game-master\ConsoleCardGame\src\cards\Hand.java,cards.Hand,printCardsHidden/0,c,2
C:\Users\Madhu\Downloads\console-card-game-master\ConsoleCardGame\src\cards\Hand.java,cards.Hand,printCardsHidden/0,i,2
C:\Users\Madhu\Downloads\console-card-game-master\ConsoleCardGame\src\cards\Hand.java,cards.Hand,printCards/0,c,2
C:\Users\Madhu\Downloads\console-card-game-master\ConsoleCardGame\src\cards\Hand.java,cards.Hand,printCards/0,i,3
C:\Users\Madhu\Downloads\console-card-game-master\ConsoleCardGame\src\game\Game.java,game.Game,logic/0,pdata,1
C:\Users\Madhu\Downloads\console-card-game-master\ConsoleCardGame\src\game\Game.java,game.Game,logic/0,winner,9
C:\Users\Madhu\Downloads\console-card-game-master\ConsoleCardGame\src\game\Game.java,game.Game,logic/0,ply,20
C:\Users\Madhu\Downloads\console-card-game-master\ConsoleCardGame\src\game\Game.java,game.Game,deckSelection/0,ans,1
C:\Users\Madhu\Downloads\console-card-game-master\ConsoleCardGame\src\game\Game.java,game.Game,deckSelection/0,ply,10
C:\Users\Madhu\Downloads\console-card-game-master\ConsoleCardGame\src\game\Game.java,game.Game,setUpHand/0,ply,5
C:\Users\Madhu\Downloads\console-card-game-master\ConsoleCardGame\src\game\Game.java,game.Game,everyoneHasNotPassed/0,ply,1
C:\Users\Madhu\Downloads\console-card-game-master\ConsoleCardGame\src\game\Game.java,game.Game,gameOver/0,max_count,4
C:\Users\Madhu\Downloads\console-card-game-master\ConsoleCardGame\src\game\Game.java,game.Game,gameOver/0,entry,2
C:\Users\Madhu\Downloads\console-card-game-master\ConsoleCardGame\src\game\Game.java,game.Game,gameOver/0,rwon,2
C:\Users\Madhu\Downloads\console-card-game-master\ConsoleCardGame\src\game\Game.java,game.Game,gameOver/0,winner,3
C:\Users\Madhu\Downloads\console-card-game-master\ConsoleCardGame\src\game\Game.java,game.Game,gameOver/0,round,2
C:\Users\Madhu\Downloads\console-card-game-master\ConsoleCardGame\src\game\Game.java,game.Game,gameOver/0,max,3
C:\Users\Madhu\Downloads\console-card-game-master\ConsoleCardGame\src\game\Game.java,game.Game,gameOver/0,ply,5
C:\Users\Madhu\Downloads\console-card-game-master\ConsoleCardGame\src\game\Game.java,game.Game,gameOver/0,value,1
C:\Users\Madhu\Downloads\console-card-game-master\ConsoleCardGame\src\game\Game.java,game.Game,start/0,e,2
C:\Users\Madhu\Downloads\console-card-game-master\ConsoleCardGame\src\game\Game.java,game.Game,music/0,audioIn,1
C:\Users\Madhu\Downloads\console-card-game-master\ConsoleCardGame\src\game\Game.java,game.Game,music/0,clip,5
C:\Users\Madhu\Downloads\console-card-game-master\ConsoleCardGame\src\game\Game.java,game.Game,printPlayers/0,ply,7
C:\Users\Madhu\Downloads\console-card-game-master\ConsoleCardGame\src\game\Game.java,game.Game,setUpPlayers/0,dif,3
C:\Users\Madhu\Downloads\console-card-game-master\ConsoleCardGame\src\game\Game.java,game.Game,setUpPlayers/0,ans,2
C:\Users\Madhu\Downloads\console-card-game-master\ConsoleCardGame\src\game\Game.java,game.Game,setUpPlayers/0,i,9
C:\Users\Madhu\Downloads\console-card-game-master\ConsoleCardGame\src\game\Game.java,game.Game,setUpPlayers/0,difstr,1
C:\Users\Madhu\Downloads\console-card-game-master\ConsoleCardGame\src\game\Game.java,game.Game,"Game/5[int,int,int,boolean,java.util.Scanner]",in,2
C:\Users\Madhu\Downloads\console-card-game-master\ConsoleCardGame\src\game\Game.java,game.Game,"Game/5[int,int,int,boolean,java.util.Scanner]",game_mode,2
C:\Users\Madhu\Downloads\console-card-game-master\ConsoleCardGame\src\game\Game.java,game.Game,"Game/5[int,int,int,boolean,java.util.Scanner]",id,2
C:\Users\Madhu\Downloads\console-card-game-master\ConsoleCardGame\src\game\Game.java,game.Game,"Game/5[int,int,int,boolean,java.util.Scanner]",max_rounds,3
C:\Users\Madhu\Downloads\console-card-game-master\ConsoleCardGame\src\game\Game.java,game.Game,"Game/5[int,int,int,boolean,java.util.Scanner]",n_players,3
C:\Users\Madhu\Downloads\console-card-game-master\ConsoleCardGame\src\game\Game.java,game.Game,introduction/0,v,8
C:\Users\Madhu\Downloads\console-card-game-master\ConsoleCardGame\src\game\Game.java,game.Game,introduction/0,joiner,16
C:\Users\Madhu\Downloads\console-card-game-master\ConsoleCardGame\src\utility\Util.java,utility.Util,clearConsole/0,ex,0
C:\Users\Madhu\Downloads\console-card-game-master\ConsoleCardGame\src\utility\Util.java,utility.Util,"promptInputValidationByValue/3[java.lang.String,java.util.Scanner,java.lang.Object[]]",msg,2
C:\Users\Madhu\Downloads\console-card-game-master\ConsoleCardGame\src\utility\Util.java,utility.Util,"promptInputValidationByValue/3[java.lang.String,java.util.Scanner,java.lang.Object[]]",val,2
C:\Users\Madhu\Downloads\console-card-game-master\ConsoleCardGame\src\utility\Util.java,utility.Util,"promptInputValidationByValue/3[java.lang.String,java.util.Scanner,java.lang.Object[]]",parsed_value,3
C:\Users\Madhu\Downloads\console-card-game-master\ConsoleCardGame\src\utility\Util.java,utility.Util,"promptInputValidationByValue/3[java.lang.String,java.util.Scanner,java.lang.Object[]]",found,2
C:\Users\Madhu\Downloads\console-card-game-master\ConsoleCardGame\src\utility\Util.java,utility.Util,"promptInputValidationByValue/3[java.lang.String,java.util.Scanner,java.lang.Object[]]",in,2
C:\Users\Madhu\Downloads\console-card-game-master\ConsoleCardGame\src\utility\Util.java,utility.Util,"promptInputValidationByValue/3[java.lang.String,java.util.Scanner,java.lang.Object[]]",expected_values,2
C:\Users\Madhu\Downloads\console-card-game-master\ConsoleCardGame\src\utility\Util.java,utility.Util,"promptInputValidationByValue/3[java.lang.String,java.util.Scanner,java.lang.Object[]]",value,1
C:\Users\Madhu\Downloads\console-card-game-master\ConsoleCardGame\src\utility\Util.java,utility.Util,printEmptyMessage/1[java.lang.String],msg,1
C:\Users\Madhu\Downloads\console-card-game-master\ConsoleCardGame\src\utility\Util.java,utility.Util,"printInBox/2[java.lang.String,java.lang.Object[]]",msg,2
C:\Users\Madhu\Downloads\console-card-game-master\ConsoleCardGame\src\utility\Util.java,utility.Util,"printInBox/2[java.lang.String,java.lang.Object[]]",args,2
C:\Users\Madhu\Downloads\console-card-game-master\ConsoleCardGame\src\utility\Util.java,utility.Util,"printInBox/2[java.lang.String,java.lang.Object[]]",border,4
C:\Users\Madhu\Downloads\console-card-game-master\ConsoleCardGame\src\utility\Util.java,utility.Util,"printInBox/2[java.lang.String,java.lang.Object[]]",str,3
C:\Users\Madhu\Downloads\console-card-game-master\ConsoleCardGame\src\utility\Util.java,utility.Util,"printInBox/2[java.lang.String,java.lang.Object[]]",ob,2
C:\Users\Madhu\Downloads\console-card-game-master\ConsoleCardGame\src\utility\Util.java,utility.Util,"printInBox/2[java.lang.String,java.lang.Object[]]",ex,0
C:\Users\Madhu\Downloads\console-card-game-master\ConsoleCardGame\src\utility\Util.java,utility.Util,"printInBox/2[java.lang.String,java.lang.Object[]]",i,5
C:\Users\Madhu\Downloads\console-card-game-master\ConsoleCardGame\src\utility\Util.java,utility.Util,"printInBox/2[java.lang.String,java.lang.Object[]]",sbborder,3
C:\Users\Madhu\Downloads\console-card-game-master\ConsoleCardGame\src\utility\Util.java,utility.Util,"print/2[java.lang.String,java.lang.Object[]]",msg,1
C:\Users\Madhu\Downloads\console-card-game-master\ConsoleCardGame\src\utility\Util.java,utility.Util,"print/2[java.lang.String,java.lang.Object[]]",args,1
C:\Users\Madhu\Downloads\console-card-game-master\ConsoleCardGame\src\utility\Util.java,utility.Util,printSeparator/1[java.lang.String],msg,1
C:\Users\Madhu\Downloads\console-card-game-master\ConsoleCardGame\src\utility\Util.java,utility.Util,printSeparator2/1[java.lang.String],msg,1
C:\Users\Madhu\Downloads\console-card-game-master\ConsoleCardGame\src\utility\Util.java,utility.Util,"promptInputValidationByRange/4[java.lang.String,java.util.Scanner,int,int]",msg,3
C:\Users\Madhu\Downloads\console-card-game-master\ConsoleCardGame\src\utility\Util.java,utility.Util,"promptInputValidationByRange/4[java.lang.String,java.util.Scanner,int,int]",min,4
C:\Users\Madhu\Downloads\console-card-game-master\ConsoleCardGame\src\utility\Util.java,utility.Util,"promptInputValidationByRange/4[java.lang.String,java.util.Scanner,int,int]",in,3
C:\Users\Madhu\Downloads\console-card-game-master\ConsoleCardGame\src\utility\Util.java,utility.Util,"promptInputValidationByRange/4[java.lang.String,java.util.Scanner,int,int]",max,4
C:\Users\Madhu\Downloads\console-card-game-master\ConsoleCardGame\src\utility\Util.java,utility.Util,"promptInputValidationByRange/4[java.lang.String,java.util.Scanner,int,int]",e,0
C:\Users\Madhu\Downloads\console-card-game-master\ConsoleCardGame\src\utility\Util.java,utility.Util,"promptInputValidationByRange/4[java.lang.String,java.util.Scanner,int,int]",rvalue,5
C:\Users\Madhu\Downloads\console-card-game-master\ConsoleCardGame\src\utility\Util.java,utility.Util,"promptInputValidationByRange/4[java.lang.String,java.util.Scanner,int,int]",value,1
C:\Users\Madhu\Downloads\console-card-game-master\ConsoleCardGame\src\utility\Util.java,utility.Util,stringToObject/1[java.lang.String],isNum,2
C:\Users\Madhu\Downloads\console-card-game-master\ConsoleCardGame\src\utility\Util.java,utility.Util,stringToObject/1[java.lang.String],parsed_value,8
C:\Users\Madhu\Downloads\console-card-game-master\ConsoleCardGame\src\utility\Util.java,utility.Util,stringToObject/1[java.lang.String],e,0
C:\Users\Madhu\Downloads\console-card-game-master\ConsoleCardGame\src\utility\Util.java,utility.Util,stringToObject/1[java.lang.String],value,9
C:\Users\Madhu\Downloads\console-card-game-master\ConsoleCardGame\src\utility\Util.java,utility.Util,clearConsoleConfirm/1[java.util.Scanner],in,1
C:\Users\Madhu\Downloads\console-card-game-master\ConsoleCardGame\src\utility\Util.java,utility.Util,"printDebug/2[java.lang.String,java.lang.Object[]]",msg,1
C:\Users\Madhu\Downloads\console-card-game-master\ConsoleCardGame\src\utility\Util.java,utility.Util,"printDebug/2[java.lang.String,java.lang.Object[]]",args,1
C:\Users\Madhu\Downloads\console-card-game-master\ConsoleCardGame\src\utility\Util.java,utility.Util,"promptInputValidationByClass/3[java.lang.String,java.util.Scanner,java.lang.Class<?>]",msg,2
C:\Users\Madhu\Downloads\console-card-game-master\ConsoleCardGame\src\utility\Util.java,utility.Util,"promptInputValidationByClass/3[java.lang.String,java.util.Scanner,java.lang.Class<?>]",parsed_value,2
C:\Users\Madhu\Downloads\console-card-game-master\ConsoleCardGame\src\utility\Util.java,utility.Util,"promptInputValidationByClass/3[java.lang.String,java.util.Scanner,java.lang.Class<?>]",in,2
C:\Users\Madhu\Downloads\console-card-game-master\ConsoleCardGame\src\utility\Util.java,utility.Util,"promptInputValidationByClass/3[java.lang.String,java.util.Scanner,java.lang.Class<?>]",cl,2
C:\Users\Madhu\Downloads\console-card-game-master\ConsoleCardGame\src\utility\Util.java,utility.Util,"promptInputValidationByClass/3[java.lang.String,java.util.Scanner,java.lang.Class<?>]",value,1
C:\Users\Madhu\Downloads\console-card-game-master\ConsoleCardGame\src\utility\Util.java,utility.Util,"printError/2[java.lang.String,java.lang.Object[]]",msg,1
C:\Users\Madhu\Downloads\console-card-game-master\ConsoleCardGame\src\utility\Util.java,utility.Util,"printError/2[java.lang.String,java.lang.Object[]]",args,1
C:\Users\Madhu\Downloads\console-card-game-master\ConsoleCardGame\src\game\Board.java,game.Board,printBoard/0,i,2
C:\Users\Madhu\Downloads\console-card-game-master\ConsoleCardGame\src\game\Board.java,game.Board,printBoard/0,ply,3
C:\Users\Madhu\Downloads\console-card-game-master\ConsoleCardGame\src\game\Board.java,game.Board,printBoard/0,card,1
C:\Users\Madhu\Downloads\console-card-game-master\ConsoleCardGame\src\game\Board.java,game.Board,printBoard/0,empty,2
C:\Users\Madhu\Downloads\console-card-game-master\ConsoleCardGame\src\game\Board.java,game.Board,printPlayerBoard/1[players.Player],i,2
C:\Users\Madhu\Downloads\console-card-game-master\ConsoleCardGame\src\game\Board.java,game.Board,printPlayerBoard/1[players.Player],ply,3
C:\Users\Madhu\Downloads\console-card-game-master\ConsoleCardGame\src\game\Board.java,game.Board,printPlayerBoard/1[players.Player],card,1
C:\Users\Madhu\Downloads\console-card-game-master\ConsoleCardGame\src\game\Board.java,game.Board,printPlayerBoard/1[players.Player],empty,2
C:\Users\Madhu\Downloads\console-card-game-master\ConsoleCardGame\src\game\Board.java,game.Board,"getCard/2[players.Player,int]",index,1
C:\Users\Madhu\Downloads\console-card-game-master\ConsoleCardGame\src\game\Board.java,game.Board,"getCard/2[players.Player,int]",ply,1
C:\Users\Madhu\Downloads\console-card-game-master\ConsoleCardGame\src\game\Board.java,game.Board,getTotalPlayerPower/1[players.Player],c,1
C:\Users\Madhu\Downloads\console-card-game-master\ConsoleCardGame\src\game\Board.java,game.Board,getTotalPlayerPower/1[players.Player],t,3
C:\Users\Madhu\Downloads\console-card-game-master\ConsoleCardGame\src\game\Board.java,game.Board,getTotalPlayerPower/1[players.Player],ply,1
C:\Users\Madhu\Downloads\console-card-game-master\ConsoleCardGame\src\game\Board.java,game.Board,"Board/2[game.Game,players.Player[]]",game,2
C:\Users\Madhu\Downloads\console-card-game-master\ConsoleCardGame\src\game\Board.java,game.Board,"Board/2[game.Game,players.Player[]]",players,3
C:\Users\Madhu\Downloads\console-card-game-master\ConsoleCardGame\src\game\Board.java,game.Board,"Board/2[game.Game,players.Player[]]",ply,1
C:\Users\Madhu\Downloads\console-card-game-master\ConsoleCardGame\src\game\Board.java,game.Board,checkTimedAttributes/0,iter,3
C:\Users\Madhu\Downloads\console-card-game-master\ConsoleCardGame\src\game\Board.java,game.Board,checkTimedAttributes/0,ta,11
C:\Users\Madhu\Downloads\console-card-game-master\ConsoleCardGame\src\game\Board.java,game.Board,"removeCard/2[players.Player,cards.Card]",ply,2
C:\Users\Madhu\Downloads\console-card-game-master\ConsoleCardGame\src\game\Board.java,game.Board,"removeCard/2[players.Player,cards.Card]",card,2
C:\Users\Madhu\Downloads\console-card-game-master\ConsoleCardGame\src\game\Board.java,game.Board,getCardsOnBoard/1[players.Player],ply,1
C:\Users\Madhu\Downloads\console-card-game-master\ConsoleCardGame\src\game\Board.java,game.Board,"addCard/2[players.Player,cards.Card]",ply_board,1
C:\Users\Madhu\Downloads\console-card-game-master\ConsoleCardGame\src\game\Board.java,game.Board,"addCard/2[players.Player,cards.Card]",ply,3
C:\Users\Madhu\Downloads\console-card-game-master\ConsoleCardGame\src\game\Board.java,game.Board,"addCard/2[players.Player,cards.Card]",card,3
C:\Users\Madhu\Downloads\console-card-game-master\ConsoleCardGame\src\game\Board.java,game.Board,"activateAttribute/5[players.Player,cards.Card,cards.Attribute,players.Player,cards.Card[]]",tcard,6
C:\Users\Madhu\Downloads\console-card-game-master\ConsoleCardGame\src\game\Board.java,game.Board,"activateAttribute/5[players.Player,cards.Card,cards.Attribute,players.Player,cards.Card[]]",attribute,1
C:\Users\Madhu\Downloads\console-card-game-master\ConsoleCardGame\src\game\Board.java,game.Board,"activateAttribute/5[players.Player,cards.Card,cards.Attribute,players.Player,cards.Card[]]",ply,2
C:\Users\Madhu\Downloads\console-card-game-master\ConsoleCardGame\src\game\Board.java,game.Board,"activateAttribute/5[players.Player,cards.Card,cards.Attribute,players.Player,cards.Card[]]",targets,1
C:\Users\Madhu\Downloads\console-card-game-master\ConsoleCardGame\src\game\Board.java,game.Board,"activateAttribute/5[players.Player,cards.Card,cards.Attribute,players.Player,cards.Card[]]",card,3
C:\Users\Madhu\Downloads\console-card-game-master\ConsoleCardGame\src\game\Board.java,game.Board,"activateAttribute/5[players.Player,cards.Card,cards.Attribute,players.Player,cards.Card[]]",target,2
C:\Users\Madhu\Downloads\console-card-game-master\ConsoleCardGame\src\game\Board.java,game.Board,playBoard/1[players.Player.PlayData],pdata,21
C:\Users\Madhu\Downloads\console-card-game-master\ConsoleCardGame\src\game\Board.java,game.Board,playBoard/1[players.Player.PlayData],i,4
C:\Users\Madhu\Downloads\console-card-game-master\ConsoleCardGame\src\game\Board.java,game.Board,playBoard/1[players.Player.PlayData],targets,3
C:\Users\Madhu\Downloads\console-card-game-master\ConsoleCardGame\src\players\Player.java,players.Player,setPassed/1[boolean],passed,2
C:\Users\Madhu\Downloads\console-card-game-master\ConsoleCardGame\src\players\Player.java,players.Player,playCard/1[int],index,1
C:\Users\Madhu\Downloads\console-card-game-master\ConsoleCardGame\src\players\Player.java,players.Player,setDeck/1[cards.Deck],deck,2
C:\Users\Madhu\Downloads\console-card-game-master\ConsoleCardGame\src\players\Player.java,players.Player,"play/3[java.util.Scanner,players.Player[],game.Board]",in,0
C:\Users\Madhu\Downloads\console-card-game-master\ConsoleCardGame\src\players\Player.java,players.Player,"play/3[java.util.Scanner,players.Player[],game.Board]",players,0
C:\Users\Madhu\Downloads\console-card-game-master\ConsoleCardGame\src\players\Player.java,players.Player,"play/3[java.util.Scanner,players.Player[],game.Board]",board,0
C:\Users\Madhu\Downloads\console-card-game-master\ConsoleCardGame\src\players\Player.java,players.Player,setGame/1[game.Game],game,2
C:\Users\Madhu\Downloads\console-card-game-master\ConsoleCardGame\src\players\Player.java,players.Player,setGraveyard/1[cards.Graveyard],graveyard,2
C:\Users\Madhu\Downloads\console-card-game-master\ConsoleCardGame\src\players\Player.java,players.Player,"Player/2[int,java.lang.String]",name,2
C:\Users\Madhu\Downloads\console-card-game-master\ConsoleCardGame\src\players\Player.java,players.Player,"Player/2[int,java.lang.String]",id,2
C:\Users\Madhu\Downloads\console-card-game-master\ConsoleCardGame\src\players\Player.java,players.Player,setRoundsWon/1[int],rounds_won,2
C:\Users\Madhu\Downloads\console-card-game-master\ConsoleCardGame\src\players\Player.java,players.Player,setHand/1[cards.Hand],hand,2
C:\Users\Madhu\Downloads\console-card-game-master\ConsoleCardGame\src\players\Player.java,players.Player,drawCard/0,new_card,2
C:\Users\Madhu\Downloads\console-card-game-master\ConsoleCardGame\src\players\Player.java,players.Player,setFaction/1[cards.DeckFaction],faction,2
C:\Users\Madhu\Downloads\console-card-game-master\ConsoleCardGame\src\cards\DeckFaction.java,cards.DeckFaction,"DeckFaction/2[java.lang.String,java.lang.String]",name,2
C:\Users\Madhu\Downloads\console-card-game-master\ConsoleCardGame\src\cards\DeckFaction.java,cards.DeckFaction,"DeckFaction/2[java.lang.String,java.lang.String]",description,2
C:\Users\Madhu\Downloads\console-card-game-master\ConsoleCardGame\src\cards\DeckFaction.java,cards.DeckFaction,getFromString/1[java.lang.String],str,2
C:\Users\Madhu\Downloads\console-card-game-master\ConsoleCardGame\src\players\Human.java,players.Human,"Human/2[int,java.lang.String]",name,1
C:\Users\Madhu\Downloads\console-card-game-master\ConsoleCardGame\src\players\Human.java,players.Human,"Human/2[int,java.lang.String]",id,1
C:\Users\Madhu\Downloads\console-card-game-master\ConsoleCardGame\src\players\Human.java,players.Human,"play/3[java.util.Scanner,players.Player[],game.Board]",card_played,6
C:\Users\Madhu\Downloads\console-card-game-master\ConsoleCardGame\src\players\Human.java,players.Human,"play/3[java.util.Scanner,players.Player[],game.Board]",targetids,4
C:\Users\Madhu\Downloads\console-card-game-master\ConsoleCardGame\src\players\Human.java,players.Human,"play/3[java.util.Scanner,players.Player[],game.Board]",in,7
C:\Users\Madhu\Downloads\console-card-game-master\ConsoleCardGame\src\players\Human.java,players.Human,"play/3[java.util.Scanner,players.Player[],game.Board]",cindex,3
C:\Users\Madhu\Downloads\console-card-game-master\ConsoleCardGame\src\players\Human.java,players.Human,"play/3[java.util.Scanner,players.Player[],game.Board]",players,2
C:\Users\Madhu\Downloads\console-card-game-master\ConsoleCardGame\src\players\Human.java,players.Human,"play/3[java.util.Scanner,players.Player[],game.Board]",cards_on_selected_board,2
C:\Users\Madhu\Downloads\console-card-game-master\ConsoleCardGame\src\players\Human.java,players.Human,"play/3[java.util.Scanner,players.Player[],game.Board]",at_played_num_targets,3
C:\Users\Madhu\Downloads\console-card-game-master\ConsoleCardGame\src\players\Human.java,players.Human,"play/3[java.util.Scanner,players.Player[],game.Board]",i,4
C:\Users\Madhu\Downloads\console-card-game-master\ConsoleCardGame\src\players\Human.java,players.Human,"play/3[java.util.Scanner,players.Player[],game.Board]",aindex,2
C:\Users\Madhu\Downloads\console-card-game-master\ConsoleCardGame\src\players\Human.java,players.Human,"play/3[java.util.Scanner,players.Player[],game.Board]",tindex,3
C:\Users\Madhu\Downloads\console-card-game-master\ConsoleCardGame\src\players\Human.java,players.Human,"play/3[java.util.Scanner,players.Player[],game.Board]",targeted_ply,5
C:\Users\Madhu\Downloads\console-card-game-master\ConsoleCardGame\src\players\Human.java,players.Human,"play/3[java.util.Scanner,players.Player[],game.Board]",at_played,5
C:\Users\Madhu\Downloads\console-card-game-master\ConsoleCardGame\src\players\Human.java,players.Human,"play/3[java.util.Scanner,players.Player[],game.Board]",pindex,2
C:\Users\Madhu\Downloads\console-card-game-master\ConsoleCardGame\src\players\Human.java,players.Human,"play/3[java.util.Scanner,players.Player[],game.Board]",board,3
C:\Users\Madhu\Downloads\console-card-game-master\ConsoleCardGame\src\cards\Card.java,cards.Card,printAttributes/0,at,7
C:\Users\Madhu\Downloads\console-card-game-master\ConsoleCardGame\src\cards\Card.java,cards.Card,printAttributes/0,i,2
C:\Users\Madhu\Downloads\console-card-game-master\ConsoleCardGame\src\cards\Card.java,cards.Card,setBoardId/1[int],board_id,2
C:\Users\Madhu\Downloads\console-card-game-master\ConsoleCardGame\src\cards\Card.java,cards.Card,setOwner/1[players.Player],owner,2
C:\Users\Madhu\Downloads\console-card-game-master\ConsoleCardGame\src\cards\Card.java,cards.Card,printCard/0,over,4
C:\Users\Madhu\Downloads\console-card-game-master\ConsoleCardGame\src\cards\Card.java,cards.Card,printCard/0,sbresiliance,2
C:\Users\Madhu\Downloads\console-card-game-master\ConsoleCardGame\src\cards\Card.java,cards.Card,printCard/0,in,1
C:\Users\Madhu\Downloads\console-card-game-master\ConsoleCardGame\src\cards\Card.java,cards.Card,printCard/0,ATTRIBUTE_SPACE,2
C:\Users\Madhu\Downloads\console-card-game-master\ConsoleCardGame\src\cards\Card.java,cards.Card,printCard/0,i,2
C:\Users\Madhu\Downloads\console-card-game-master\ConsoleCardGame\src\cards\Card.java,cards.Card,printCard/0,i2,2
C:\Users\Madhu\Downloads\console-card-game-master\ConsoleCardGame\src\cards\Card.java,cards.Card,printCard/0,POWER_SPACE,1
C:\Users\Madhu\Downloads\console-card-game-master\ConsoleCardGame\src\cards\Card.java,cards.Card,printCard/0,i3,2
C:\Users\Madhu\Downloads\console-card-game-master\ConsoleCardGame\src\cards\Card.java,cards.Card,printCard/0,i4,2
C:\Users\Madhu\Downloads\console-card-game-master\ConsoleCardGame\src\cards\Card.java,cards.Card,printCard/0,NAME_SPACE,4
C:\Users\Madhu\Downloads\console-card-game-master\ConsoleCardGame\src\cards\Card.java,cards.Card,printCard/0,sbname,2
C:\Users\Madhu\Downloads\console-card-game-master\ConsoleCardGame\src\cards\Card.java,cards.Card,printCard/0,sbpower,2
C:\Users\Madhu\Downloads\console-card-game-master\ConsoleCardGame\src\cards\Card.java,cards.Card,printCard/0,at,9
C:\Users\Madhu\Downloads\console-card-game-master\ConsoleCardGame\src\cards\Card.java,cards.Card,printCard/0,v,1
C:\Users\Madhu\Downloads\console-card-game-master\ConsoleCardGame\src\cards\Card.java,cards.Card,printCard/0,sbat,2
C:\Users\Madhu\Downloads\console-card-game-master\ConsoleCardGame\src\cards\Card.java,cards.Card,printCard/0,name,10
C:\Users\Madhu\Downloads\console-card-game-master\ConsoleCardGame\src\cards\Card.java,cards.Card,printCard/0,RESILIANCE_SPACE,1
C:\Users\Madhu\Downloads\console-card-game-master\ConsoleCardGame\src\cards\Card.java,cards.Card,printCard/0,power,5
C:\Users\Madhu\Downloads\console-card-game-master\ConsoleCardGame\src\cards\Card.java,cards.Card,printCard/0,dif4,1
C:\Users\Madhu\Downloads\console-card-game-master\ConsoleCardGame\src\cards\Card.java,cards.Card,printCard/0,dif3,1
C:\Users\Madhu\Downloads\console-card-game-master\ConsoleCardGame\src\cards\Card.java,cards.Card,printCard/0,dif2,1
C:\Users\Madhu\Downloads\console-card-game-master\ConsoleCardGame\src\cards\Card.java,cards.Card,printCard/0,dif1,1
C:\Users\Madhu\Downloads\console-card-game-master\ConsoleCardGame\src\cards\Card.java,cards.Card,printCard/0,resiliance,5
C:\Users\Madhu\Downloads\console-card-game-master\ConsoleCardGame\src\cards\Card.java,cards.Card,setResiliance/1[int],resiliance,2
C:\Users\Madhu\Downloads\console-card-game-master\ConsoleCardGame\src\cards\Card.java,cards.Card,setPower/1[int],power,2
C:\Users\Madhu\Downloads\console-card-game-master\ConsoleCardGame\src\cards\Card.java,cards.Card,setInGraveyard/1[boolean],in_graveyard,2
C:\Users\Madhu\Downloads\console-card-game-master\ConsoleCardGame\src\cards\Card.java,cards.Card,"Card/4[java.lang.String,java.lang.String,int,cards.Attribute[]]",name,2
C:\Users\Madhu\Downloads\console-card-game-master\ConsoleCardGame\src\cards\Card.java,cards.Card,"Card/4[java.lang.String,java.lang.String,int,cards.Attribute[]]",description,2
C:\Users\Madhu\Downloads\console-card-game-master\ConsoleCardGame\src\cards\Card.java,cards.Card,"Card/4[java.lang.String,java.lang.String,int,cards.Attribute[]]",attributes,3
C:\Users\Madhu\Downloads\console-card-game-master\ConsoleCardGame\src\cards\Card.java,cards.Card,"Card/4[java.lang.String,java.lang.String,int,cards.Attribute[]]",power,2
C:\Users\Madhu\Downloads\console-card-game-master\ConsoleCardGame\src\cards\Card.java,cards.Card,setActiveAttribute/1[cards.Attribute],active_attribute,2
C:\Users\Madhu\Downloads\console-card-game-master\ConsoleCardGame\src\game\Board.java,game.Board$TimedAttribute,"TimedAttribute/6[cards.Attribute,int,cards.Card,players.Player,players.Player,cards.Card[]]",attribute,2
C:\Users\Madhu\Downloads\console-card-game-master\ConsoleCardGame\src\game\Board.java,game.Board$TimedAttribute,"TimedAttribute/6[cards.Attribute,int,cards.Card,players.Player,players.Player,cards.Card[]]",turn,3
C:\Users\Madhu\Downloads\console-card-game-master\ConsoleCardGame\src\game\Board.java,game.Board$TimedAttribute,"TimedAttribute/6[cards.Attribute,int,cards.Card,players.Player,players.Player,cards.Card[]]",ply,3
C:\Users\Madhu\Downloads\console-card-game-master\ConsoleCardGame\src\game\Board.java,game.Board$TimedAttribute,"TimedAttribute/6[cards.Attribute,int,cards.Card,players.Player,players.Player,cards.Card[]]",targets,2
C:\Users\Madhu\Downloads\console-card-game-master\ConsoleCardGame\src\game\Board.java,game.Board$TimedAttribute,"TimedAttribute/6[cards.Attribute,int,cards.Card,players.Player,players.Player,cards.Card[]]",card,3
C:\Users\Madhu\Downloads\console-card-game-master\ConsoleCardGame\src\game\Board.java,game.Board$TimedAttribute,"TimedAttribute/6[cards.Attribute,int,cards.Card,players.Player,players.Player,cards.Card[]]",target,2
C:\Users\Madhu\Downloads\console-card-game-master\ConsoleCardGame\src\cards\Attribute.java,cards.Attribute,"Attribute/7[java.lang.String,java.lang.String,int,int,boolean,int,cards.AttributeType]",num_targets,2
C:\Users\Madhu\Downloads\console-card-game-master\ConsoleCardGame\src\cards\Attribute.java,cards.Attribute,"Attribute/7[java.lang.String,java.lang.String,int,int,boolean,int,cards.AttributeType]",name,2
C:\Users\Madhu\Downloads\console-card-game-master\ConsoleCardGame\src\cards\Attribute.java,cards.Attribute,"Attribute/7[java.lang.String,java.lang.String,int,int,boolean,int,cards.AttributeType]",description,2
C:\Users\Madhu\Downloads\console-card-game-master\ConsoleCardGame\src\cards\Attribute.java,cards.Attribute,"Attribute/7[java.lang.String,java.lang.String,int,int,boolean,int,cards.AttributeType]",is_timed,2
C:\Users\Madhu\Downloads\console-card-game-master\ConsoleCardGame\src\cards\Attribute.java,cards.Attribute,"Attribute/7[java.lang.String,java.lang.String,int,int,boolean,int,cards.AttributeType]",type,2
C:\Users\Madhu\Downloads\console-card-game-master\ConsoleCardGame\src\cards\Attribute.java,cards.Attribute,"Attribute/7[java.lang.String,java.lang.String,int,int,boolean,int,cards.AttributeType]",value,2
C:\Users\Madhu\Downloads\console-card-game-master\ConsoleCardGame\src\cards\Attribute.java,cards.Attribute,"Attribute/7[java.lang.String,java.lang.String,int,int,boolean,int,cards.AttributeType]",turns,2
C:\Users\Madhu\Downloads\console-card-game-master\ConsoleCardGame\src\cards\Attribute.java,cards.Attribute,"activate/2[cards.Card,cards.Card]",damage_after_resiliance,3
C:\Users\Madhu\Downloads\console-card-game-master\ConsoleCardGame\src\cards\Attribute.java,cards.Attribute,"activate/2[cards.Card,cards.Card]",activator,5
C:\Users\Madhu\Downloads\console-card-game-master\ConsoleCardGame\src\cards\Attribute.java,cards.Attribute,"activate/2[cards.Card,cards.Card]",target,14
C:\Users\Madhu\Downloads\console-card-game-master\ConsoleCardGame\src\cards\Deck.java,cards.Deck,shuffle/0,c,1
C:\Users\Madhu\Downloads\console-card-game-master\ConsoleCardGame\src\cards\Deck.java,cards.Deck,shuffle/0,rnd,1
C:\Users\Madhu\Downloads\console-card-game-master\ConsoleCardGame\src\cards\Deck.java,cards.Deck,shuffle/0,i,5
C:\Users\Madhu\Downloads\console-card-game-master\ConsoleCardGame\src\cards\Deck.java,cards.Deck,shuffle/0,index,2
C:\Users\Madhu\Downloads\console-card-game-master\ConsoleCardGame\src\cards\Deck.java,cards.Deck,addCard/1[cards.Card],card,2
C:\Users\Madhu\Downloads\console-card-game-master\ConsoleCardGame\src\cards\Deck.java,cards.Deck,setOwner/1[players.Player],owner,2
C:\Users\Madhu\Downloads\console-card-game-master\ConsoleCardGame\src\cards\Deck.java,cards.Deck,loadPresetDeck/1[cards.DeckFaction],faction,3
C:\Users\Madhu\Downloads\console-card-game-master\ConsoleCardGame\src\cards\Deck.java,cards.Deck,loadPresetDeck/1[cards.DeckFaction],deck,7
C:\Users\Madhu\Downloads\console-card-game-master\ConsoleCardGame\src\cards\Deck.java,cards.Deck,enqueue/1[cards.Card],card,1
C:\Users\Madhu\Downloads\console-card-game-master\ConsoleCardGame\src\cards\Deck.java,cards.Deck,dequeue/0,data,1
C:\Users\Madhu\Downloads\console-card-game-master\ConsoleCardGame\src\cards\Deck.java,cards.Deck,"Deck/2[java.lang.String,int]",MAX_SIZE,3
C:\Users\Madhu\Downloads\console-card-game-master\ConsoleCardGame\src\cards\Deck.java,cards.Deck,"Deck/2[java.lang.String,int]",name,2
C:\Users\Madhu\Downloads\console-card-game-master\ConsoleCardGame\src\cards\Deck.java,cards.Deck,removeCard/0,card,2
C:\Users\Madhu\Downloads\console-card-game-master\ConsoleCardGame\src\game\Main.java,game.Main,main/1[java.lang.String[]],args,0
C:\Users\Madhu\Downloads\console-card-game-master\ConsoleCardGame\src\game\Main.java,game.Main,main/1[java.lang.String[]],game,2
C:\Users\Madhu\Downloads\console-card-game-master\ConsoleCardGame\src\game\Main.java,game.Main,main/1[java.lang.String[]],in,7
C:\Users\Madhu\Downloads\console-card-game-master\ConsoleCardGame\src\game\Main.java,game.Main,main/1[java.lang.String[]],ans,1
C:\Users\Madhu\Downloads\console-card-game-master\ConsoleCardGame\src\game\Main.java,game.Main,main/1[java.lang.String[]],game_mode,1
C:\Users\Madhu\Downloads\console-card-game-master\ConsoleCardGame\src\game\Main.java,game.Main,main/1[java.lang.String[]],int_plys,1
C:\Users\Madhu\Downloads\console-card-game-master\ConsoleCardGame\src\game\Main.java,game.Main,main/1[java.lang.String[]],int_rounds,1
C:\Users\Madhu\Downloads\console-card-game-master\ConsoleCardGame\src\cards\AttributeType.java,cards.AttributeType,"AttributeType/2[java.lang.String,java.lang.String]",name,2
C:\Users\Madhu\Downloads\console-card-game-master\ConsoleCardGame\src\cards\AttributeType.java,cards.AttributeType,"AttributeType/2[java.lang.String,java.lang.String]",description,2
C:\Users\Madhu\Downloads\console-card-game-master\ConsoleCardGame\src\cards\AttributeType.java,cards.AttributeType,getFromString/1[java.lang.String],str,2
