file,class,type,cbo,cboModified,fanin,fanout,wmc,dit,noc,rfc,lcom,lcom*,tcc,lcc,totalMethodsQty,staticMethodsQty,publicMethodsQty,privateMethodsQty,protectedMethodsQty,defaultMethodsQty,visibleMethodsQty,abstractMethodsQty,finalMethodsQty,synchronizedMethodsQty,totalFieldsQty,staticFieldsQty,publicFieldsQty,privateFieldsQty,protectedFieldsQty,defaultFieldsQty,finalFieldsQty,synchronizedFieldsQty,nosi,loc,returnQty,loopQty,comparisonsQty,tryCatchQty,parenthesizedExpsQty,stringLiteralsQty,numbersQty,assignmentsQty,mathOperationsQty,variablesQty,maxNestedBlocksQty,anonymousClassesQty,innerClassesQty,lambdasQty,uniqueWordsQty,modifiers,logStatementsQty
C:\Users\Madhu\Downloads\calculator-main\src\com\calculator\Expression.java,com.calculator.Expression$Null,innerclass,3,3,0,3,2,2,0,1,1,0.0,0.0,0.0,2,0,1,0,0,1,2,0,0,0,0,0,0,0,0,0,0,0,0,7,1,0,0,0,0,0,0,0,0,0,0,0,0,0,5,8,0
C:\Users\Madhu\Downloads\calculator-main\src\com\calculator\Expression.java,com.calculator.Expression$Literal,innerclass,3,3,0,3,3,2,0,2,1,0.33333334,0.33333334,0.33333334,3,0,2,0,0,1,3,0,0,0,1,0,0,0,0,1,1,0,0,12,2,0,0,0,0,0,0,1,0,1,0,0,0,0,9,8,0
C:\Users\Madhu\Downloads\calculator-main\src\com\calculator\Token.java,com.calculator.Token,class,1,10,9,1,4,1,0,0,0,0.25,0.8333333,1.0,4,0,4,0,0,0,4,0,0,0,2,0,0,2,0,0,2,0,0,17,3,0,0,0,0,1,0,2,1,2,0,0,0,0,9,1,0
C:\Users\Madhu\Downloads\calculator-main\src\com\calculator\Lexer.java,com.calculator.Lexer,class,3,5,2,3,60,1,0,20,13,0.62666667,0.0,0.0,15,0,2,13,0,0,2,0,0,0,5,0,0,5,0,0,3,0,1,184,11,5,7,0,6,49,11,11,5,10,2,0,0,0,58,1,0
C:\Users\Madhu\Downloads\calculator-main\src\com\calculator\utils\NumberTypes.java,com.calculator.utils.NumberTypes$ComplexNumber,innerclass,0,0,0,0,3,1,0,0,0,0.33333334,0.6666667,1.0,3,0,2,0,0,1,3,0,0,0,2,0,0,2,0,0,2,0,0,14,2,0,0,0,0,0,0,2,0,2,0,0,0,0,7,8,0
C:\Users\Madhu\Downloads\calculator-main\src\com\calculator\utils\MathOps.java,com.calculator.utils.MathOps,class,3,5,2,3,19,1,0,42,34,0.9444444,0.035714287,0.035714287,9,9,7,2,0,0,8,0,0,0,4,4,3,1,0,0,2,0,59,121,10,7,0,0,27,1,94,32,83,56,2,0,0,28,69,1,0
C:\Users\Madhu\Downloads\calculator-main\src\com\calculator\Expression.java,com.calculator.Expression$Grouping,innerclass,3,3,0,3,4,2,0,1,2,0.5,0.33333334,0.5,4,0,3,0,0,1,4,0,0,0,2,0,0,2,0,0,2,0,0,17,3,0,0,0,0,0,0,2,0,2,0,0,0,0,9,8,0
C:\Users\Madhu\Downloads\calculator-main\src\com\calculator\TokenType.java,com.calculator.TokenType,enum,0,4,4,0,0,1,0,0,0,0.0,-1.0,-1.0,0,0,0,0,0,0,0,0,0,0,0,0,0,0,0,0,0,0,0,1,0,0,0,0,0,0,0,0,0,0,0,0,0,0,8,1,0
C:\Users\Madhu\Downloads\calculator-main\src\com\calculator\utils\CheckForCalculationErrors.java,com.calculator.utils.CheckForCalculationErrors,class,2,3,1,2,23,1,0,2,0,0.0,NaN,NaN,1,1,1,0,0,0,1,0,0,0,0,0,0,0,0,0,0,0,9,37,0,0,9,0,2,9,9,0,0,0,3,0,0,0,15,1,0
C:\Users\Madhu\Downloads\calculator-main\src\com\calculator\utils\Error.java,com.calculator.utils.Error,class,0,2,2,0,1,4,0,0,0,0.0,NaN,NaN,1,0,1,0,0,0,1,0,0,0,0,0,0,0,0,0,0,0,0,5,0,0,0,0,0,0,0,0,0,0,0,0,0,0,4,1,0
C:\Users\Madhu\Downloads\calculator-main\src\com\calculator\utils\NumberTypes.java,com.calculator.utils.NumberTypes,class,0,0,0,0,0,1,0,0,0,0.0,-1.0,-1.0,0,0,0,0,0,0,0,0,0,0,0,0,0,0,0,0,0,0,0,30,0,0,0,0,0,0,0,0,0,0,0,0,2,0,2,1,0
C:\Users\Madhu\Downloads\calculator-main\src\com\calculator\Expression.java,com.calculator.Expression$Unary,innerclass,4,4,0,4,4,2,0,1,2,0.5,0.33333334,0.5,4,0,3,0,0,1,4,0,0,0,2,0,0,0,0,2,2,0,0,17,3,0,0,0,0,0,0,2,0,2,0,0,0,0,12,8,0
C:\Users\Madhu\Downloads\calculator-main\src\com\calculator\Calculator.java,com.calculator.Calculator,class,7,8,1,7,5,1,0,10,1,0.0,NaN,NaN,2,2,1,1,0,0,1,0,0,0,0,0,0,0,0,0,0,0,1,32,0,1,0,1,0,2,0,8,0,8,2,0,0,0,36,1,0
C:\Users\Madhu\Downloads\calculator-main\src\com\calculator\AstPrinter.java,com.calculator.AstPrinter,class,11,12,1,11,12,1,0,20,36,0.0,0.0,0.0,9,0,7,1,0,1,8,0,0,0,0,0,0,0,0,0,0,0,0,44,11,1,0,0,0,10,0,1,0,1,1,0,0,0,20,0,0
C:\Users\Madhu\Downloads\calculator-main\src\com\calculator\Evaluator.java,com.calculator.Evaluator,class,14,16,2,14,28,1,0,37,25,0.6,0.22222222,0.22222222,10,0,10,0,0,0,10,0,0,0,2,0,0,2,0,0,0,0,7,101,16,1,2,1,0,9,3,14,6,10,3,0,0,0,39,1,0
C:\Users\Madhu\Downloads\calculator-main\src\com\calculator\Expression.java,com.calculator.Expression,class,3,15,12,3,1,8,14,0,0,0.0,NaN,NaN,1,0,0,0,0,1,1,1,0,0,0,0,0,0,0,0,0,0,0,135,0,0,0,0,0,0,0,0,0,0,0,0,8,0,4,1025,0
C:\Users\Madhu\Downloads\calculator-main\src\com\calculator\Environment.java,com.calculator.Environment,class,0,3,3,0,8,1,0,9,2,0.5,0.33333334,0.33333334,4,0,4,0,0,0,4,0,0,0,2,0,1,1,0,0,0,0,1,35,1,2,2,0,2,5,2,9,0,9,3,0,0,0,32,1,0
C:\Users\Madhu\Downloads\calculator-main\src\com\calculator\Expression.java,com.calculator.Expression$Assign,innerclass,3,3,0,3,4,2,0,1,2,0.5,0.33333334,0.5,4,0,3,0,0,1,4,0,0,0,2,0,0,2,0,0,2,0,0,17,3,0,0,0,0,0,0,2,0,2,0,0,0,0,9,8,0
C:\Users\Madhu\Downloads\calculator-main\src\com\calculator\Expression.java,com.calculator.Expression$Visitor,interface,8,8,0,8,7,1,0,0,21,0.0,0.0,0.0,7,0,0,0,0,7,7,0,0,0,0,0,0,0,0,0,0,0,0,9,0,0,0,0,0,0,0,0,0,0,0,0,0,0,11,0,0
C:\Users\Madhu\Downloads\calculator-main\src\com\calculator\Parser.java,com.calculator.Parser,class,13,15,2,13,52,1,0,31,172,0.8500001,0.0,0.0,20,0,2,18,0,0,2,0,0,0,3,0,0,3,0,0,1,0,9,189,35,6,2,2,0,4,3,33,1,29,2,0,0,0,78,1,0
C:\Users\Madhu\Downloads\calculator-main\src\com\calculator\utils\NumberTypes.java,com.calculator.utils.NumberTypes$Fraction,innerclass,0,0,0,0,3,1,0,0,0,0.33333334,0.6666667,1.0,3,0,2,0,0,1,3,0,0,0,2,0,0,2,0,0,2,0,0,14,2,0,0,0,0,0,0,2,0,2,0,0,0,0,6,8,0
C:\Users\Madhu\Downloads\calculator-main\src\com\calculator\Expression.java,com.calculator.Expression$Function,innerclass,4,4,0,4,7,2,0,1,5,0.60714287,0.3809524,0.71428573,7,0,6,0,0,1,7,0,0,0,4,0,0,2,0,2,1,0,0,31,5,0,0,0,0,0,0,6,0,4,0,0,0,0,18,8,0
C:\Users\Madhu\Downloads\calculator-main\src\com\calculator\Expression.java,com.calculator.Expression$Binary,innerclass,4,4,0,4,5,2,0,1,4,0.6,0.3,0.6,5,0,4,0,0,1,5,0,0,0,3,0,0,3,0,0,3,0,0,22,4,0,0,0,0,0,0,3,0,3,0,0,0,0,13,8,0
