file,class,method,variable,usage
C:\Users\Madhu\Downloads\calculator-main\src\com\calculator\Expression.java,com.calculator.Expression$Literal,Literal/1[java.lang.Object],value,3
C:\Users\Madhu\Downloads\calculator-main\src\com\calculator\Expression.java,com.calculator.Expression$Literal,getValue/0,value,1
C:\Users\Madhu\Downloads\calculator-main\src\com\calculator\Token.java,com.calculator.Token,toString/0,type,1
C:\Users\Madhu\Downloads\calculator-main\src\com\calculator\Token.java,com.calculator.Token,toString/0,lexeme,1
C:\Users\Madhu\Downloads\calculator-main\src\com\calculator\Token.java,com.calculator.Token,"Token/2[com.calculator.TokenType,java.lang.Object]",type,3
C:\Users\Madhu\Downloads\calculator-main\src\com\calculator\Token.java,com.calculator.Token,"Token/2[com.calculator.TokenType,java.lang.Object]",lexeme,3
C:\Users\Madhu\Downloads\calculator-main\src\com\calculator\Token.java,com.calculator.Token,getType/0,type,1
C:\Users\Madhu\Downloads\calculator-main\src\com\calculator\Token.java,com.calculator.Token,getLexme/0,lexeme,1
C:\Users\Madhu\Downloads\calculator-main\src\com\calculator\Lexer.java,com.calculator.Lexer,scanTokens/0,current,1
C:\Users\Madhu\Downloads\calculator-main\src\com\calculator\Lexer.java,com.calculator.Lexer,scanTokens/0,start,1
C:\Users\Madhu\Downloads\calculator-main\src\com\calculator\Lexer.java,com.calculator.Lexer,scanTokens/0,tokens,2
C:\Users\Madhu\Downloads\calculator-main\src\com\calculator\Lexer.java,com.calculator.Lexer,number/0,current,1
C:\Users\Madhu\Downloads\calculator-main\src\com\calculator\Lexer.java,com.calculator.Lexer,number/0,line,1
C:\Users\Madhu\Downloads\calculator-main\src\com\calculator\Lexer.java,com.calculator.Lexer,number/0,start,1
C:\Users\Madhu\Downloads\calculator-main\src\com\calculator\Lexer.java,com.calculator.Lexer,peek/1[int],current,2
C:\Users\Madhu\Downloads\calculator-main\src\com\calculator\Lexer.java,com.calculator.Lexer,peek/1[int],line,2
C:\Users\Madhu\Downloads\calculator-main\src\com\calculator\Lexer.java,com.calculator.Lexer,"addToken/2[com.calculator.TokenType,java.lang.Object]",tokens,1
C:\Users\Madhu\Downloads\calculator-main\src\com\calculator\Lexer.java,com.calculator.Lexer,isAtEnd/0,current,1
C:\Users\Madhu\Downloads\calculator-main\src\com\calculator\Lexer.java,com.calculator.Lexer,isAtEnd/0,line,1
C:\Users\Madhu\Downloads\calculator-main\src\com\calculator\Lexer.java,com.calculator.Lexer,addToken/1[com.calculator.TokenType],current,1
C:\Users\Madhu\Downloads\calculator-main\src\com\calculator\Lexer.java,com.calculator.Lexer,addToken/1[com.calculator.TokenType],line,1
C:\Users\Madhu\Downloads\calculator-main\src\com\calculator\Lexer.java,com.calculator.Lexer,addToken/1[com.calculator.TokenType],start,1
C:\Users\Madhu\Downloads\calculator-main\src\com\calculator\Lexer.java,com.calculator.Lexer,addToken/1[com.calculator.TokenType],tokens,1
C:\Users\Madhu\Downloads\calculator-main\src\com\calculator\Lexer.java,com.calculator.Lexer,Lexer/1[java.lang.String],functions,49
C:\Users\Madhu\Downloads\calculator-main\src\com\calculator\Lexer.java,com.calculator.Lexer,Lexer/1[java.lang.String],line,3
C:\Users\Madhu\Downloads\calculator-main\src\com\calculator\Lexer.java,com.calculator.Lexer,advance/0,current,2
C:\Users\Madhu\Downloads\calculator-main\src\com\calculator\Lexer.java,com.calculator.Lexer,advance/0,line,1
C:\Users\Madhu\Downloads\calculator-main\src\com\calculator\Lexer.java,com.calculator.Lexer,matchNext/1[char],current,2
C:\Users\Madhu\Downloads\calculator-main\src\com\calculator\Lexer.java,com.calculator.Lexer,matchNext/1[char],line,1
C:\Users\Madhu\Downloads\calculator-main\src\com\calculator\Lexer.java,com.calculator.Lexer,name/0,current,1
C:\Users\Madhu\Downloads\calculator-main\src\com\calculator\Lexer.java,com.calculator.Lexer,name/0,functions,1
C:\Users\Madhu\Downloads\calculator-main\src\com\calculator\Lexer.java,com.calculator.Lexer,name/0,line,1
C:\Users\Madhu\Downloads\calculator-main\src\com\calculator\Lexer.java,com.calculator.Lexer,name/0,start,1
C:\Users\Madhu\Downloads\calculator-main\src\com\calculator\Lexer.java,com.calculator.Lexer,arg/0,current,1
C:\Users\Madhu\Downloads\calculator-main\src\com\calculator\Lexer.java,com.calculator.Lexer,arg/0,line,1
C:\Users\Madhu\Downloads\calculator-main\src\com\calculator\Lexer.java,com.calculator.Lexer,arg/0,start,1
C:\Users\Madhu\Downloads\calculator-main\src\com\calculator\utils\NumberTypes.java,com.calculator.utils.NumberTypes$ComplexNumber,getImaginary/0,imaginary,1
C:\Users\Madhu\Downloads\calculator-main\src\com\calculator\utils\NumberTypes.java,com.calculator.utils.NumberTypes$ComplexNumber,"ComplexNumber/2[double,double]",imaginary,3
C:\Users\Madhu\Downloads\calculator-main\src\com\calculator\utils\NumberTypes.java,com.calculator.utils.NumberTypes$ComplexNumber,"ComplexNumber/2[double,double]",real,3
C:\Users\Madhu\Downloads\calculator-main\src\com\calculator\utils\NumberTypes.java,com.calculator.utils.NumberTypes$ComplexNumber,getReal/0,real,1
C:\Users\Madhu\Downloads\calculator-main\src\com\calculator\utils\MathOps.java,com.calculator.utils.MathOps,"normalpdf/3[double,double,double]",RECTANGLES,2
C:\Users\Madhu\Downloads\calculator-main\src\com\calculator\utils\MathOps.java,com.calculator.utils.MathOps,"normalcdf/4[double,double,double,double]",RECTANGLES,2
C:\Users\Madhu\Downloads\calculator-main\src\com\calculator\Expression.java,com.calculator.Expression$Grouping,getExpression/0,expression,1
C:\Users\Madhu\Downloads\calculator-main\src\com\calculator\Expression.java,com.calculator.Expression$Grouping,"Grouping/2[com.calculator.Expression,java.lang.String]",expression,3
C:\Users\Madhu\Downloads\calculator-main\src\com\calculator\Expression.java,com.calculator.Expression$Grouping,"Grouping/2[com.calculator.Expression,java.lang.String]",type,3
C:\Users\Madhu\Downloads\calculator-main\src\com\calculator\Expression.java,com.calculator.Expression$Grouping,getType/0,type,1
C:\Users\Madhu\Downloads\calculator-main\src\com\calculator\Expression.java,com.calculator.Expression$Unary,"Unary/2[com.calculator.Token,com.calculator.Expression]",sideExpr,3
C:\Users\Madhu\Downloads\calculator-main\src\com\calculator\Expression.java,com.calculator.Expression$Unary,"Unary/2[com.calculator.Token,com.calculator.Expression]",operator,3
C:\Users\Madhu\Downloads\calculator-main\src\com\calculator\Expression.java,com.calculator.Expression$Unary,getOperator/0,operator,1
C:\Users\Madhu\Downloads\calculator-main\src\com\calculator\Expression.java,com.calculator.Expression$Unary,getSideExpr/0,sideExpr,1
C:\Users\Madhu\Downloads\calculator-main\src\com\calculator\Evaluator.java,com.calculator.Evaluator,visitAssignNode/1[com.calculator.Expression.Assign],print,1
C:\Users\Madhu\Downloads\calculator-main\src\com\calculator\Evaluator.java,com.calculator.Evaluator,visitFunctionNode/1[com.calculator.Expression.Function],print,1
C:\Users\Madhu\Downloads\calculator-main\src\com\calculator\Evaluator.java,com.calculator.Evaluator,visitNullNode/1[com.calculator.Expression.Null],print,1
C:\Users\Madhu\Downloads\calculator-main\src\com\calculator\Evaluator.java,com.calculator.Evaluator,Evaluator/1[com.calculator.Environment],print,1
C:\Users\Madhu\Downloads\calculator-main\src\com\calculator\Evaluator.java,com.calculator.Evaluator,Evaluator/1[com.calculator.Environment],env,3
C:\Users\Madhu\Downloads\calculator-main\src\com\calculator\Evaluator.java,com.calculator.Evaluator,solve/1[com.calculator.Expression],print,2
C:\Users\Madhu\Downloads\calculator-main\src\com\calculator\Evaluator.java,com.calculator.Evaluator,solve/1[com.calculator.Expression],env,1
C:\Users\Madhu\Downloads\calculator-main\src\com\calculator\Environment.java,com.calculator.Environment,removeVar/1[java.lang.String],variables,1
C:\Users\Madhu\Downloads\calculator-main\src\com\calculator\Environment.java,com.calculator.Environment,getPreviousResult/0,previous_result,1
C:\Users\Madhu\Downloads\calculator-main\src\com\calculator\Environment.java,com.calculator.Environment,"importVariablesFromFile/2[java.lang.String,boolean]",variables,3
C:\Users\Madhu\Downloads\calculator-main\src\com\calculator\Environment.java,com.calculator.Environment,setPreviousResult/1[double],previous_result,3
C:\Users\Madhu\Downloads\calculator-main\src\com\calculator\Expression.java,com.calculator.Expression$Assign,getExpression/0,expression,1
C:\Users\Madhu\Downloads\calculator-main\src\com\calculator\Expression.java,com.calculator.Expression$Assign,"Assign/2[java.lang.String,com.calculator.Expression]",expression,3
C:\Users\Madhu\Downloads\calculator-main\src\com\calculator\Expression.java,com.calculator.Expression$Assign,"Assign/2[java.lang.String,com.calculator.Expression]",name,3
C:\Users\Madhu\Downloads\calculator-main\src\com\calculator\Expression.java,com.calculator.Expression$Assign,getName/0,name,1
C:\Users\Madhu\Downloads\calculator-main\src\com\calculator\Parser.java,com.calculator.Parser,peek/0,current,1
C:\Users\Madhu\Downloads\calculator-main\src\com\calculator\Parser.java,com.calculator.Parser,peek/0,tokens,1
C:\Users\Madhu\Downloads\calculator-main\src\com\calculator\Parser.java,com.calculator.Parser,literal/0,env,4
C:\Users\Madhu\Downloads\calculator-main\src\com\calculator\Parser.java,com.calculator.Parser,advance/0,current,1
C:\Users\Madhu\Downloads\calculator-main\src\com\calculator\Parser.java,com.calculator.Parser,stepBack/1[int],current,1
C:\Users\Madhu\Downloads\calculator-main\src\com\calculator\Parser.java,com.calculator.Parser,"Parser/2[java.util.LinkedList<com.calculator.Token>,com.calculator.Environment]",tokens,3
C:\Users\Madhu\Downloads\calculator-main\src\com\calculator\Parser.java,com.calculator.Parser,"Parser/2[java.util.LinkedList<com.calculator.Token>,com.calculator.Environment]",env,3
C:\Users\Madhu\Downloads\calculator-main\src\com\calculator\Parser.java,com.calculator.Parser,previous/0,current,1
C:\Users\Madhu\Downloads\calculator-main\src\com\calculator\Parser.java,com.calculator.Parser,previous/0,tokens,1
C:\Users\Madhu\Downloads\calculator-main\src\com\calculator\utils\NumberTypes.java,com.calculator.utils.NumberTypes$Fraction,"Fraction/2[double,double]",denomenator,3
C:\Users\Madhu\Downloads\calculator-main\src\com\calculator\utils\NumberTypes.java,com.calculator.utils.NumberTypes$Fraction,"Fraction/2[double,double]",numerator,3
C:\Users\Madhu\Downloads\calculator-main\src\com\calculator\utils\NumberTypes.java,com.calculator.utils.NumberTypes$Fraction,getNumerator/0,numerator,1
C:\Users\Madhu\Downloads\calculator-main\src\com\calculator\utils\NumberTypes.java,com.calculator.utils.NumberTypes$Fraction,getDenomenator/0,denomenator,1
C:\Users\Madhu\Downloads\calculator-main\src\com\calculator\Expression.java,com.calculator.Expression$Function,"Function/2[com.calculator.Token,com.calculator.Expression]",argument,3
C:\Users\Madhu\Downloads\calculator-main\src\com\calculator\Expression.java,com.calculator.Expression$Function,"Function/2[com.calculator.Token,com.calculator.Expression]",function,3
C:\Users\Madhu\Downloads\calculator-main\src\com\calculator\Expression.java,com.calculator.Expression$Function,"Function/2[com.calculator.Token,com.calculator.Expression]",argOrArgs,1
C:\Users\Madhu\Downloads\calculator-main\src\com\calculator\Expression.java,com.calculator.Expression$Function,getFunction/0,function,1
C:\Users\Madhu\Downloads\calculator-main\src\com\calculator\Expression.java,com.calculator.Expression$Function,"Function/2[com.calculator.Token,java.util.ArrayList<com.calculator.Expression>]",argument,2
C:\Users\Madhu\Downloads\calculator-main\src\com\calculator\Expression.java,com.calculator.Expression$Function,"Function/2[com.calculator.Token,java.util.ArrayList<com.calculator.Expression>]",function,3
C:\Users\Madhu\Downloads\calculator-main\src\com\calculator\Expression.java,com.calculator.Expression$Function,"Function/2[com.calculator.Token,java.util.ArrayList<com.calculator.Expression>]",arguments,1
C:\Users\Madhu\Downloads\calculator-main\src\com\calculator\Expression.java,com.calculator.Expression$Function,"Function/2[com.calculator.Token,java.util.ArrayList<com.calculator.Expression>]",argOrArgs,1
C:\Users\Madhu\Downloads\calculator-main\src\com\calculator\Expression.java,com.calculator.Expression$Function,getArgument/0,argument,1
C:\Users\Madhu\Downloads\calculator-main\src\com\calculator\Expression.java,com.calculator.Expression$Function,getState/0,argOrArgs,1
C:\Users\Madhu\Downloads\calculator-main\src\com\calculator\Expression.java,com.calculator.Expression$Function,getArguments/0,arguments,1
C:\Users\Madhu\Downloads\calculator-main\src\com\calculator\Expression.java,com.calculator.Expression$Binary,"Binary/3[com.calculator.Expression,com.calculator.Token,com.calculator.Expression]",left,3
C:\Users\Madhu\Downloads\calculator-main\src\com\calculator\Expression.java,com.calculator.Expression$Binary,"Binary/3[com.calculator.Expression,com.calculator.Token,com.calculator.Expression]",right,3
C:\Users\Madhu\Downloads\calculator-main\src\com\calculator\Expression.java,com.calculator.Expression$Binary,"Binary/3[com.calculator.Expression,com.calculator.Token,com.calculator.Expression]",operator,3
C:\Users\Madhu\Downloads\calculator-main\src\com\calculator\Expression.java,com.calculator.Expression$Binary,getRight/0,right,1
C:\Users\Madhu\Downloads\calculator-main\src\com\calculator\Expression.java,com.calculator.Expression$Binary,getLeft/0,left,1
C:\Users\Madhu\Downloads\calculator-main\src\com\calculator\Expression.java,com.calculator.Expression$Binary,getOperator/0,operator,1
