file,class,method,constructor,line,cbo,cboModified,fanin,fanout,wmc,rfc,loc,returnsQty,variablesQty,parametersQty,methodsInvokedQty,methodsInvokedLocalQty,methodsInvokedIndirectLocalQty,loopQty,comparisonsQty,tryCatchQty,parenthesizedExpsQty,stringLiteralsQty,numbersQty,assignmentsQty,mathOperationsQty,maxNestedBlocksQty,anonymousClassesQty,innerClassesQty,lambdasQty,uniqueWordsQty,modifiers,logStatementsQty,hasJavaDoc
C:\Users\Madhu\Downloads\calculator-main\src\com\calculator\Expression.java,com.calculator.Expression$Null,Null/0,true,136,0,1,1,0,1,0,2,0,0,0,0,0,0,0,0,0,0,0,0,0,0,0,0,0,0,1,1,0,false
C:\Users\Madhu\Downloads\calculator-main\src\com\calculator\Expression.java,com.calculator.Expression$Null,accept/1[com.calculator.Expression.Visitor<T>],false,138,2,1,0,1,1,1,3,1,0,1,1,0,0,0,0,0,0,0,0,0,0,0,0,0,0,3,0,0,false
C:\Users\Madhu\Downloads\calculator-main\src\com\calculator\Expression.java,com.calculator.Expression$Literal,Literal/1[java.lang.Object],true,123,0,1,1,0,1,0,3,0,0,1,0,0,0,0,0,0,0,0,0,1,0,0,0,0,0,3,1,0,false
C:\Users\Madhu\Downloads\calculator-main\src\com\calculator\Expression.java,com.calculator.Expression$Literal,accept/1[com.calculator.Expression.Visitor<T>],false,129,2,1,0,1,1,1,3,1,0,1,1,0,0,0,0,0,0,0,0,0,0,0,0,0,0,3,0,0,false
C:\Users\Madhu\Downloads\calculator-main\src\com\calculator\Expression.java,com.calculator.Expression$Literal,getValue/0,false,126,0,1,1,0,1,1,3,1,0,0,1,0,0,0,0,0,0,0,0,0,0,0,0,0,0,2,1,0,false
C:\Users\Madhu\Downloads\calculator-main\src\com\calculator\Token.java,com.calculator.Token,toString/0,false,16,0,1,1,0,1,0,3,1,0,0,0,0,0,0,0,0,0,1,0,0,1,0,0,0,0,4,1,0,false
C:\Users\Madhu\Downloads\calculator-main\src\com\calculator\Token.java,com.calculator.Token,"Token/2[com.calculator.TokenType,java.lang.Object]",true,8,1,3,3,0,1,0,4,0,0,2,0,0,0,0,0,0,0,0,0,2,0,0,0,0,0,4,1,0,false
C:\Users\Madhu\Downloads\calculator-main\src\com\calculator\Token.java,com.calculator.Token,getType/0,false,13,1,7,7,0,1,0,3,1,0,0,0,0,0,0,0,0,0,0,0,0,0,0,0,0,0,4,1,0,false
C:\Users\Madhu\Downloads\calculator-main\src\com\calculator\Token.java,com.calculator.Token,getLexme/0,false,14,0,4,4,0,1,0,3,1,0,0,0,0,0,0,0,0,0,0,0,0,0,0,0,0,0,4,1,0,false
C:\Users\Madhu\Downloads\calculator-main\src\com\calculator\Lexer.java,com.calculator.Lexer,isLetter/1[char],false,152,0,1,1,0,6,0,3,1,0,1,0,0,0,0,1,0,2,0,0,0,0,0,0,0,0,3,2,0,false
C:\Users\Madhu\Downloads\calculator-main\src\com\calculator\Lexer.java,com.calculator.Lexer,isAlphaNumeric/1[char],false,154,0,1,1,0,8,0,3,1,0,1,0,0,0,0,1,0,3,0,0,0,0,0,0,0,0,4,2,0,false
C:\Users\Madhu\Downloads\calculator-main\src\com\calculator\Lexer.java,com.calculator.Lexer,scanTokens/0,false,71,2,4,1,3,2,3,8,1,0,0,3,2,5,1,0,0,0,0,0,1,0,1,0,0,0,9,1,0,false
C:\Users\Madhu\Downloads\calculator-main\src\com\calculator\Lexer.java,com.calculator.Lexer,number/0,false,156,1,5,1,4,5,6,8,0,0,0,6,4,1,2,1,0,0,0,4,0,0,2,0,0,0,7,2,0,false
C:\Users\Madhu\Downloads\calculator-main\src\com\calculator\Lexer.java,com.calculator.Lexer,peek/1[int],false,127,0,3,3,0,2,2,4,2,0,1,2,0,0,0,0,0,0,0,0,0,2,1,0,0,0,3,2,0,false
C:\Users\Madhu\Downloads\calculator-main\src\com\calculator\Lexer.java,com.calculator.Lexer,"addToken/2[com.calculator.TokenType,java.lang.Object]",false,132,2,4,3,1,1,1,3,0,0,2,1,0,0,0,0,0,0,0,0,0,0,0,0,0,0,4,2,0,false
C:\Users\Madhu\Downloads\calculator-main\src\com\calculator\Lexer.java,com.calculator.Lexer,isAtEnd/0,false,118,0,2,2,0,2,1,3,1,0,0,1,0,0,0,0,0,0,0,0,0,0,0,0,0,0,4,2,0,false
C:\Users\Madhu\Downloads\calculator-main\src\com\calculator\Lexer.java,com.calculator.Lexer,addToken/1[com.calculator.TokenType],false,134,2,3,2,1,1,2,4,0,1,1,2,0,0,0,0,0,0,0,0,1,0,0,0,0,0,5,2,0,false
C:\Users\Madhu\Downloads\calculator-main\src\com\calculator\Lexer.java,com.calculator.Lexer,Lexer/1[java.lang.String],true,17,1,1,1,0,1,1,52,0,0,1,1,0,0,0,0,0,0,48,0,2,0,0,0,0,0,3,1,0,false
C:\Users\Madhu\Downloads\calculator-main\src\com\calculator\Lexer.java,com.calculator.Lexer,advance/0,false,122,0,4,4,0,1,1,4,1,0,0,1,0,0,0,0,0,0,0,1,0,1,0,0,0,0,2,2,0,false
C:\Users\Madhu\Downloads\calculator-main\src\com\calculator\Lexer.java,com.calculator.Lexer,isDigit/1[char],false,148,0,2,2,0,3,0,3,1,0,1,0,0,0,0,0,0,0,0,0,0,0,0,0,0,0,3,2,0,false
C:\Users\Madhu\Downloads\calculator-main\src\com\calculator\Lexer.java,com.calculator.Lexer,matchNext/1[char],false,139,1,1,0,1,3,2,6,3,0,1,2,1,1,0,1,0,0,0,0,0,0,1,0,0,0,9,2,0,false
C:\Users\Madhu\Downloads\calculator-main\src\com\calculator\Lexer.java,com.calculator.Lexer,name/0,false,170,2,6,1,5,3,7,11,0,2,0,7,5,1,1,1,0,0,0,1,2,0,1,0,0,0,12,2,0,false
C:\Users\Madhu\Downloads\calculator-main\src\com\calculator\Lexer.java,com.calculator.Lexer,scanToken/0,false,82,1,8,1,7,20,8,59,0,1,0,8,7,4,0,1,0,0,1,0,1,0,2,0,0,0,35,2,0,false
C:\Users\Madhu\Downloads\calculator-main\src\com\calculator\Lexer.java,com.calculator.Lexer,arg/0,false,184,1,4,1,3,2,4,6,0,1,0,4,3,1,1,1,0,1,0,3,1,2,1,0,0,0,6,2,0,false
C:\Users\Madhu\Downloads\calculator-main\src\com\calculator\utils\NumberTypes.java,com.calculator.utils.NumberTypes$ComplexNumber,getImaginary/0,false,33,0,0,0,0,1,0,3,1,0,0,0,0,0,0,0,0,0,0,0,0,0,0,0,0,0,3,1,0,false
C:\Users\Madhu\Downloads\calculator-main\src\com\calculator\utils\NumberTypes.java,com.calculator.utils.NumberTypes$ComplexNumber,"ComplexNumber/2[double,double]",true,26,0,0,0,0,1,0,4,0,0,2,0,0,0,0,0,0,0,0,0,2,0,0,0,0,0,4,0,0,false
C:\Users\Madhu\Downloads\calculator-main\src\com\calculator\utils\NumberTypes.java,com.calculator.utils.NumberTypes$ComplexNumber,getReal/0,false,31,0,0,0,0,1,0,3,1,0,0,0,0,0,0,0,0,0,0,0,0,0,0,0,0,0,3,1,0,false
C:\Users\Madhu\Downloads\calculator-main\src\com\calculator\utils\MathOps.java,com.calculator.utils.MathOps,(initializer 1),false,17,1,6,0,6,1,20,42,0,28,0,20,6,4,0,0,0,12,0,56,0,36,0,0,0,28,10,8,0,false
C:\Users\Madhu\Downloads\calculator-main\src\com\calculator\utils\MathOps.java,com.calculator.utils.MathOps,"normalpdf/3[double,double,double]",false,132,1,2,1,1,2,2,8,1,3,3,2,1,1,1,0,0,1,0,3,4,5,1,0,0,0,19,9,0,false
C:\Users\Madhu\Downloads\calculator-main\src\com\calculator\utils\MathOps.java,com.calculator.utils.MathOps,"getHeightAtZ/3[double,double,double]",false,128,0,2,2,0,1,3,3,1,0,3,3,0,0,0,0,0,3,0,4,0,7,0,0,0,0,8,9,0,false
C:\Users\Madhu\Downloads\calculator-main\src\com\calculator\utils\MathOps.java,com.calculator.utils.MathOps,"binomialcdf/3[double,double,double]",false,120,1,2,1,1,2,1,7,1,2,3,1,1,2,1,0,0,0,0,2,3,0,1,0,0,0,8,10,0,false
C:\Users\Madhu\Downloads\calculator-main\src\com\calculator\utils\MathOps.java,com.calculator.utils.MathOps,"base_conversion/3[double,double,double]",false,80,0,1,1,0,1,4,4,1,1,3,4,0,0,0,0,0,0,0,0,1,0,0,0,0,0,6,9,0,false
C:\Users\Madhu\Downloads\calculator-main\src\com\calculator\utils\MathOps.java,com.calculator.utils.MathOps,sort/1[java.util.ArrayList<java.lang.Double>],false,85,0,0,0,0,5,9,17,1,5,1,9,0,0,3,0,0,0,0,1,5,0,2,0,0,0,8,9,0,false
C:\Users\Madhu\Downloads\calculator-main\src\com\calculator\utils\MathOps.java,com.calculator.utils.MathOps,"binomialpdf/3[double,double,double]",false,115,1,3,2,1,1,3,4,1,1,3,3,1,1,0,0,0,3,0,1,1,6,0,0,0,0,10,10,0,false
C:\Users\Madhu\Downloads\calculator-main\src\com\calculator\utils\MathOps.java,com.calculator.utils.MathOps,"inverseNorm/3[double,double,double]",false,150,1,1,1,0,1,0,8,1,5,3,0,0,0,0,0,0,7,0,18,5,20,0,0,0,0,11,9,0,false
C:\Users\Madhu\Downloads\calculator-main\src\com\calculator\utils\MathOps.java,com.calculator.utils.MathOps,"normalcdf/4[double,double,double,double]",false,141,1,2,1,1,2,2,8,1,3,4,2,1,1,1,0,0,1,0,2,4,5,1,0,0,0,20,9,0,false
C:\Users\Madhu\Downloads\calculator-main\src\com\calculator\utils\MathOps.java,com.calculator.utils.MathOps,factorial/1[java.lang.String],false,66,0,2,2,0,3,7,14,2,4,1,7,0,0,1,0,0,0,1,5,5,4,2,0,0,0,5,9,0,false
C:\Users\Madhu\Downloads\calculator-main\src\com\calculator\Expression.java,com.calculator.Expression$Grouping,getExpression/0,false,59,1,2,2,0,1,0,3,1,0,0,0,0,0,0,0,0,0,0,0,0,0,0,0,0,0,2,1,0,false
C:\Users\Madhu\Downloads\calculator-main\src\com\calculator\Expression.java,com.calculator.Expression$Grouping,accept/1[com.calculator.Expression.Visitor<T>],false,63,2,1,0,1,1,1,3,1,0,1,1,0,0,0,0,0,0,0,0,0,0,0,0,0,0,3,0,0,false
C:\Users\Madhu\Downloads\calculator-main\src\com\calculator\Expression.java,com.calculator.Expression$Grouping,"Grouping/2[com.calculator.Expression,java.lang.String]",true,54,1,1,1,0,1,0,4,0,0,2,0,0,0,0,0,0,0,0,0,2,0,0,0,0,0,4,1,0,false
C:\Users\Madhu\Downloads\calculator-main\src\com\calculator\Expression.java,com.calculator.Expression$Grouping,getType/0,false,60,0,2,2,0,1,0,3,1,0,0,0,0,0,0,0,0,0,0,0,0,0,0,0,0,0,2,1,0,false
C:\Users\Madhu\Downloads\calculator-main\src\com\calculator\utils\CheckForCalculationErrors.java,com.calculator.utils.CheckForCalculationErrors,"checkArithmeticErrors/3[com.calculator.Token,double,double]",false,22,2,3,1,2,23,2,35,0,0,3,2,0,0,0,9,0,2,9,9,0,0,3,0,0,0,12,9,0,false
C:\Users\Madhu\Downloads\calculator-main\src\com\calculator\utils\Error.java,com.calculator.utils.Error,Error/1[java.lang.String],true,6,0,3,3,0,1,0,3,0,0,1,0,0,0,0,0,0,0,0,0,0,0,0,0,0,0,2,1,0,false
C:\Users\Madhu\Downloads\calculator-main\src\com\calculator\Expression.java,com.calculator.Expression$Unary,accept/1[com.calculator.Expression.Visitor<T>],false,85,2,1,0,1,1,1,3,1,0,1,1,0,0,0,0,0,0,0,0,0,0,0,0,0,0,3,0,0,false
C:\Users\Madhu\Downloads\calculator-main\src\com\calculator\Expression.java,com.calculator.Expression$Unary,"Unary/2[com.calculator.Token,com.calculator.Expression]",true,71,2,2,2,0,1,0,4,0,0,2,0,0,0,0,0,0,0,0,0,2,0,0,0,0,0,5,1,0,false
C:\Users\Madhu\Downloads\calculator-main\src\com\calculator\Expression.java,com.calculator.Expression$Unary,getOperator/0,false,76,1,2,2,0,1,0,3,1,0,0,0,0,0,0,0,0,0,0,0,0,0,0,0,0,0,3,1,0,false
C:\Users\Madhu\Downloads\calculator-main\src\com\calculator\Expression.java,com.calculator.Expression$Unary,getSideExpr/0,false,79,1,2,2,0,1,0,3,1,0,0,0,0,0,0,0,0,0,0,0,0,0,0,0,0,0,4,1,0,false
C:\Users\Madhu\Downloads\calculator-main\src\com\calculator\Calculator.java,com.calculator.Calculator,runREPL/0,false,19,6,8,1,7,4,9,26,0,8,0,9,0,0,1,0,1,0,1,0,8,0,2,0,0,0,27,10,0,false
C:\Users\Madhu\Downloads\calculator-main\src\com\calculator\Calculator.java,com.calculator.Calculator,main/1[java.lang.String[]],false,12,1,1,0,1,1,2,4,0,0,1,2,1,1,0,0,0,0,1,0,0,0,0,0,0,0,16,9,0,false
C:\Users\Madhu\Downloads\calculator-main\src\com\calculator\AstPrinter.java,com.calculator.AstPrinter,visitGroupingNode/1[com.calculator.Expression.Grouping],false,18,2,3,0,3,3,4,11,3,0,1,4,1,1,0,0,0,0,5,0,0,0,1,0,0,0,5,1,0,false
C:\Users\Madhu\Downloads\calculator-main\src\com\calculator\AstPrinter.java,com.calculator.AstPrinter,visitBinaryNode/1[com.calculator.Expression.Binary],false,13,3,5,0,5,1,6,3,1,0,1,6,1,1,0,0,0,0,0,0,0,0,0,0,0,0,5,1,0,false
C:\Users\Madhu\Downloads\calculator-main\src\com\calculator\AstPrinter.java,com.calculator.AstPrinter,visitUnaryNode/1[com.calculator.Expression.Unary],false,38,3,4,0,4,1,5,3,1,0,1,5,1,1,0,0,0,0,0,0,0,0,0,0,0,0,5,1,0,false
C:\Users\Madhu\Downloads\calculator-main\src\com\calculator\AstPrinter.java,com.calculator.AstPrinter,visitNullNode/1[com.calculator.Expression.Null],false,30,1,0,0,0,1,0,3,1,0,1,0,0,0,0,0,0,0,1,0,0,0,0,0,0,0,4,1,0,false
C:\Users\Madhu\Downloads\calculator-main\src\com\calculator\AstPrinter.java,com.calculator.AstPrinter,visitLiteralNode/1[com.calculator.Expression.Literal],false,33,1,0,0,0,1,1,3,1,0,1,1,0,0,0,0,0,0,0,0,0,0,0,0,0,0,4,1,0,false
C:\Users\Madhu\Downloads\calculator-main\src\com\calculator\AstPrinter.java,com.calculator.AstPrinter,"stringify/2[java.lang.String,com.calculator.Expression[]]",false,48,1,6,5,1,2,3,10,1,1,2,3,0,0,1,0,0,0,4,0,1,0,1,0,0,0,8,2,0,false
C:\Users\Madhu\Downloads\calculator-main\src\com\calculator\AstPrinter.java,com.calculator.AstPrinter,print/1[com.calculator.Expression],false,4,1,1,0,1,1,1,3,1,0,1,1,0,0,0,0,0,0,0,0,0,0,0,0,0,0,3,0,0,false
C:\Users\Madhu\Downloads\calculator-main\src\com\calculator\AstPrinter.java,com.calculator.AstPrinter,visitAssignNode/1[com.calculator.Expression.Assign],false,8,2,3,0,3,1,3,3,1,0,1,3,1,1,0,0,0,0,0,0,0,0,0,0,0,0,5,1,0,false
C:\Users\Madhu\Downloads\calculator-main\src\com\calculator\AstPrinter.java,com.calculator.AstPrinter,visitFunctionNode/1[com.calculator.Expression.Function],false,43,3,4,0,4,1,5,3,1,0,1,5,1,1,0,0,0,0,0,0,0,0,0,0,0,0,5,1,0,false
C:\Users\Madhu\Downloads\calculator-main\src\com\calculator\Evaluator.java,com.calculator.Evaluator,visitLiteralNode/1[com.calculator.Expression.Literal],false,48,1,1,0,1,1,2,3,1,0,1,2,0,0,0,0,0,0,0,0,0,0,0,0,0,0,5,1,0,false
C:\Users\Madhu\Downloads\calculator-main\src\com\calculator\Evaluator.java,com.calculator.Evaluator,visitAssignNode/1[com.calculator.Expression.Assign],false,128,2,3,0,3,1,4,5,1,0,1,4,1,1,0,0,0,0,0,1,1,0,0,0,0,0,7,1,0,false
C:\Users\Madhu\Downloads\calculator-main\src\com\calculator\Evaluator.java,com.calculator.Evaluator,visitFunctionNode/1[com.calculator.Expression.Function],false,51,3,7,0,7,6,13,20,2,4,1,13,1,1,1,2,0,0,3,0,5,0,2,0,0,0,19,1,0,false
C:\Users\Madhu\Downloads\calculator-main\src\com\calculator\Evaluator.java,com.calculator.Evaluator,visitBinaryNode/1[com.calculator.Expression.Binary],false,105,4,6,0,6,7,7,20,6,2,1,7,1,1,0,0,0,0,1,0,2,5,1,0,0,0,14,1,0,false
C:\Users\Madhu\Downloads\calculator-main\src\com\calculator\Evaluator.java,com.calculator.Evaluator,visitNullNode/1[com.calculator.Expression.Null],false,42,1,0,0,0,1,0,4,1,0,1,0,0,0,0,0,0,0,0,1,1,0,0,0,0,0,7,1,0,false
C:\Users\Madhu\Downloads\calculator-main\src\com\calculator\Evaluator.java,com.calculator.Evaluator,Evaluator/1[com.calculator.Environment],true,15,1,1,1,0,1,0,4,0,0,1,0,0,0,0,0,0,0,0,0,2,0,0,0,0,0,5,1,0,false
C:\Users\Madhu\Downloads\calculator-main\src\com\calculator\Evaluator.java,com.calculator.Evaluator,visitGroupingNode/1[com.calculator.Expression.Grouping],false,91,2,3,0,3,3,5,9,2,0,1,5,1,1,0,0,0,0,3,0,0,0,1,0,0,0,9,1,0,false
C:\Users\Madhu\Downloads\calculator-main\src\com\calculator\Evaluator.java,com.calculator.Evaluator,evaluate/1[com.calculator.Expression],false,37,1,7,6,1,1,1,3,1,0,1,1,0,0,0,0,0,0,0,0,0,0,0,0,0,0,3,1,0,false
C:\Users\Madhu\Downloads\calculator-main\src\com\calculator\Evaluator.java,com.calculator.Evaluator,visitUnaryNode/1[com.calculator.Expression.Unary],false,74,4,5,0,5,3,6,11,2,1,1,6,1,1,0,0,0,0,1,1,1,1,1,0,0,0,11,1,0,false
C:\Users\Madhu\Downloads\calculator-main\src\com\calculator\Evaluator.java,com.calculator.Evaluator,solve/1[com.calculator.Expression],false,20,3,3,1,2,4,8,18,0,1,1,8,1,1,0,0,1,0,1,0,2,0,3,0,0,0,9,1,0,false
C:\Users\Madhu\Downloads\calculator-main\src\com\calculator\Expression.java,com.calculator.Expression,accept/1[com.calculator.Expression.Visitor<T>],false,141,2,0,0,0,1,0,1,0,0,1,0,0,0,0,0,0,0,0,0,0,0,0,0,0,0,3,1024,0,false
C:\Users\Madhu\Downloads\calculator-main\src\com\calculator\Environment.java,com.calculator.Environment,removeVar/1[java.lang.String],false,36,0,1,1,0,1,1,3,0,0,1,1,0,0,0,0,0,0,0,0,0,0,0,0,0,0,4,1,0,false
C:\Users\Madhu\Downloads\calculator-main\src\com\calculator\Environment.java,com.calculator.Environment,getPreviousResult/0,false,41,0,1,1,0,1,0,3,1,0,0,0,0,0,0,0,0,0,0,0,0,0,0,0,0,0,5,1,0,false
C:\Users\Madhu\Downloads\calculator-main\src\com\calculator\Environment.java,com.calculator.Environment,"importVariablesFromFile/2[java.lang.String,boolean]",false,12,0,1,1,0,5,8,22,0,7,2,8,0,0,2,2,0,2,5,2,7,0,3,0,0,0,22,1,0,false
C:\Users\Madhu\Downloads\calculator-main\src\com\calculator\Environment.java,com.calculator.Environment,setPreviousResult/1[double],false,45,0,1,1,0,1,0,3,0,0,1,0,0,0,0,0,0,0,0,0,1,0,0,0,0,0,5,1,0,false
C:\Users\Madhu\Downloads\calculator-main\src\com\calculator\Expression.java,com.calculator.Expression$Assign,getExpression/0,false,25,1,2,2,0,1,0,3,1,0,0,0,0,0,0,0,0,0,0,0,0,0,0,0,0,0,3,1,0,false
C:\Users\Madhu\Downloads\calculator-main\src\com\calculator\Expression.java,com.calculator.Expression$Assign,"Assign/2[java.lang.String,com.calculator.Expression]",true,19,1,1,1,0,1,0,4,0,0,2,0,0,0,0,0,0,0,0,0,2,0,0,0,0,0,3,1,0,false
C:\Users\Madhu\Downloads\calculator-main\src\com\calculator\Expression.java,com.calculator.Expression$Assign,getName/0,false,24,0,2,2,0,1,0,3,1,0,0,0,0,0,0,0,0,0,0,0,0,0,0,0,0,0,3,1,0,false
C:\Users\Madhu\Downloads\calculator-main\src\com\calculator\Expression.java,com.calculator.Expression$Assign,accept/1[com.calculator.Expression.Visitor<T>],false,28,2,1,0,1,1,1,3,1,0,1,1,0,0,0,0,0,0,0,0,0,0,0,0,0,0,3,0,0,false
C:\Users\Madhu\Downloads\calculator-main\src\com\calculator\Expression.java,com.calculator.Expression$Visitor,visitNullNode/1[com.calculator.Expression.Null],false,13,2,0,0,0,1,0,1,0,0,1,0,0,0,0,0,0,0,0,0,0,0,0,0,0,0,5,0,0,false
C:\Users\Madhu\Downloads\calculator-main\src\com\calculator\Expression.java,com.calculator.Expression$Visitor,visitAssignNode/1[com.calculator.Expression.Assign],false,7,2,0,0,0,1,0,1,0,0,1,0,0,0,0,0,0,0,0,0,0,0,0,0,0,0,5,0,0,false
C:\Users\Madhu\Downloads\calculator-main\src\com\calculator\Expression.java,com.calculator.Expression$Visitor,visitGroupingNode/1[com.calculator.Expression.Grouping],false,9,2,0,0,0,1,0,1,0,0,1,0,0,0,0,0,0,0,0,0,0,0,0,0,0,0,5,0,0,false
C:\Users\Madhu\Downloads\calculator-main\src\com\calculator\Expression.java,com.calculator.Expression$Visitor,visitBinaryNode/1[com.calculator.Expression.Binary],false,8,2,0,0,0,1,0,1,0,0,1,0,0,0,0,0,0,0,0,0,0,0,0,0,0,0,5,0,0,false
C:\Users\Madhu\Downloads\calculator-main\src\com\calculator\Expression.java,com.calculator.Expression$Visitor,visitFunctionNode/1[com.calculator.Expression.Function],false,11,2,0,0,0,1,0,1,0,0,1,0,0,0,0,0,0,0,0,0,0,0,0,0,0,0,5,0,0,false
C:\Users\Madhu\Downloads\calculator-main\src\com\calculator\Expression.java,com.calculator.Expression$Visitor,visitLiteralNode/1[com.calculator.Expression.Literal],false,12,2,0,0,0,1,0,1,0,0,1,0,0,0,0,0,0,0,0,0,0,0,0,0,0,0,5,0,0,false
C:\Users\Madhu\Downloads\calculator-main\src\com\calculator\Expression.java,com.calculator.Expression$Visitor,visitUnaryNode/1[com.calculator.Expression.Unary],false,10,2,0,0,0,1,0,1,0,0,1,0,0,0,0,0,0,0,0,0,0,0,0,0,0,0,5,0,0,false
C:\Users\Madhu\Downloads\calculator-main\src\com\calculator\Parser.java,com.calculator.Parser,parse/0,false,30,2,2,1,1,1,1,3,1,0,0,1,1,14,0,0,0,0,0,0,0,0,0,0,0,0,6,1,0,false
C:\Users\Madhu\Downloads\calculator-main\src\com\calculator\Parser.java,com.calculator.Parser,peek/0,false,272,1,2,2,0,1,1,3,1,0,0,1,0,0,0,0,0,0,0,0,0,0,0,0,0,0,3,2,0,false
C:\Users\Madhu\Downloads\calculator-main\src\com\calculator\Parser.java,com.calculator.Parser,literal/0,false,39,8,14,1,13,14,12,50,10,5,0,12,5,12,0,0,2,0,3,0,5,0,2,0,0,0,37,2,0,true
C:\Users\Madhu\Downloads\calculator-main\src\com\calculator\Parser.java,com.calculator.Parser,negate/0,false,146,4,5,1,4,2,3,8,2,2,0,3,3,12,0,0,0,0,0,0,2,0,1,0,0,0,15,2,0,true
C:\Users\Madhu\Downloads\calculator-main\src\com\calculator\Parser.java,com.calculator.Parser,advance/0,false,263,2,6,4,2,2,2,4,1,0,0,2,2,2,0,0,0,0,0,0,0,0,1,0,0,0,7,2,0,false
C:\Users\Madhu\Downloads\calculator-main\src\com\calculator\Parser.java,com.calculator.Parser,stepBack/1[int],false,279,0,1,1,0,1,0,3,0,0,1,0,0,0,0,0,0,0,0,0,1,0,0,0,0,0,4,2,0,false
C:\Users\Madhu\Downloads\calculator-main\src\com\calculator\Parser.java,com.calculator.Parser,match/1[com.calculator.TokenType[]],false,225,2,10,8,2,3,2,9,2,0,1,2,2,4,1,0,0,0,0,0,0,0,2,0,0,0,9,2,0,false
C:\Users\Madhu\Downloads\calculator-main\src\com\calculator\Parser.java,com.calculator.Parser,power/0,false,159,4,7,2,5,2,4,9,1,3,0,4,4,12,1,0,0,0,0,0,4,0,1,0,0,0,15,2,0,true
C:\Users\Madhu\Downloads\calculator-main\src\com\calculator\Parser.java,com.calculator.Parser,"Parser/2[java.util.LinkedList<com.calculator.Token>,com.calculator.Environment]",true,25,2,1,1,0,1,0,4,0,0,2,0,0,0,0,0,0,0,0,0,2,0,0,0,0,0,3,1,0,false
C:\Users\Madhu\Downloads\calculator-main\src\com\calculator\Parser.java,com.calculator.Parser,addsub/0,false,188,4,5,1,4,2,3,9,1,3,0,3,3,11,1,0,0,0,0,0,4,0,1,0,0,0,12,2,0,true
C:\Users\Madhu\Downloads\calculator-main\src\com\calculator\Parser.java,com.calculator.Parser,consume/1[com.calculator.TokenType],false,247,3,5,2,3,2,4,7,1,0,1,4,2,4,0,0,0,0,1,0,0,0,1,0,0,0,7,2,0,false
C:\Users\Madhu\Downloads\calculator-main\src\com\calculator\Parser.java,com.calculator.Parser,previous/0,false,276,1,9,9,0,1,1,3,1,0,0,1,0,0,0,0,0,0,0,1,0,1,0,0,0,0,3,2,0,false
C:\Users\Madhu\Downloads\calculator-main\src\com\calculator\Parser.java,com.calculator.Parser,factorial/0,false,133,4,5,1,4,2,3,8,2,2,0,3,3,12,0,0,0,0,0,0,2,0,1,0,0,0,17,2,0,false
C:\Users\Madhu\Downloads\calculator-main\src\com\calculator\Parser.java,com.calculator.Parser,assignment/0,false,209,4,7,1,6,3,6,13,2,2,0,6,4,13,0,0,0,0,0,1,2,0,2,0,0,0,23,2,0,true
C:\Users\Madhu\Downloads\calculator-main\src\com\calculator\Parser.java,com.calculator.Parser,isAtEnd/0,false,268,2,4,2,2,2,2,3,1,0,0,2,1,1,0,1,0,0,0,0,0,0,0,0,0,0,7,2,0,false
C:\Users\Madhu\Downloads\calculator-main\src\com\calculator\Parser.java,com.calculator.Parser,expression/0,false,202,2,4,3,1,1,1,3,1,0,0,1,1,12,0,0,0,0,0,0,0,0,0,0,0,0,6,2,0,true
C:\Users\Madhu\Downloads\calculator-main\src\com\calculator\Parser.java,com.calculator.Parser,match/1[java.util.ArrayList<com.calculator.TokenType>],false,236,2,3,1,2,3,2,9,2,0,1,2,2,4,1,0,0,0,0,0,0,0,2,0,0,0,9,2,0,false
C:\Users\Madhu\Downloads\calculator-main\src\com\calculator\Parser.java,com.calculator.Parser,checkType/1[com.calculator.TokenType],false,258,3,6,3,3,3,3,4,2,0,1,3,2,2,0,1,0,0,0,0,0,0,1,0,0,0,9,2,0,false
C:\Users\Madhu\Downloads\calculator-main\src\com\calculator\Parser.java,com.calculator.Parser,multidivimod/0,false,174,4,5,1,4,2,3,9,1,3,0,3,3,12,1,0,0,0,0,0,4,0,1,0,0,0,12,2,0,true
C:\Users\Madhu\Downloads\calculator-main\src\com\calculator\Parser.java,com.calculator.Parser,function/0,false,92,5,9,1,8,4,8,23,3,6,0,8,6,12,1,0,0,0,0,0,6,0,2,0,0,0,29,2,0,false
C:\Users\Madhu\Downloads\calculator-main\src\com\calculator\utils\NumberTypes.java,com.calculator.utils.NumberTypes$Fraction,"Fraction/2[double,double]",true,8,0,0,0,0,1,0,4,0,0,2,0,0,0,0,0,0,0,0,0,2,0,0,0,0,0,3,0,0,false
C:\Users\Madhu\Downloads\calculator-main\src\com\calculator\utils\NumberTypes.java,com.calculator.utils.NumberTypes$Fraction,getNumerator/0,false,13,0,0,0,0,1,0,3,1,0,0,0,0,0,0,0,0,0,0,0,0,0,0,0,0,0,3,1,0,false
C:\Users\Madhu\Downloads\calculator-main\src\com\calculator\utils\NumberTypes.java,com.calculator.utils.NumberTypes$Fraction,getDenomenator/0,false,17,0,0,0,0,1,0,3,1,0,0,0,0,0,0,0,0,0,0,0,0,0,0,0,0,0,3,1,0,false
C:\Users\Madhu\Downloads\calculator-main\src\com\calculator\Expression.java,com.calculator.Expression$Function,"Function/2[com.calculator.Token,com.calculator.Expression]",true,97,2,1,1,0,1,0,5,0,0,2,0,0,0,0,0,0,0,0,0,3,0,0,0,0,0,8,1,0,false
C:\Users\Madhu\Downloads\calculator-main\src\com\calculator\Expression.java,com.calculator.Expression$Function,getFunction/0,false,110,1,2,2,0,1,0,3,1,0,0,0,0,0,0,0,0,0,0,0,0,0,0,0,0,0,3,1,0,false
C:\Users\Madhu\Downloads\calculator-main\src\com\calculator\Expression.java,com.calculator.Expression$Function,"Function/2[com.calculator.Token,java.util.ArrayList<com.calculator.Expression>]",true,103,2,1,1,0,1,0,5,0,0,2,0,0,0,0,0,0,0,0,0,3,0,0,0,0,0,8,1,0,false
C:\Users\Madhu\Downloads\calculator-main\src\com\calculator\Expression.java,com.calculator.Expression$Function,getArgument/0,false,111,1,2,2,0,1,0,3,1,0,0,0,0,0,0,0,0,0,0,0,0,0,0,0,0,0,3,1,0,false
C:\Users\Madhu\Downloads\calculator-main\src\com\calculator\Expression.java,com.calculator.Expression$Function,getState/0,false,109,0,1,1,0,1,0,3,1,0,0,0,0,0,0,0,0,0,0,0,0,0,0,0,0,0,5,1,0,false
C:\Users\Madhu\Downloads\calculator-main\src\com\calculator\Expression.java,com.calculator.Expression$Function,getArguments/0,false,112,1,1,1,0,1,0,3,1,0,0,0,0,0,0,0,0,0,0,0,0,0,0,0,0,0,2,1,0,false
C:\Users\Madhu\Downloads\calculator-main\src\com\calculator\Expression.java,com.calculator.Expression$Function,accept/1[com.calculator.Expression.Visitor<T>],false,115,2,1,0,1,1,1,3,1,0,1,1,0,0,0,0,0,0,0,0,0,0,0,0,0,0,3,0,0,false
C:\Users\Madhu\Downloads\calculator-main\src\com\calculator\Expression.java,com.calculator.Expression$Binary,"Binary/3[com.calculator.Expression,com.calculator.Token,com.calculator.Expression]",true,35,2,3,3,0,1,0,5,0,0,3,0,0,0,0,0,0,0,0,0,3,0,0,0,0,0,5,1,0,false
C:\Users\Madhu\Downloads\calculator-main\src\com\calculator\Expression.java,com.calculator.Expression$Binary,getRight/0,false,43,1,2,2,0,1,0,3,1,0,0,0,0,0,0,0,0,0,0,0,0,0,0,0,0,0,3,1,0,false
C:\Users\Madhu\Downloads\calculator-main\src\com\calculator\Expression.java,com.calculator.Expression$Binary,getLeft/0,false,41,1,2,2,0,1,0,3,1,0,0,0,0,0,0,0,0,0,0,0,0,0,0,0,0,0,3,1,0,false
C:\Users\Madhu\Downloads\calculator-main\src\com\calculator\Expression.java,com.calculator.Expression$Binary,getOperator/0,false,42,1,2,2,0,1,0,3,1,0,0,0,0,0,0,0,0,0,0,0,0,0,0,0,0,0,3,1,0,false
C:\Users\Madhu\Downloads\calculator-main\src\com\calculator\Expression.java,com.calculator.Expression$Binary,accept/1[com.calculator.Expression.Visitor<T>],false,46,2,1,0,1,1,1,3,1,0,1,1,0,0,0,0,0,0,0,0,0,0,0,0,0,0,3,0,0,false
