file,class,method,variable,usage
C:\Users\Madhu\Downloads\calculator-main\src\com\calculator\Expression.java,com.calculator.Expression$Null,accept/1[com.calculator.Expression.Visitor<T>],visitor,1
C:\Users\Madhu\Downloads\calculator-main\src\com\calculator\Expression.java,com.calculator.Expression$Literal,Literal/1[java.lang.Object],value,2
C:\Users\Madhu\Downloads\calculator-main\src\com\calculator\Expression.java,com.calculator.Expression$Literal,accept/1[com.calculator.Expression.Visitor<T>],visitor,1
C:\Users\Madhu\Downloads\calculator-main\src\com\calculator\Token.java,com.calculator.Token,"Token/2[com.calculator.TokenType,java.lang.Object]",type,2
C:\Users\Madhu\Downloads\calculator-main\src\com\calculator\Token.java,com.calculator.Token,"Token/2[com.calculator.TokenType,java.lang.Object]",lexeme,2
C:\Users\Madhu\Downloads\calculator-main\src\com\calculator\Lexer.java,com.calculator.Lexer,isLetter/1[char],c,5
C:\Users\Madhu\Downloads\calculator-main\src\com\calculator\Lexer.java,com.calculator.Lexer,isAlphaNumeric/1[char],c,7
C:\Users\Madhu\Downloads\calculator-main\src\com\calculator\Lexer.java,com.calculator.Lexer,peek/1[int],d,2
C:\Users\Madhu\Downloads\calculator-main\src\com\calculator\Lexer.java,com.calculator.Lexer,"addToken/2[com.calculator.TokenType,java.lang.Object]",type,1
C:\Users\Madhu\Downloads\calculator-main\src\com\calculator\Lexer.java,com.calculator.Lexer,"addToken/2[com.calculator.TokenType,java.lang.Object]",lexeme,1
C:\Users\Madhu\Downloads\calculator-main\src\com\calculator\Lexer.java,com.calculator.Lexer,addToken/1[com.calculator.TokenType],text,1
C:\Users\Madhu\Downloads\calculator-main\src\com\calculator\Lexer.java,com.calculator.Lexer,addToken/1[com.calculator.TokenType],type,1
C:\Users\Madhu\Downloads\calculator-main\src\com\calculator\Lexer.java,com.calculator.Lexer,Lexer/1[java.lang.String],line,2
C:\Users\Madhu\Downloads\calculator-main\src\com\calculator\Lexer.java,com.calculator.Lexer,isDigit/1[char],c,2
C:\Users\Madhu\Downloads\calculator-main\src\com\calculator\Lexer.java,com.calculator.Lexer,matchNext/1[char],expected,1
C:\Users\Madhu\Downloads\calculator-main\src\com\calculator\Lexer.java,com.calculator.Lexer,name/0,text,2
C:\Users\Madhu\Downloads\calculator-main\src\com\calculator\Lexer.java,com.calculator.Lexer,name/0,type,2
C:\Users\Madhu\Downloads\calculator-main\src\com\calculator\Lexer.java,com.calculator.Lexer,scanToken/0,c,5
C:\Users\Madhu\Downloads\calculator-main\src\com\calculator\Lexer.java,com.calculator.Lexer,arg/0,arg,1
C:\Users\Madhu\Downloads\calculator-main\src\com\calculator\utils\NumberTypes.java,com.calculator.utils.NumberTypes$ComplexNumber,"ComplexNumber/2[double,double]",imaginary,2
C:\Users\Madhu\Downloads\calculator-main\src\com\calculator\utils\NumberTypes.java,com.calculator.utils.NumberTypes$ComplexNumber,"ComplexNumber/2[double,double]",real,2
C:\Users\Madhu\Downloads\calculator-main\src\com\calculator\utils\MathOps.java,com.calculator.utils.MathOps,(initializer 1),args,30
C:\Users\Madhu\Downloads\calculator-main\src\com\calculator\utils\MathOps.java,com.calculator.utils.MathOps,(initializer 1),arg,41
C:\Users\Madhu\Downloads\calculator-main\src\com\calculator\utils\MathOps.java,com.calculator.utils.MathOps,"normalpdf/3[double,double,double]",area,2
C:\Users\Madhu\Downloads\calculator-main\src\com\calculator\utils\MathOps.java,com.calculator.utils.MathOps,"normalpdf/3[double,double,double]",std,1
C:\Users\Madhu\Downloads\calculator-main\src\com\calculator\utils\MathOps.java,com.calculator.utils.MathOps,"normalpdf/3[double,double,double]",mean,1
C:\Users\Madhu\Downloads\calculator-main\src\com\calculator\utils\MathOps.java,com.calculator.utils.MathOps,"normalpdf/3[double,double,double]",width,2
C:\Users\Madhu\Downloads\calculator-main\src\com\calculator\utils\MathOps.java,com.calculator.utils.MathOps,"normalpdf/3[double,double,double]",i,3
C:\Users\Madhu\Downloads\calculator-main\src\com\calculator\utils\MathOps.java,com.calculator.utils.MathOps,"normalpdf/3[double,double,double]",x_value,2
C:\Users\Madhu\Downloads\calculator-main\src\com\calculator\utils\MathOps.java,com.calculator.utils.MathOps,"getHeightAtZ/3[double,double,double]",std,2
C:\Users\Madhu\Downloads\calculator-main\src\com\calculator\utils\MathOps.java,com.calculator.utils.MathOps,"getHeightAtZ/3[double,double,double]",mean,1
C:\Users\Madhu\Downloads\calculator-main\src\com\calculator\utils\MathOps.java,com.calculator.utils.MathOps,"getHeightAtZ/3[double,double,double]",z_value,1
C:\Users\Madhu\Downloads\calculator-main\src\com\calculator\utils\MathOps.java,com.calculator.utils.MathOps,"binomialcdf/3[double,double,double]",prob,2
C:\Users\Madhu\Downloads\calculator-main\src\com\calculator\utils\MathOps.java,com.calculator.utils.MathOps,"binomialcdf/3[double,double,double]",trials,1
C:\Users\Madhu\Downloads\calculator-main\src\com\calculator\utils\MathOps.java,com.calculator.utils.MathOps,"binomialcdf/3[double,double,double]",prob_of_success,1
C:\Users\Madhu\Downloads\calculator-main\src\com\calculator\utils\MathOps.java,com.calculator.utils.MathOps,"binomialcdf/3[double,double,double]",i,3
C:\Users\Madhu\Downloads\calculator-main\src\com\calculator\utils\MathOps.java,com.calculator.utils.MathOps,"binomialcdf/3[double,double,double]",x_value,1
C:\Users\Madhu\Downloads\calculator-main\src\com\calculator\utils\MathOps.java,com.calculator.utils.MathOps,"base_conversion/3[double,double,double]",new_base,1
C:\Users\Madhu\Downloads\calculator-main\src\com\calculator\utils\MathOps.java,com.calculator.utils.MathOps,"base_conversion/3[double,double,double]",og_base,1
C:\Users\Madhu\Downloads\calculator-main\src\com\calculator\utils\MathOps.java,com.calculator.utils.MathOps,"base_conversion/3[double,double,double]",og_b10,1
C:\Users\Madhu\Downloads\calculator-main\src\com\calculator\utils\MathOps.java,com.calculator.utils.MathOps,"base_conversion/3[double,double,double]",og_num,1
C:\Users\Madhu\Downloads\calculator-main\src\com\calculator\utils\MathOps.java,com.calculator.utils.MathOps,sort/1[java.util.ArrayList<java.lang.Double>],ei,1
C:\Users\Madhu\Downloads\calculator-main\src\com\calculator\utils\MathOps.java,com.calculator.utils.MathOps,sort/1[java.util.ArrayList<java.lang.Double>],e,2
C:\Users\Madhu\Downloads\calculator-main\src\com\calculator\utils\MathOps.java,com.calculator.utils.MathOps,sort/1[java.util.ArrayList<java.lang.Double>],tmp,2
C:\Users\Madhu\Downloads\calculator-main\src\com\calculator\utils\MathOps.java,com.calculator.utils.MathOps,sort/1[java.util.ArrayList<java.lang.Double>],elements,3
C:\Users\Madhu\Downloads\calculator-main\src\com\calculator\utils\MathOps.java,com.calculator.utils.MathOps,sort/1[java.util.ArrayList<java.lang.Double>],tmpStack,5
C:\Users\Madhu\Downloads\calculator-main\src\com\calculator\utils\MathOps.java,com.calculator.utils.MathOps,sort/1[java.util.ArrayList<java.lang.Double>],it,2
C:\Users\Madhu\Downloads\calculator-main\src\com\calculator\utils\MathOps.java,com.calculator.utils.MathOps,"binomialpdf/3[double,double,double]",trials,3
C:\Users\Madhu\Downloads\calculator-main\src\com\calculator\utils\MathOps.java,com.calculator.utils.MathOps,"binomialpdf/3[double,double,double]",prob_of_success,2
C:\Users\Madhu\Downloads\calculator-main\src\com\calculator\utils\MathOps.java,com.calculator.utils.MathOps,"binomialpdf/3[double,double,double]",x_value,4
C:\Users\Madhu\Downloads\calculator-main\src\com\calculator\utils\MathOps.java,com.calculator.utils.MathOps,"binomialpdf/3[double,double,double]",bin_coeff,1
C:\Users\Madhu\Downloads\calculator-main\src\com\calculator\utils\MathOps.java,com.calculator.utils.MathOps,"inverseNorm/3[double,double,double]",prob,1
C:\Users\Madhu\Downloads\calculator-main\src\com\calculator\utils\MathOps.java,com.calculator.utils.MathOps,"inverseNorm/3[double,double,double]",a,4
C:\Users\Madhu\Downloads\calculator-main\src\com\calculator\utils\MathOps.java,com.calculator.utils.MathOps,"inverseNorm/3[double,double,double]",std,1
C:\Users\Madhu\Downloads\calculator-main\src\com\calculator\utils\MathOps.java,com.calculator.utils.MathOps,"inverseNorm/3[double,double,double]",b,4
C:\Users\Madhu\Downloads\calculator-main\src\com\calculator\utils\MathOps.java,com.calculator.utils.MathOps,"inverseNorm/3[double,double,double]",r,7
C:\Users\Madhu\Downloads\calculator-main\src\com\calculator\utils\MathOps.java,com.calculator.utils.MathOps,"inverseNorm/3[double,double,double]",mean,1
C:\Users\Madhu\Downloads\calculator-main\src\com\calculator\utils\MathOps.java,com.calculator.utils.MathOps,"inverseNorm/3[double,double,double]",y,3
C:\Users\Madhu\Downloads\calculator-main\src\com\calculator\utils\MathOps.java,com.calculator.utils.MathOps,"inverseNorm/3[double,double,double]",z_score,1
C:\Users\Madhu\Downloads\calculator-main\src\com\calculator\utils\MathOps.java,com.calculator.utils.MathOps,"normalcdf/4[double,double,double,double]",area,2
C:\Users\Madhu\Downloads\calculator-main\src\com\calculator\utils\MathOps.java,com.calculator.utils.MathOps,"normalcdf/4[double,double,double,double]",std,1
C:\Users\Madhu\Downloads\calculator-main\src\com\calculator\utils\MathOps.java,com.calculator.utils.MathOps,"normalcdf/4[double,double,double,double]",mean,1
C:\Users\Madhu\Downloads\calculator-main\src\com\calculator\utils\MathOps.java,com.calculator.utils.MathOps,"normalcdf/4[double,double,double,double]",width,2
C:\Users\Madhu\Downloads\calculator-main\src\com\calculator\utils\MathOps.java,com.calculator.utils.MathOps,"normalcdf/4[double,double,double,double]",i,3
C:\Users\Madhu\Downloads\calculator-main\src\com\calculator\utils\MathOps.java,com.calculator.utils.MathOps,"normalcdf/4[double,double,double,double]",u_bound,1
C:\Users\Madhu\Downloads\calculator-main\src\com\calculator\utils\MathOps.java,com.calculator.utils.MathOps,"normalcdf/4[double,double,double,double]",l_bound,2
C:\Users\Madhu\Downloads\calculator-main\src\com\calculator\utils\MathOps.java,com.calculator.utils.MathOps,factorial/1[java.lang.String],num,5
C:\Users\Madhu\Downloads\calculator-main\src\com\calculator\utils\MathOps.java,com.calculator.utils.MathOps,factorial/1[java.lang.String],i,3
C:\Users\Madhu\Downloads\calculator-main\src\com\calculator\utils\MathOps.java,com.calculator.utils.MathOps,factorial/1[java.lang.String],sum,2
C:\Users\Madhu\Downloads\calculator-main\src\com\calculator\utils\MathOps.java,com.calculator.utils.MathOps,factorial/1[java.lang.String],n,4
C:\Users\Madhu\Downloads\calculator-main\src\com\calculator\Expression.java,com.calculator.Expression$Grouping,accept/1[com.calculator.Expression.Visitor<T>],visitor,1
C:\Users\Madhu\Downloads\calculator-main\src\com\calculator\Expression.java,com.calculator.Expression$Grouping,"Grouping/2[com.calculator.Expression,java.lang.String]",expression,2
C:\Users\Madhu\Downloads\calculator-main\src\com\calculator\Expression.java,com.calculator.Expression$Grouping,"Grouping/2[com.calculator.Expression,java.lang.String]",type,2
C:\Users\Madhu\Downloads\calculator-main\src\com\calculator\utils\CheckForCalculationErrors.java,com.calculator.utils.CheckForCalculationErrors,"checkArithmeticErrors/3[com.calculator.Token,double,double]",left,9
C:\Users\Madhu\Downloads\calculator-main\src\com\calculator\utils\CheckForCalculationErrors.java,com.calculator.utils.CheckForCalculationErrors,"checkArithmeticErrors/3[com.calculator.Token,double,double]",right,9
C:\Users\Madhu\Downloads\calculator-main\src\com\calculator\utils\CheckForCalculationErrors.java,com.calculator.utils.CheckForCalculationErrors,"checkArithmeticErrors/3[com.calculator.Token,double,double]",operator,1
C:\Users\Madhu\Downloads\calculator-main\src\com\calculator\utils\Error.java,com.calculator.utils.Error,Error/1[java.lang.String],message,1
C:\Users\Madhu\Downloads\calculator-main\src\com\calculator\Expression.java,com.calculator.Expression$Unary,accept/1[com.calculator.Expression.Visitor<T>],visitor,1
C:\Users\Madhu\Downloads\calculator-main\src\com\calculator\Expression.java,com.calculator.Expression$Unary,"Unary/2[com.calculator.Token,com.calculator.Expression]",sideExpr,2
C:\Users\Madhu\Downloads\calculator-main\src\com\calculator\Expression.java,com.calculator.Expression$Unary,"Unary/2[com.calculator.Token,com.calculator.Expression]",operator,2
C:\Users\Madhu\Downloads\calculator-main\src\com\calculator\Calculator.java,com.calculator.Calculator,runREPL/0,expression,1
C:\Users\Madhu\Downloads\calculator-main\src\com\calculator\Calculator.java,com.calculator.Calculator,runREPL/0,parser,2
C:\Users\Madhu\Downloads\calculator-main\src\com\calculator\Calculator.java,com.calculator.Calculator,runREPL/0,e,1
C:\Users\Madhu\Downloads\calculator-main\src\com\calculator\Calculator.java,com.calculator.Calculator,runREPL/0,reader,2
C:\Users\Madhu\Downloads\calculator-main\src\com\calculator\Calculator.java,com.calculator.Calculator,runREPL/0,line,2
C:\Users\Madhu\Downloads\calculator-main\src\com\calculator\Calculator.java,com.calculator.Calculator,runREPL/0,tokens,1
C:\Users\Madhu\Downloads\calculator-main\src\com\calculator\Calculator.java,com.calculator.Calculator,runREPL/0,env,2
C:\Users\Madhu\Downloads\calculator-main\src\com\calculator\Calculator.java,com.calculator.Calculator,runREPL/0,lexer,2
C:\Users\Madhu\Downloads\calculator-main\src\com\calculator\Calculator.java,com.calculator.Calculator,runREPL/0,solver,2
C:\Users\Madhu\Downloads\calculator-main\src\com\calculator\Calculator.java,com.calculator.Calculator,main/1[java.lang.String[]],args,0
C:\Users\Madhu\Downloads\calculator-main\src\com\calculator\AstPrinter.java,com.calculator.AstPrinter,visitGroupingNode/1[com.calculator.Expression.Grouping],expr,5
C:\Users\Madhu\Downloads\calculator-main\src\com\calculator\AstPrinter.java,com.calculator.AstPrinter,visitBinaryNode/1[com.calculator.Expression.Binary],expr,3
C:\Users\Madhu\Downloads\calculator-main\src\com\calculator\AstPrinter.java,com.calculator.AstPrinter,visitUnaryNode/1[com.calculator.Expression.Unary],expr,2
C:\Users\Madhu\Downloads\calculator-main\src\com\calculator\AstPrinter.java,com.calculator.AstPrinter,visitNullNode/1[com.calculator.Expression.Null],expr,0
C:\Users\Madhu\Downloads\calculator-main\src\com\calculator\AstPrinter.java,com.calculator.AstPrinter,visitLiteralNode/1[com.calculator.Expression.Literal],expr,1
C:\Users\Madhu\Downloads\calculator-main\src\com\calculator\AstPrinter.java,com.calculator.AstPrinter,"stringify/2[java.lang.String,com.calculator.Expression[]]",name,1
C:\Users\Madhu\Downloads\calculator-main\src\com\calculator\AstPrinter.java,com.calculator.AstPrinter,"stringify/2[java.lang.String,com.calculator.Expression[]]",builder,5
C:\Users\Madhu\Downloads\calculator-main\src\com\calculator\AstPrinter.java,com.calculator.AstPrinter,"stringify/2[java.lang.String,com.calculator.Expression[]]",exprs,1
C:\Users\Madhu\Downloads\calculator-main\src\com\calculator\AstPrinter.java,com.calculator.AstPrinter,"stringify/2[java.lang.String,com.calculator.Expression[]]",expr,1
C:\Users\Madhu\Downloads\calculator-main\src\com\calculator\AstPrinter.java,com.calculator.AstPrinter,print/1[com.calculator.Expression],expr,1
C:\Users\Madhu\Downloads\calculator-main\src\com\calculator\AstPrinter.java,com.calculator.AstPrinter,visitAssignNode/1[com.calculator.Expression.Assign],expr,2
C:\Users\Madhu\Downloads\calculator-main\src\com\calculator\AstPrinter.java,com.calculator.AstPrinter,visitFunctionNode/1[com.calculator.Expression.Function],expr,2
C:\Users\Madhu\Downloads\calculator-main\src\com\calculator\Evaluator.java,com.calculator.Evaluator,visitLiteralNode/1[com.calculator.Expression.Literal],expr,1
C:\Users\Madhu\Downloads\calculator-main\src\com\calculator\Evaluator.java,com.calculator.Evaluator,visitAssignNode/1[com.calculator.Expression.Assign],expr,2
C:\Users\Madhu\Downloads\calculator-main\src\com\calculator\Evaluator.java,com.calculator.Evaluator,visitFunctionNode/1[com.calculator.Expression.Function],result,5
C:\Users\Madhu\Downloads\calculator-main\src\com\calculator\Evaluator.java,com.calculator.Evaluator,visitFunctionNode/1[com.calculator.Expression.Function],args,2
C:\Users\Madhu\Downloads\calculator-main\src\com\calculator\Evaluator.java,com.calculator.Evaluator,visitFunctionNode/1[com.calculator.Expression.Function],arg,3
C:\Users\Madhu\Downloads\calculator-main\src\com\calculator\Evaluator.java,com.calculator.Evaluator,visitFunctionNode/1[com.calculator.Expression.Function],expr,6
C:\Users\Madhu\Downloads\calculator-main\src\com\calculator\Evaluator.java,com.calculator.Evaluator,visitBinaryNode/1[com.calculator.Expression.Binary],left,7
C:\Users\Madhu\Downloads\calculator-main\src\com\calculator\Evaluator.java,com.calculator.Evaluator,visitBinaryNode/1[com.calculator.Expression.Binary],expr,4
C:\Users\Madhu\Downloads\calculator-main\src\com\calculator\Evaluator.java,com.calculator.Evaluator,visitBinaryNode/1[com.calculator.Expression.Binary],right,7
C:\Users\Madhu\Downloads\calculator-main\src\com\calculator\Evaluator.java,com.calculator.Evaluator,visitNullNode/1[com.calculator.Expression.Null],expr,0
C:\Users\Madhu\Downloads\calculator-main\src\com\calculator\Evaluator.java,com.calculator.Evaluator,Evaluator/1[com.calculator.Environment],env,2
C:\Users\Madhu\Downloads\calculator-main\src\com\calculator\Evaluator.java,com.calculator.Evaluator,visitGroupingNode/1[com.calculator.Expression.Grouping],expr,4
C:\Users\Madhu\Downloads\calculator-main\src\com\calculator\Evaluator.java,com.calculator.Evaluator,evaluate/1[com.calculator.Expression],expr,1
C:\Users\Madhu\Downloads\calculator-main\src\com\calculator\Evaluator.java,com.calculator.Evaluator,visitUnaryNode/1[com.calculator.Expression.Unary],sideExpr,2
C:\Users\Madhu\Downloads\calculator-main\src\com\calculator\Evaluator.java,com.calculator.Evaluator,visitUnaryNode/1[com.calculator.Expression.Unary],expr,2
C:\Users\Madhu\Downloads\calculator-main\src\com\calculator\Evaluator.java,com.calculator.Evaluator,solve/1[com.calculator.Expression],result,4
C:\Users\Madhu\Downloads\calculator-main\src\com\calculator\Evaluator.java,com.calculator.Evaluator,solve/1[com.calculator.Expression],e,1
C:\Users\Madhu\Downloads\calculator-main\src\com\calculator\Evaluator.java,com.calculator.Evaluator,solve/1[com.calculator.Expression],expr,1
C:\Users\Madhu\Downloads\calculator-main\src\com\calculator\Expression.java,com.calculator.Expression,accept/1[com.calculator.Expression.Visitor<T>],visitor,0
C:\Users\Madhu\Downloads\calculator-main\src\com\calculator\Environment.java,com.calculator.Environment,removeVar/1[java.lang.String],var_name,1
C:\Users\Madhu\Downloads\calculator-main\src\com\calculator\Environment.java,com.calculator.Environment,"importVariablesFromFile/2[java.lang.String,boolean]",path,1
C:\Users\Madhu\Downloads\calculator-main\src\com\calculator\Environment.java,com.calculator.Environment,"importVariablesFromFile/2[java.lang.String,boolean]",data,2
C:\Users\Madhu\Downloads\calculator-main\src\com\calculator\Environment.java,com.calculator.Environment,"importVariablesFromFile/2[java.lang.String,boolean]",reader,1
C:\Users\Madhu\Downloads\calculator-main\src\com\calculator\Environment.java,com.calculator.Environment,"importVariablesFromFile/2[java.lang.String,boolean]",line,2
C:\Users\Madhu\Downloads\calculator-main\src\com\calculator\Environment.java,com.calculator.Environment,"importVariablesFromFile/2[java.lang.String,boolean]",var,2
C:\Users\Madhu\Downloads\calculator-main\src\com\calculator\Environment.java,com.calculator.Environment,"importVariablesFromFile/2[java.lang.String,boolean]",name,3
C:\Users\Madhu\Downloads\calculator-main\src\com\calculator\Environment.java,com.calculator.Environment,"importVariablesFromFile/2[java.lang.String,boolean]",exists,1
C:\Users\Madhu\Downloads\calculator-main\src\com\calculator\Environment.java,com.calculator.Environment,"importVariablesFromFile/2[java.lang.String,boolean]",override,1
C:\Users\Madhu\Downloads\calculator-main\src\com\calculator\Environment.java,com.calculator.Environment,"importVariablesFromFile/2[java.lang.String,boolean]",vars,1
C:\Users\Madhu\Downloads\calculator-main\src\com\calculator\Environment.java,com.calculator.Environment,"importVariablesFromFile/2[java.lang.String,boolean]",value,2
C:\Users\Madhu\Downloads\calculator-main\src\com\calculator\Environment.java,com.calculator.Environment,setPreviousResult/1[double],previous_result,2
C:\Users\Madhu\Downloads\calculator-main\src\com\calculator\Expression.java,com.calculator.Expression$Assign,"Assign/2[java.lang.String,com.calculator.Expression]",expression,2
C:\Users\Madhu\Downloads\calculator-main\src\com\calculator\Expression.java,com.calculator.Expression$Assign,"Assign/2[java.lang.String,com.calculator.Expression]",name,2
C:\Users\Madhu\Downloads\calculator-main\src\com\calculator\Expression.java,com.calculator.Expression$Assign,accept/1[com.calculator.Expression.Visitor<T>],visitor,1
C:\Users\Madhu\Downloads\calculator-main\src\com\calculator\Expression.java,com.calculator.Expression$Visitor,visitNullNode/1[com.calculator.Expression.Null],expr,0
C:\Users\Madhu\Downloads\calculator-main\src\com\calculator\Expression.java,com.calculator.Expression$Visitor,visitAssignNode/1[com.calculator.Expression.Assign],expr,0
C:\Users\Madhu\Downloads\calculator-main\src\com\calculator\Expression.java,com.calculator.Expression$Visitor,visitGroupingNode/1[com.calculator.Expression.Grouping],expr,0
C:\Users\Madhu\Downloads\calculator-main\src\com\calculator\Expression.java,com.calculator.Expression$Visitor,visitBinaryNode/1[com.calculator.Expression.Binary],expr,0
C:\Users\Madhu\Downloads\calculator-main\src\com\calculator\Expression.java,com.calculator.Expression$Visitor,visitFunctionNode/1[com.calculator.Expression.Function],expr,0
C:\Users\Madhu\Downloads\calculator-main\src\com\calculator\Expression.java,com.calculator.Expression$Visitor,visitLiteralNode/1[com.calculator.Expression.Literal],expr,0
C:\Users\Madhu\Downloads\calculator-main\src\com\calculator\Expression.java,com.calculator.Expression$Visitor,visitUnaryNode/1[com.calculator.Expression.Unary],expr,0
C:\Users\Madhu\Downloads\calculator-main\src\com\calculator\Parser.java,com.calculator.Parser,literal/0,ignored,1
C:\Users\Madhu\Downloads\calculator-main\src\com\calculator\Parser.java,com.calculator.Parser,literal/0,path,2
C:\Users\Madhu\Downloads\calculator-main\src\com\calculator\Parser.java,com.calculator.Parser,literal/0,name,1
C:\Users\Madhu\Downloads\calculator-main\src\com\calculator\Parser.java,com.calculator.Parser,literal/0,expr,3
C:\Users\Madhu\Downloads\calculator-main\src\com\calculator\Parser.java,com.calculator.Parser,literal/0,override,1
C:\Users\Madhu\Downloads\calculator-main\src\com\calculator\Parser.java,com.calculator.Parser,negate/0,minus,1
C:\Users\Madhu\Downloads\calculator-main\src\com\calculator\Parser.java,com.calculator.Parser,negate/0,right,1
C:\Users\Madhu\Downloads\calculator-main\src\com\calculator\Parser.java,com.calculator.Parser,stepBack/1[int],steps,1
C:\Users\Madhu\Downloads\calculator-main\src\com\calculator\Parser.java,com.calculator.Parser,match/1[com.calculator.TokenType[]],types,1
C:\Users\Madhu\Downloads\calculator-main\src\com\calculator\Parser.java,com.calculator.Parser,match/1[com.calculator.TokenType[]],type,1
C:\Users\Madhu\Downloads\calculator-main\src\com\calculator\Parser.java,com.calculator.Parser,power/0,op,1
C:\Users\Madhu\Downloads\calculator-main\src\com\calculator\Parser.java,com.calculator.Parser,power/0,expr,3
C:\Users\Madhu\Downloads\calculator-main\src\com\calculator\Parser.java,com.calculator.Parser,power/0,right,1
C:\Users\Madhu\Downloads\calculator-main\src\com\calculator\Parser.java,com.calculator.Parser,"Parser/2[java.util.LinkedList<com.calculator.Token>,com.calculator.Environment]",tokens,2
C:\Users\Madhu\Downloads\calculator-main\src\com\calculator\Parser.java,com.calculator.Parser,"Parser/2[java.util.LinkedList<com.calculator.Token>,com.calculator.Environment]",env,2
C:\Users\Madhu\Downloads\calculator-main\src\com\calculator\Parser.java,com.calculator.Parser,addsub/0,op,1
C:\Users\Madhu\Downloads\calculator-main\src\com\calculator\Parser.java,com.calculator.Parser,addsub/0,expr,3
C:\Users\Madhu\Downloads\calculator-main\src\com\calculator\Parser.java,com.calculator.Parser,addsub/0,right,1
C:\Users\Madhu\Downloads\calculator-main\src\com\calculator\Parser.java,com.calculator.Parser,consume/1[com.calculator.TokenType],type,2
C:\Users\Madhu\Downloads\calculator-main\src\com\calculator\Parser.java,com.calculator.Parser,factorial/0,left,2
C:\Users\Madhu\Downloads\calculator-main\src\com\calculator\Parser.java,com.calculator.Parser,factorial/0,fac,1
C:\Users\Madhu\Downloads\calculator-main\src\com\calculator\Parser.java,com.calculator.Parser,assignment/0,expr,1
C:\Users\Madhu\Downloads\calculator-main\src\com\calculator\Parser.java,com.calculator.Parser,assignment/0,var_name,1
C:\Users\Madhu\Downloads\calculator-main\src\com\calculator\Parser.java,com.calculator.Parser,match/1[java.util.ArrayList<com.calculator.TokenType>],types,1
C:\Users\Madhu\Downloads\calculator-main\src\com\calculator\Parser.java,com.calculator.Parser,match/1[java.util.ArrayList<com.calculator.TokenType>],type,1
C:\Users\Madhu\Downloads\calculator-main\src\com\calculator\Parser.java,com.calculator.Parser,checkType/1[com.calculator.TokenType],type,1
C:\Users\Madhu\Downloads\calculator-main\src\com\calculator\Parser.java,com.calculator.Parser,multidivimod/0,op,1
C:\Users\Madhu\Downloads\calculator-main\src\com\calculator\Parser.java,com.calculator.Parser,multidivimod/0,expr,3
C:\Users\Madhu\Downloads\calculator-main\src\com\calculator\Parser.java,com.calculator.Parser,multidivimod/0,right,1
C:\Users\Madhu\Downloads\calculator-main\src\com\calculator\Parser.java,com.calculator.Parser,function/0,args,3
C:\Users\Madhu\Downloads\calculator-main\src\com\calculator\Parser.java,com.calculator.Parser,function/0,function,3
C:\Users\Madhu\Downloads\calculator-main\src\com\calculator\Parser.java,com.calculator.Parser,function/0,arg,1
C:\Users\Madhu\Downloads\calculator-main\src\com\calculator\Parser.java,com.calculator.Parser,function/0,mpFuncs,1
C:\Users\Madhu\Downloads\calculator-main\src\com\calculator\Parser.java,com.calculator.Parser,function/0,spFuncs,1
C:\Users\Madhu\Downloads\calculator-main\src\com\calculator\utils\NumberTypes.java,com.calculator.utils.NumberTypes$Fraction,"Fraction/2[double,double]",denomenator,2
C:\Users\Madhu\Downloads\calculator-main\src\com\calculator\utils\NumberTypes.java,com.calculator.utils.NumberTypes$Fraction,"Fraction/2[double,double]",numerator,2
C:\Users\Madhu\Downloads\calculator-main\src\com\calculator\Expression.java,com.calculator.Expression$Function,"Function/2[com.calculator.Token,com.calculator.Expression]",argument,2
C:\Users\Madhu\Downloads\calculator-main\src\com\calculator\Expression.java,com.calculator.Expression$Function,"Function/2[com.calculator.Token,com.calculator.Expression]",function,2
C:\Users\Madhu\Downloads\calculator-main\src\com\calculator\Expression.java,com.calculator.Expression$Function,"Function/2[com.calculator.Token,java.util.ArrayList<com.calculator.Expression>]",argument,1
C:\Users\Madhu\Downloads\calculator-main\src\com\calculator\Expression.java,com.calculator.Expression$Function,"Function/2[com.calculator.Token,java.util.ArrayList<com.calculator.Expression>]",function,2
C:\Users\Madhu\Downloads\calculator-main\src\com\calculator\Expression.java,com.calculator.Expression$Function,accept/1[com.calculator.Expression.Visitor<T>],visitor,1
C:\Users\Madhu\Downloads\calculator-main\src\com\calculator\Expression.java,com.calculator.Expression$Binary,"Binary/3[com.calculator.Expression,com.calculator.Token,com.calculator.Expression]",left,2
C:\Users\Madhu\Downloads\calculator-main\src\com\calculator\Expression.java,com.calculator.Expression$Binary,"Binary/3[com.calculator.Expression,com.calculator.Token,com.calculator.Expression]",right,2
C:\Users\Madhu\Downloads\calculator-main\src\com\calculator\Expression.java,com.calculator.Expression$Binary,"Binary/3[com.calculator.Expression,com.calculator.Token,com.calculator.Expression]",operator,2
C:\Users\Madhu\Downloads\calculator-main\src\com\calculator\Expression.java,com.calculator.Expression$Binary,accept/1[com.calculator.Expression.Visitor<T>],visitor,1
