file,class,method,variable,usage
C:\Users\Madhu\Downloads\Billing-System-master\src\Sale.java,Sale,Sale/0,date,4
C:\Users\Madhu\Downloads\Billing-System-master\src\Sale.java,Sale,Sale/0,comp,7
C:\Users\Madhu\Downloads\Billing-System-master\src\Sale.java,Sale,Sale/0,sale,4
C:\Users\Madhu\Downloads\Billing-System-master\src\Sale.java,Sale,Sale/0,dtm,2
C:\Users\Madhu\Downloads\Billing-System-master\src\Sale.java,Sale,"monthlySale/2[java.lang.String,java.lang.String]",dt,2
C:\Users\Madhu\Downloads\Billing-System-master\src\Sale.java,Sale,"monthlySale/2[java.lang.String,java.lang.String]",com,2
C:\Users\Madhu\Downloads\Billing-System-master\src\Sale.java,Sale,"monthlySale/2[java.lang.String,java.lang.String]",dtm,2
C:\Users\Madhu\Downloads\Billing-System-master\src\Sale.java,Sale,"dailySale/2[java.lang.String,java.lang.String]",dt,2
C:\Users\Madhu\Downloads\Billing-System-master\src\Sale.java,Sale,"dailySale/2[java.lang.String,java.lang.String]",com,2
C:\Users\Madhu\Downloads\Billing-System-master\src\Sale.java,Sale,"dailySale/2[java.lang.String,java.lang.String]",dtm,2
C:\Users\Madhu\Downloads\Billing-System-master\src\Invoice.java,Invoice,Invoice/0,pQuan,4
C:\Users\Madhu\Downloads\Billing-System-master\src\Invoice.java,Invoice,Invoice/0,UnitPrice,4
C:\Users\Madhu\Downloads\Billing-System-master\src\Invoice.java,Invoice,Invoice/0,lblName,4
C:\Users\Madhu\Downloads\Billing-System-master\src\Invoice.java,Invoice,Invoice/0,cType,7
C:\Users\Madhu\Downloads\Billing-System-master\src\Invoice.java,Invoice,Invoice/0,dField,4
C:\Users\Madhu\Downloads\Billing-System-master\src\Invoice.java,Invoice,Invoice/0,gtotal,4
C:\Users\Madhu\Downloads\Billing-System-master\src\Invoice.java,Invoice,Invoice/0,name,4
C:\Users\Madhu\Downloads\Billing-System-master\src\Invoice.java,Invoice,Invoice/0,pID,4
C:\Users\Madhu\Downloads\Billing-System-master\src\Invoice.java,Invoice,Invoice/0,dtm,2
C:\Users\Madhu\Downloads\Billing-System-master\src\Invoice.java,Invoice,Invoice/0,error,4
C:\Users\Madhu\Downloads\Billing-System-master\src\Invoice.java,Invoice,Invoice/0,items,3
C:\Users\Madhu\Downloads\Billing-System-master\src\addProduct.java,addProduct,addProduct/0,idField,4
C:\Users\Madhu\Downloads\Billing-System-master\src\addProduct.java,addProduct,addProduct/0,quanField,4
C:\Users\Madhu\Downloads\Billing-System-master\src\addProduct.java,addProduct,addProduct/0,descField,4
C:\Users\Madhu\Downloads\Billing-System-master\src\addProduct.java,addProduct,addProduct/0,company,6
C:\Users\Madhu\Downloads\Billing-System-master\src\addProduct.java,addProduct,addProduct/0,error,4
C:\Users\Madhu\Downloads\Billing-System-master\src\updateProduct.java,updateProduct,updateProduct/0,idField,5
C:\Users\Madhu\Downloads\Billing-System-master\src\updateProduct.java,updateProduct,updateProduct/0,quanField,4
C:\Users\Madhu\Downloads\Billing-System-master\src\updateProduct.java,updateProduct,updateProduct/0,descField,4
C:\Users\Madhu\Downloads\Billing-System-master\src\updateProduct.java,updateProduct,updateProduct/0,btnUpdateProduct,4
C:\Users\Madhu\Downloads\Billing-System-master\src\updateProduct.java,updateProduct,updateProduct/0,company,6
C:\Users\Madhu\Downloads\Billing-System-master\src\updateProduct.java,updateProduct,updateProduct/0,error,4
C:\Users\Madhu\Downloads\Billing-System-master\src\generateInvoice.java,generateInvoice,actionPerformed/1[java.awt.event.ActionEvent],panels,4
C:\Users\Madhu\Downloads\Billing-System-master\src\generateInvoice.java,generateInvoice,actionPerformed/1[java.awt.event.ActionEvent],jp,4
C:\Users\Madhu\Downloads\Billing-System-master\src\generateInvoice.java,generateInvoice,generateInvoice/0,panels,3
C:\Users\Madhu\Downloads\Billing-System-master\src\generateInvoice.java,generateInvoice,generateInvoice/0,jp,1
C:\Users\Madhu\Downloads\Billing-System-master\src\generateInvoice.java,generateInvoice,generateInvoice/0,contentPane,4
C:\Users\Madhu\Downloads\Billing-System-master\src\deleteCashier.java,deleteCashier,deleteCashier/0,btnDeleteCashier,4
C:\Users\Madhu\Downloads\Billing-System-master\src\deleteCashier.java,deleteCashier,deleteCashier/0,userField,4
C:\Users\Madhu\Downloads\Billing-System-master\src\deleteCashier.java,deleteCashier,deleteCashier/0,passwordField,3
C:\Users\Madhu\Downloads\Billing-System-master\src\deleteCashier.java,deleteCashier,deleteCashier/0,error,4
C:\Users\Madhu\Downloads\Billing-System-master\src\deleteProduct.java,deleteProduct,deleteProduct/0,btnDeleteProduct,4
C:\Users\Madhu\Downloads\Billing-System-master\src\deleteProduct.java,deleteProduct,deleteProduct/0,idField,4
C:\Users\Madhu\Downloads\Billing-System-master\src\deleteProduct.java,deleteProduct,deleteProduct/0,error,4
C:\Users\Madhu\Downloads\Billing-System-master\src\searchProduct.java,searchProduct,searchProduct/0,idField,4
C:\Users\Madhu\Downloads\Billing-System-master\src\searchProduct.java,searchProduct,searchProduct/0,btnSearch,4
C:\Users\Madhu\Downloads\Billing-System-master\src\searchProduct.java,searchProduct,searchProduct/0,error,4
C:\Users\Madhu\Downloads\Billing-System-master\src\Login.java,Login,GUI/0,usernameField,4
C:\Users\Madhu\Downloads\Billing-System-master\src\Login.java,Login,GUI/0,btnLogin,4
C:\Users\Madhu\Downloads\Billing-System-master\src\Login.java,Login,GUI/0,passwordField,4
C:\Users\Madhu\Downloads\Billing-System-master\src\Login.java,Login,GUI/0,label,4
C:\Users\Madhu\Downloads\Billing-System-master\src\Login.java,Login,GUI/0,error,4
C:\Users\Madhu\Downloads\Billing-System-master\src\Login.java,Login,GUI/0,lblCaddeyLogin,4
C:\Users\Madhu\Downloads\Billing-System-master\src\Login.java,Login,GUI/0,contentPane,12
C:\Users\Madhu\Downloads\Billing-System-master\src\AdminPanel.java,AdminPanel,AdminPanel/0,mntmPrintSale,3
C:\Users\Madhu\Downloads\Billing-System-master\src\AdminPanel.java,AdminPanel,AdminPanel/0,mnProduct,5
C:\Users\Madhu\Downloads\Billing-System-master\src\AdminPanel.java,AdminPanel,AdminPanel/0,itmAddCashier,3
C:\Users\Madhu\Downloads\Billing-System-master\src\AdminPanel.java,AdminPanel,AdminPanel/0,itmDeleteProduct,3
C:\Users\Madhu\Downloads\Billing-System-master\src\AdminPanel.java,AdminPanel,AdminPanel/0,mnSearch,4
C:\Users\Madhu\Downloads\Billing-System-master\src\AdminPanel.java,AdminPanel,AdminPanel/0,mntmSearchCashier,3
C:\Users\Madhu\Downloads\Billing-System-master\src\AdminPanel.java,AdminPanel,AdminPanel/0,panels,10
C:\Users\Madhu\Downloads\Billing-System-master\src\AdminPanel.java,AdminPanel,AdminPanel/0,itmAddProduct,3
C:\Users\Madhu\Downloads\Billing-System-master\src\AdminPanel.java,AdminPanel,AdminPanel/0,mntmSearchProduct,3
C:\Users\Madhu\Downloads\Billing-System-master\src\AdminPanel.java,AdminPanel,AdminPanel/0,itmShowStock,3
C:\Users\Madhu\Downloads\Billing-System-master\src\AdminPanel.java,AdminPanel,AdminPanel/0,mnExport,3
C:\Users\Madhu\Downloads\Billing-System-master\src\AdminPanel.java,AdminPanel,AdminPanel/0,mnStock,3
C:\Users\Madhu\Downloads\Billing-System-master\src\AdminPanel.java,AdminPanel,AdminPanel/0,mnCashier,4
C:\Users\Madhu\Downloads\Billing-System-master\src\AdminPanel.java,AdminPanel,AdminPanel/0,itmUpdateProduct,3
C:\Users\Madhu\Downloads\Billing-System-master\src\AdminPanel.java,AdminPanel,AdminPanel/0,itmDeleteCashier,3
C:\Users\Madhu\Downloads\Billing-System-master\src\AdminPanel.java,AdminPanel,AdminPanel/0,mnSale,3
C:\Users\Madhu\Downloads\Billing-System-master\src\AdminPanel.java,AdminPanel,actionPerformed/1[java.awt.event.ActionEvent],cPanel,19
C:\Users\Madhu\Downloads\Billing-System-master\src\AdminPanel.java,AdminPanel,actionPerformed/1[java.awt.event.ActionEvent],panels,19
C:\Users\Madhu\Downloads\Billing-System-master\src\addCashier.java,addCashier,addCashier/0,btnAddCashier,4
C:\Users\Madhu\Downloads\Billing-System-master\src\addCashier.java,addCashier,addCashier/0,userField,4
C:\Users\Madhu\Downloads\Billing-System-master\src\addCashier.java,addCashier,addCashier/0,passwordField,3
C:\Users\Madhu\Downloads\Billing-System-master\src\addCashier.java,addCashier,addCashier/0,error,4
C:\Users\Madhu\Downloads\Billing-System-master\src\searchCashier.java,searchCashier,searchCashier/0,idField,4
C:\Users\Madhu\Downloads\Billing-System-master\src\searchCashier.java,searchCashier,searchCashier/0,btnUpdateProduct,4
C:\Users\Madhu\Downloads\Billing-System-master\src\searchCashier.java,searchCashier,searchCashier/0,error,4
C:\Users\Madhu\Downloads\Billing-System-master\src\showStock.java,showStock,updateTable/0,comp,1
C:\Users\Madhu\Downloads\Billing-System-master\src\showStock.java,showStock,updateTable/0,model,2
C:\Users\Madhu\Downloads\Billing-System-master\src\showStock.java,showStock,showStock/0,comp,9
C:\Users\Madhu\Downloads\Billing-System-master\src\showStock.java,showStock,showStock/0,stockTable,4
C:\Users\Madhu\Downloads\Billing-System-master\src\showStock.java,showStock,showStock/0,model,6
