file,class,method,constructor,line,cbo,cboModified,fanin,fanout,wmc,rfc,loc,returnsQty,variablesQty,parametersQty,methodsInvokedQty,methodsInvokedLocalQty,methodsInvokedIndirectLocalQty,loopQty,comparisonsQty,tryCatchQty,parenthesizedExpsQty,stringLiteralsQty,numbersQty,assignmentsQty,mathOperationsQty,maxNestedBlocksQty,anonymousClassesQty,innerClassesQty,lambdasQty,uniqueWordsQty,modifiers,logStatementsQty,hasJavaDoc
C:\Users\Madhu\Downloads\Billing-System-master\src\generateInvoice.java,generateInvoice$Anonymous1,run/0,false,28,1,2,0,2,2,2,9,0,1,0,2,0,0,0,0,1,0,0,0,1,0,1,0,0,0,7,1,0,false
C:\Users\Madhu\Downloads\Billing-System-master\src\Sale.java,Sale,Sale/0,true,26,0,2,1,1,1,8,87,0,9,0,8,0,0,0,0,0,0,19,50,13,0,0,4,0,0,54,1,0,true
C:\Users\Madhu\Downloads\Billing-System-master\src\Sale.java,Sale,"monthlySale/2[java.lang.String,java.lang.String]",false,151,1,2,1,1,3,8,24,0,11,2,8,0,0,2,0,0,0,35,15,12,2,2,0,0,0,12,9,0,false
C:\Users\Madhu\Downloads\Billing-System-master\src\Sale.java,Sale,"dailySale/2[java.lang.String,java.lang.String]",false,134,1,2,1,1,2,6,18,0,7,2,6,0,0,1,0,0,0,0,11,8,1,1,0,0,0,10,9,0,false
C:\Users\Madhu\Downloads\Billing-System-master\src\Invoice.java,Invoice,Invoice/0,true,40,0,2,1,1,1,11,172,0,12,0,11,0,0,0,0,0,0,29,100,23,0,0,4,0,0,81,1,0,true
C:\Users\Madhu\Downloads\Billing-System-master\src\addProduct.java,addProduct,addProduct/0,true,29,0,2,1,1,1,8,70,0,7,0,8,0,0,0,0,0,0,15,59,12,0,0,1,0,0,40,1,0,true
C:\Users\Madhu\Downloads\Billing-System-master\src\updateProduct.java,updateProduct,updateProduct/0,true,34,0,2,1,1,1,9,96,0,6,0,9,0,0,0,0,0,0,15,59,12,0,0,2,0,0,48,1,0,true
C:\Users\Madhu\Downloads\Billing-System-master\src\generateInvoice.java,generateInvoice,actionPerformed/1[java.awt.event.ActionEvent],false,79,0,0,0,0,4,11,23,0,0,1,11,0,0,0,0,0,0,5,4,2,0,1,0,0,0,10,1,0,false
C:\Users\Madhu\Downloads\Billing-System-master\src\generateInvoice.java,generateInvoice,main/1[java.lang.String[]],false,26,0,1,0,1,1,1,14,0,0,1,1,0,0,0,0,0,0,0,0,0,0,0,1,0,0,12,9,0,true
C:\Users\Madhu\Downloads\Billing-System-master\src\generateInvoice.java,generateInvoice,generateInvoice/0,true,42,2,4,2,2,1,17,28,0,6,0,17,0,0,0,0,0,0,6,12,8,0,0,0,0,0,36,1,0,true
C:\Users\Madhu\Downloads\Billing-System-master\src\deleteCashier.java,deleteCashier,deleteCashier/0,true,26,0,2,1,1,1,7,44,0,3,0,7,0,0,0,0,0,0,8,36,7,0,0,1,0,0,32,1,0,true
C:\Users\Madhu\Downloads\Billing-System-master\src\searchCashier.java,searchCashier$Anonymous1,actionPerformed/1[java.awt.event.ActionEvent],false,43,1,19,0,19,2,6,11,0,0,1,6,0,0,0,0,0,0,3,0,1,0,1,0,0,0,7,1,0,false
C:\Users\Madhu\Downloads\Billing-System-master\src\Login.java,Login$Anonymous1,run/0,false,47,1,2,0,2,2,5,10,0,1,0,5,0,0,0,0,1,0,1,0,1,0,1,0,0,0,8,1,0,false
C:\Users\Madhu\Downloads\Billing-System-master\src\showStock.java,showStock$Anonymous1,itemStateChanged/1[java.awt.event.ItemEvent],false,65,1,1,0,1,1,1,3,0,0,1,1,0,0,0,0,0,0,0,0,0,0,0,0,0,0,8,1,0,false
C:\Users\Madhu\Downloads\Billing-System-master\src\deleteProduct.java,deleteProduct$Anonymous1,actionPerformed/1[java.awt.event.ActionEvent],false,43,1,19,0,19,2,6,11,0,0,1,6,0,0,0,0,0,0,3,0,1,0,1,0,0,0,7,1,0,false
C:\Users\Madhu\Downloads\Billing-System-master\src\showStock.java,showStock$Anonymous2,actionPerformed/1[java.awt.event.ActionEvent],false,77,1,19,0,19,1,2,4,0,0,1,2,0,0,0,0,0,0,2,0,0,0,0,0,0,0,9,1,0,false
C:\Users\Madhu\Downloads\Billing-System-master\src\showStock.java,showStock$Anonymous3,actionPerformed/1[java.awt.event.ActionEvent],false,87,1,19,0,19,1,1,3,0,0,1,1,0,0,0,0,0,0,0,0,0,0,0,0,0,0,7,1,0,false
C:\Users\Madhu\Downloads\Billing-System-master\src\updateProduct.java,updateProduct$Anonymous2,actionPerformed/1[java.awt.event.ActionEvent],false,102,1,19,0,19,3,9,16,0,0,1,9,0,0,0,0,0,0,6,0,4,0,1,0,0,0,10,1,0,false
C:\Users\Madhu\Downloads\Billing-System-master\src\updateProduct.java,updateProduct$Anonymous1,keyPressed/1[java.awt.event.KeyEvent],false,95,0,0,0,0,1,0,2,0,0,1,0,0,0,0,0,0,0,0,0,0,0,0,0,0,0,5,1,0,false
C:\Users\Madhu\Downloads\Billing-System-master\src\updateProduct.java,updateProduct$Anonymous1,keyTyped/1[java.awt.event.KeyEvent],false,71,1,1,0,1,7,8,19,0,1,1,8,0,0,0,1,0,0,3,7,2,1,2,0,0,0,8,1,0,false
C:\Users\Madhu\Downloads\Billing-System-master\src\updateProduct.java,updateProduct$Anonymous1,keyReleased/1[java.awt.event.KeyEvent],false,89,0,0,0,0,1,0,2,0,0,1,0,0,0,0,0,0,0,0,0,0,0,0,0,0,0,5,1,0,false
C:\Users\Madhu\Downloads\Billing-System-master\src\Invoice.java,Invoice$Anonymous2,actionPerformed/1[java.awt.event.ActionEvent],false,103,1,19,0,19,6,10,34,3,6,1,10,0,0,0,0,0,1,15,2,9,2,1,0,0,0,16,1,0,false
C:\Users\Madhu\Downloads\Billing-System-master\src\Invoice.java,Invoice$Anonymous3,actionPerformed/1[java.awt.event.ActionEvent],false,170,2,19,0,19,4,8,15,0,4,1,8,0,0,2,1,0,0,1,4,7,1,2,0,0,0,11,1,0,false
C:\Users\Madhu\Downloads\Billing-System-master\src\Invoice.java,Invoice$Anonymous4,actionPerformed/1[java.awt.event.ActionEvent],false,214,1,19,0,19,3,9,15,0,4,1,9,0,0,1,0,0,0,2,5,5,1,2,0,0,0,10,1,0,false
C:\Users\Madhu\Downloads\Billing-System-master\src\Sale.java,Sale$Anonymous4,actionPerformed/1[java.awt.event.ActionEvent],false,126,0,19,0,19,1,1,3,0,0,1,1,0,0,0,0,0,0,0,0,0,0,0,0,0,0,6,1,0,false
C:\Users\Madhu\Downloads\Billing-System-master\src\pdfGenerator.java,pdfGenerator,"makePdf2/2[java.lang.Object[],long]",false,106,6,2,1,1,4,9,38,0,10,2,9,1,1,1,0,1,0,10,3,10,2,2,0,0,0,32,9,0,false
C:\Users\Madhu\Downloads\Billing-System-master\src\pdfGenerator.java,pdfGenerator,"makePdf/3[java.lang.Object[],long,int]",false,30,10,2,1,1,6,15,65,0,20,3,15,1,1,1,0,2,0,16,17,20,4,2,0,0,0,62,9,0,false
C:\Users\Madhu\Downloads\Billing-System-master\src\pdfGenerator.java,pdfGenerator,sendIn2printer/1[java.lang.String],false,155,0,2,2,0,2,3,9,0,1,1,3,0,0,0,0,1,0,0,0,1,0,1,0,0,0,10,9,0,false
C:\Users\Madhu\Downloads\Billing-System-master\src\pdfGenerator.java,pdfGenerator,main/1[java.lang.String[]],false,164,0,0,0,0,1,0,2,0,0,1,0,0,0,0,0,0,0,0,0,0,0,0,0,0,0,2,9,0,false
C:\Users\Madhu\Downloads\Billing-System-master\src\Sale.java,Sale$Anonymous2,actionPerformed/1[java.awt.event.ActionEvent],false,88,1,19,0,19,2,7,6,0,0,1,7,0,0,0,0,0,0,0,0,2,0,1,0,0,0,10,1,0,false
C:\Users\Madhu\Downloads\Billing-System-master\src\deleteProduct.java,deleteProduct,deleteProduct/0,true,23,0,2,1,1,1,7,37,0,2,0,7,0,0,0,0,0,0,6,27,5,0,0,1,0,0,29,1,0,true
C:\Users\Madhu\Downloads\Billing-System-master\src\Sale.java,Sale$Anonymous3,actionPerformed/1[java.awt.event.ActionEvent],false,118,0,19,0,19,1,1,3,0,0,1,1,0,0,0,0,0,0,0,0,0,0,0,0,0,0,6,1,0,false
C:\Users\Madhu\Downloads\Billing-System-master\src\Invoice.java,Invoice$Anonymous1,itemStateChanged/1[java.awt.event.ItemEvent],false,57,0,1,0,1,2,2,10,0,0,1,2,0,0,0,1,0,0,0,1,0,0,1,0,0,0,8,1,0,false
C:\Users\Madhu\Downloads\Billing-System-master\src\Sale.java,Sale$Anonymous1,actionPerformed/1[java.awt.event.ActionEvent],false,40,1,19,0,19,4,5,15,0,5,1,5,0,0,2,1,0,0,0,5,7,1,3,0,0,0,10,1,0,false
C:\Users\Madhu\Downloads\Billing-System-master\src\searchProduct.java,searchProduct,searchProduct/0,true,23,0,3,2,1,1,7,37,0,2,0,7,0,0,0,0,0,0,6,27,5,0,0,1,0,0,28,1,0,true
C:\Users\Madhu\Downloads\Billing-System-master\src\searchProduct.java,searchProduct$Anonymous1,actionPerformed/1[java.awt.event.ActionEvent],false,43,1,19,0,19,2,6,11,0,0,1,6,0,0,0,0,0,0,3,0,1,0,1,0,0,0,7,1,0,false
C:\Users\Madhu\Downloads\Billing-System-master\src\Login.java,Login,Login/0,true,67,1,2,1,1,1,1,3,0,0,0,1,1,1,0,0,0,0,0,0,0,0,0,0,0,0,6,1,0,true
C:\Users\Madhu\Downloads\Billing-System-master\src\Login.java,Login,GUI/0,false,72,0,2,1,1,1,14,74,0,2,0,14,0,0,0,0,0,0,11,44,9,0,0,2,0,0,48,0,0,false
C:\Users\Madhu\Downloads\Billing-System-master\src\Login.java,Login,main/1[java.lang.String[]],false,40,0,1,0,1,1,1,15,0,0,1,1,0,0,0,0,0,0,0,0,0,0,0,1,0,0,13,9,0,true
C:\Users\Madhu\Downloads\Billing-System-master\src\Login.java,Login,getMac/0,false,169,1,0,0,0,5,7,21,1,6,0,7,0,0,1,0,1,1,4,2,7,1,2,0,0,0,19,9,0,false
C:\Users\Madhu\Downloads\Billing-System-master\src\addCashier.java,addCashier$Anonymous1,actionPerformed/1[java.awt.event.ActionEvent],false,52,1,19,0,19,3,10,11,0,0,1,10,0,0,0,0,0,0,5,0,2,0,2,0,0,0,8,1,0,false
C:\Users\Madhu\Downloads\Billing-System-master\src\AdminPanel.java,AdminPanel,AdminPanel/0,true,37,9,10,1,9,1,15,61,0,2,0,15,0,0,0,0,0,0,18,7,17,0,0,0,0,0,44,1,0,true
C:\Users\Madhu\Downloads\Billing-System-master\src\AdminPanel.java,AdminPanel,actionPerformed/1[java.awt.event.ActionEvent],false,120,0,0,0,0,11,13,88,0,0,1,13,0,0,0,0,0,0,20,18,9,1,1,0,0,0,11,1,0,false
C:\Users\Madhu\Downloads\Billing-System-master\src\addCashier.java,addCashier,addCashier/0,true,27,0,2,1,1,1,7,44,0,3,0,7,0,0,0,0,0,0,8,36,7,0,0,1,0,0,31,1,0,true
C:\Users\Madhu\Downloads\Billing-System-master\src\Login.java,Login$Anonymous2,actionPerformed/1[java.awt.event.ActionEvent],false,104,0,19,0,19,1,1,3,0,0,1,1,0,0,0,0,0,0,0,0,0,0,0,0,0,0,5,1,0,false
C:\Users\Madhu\Downloads\Billing-System-master\src\Login.java,Login$Anonymous3,actionPerformed/1[java.awt.event.ActionEvent],false,112,3,19,0,19,6,10,26,0,2,1,10,0,0,0,0,0,0,8,0,4,0,4,0,0,0,16,1,0,false
C:\Users\Madhu\Downloads\Billing-System-master\src\searchCashier.java,searchCashier,searchCashier/0,true,23,0,2,1,1,1,7,37,0,2,0,7,0,0,0,0,0,0,6,27,5,0,0,1,0,0,29,1,0,true
C:\Users\Madhu\Downloads\Billing-System-master\src\addProduct.java,addProduct$Anonymous1,actionPerformed/1[java.awt.event.ActionEvent],false,66,1,19,0,19,3,9,16,0,0,1,9,0,0,0,0,0,0,6,0,4,0,1,0,0,0,10,1,0,false
C:\Users\Madhu\Downloads\Billing-System-master\src\deleteCashier.java,deleteCashier$Anonymous1,actionPerformed/1[java.awt.event.ActionEvent],false,51,1,19,0,19,3,9,11,0,0,1,9,0,0,0,0,0,0,5,0,2,0,2,0,0,0,8,1,0,false
C:\Users\Madhu\Downloads\Billing-System-master\src\showStock.java,showStock,updateTable/0,false,98,1,4,3,1,2,7,8,0,2,0,7,0,0,1,0,0,0,0,6,4,3,1,0,0,0,4,1,0,false
C:\Users\Madhu\Downloads\Billing-System-master\src\showStock.java,showStock,"toExcel/2[javax.swing.JTable,java.io.File]",false,109,0,1,1,0,5,9,20,0,5,2,9,0,0,3,0,1,0,4,3,5,2,3,0,0,0,16,1,0,false
C:\Users\Madhu\Downloads\Billing-System-master\src\showStock.java,showStock,showStock/0,true,34,1,3,1,2,1,10,56,0,5,0,10,1,1,0,0,0,0,13,33,8,0,0,3,0,0,44,1,0,true
C:\Users\Madhu\Downloads\Billing-System-master\src\DB.java,DB,"updateProductToDB/4[java.lang.String,java.lang.String,java.lang.String,int]",false,48,1,2,1,1,3,7,14,0,3,4,7,1,1,0,1,1,0,7,1,3,1,2,0,0,0,31,9,0,false
C:\Users\Madhu\Downloads\Billing-System-master\src\DB.java,DB,searchP/1[java.lang.String],false,311,1,2,1,1,3,10,19,1,4,1,10,1,1,0,0,1,0,5,0,4,1,2,0,0,0,26,9,0,false
C:\Users\Madhu\Downloads\Billing-System-master\src\DB.java,DB,DBConnection/0,false,16,0,15,15,0,2,4,12,1,1,0,4,0,0,0,0,1,0,6,0,2,1,1,0,0,0,13,9,0,false
C:\Users\Madhu\Downloads\Billing-System-master\src\DB.java,DB,searchCashier/1[java.lang.String],false,103,1,2,1,1,3,9,14,0,3,1,9,1,1,0,0,1,0,6,0,3,2,2,0,0,0,27,9,0,false
C:\Users\Madhu\Downloads\Billing-System-master\src\DB.java,DB,searchProduct/1[java.lang.String],false,85,1,2,1,1,3,9,14,0,3,1,9,1,1,0,0,1,0,6,0,3,2,2,0,0,0,27,9,0,false
C:\Users\Madhu\Downloads\Billing-System-master\src\DB.java,DB,"updateProduct/2[java.lang.String,int]",false,334,1,2,1,1,3,11,17,0,4,2,11,1,1,0,0,1,0,6,1,5,3,2,0,0,0,28,9,0,false
C:\Users\Madhu\Downloads\Billing-System-master\src\DB.java,DB,"addProductToDB/4[java.lang.String,java.lang.String,java.lang.String,int]",false,34,1,2,1,1,2,7,13,0,2,4,7,1,1,0,0,1,0,6,0,2,1,1,0,0,0,29,9,0,false
C:\Users\Madhu\Downloads\Billing-System-master\src\DB.java,DB,"addSaleToDB/3[java.lang.Object[],java.util.ArrayList<java.lang.String>,java.lang.String]",false,203,1,2,1,1,3,10,18,0,6,3,10,1,1,1,0,1,0,8,6,7,4,2,0,0,0,32,9,0,false
C:\Users\Madhu\Downloads\Billing-System-master\src\DB.java,DB,"searchPDetail/2[java.lang.String,int]",false,173,1,2,1,1,4,11,24,1,5,2,11,1,1,0,0,1,0,12,1,8,4,5,0,0,0,34,9,0,false
C:\Users\Madhu\Downloads\Billing-System-master\src\DB.java,DB,"varifyLogin/2[java.lang.String,java.lang.String]",false,121,1,2,1,1,3,8,16,1,4,2,8,1,1,0,0,1,0,3,0,6,1,2,0,0,0,30,9,0,false
C:\Users\Madhu\Downloads\Billing-System-master\src\DB.java,DB,main/1[java.lang.String[]],false,355,0,0,0,0,1,0,2,0,0,1,0,0,0,0,0,0,0,0,0,0,0,0,0,0,0,1,9,0,false
C:\Users\Madhu\Downloads\Billing-System-master\src\DB.java,DB,deleteProductToDB/1[java.lang.String],false,67,1,2,1,1,3,7,14,0,3,1,7,1,1,0,1,1,0,4,1,3,1,2,0,0,0,25,9,0,false
C:\Users\Madhu\Downloads\Billing-System-master\src\DB.java,DB,"deleteCashier/2[java.lang.String,java.lang.String]",false,155,1,2,1,1,3,7,14,0,3,2,7,1,1,0,1,1,0,5,1,3,1,2,0,0,0,28,9,0,false
C:\Users\Madhu\Downloads\Billing-System-master\src\DB.java,DB,"addCashier/2[java.lang.String,java.lang.String]",false,141,1,2,1,1,2,7,13,0,2,2,7,1,1,0,0,1,0,4,0,2,1,1,0,0,0,26,9,0,false
C:\Users\Madhu\Downloads\Billing-System-master\src\DB.java,DB,"getSale/2[java.lang.String,java.lang.String]",false,223,1,3,2,1,4,11,23,1,5,2,11,1,1,1,0,1,0,10,0,6,2,2,0,0,0,30,9,0,false
C:\Users\Madhu\Downloads\Billing-System-master\src\DB.java,DB,"getPDetail/2[java.lang.String,int]",false,280,1,1,0,1,4,11,24,1,5,2,11,1,1,0,0,1,0,12,1,8,4,5,0,0,0,34,9,0,false
C:\Users\Madhu\Downloads\Billing-System-master\src\DB.java,DB,showStock/1[java.lang.String],false,252,1,2,1,1,4,11,23,1,5,1,11,1,1,1,0,1,0,8,0,6,1,2,0,0,0,26,9,0,false
