file,class,type,cbo,cboModified,fanin,fanout,wmc,dit,noc,rfc,lcom,lcom*,tcc,lcc,totalMethodsQty,staticMethodsQty,publicMethodsQty,privateMethodsQty,protectedMethodsQty,defaultMethodsQty,visibleMethodsQty,abstractMethodsQty,finalMethodsQty,synchronizedMethodsQty,totalFieldsQty,staticFieldsQty,publicFieldsQty,privateFieldsQty,protectedFieldsQty,defaultFieldsQty,finalFieldsQty,synchronizedFieldsQty,nosi,loc,returnQty,loopQty,comparisonsQty,tryCatchQty,parenthesizedExpsQty,stringLiteralsQty,numbersQty,assignmentsQty,mathOperationsQty,variablesQty,maxNestedBlocksQty,anonymousClassesQty,innerClassesQty,lambdasQty,uniqueWordsQty,modifiers,logStatementsQty
C:\Users\Madhu\Downloads\TextEditor-master\src\texteditor\function_Format.java,texteditor.function_Format,class,0,1,1,0,4,6,0,4,1,0.0,0.0,0.0,2,0,2,0,0,0,2,0,0,0,0,0,0,0,0,0,0,0,0,20,3,0,0,0,0,2,0,0,0,0,1,0,0,0,21,1,0
C:\Users\Madhu\Downloads\TextEditor-master\src\texteditor\functionColor.java,texteditor.functionColor,class,0,1,1,0,2,1,0,10,1,0.6666667,0.0,0.0,2,0,2,0,0,0,2,0,0,0,3,0,0,0,0,3,0,0,0,50,0,0,0,0,0,2,24,6,0,7,0,2,0,0,24,1,0
C:\Users\Madhu\Downloads\TextEditor-master\src\texteditor\functionEdit.java,texteditor.functionEdit,class,0,1,1,0,2,1,0,2,1,0.0,0.0,0.0,2,0,2,0,0,0,2,0,0,0,0,0,0,0,0,0,0,0,0,8,0,0,0,0,0,0,0,0,0,0,0,0,0,0,7,1,0
C:\Users\Madhu\Downloads\TextEditor-master\src\texteditor\aboutTextEditor.java,texteditor.aboutTextEditor,class,1,3,2,1,4,6,0,12,3,0.6666667,0.0,0.0,3,1,2,0,0,1,3,0,0,0,1,0,0,0,0,1,0,0,1,30,0,0,0,0,0,5,19,7,0,7,1,0,0,0,56,1,0
C:\Users\Madhu\Downloads\TextEditor-master\src\texteditor\FunctionFile.java,texteditor.FunctionFile,class,0,1,1,0,12,1,0,17,0,0.5,0.6,0.6,5,0,5,0,0,0,5,0,0,0,4,0,0,0,0,4,0,0,0,76,2,0,3,4,0,10,0,19,4,11,2,0,0,0,44,1,0
C:\Users\Madhu\Downloads\TextEditor-master\src\texteditor\functionColor.java,texteditor.functionColor$Anonymous1,anonymous,0,0,0,0,1,1,0,2,0,0.0,NaN,NaN,1,0,1,0,0,0,1,0,0,0,0,0,0,0,0,0,0,0,0,6,0,0,0,0,0,0,0,1,0,0,0,0,0,0,7,-1,0
C:\Users\Madhu\Downloads\TextEditor-master\src\texteditor\functionColor.java,texteditor.functionColor$Anonymous2,anonymous,0,0,0,0,1,1,0,2,0,0.0,NaN,NaN,1,0,1,0,0,0,1,0,0,0,0,0,0,0,0,0,0,0,0,5,0,0,0,0,0,0,0,0,0,0,0,0,0,0,5,-1,0
C:\Users\Madhu\Downloads\TextEditor-master\src\texteditor\pad.java,texteditor.pad,class,6,7,1,6,38,1,0,45,0,0.46153846,1.0,1.0,3,1,2,0,0,1,3,0,0,0,13,0,1,0,0,12,0,0,15,300,0,0,0,0,0,88,28,78,1,58,1,0,0,1,98,1,0
