file,class,method,variable,usage
C:\Users\Madhu\Downloads\TextEditor-master\src\texteditor\functionColor.java,texteditor.functionColor,setfontColor/1[javax.swing.JTextArea],fontcc,12
C:\Users\Madhu\Downloads\TextEditor-master\src\texteditor\functionColor.java,texteditor.functionColor,setbgColor/1[javax.swing.JTextArea],cc,12
C:\Users\Madhu\Downloads\TextEditor-master\src\texteditor\aboutTextEditor.java,texteditor.aboutTextEditor,aboutTextEditor/0,ok,4
C:\Users\Madhu\Downloads\TextEditor-master\src\texteditor\FunctionFile.java,texteditor.FunctionFile,"newTextEditor/2[javax.swing.JTextArea,javax.swing.JFrame]",filegetname,1
C:\Users\Madhu\Downloads\TextEditor-master\src\texteditor\FunctionFile.java,texteditor.FunctionFile,"save/2[javax.swing.JMenuItem,javax.swing.JTextArea]",filegetname,1
C:\Users\Madhu\Downloads\TextEditor-master\src\texteditor\FunctionFile.java,texteditor.FunctionFile,"save/2[javax.swing.JMenuItem,javax.swing.JTextArea]",filegetdir,2
C:\Users\Madhu\Downloads\TextEditor-master\src\texteditor\FunctionFile.java,texteditor.FunctionFile,"open/2[javax.swing.JTextArea,javax.swing.JFrame]",filegetname,2
C:\Users\Madhu\Downloads\TextEditor-master\src\texteditor\FunctionFile.java,texteditor.FunctionFile,"open/2[javax.swing.JTextArea,javax.swing.JFrame]",filegetdir,1
C:\Users\Madhu\Downloads\TextEditor-master\src\texteditor\FunctionFile.java,texteditor.FunctionFile,"open/2[javax.swing.JTextArea,javax.swing.JFrame]",filename,4
C:\Users\Madhu\Downloads\TextEditor-master\src\texteditor\FunctionFile.java,texteditor.FunctionFile,"saveAs/2[javax.swing.JFrame,javax.swing.JTextArea]",filegetname,2
C:\Users\Madhu\Downloads\TextEditor-master\src\texteditor\FunctionFile.java,texteditor.FunctionFile,"saveAs/2[javax.swing.JFrame,javax.swing.JTextArea]",filegetdir,2
C:\Users\Madhu\Downloads\TextEditor-master\src\texteditor\FunctionFile.java,texteditor.FunctionFile,"saveAs/2[javax.swing.JFrame,javax.swing.JTextArea]",filename,4
C:\Users\Madhu\Downloads\TextEditor-master\src\texteditor\FunctionFile.java,texteditor.FunctionFile,"saveAs/2[javax.swing.JFrame,javax.swing.JTextArea]",outfile,2
C:\Users\Madhu\Downloads\TextEditor-master\src\texteditor\pad.java,texteditor.pad,actionPerformed/1[java.awt.event.ActionEvent],area,35
C:\Users\Madhu\Downloads\TextEditor-master\src\texteditor\pad.java,texteditor.pad,actionPerformed/1[java.awt.event.ActionEvent],defaultFontsize,29
C:\Users\Madhu\Downloads\TextEditor-master\src\texteditor\pad.java,texteditor.pad,actionPerformed/1[java.awt.event.ActionEvent],saveas,1
C:\Users\Madhu\Downloads\TextEditor-master\src\texteditor\pad.java,texteditor.pad,actionPerformed/1[java.awt.event.ActionEvent],isWordWrapON,2
C:\Users\Madhu\Downloads\TextEditor-master\src\texteditor\pad.java,texteditor.pad,actionPerformed/1[java.awt.event.ActionEvent],wordwrap,2
C:\Users\Madhu\Downloads\TextEditor-master\src\texteditor\pad.java,texteditor.pad,actionPerformed/1[java.awt.event.ActionEvent],objFile,5
C:\Users\Madhu\Downloads\TextEditor-master\src\texteditor\pad.java,texteditor.pad,actionPerformed/1[java.awt.event.ActionEvent],defaultFontstyle,23
C:\Users\Madhu\Downloads\TextEditor-master\src\texteditor\pad.java,texteditor.pad,actionPerformed/1[java.awt.event.ActionEvent],objColor,2
C:\Users\Madhu\Downloads\TextEditor-master\src\texteditor\pad.java,texteditor.pad,actionPerformed/1[java.awt.event.ActionEvent],um,2
C:\Users\Madhu\Downloads\TextEditor-master\src\texteditor\pad.java,texteditor.pad,actionPerformed/1[java.awt.event.ActionEvent],window,3
C:\Users\Madhu\Downloads\TextEditor-master\src\texteditor\pad.java,texteditor.pad,actionPerformed/1[java.awt.event.ActionEvent],text,3
C:\Users\Madhu\Downloads\TextEditor-master\src\texteditor\pad.java,texteditor.pad,actionPerformed/1[java.awt.event.ActionEvent],defaultFont,24
C:\Users\Madhu\Downloads\TextEditor-master\src\texteditor\pad.java,texteditor.pad,main/1[java.lang.String[]],window,1
C:\Users\Madhu\Downloads\TextEditor-master\src\texteditor\pad.java,texteditor.pad,pad/0,area,5
C:\Users\Madhu\Downloads\TextEditor-master\src\texteditor\pad.java,texteditor.pad,pad/0,saveas,4
C:\Users\Madhu\Downloads\TextEditor-master\src\texteditor\pad.java,texteditor.pad,pad/0,wordwrap,4
C:\Users\Madhu\Downloads\TextEditor-master\src\texteditor\pad.java,texteditor.pad,pad/0,defaultFontstyle,1
C:\Users\Madhu\Downloads\TextEditor-master\src\texteditor\pad.java,texteditor.pad,pad/0,um,1
C:\Users\Madhu\Downloads\TextEditor-master\src\texteditor\pad.java,texteditor.pad,pad/0,window,8
C:\Users\Madhu\Downloads\TextEditor-master\src\texteditor\pad.java,texteditor.pad,pad/0,pane,3
C:\Users\Madhu\Downloads\TextEditor-master\src\texteditor\pad.java,texteditor.pad,pad/0,defaultFont,1
