file,class,method,constructor,line,cbo,cboModified,fanin,fanout,wmc,rfc,loc,returnsQty,variablesQty,parametersQty,methodsInvokedQty,methodsInvokedLocalQty,methodsInvokedIndirectLocalQty,loopQty,comparisonsQty,tryCatchQty,parenthesizedExpsQty,stringLiteralsQty,numbersQty,assignmentsQty,mathOperationsQty,maxNestedBlocksQty,anonymousClassesQty,innerClassesQty,lambdasQty,uniqueWordsQty,modifiers,logStatementsQty,hasJavaDoc
C:\Users\Madhu\Downloads\TextEditor-master\src\texteditor\function_Format.java,texteditor.function_Format,"setFont/4[int,java.lang.String,javax.swing.JTextArea,int]",false,28,0,1,1,0,1,1,3,0,0,4,1,0,0,0,0,0,0,0,0,0,0,0,0,0,0,4,1,0,false
C:\Users\Madhu\Downloads\TextEditor-master\src\texteditor\function_Format.java,texteditor.function_Format,"wordwrap/3[boolean,javax.swing.JTextArea,javax.swing.JMenuItem]",false,8,0,1,1,0,3,3,15,3,0,3,3,0,0,0,0,0,0,2,0,0,0,1,0,0,0,8,1,0,false
C:\Users\Madhu\Downloads\TextEditor-master\src\texteditor\functionColor.java,texteditor.functionColor,setfontColor/1[javax.swing.JTextArea],false,45,0,2,1,1,1,10,22,0,2,1,10,0,0,0,0,0,0,1,12,3,0,0,1,0,0,21,1,0,false
C:\Users\Madhu\Downloads\TextEditor-master\src\texteditor\functionColor.java,texteditor.functionColor,setbgColor/1[javax.swing.JTextArea],false,13,0,2,1,1,1,10,23,0,2,1,10,0,0,0,0,0,0,1,12,3,0,0,1,0,0,22,1,0,false
C:\Users\Madhu\Downloads\TextEditor-master\src\texteditor\functionEdit.java,texteditor.functionEdit,redo/1[javax.swing.undo.UndoManager],false,11,0,1,1,0,1,1,3,0,0,1,1,0,0,0,0,0,0,0,0,0,0,0,0,0,0,4,1,0,false
C:\Users\Madhu\Downloads\TextEditor-master\src\texteditor\functionEdit.java,texteditor.functionEdit,undo/1[javax.swing.undo.UndoManager],false,8,0,1,1,0,1,1,3,0,0,1,1,0,0,0,0,0,0,0,0,0,0,0,0,0,0,4,1,0,false
C:\Users\Madhu\Downloads\TextEditor-master\src\texteditor\aboutTextEditor.java,texteditor.aboutTextEditor,actionPerformed/1[java.awt.event.ActionEvent],false,48,0,0,0,0,2,3,5,0,0,1,3,0,0,0,0,0,0,1,0,0,0,1,0,0,0,6,1,0,false
C:\Users\Madhu\Downloads\TextEditor-master\src\texteditor\aboutTextEditor.java,texteditor.aboutTextEditor,aboutTextEditor/0,true,10,0,2,2,0,1,9,18,0,5,0,9,0,0,0,0,0,0,4,19,6,0,0,0,0,0,44,0,0,false
C:\Users\Madhu\Downloads\TextEditor-master\src\texteditor\aboutTextEditor.java,texteditor.aboutTextEditor,main/1[java.lang.String[]],false,40,1,1,0,1,1,1,4,0,1,1,1,0,0,0,0,0,0,0,0,1,0,0,0,0,0,7,9,0,false
C:\Users\Madhu\Downloads\TextEditor-master\src\texteditor\FunctionFile.java,texteditor.FunctionFile,"newTextEditor/2[javax.swing.JTextArea,javax.swing.JFrame]",false,17,0,1,1,0,1,2,5,0,0,2,2,0,0,0,0,0,0,2,0,1,0,0,0,0,0,8,1,0,false
C:\Users\Madhu\Downloads\TextEditor-master\src\texteditor\FunctionFile.java,texteditor.FunctionFile,"save/2[javax.swing.JMenuItem,javax.swing.JTextArea]",false,45,0,1,1,0,3,4,15,0,1,2,4,0,0,0,1,1,0,1,0,1,1,2,0,0,0,18,1,0,false
C:\Users\Madhu\Downloads\TextEditor-master\src\texteditor\FunctionFile.java,texteditor.FunctionFile,"open/2[javax.swing.JTextArea,javax.swing.JFrame]",false,23,0,1,1,0,3,9,21,1,4,2,9,0,0,0,1,1,0,3,0,7,1,1,0,0,0,22,1,0,false
C:\Users\Madhu\Downloads\TextEditor-master\src\texteditor\FunctionFile.java,texteditor.FunctionFile,print/1[javax.swing.JTextArea],false,85,0,1,1,0,2,2,8,0,0,1,2,0,0,0,0,1,0,0,0,0,0,1,0,0,0,8,1,0,false
C:\Users\Madhu\Downloads\TextEditor-master\src\texteditor\FunctionFile.java,texteditor.FunctionFile,"saveAs/2[javax.swing.JFrame,javax.swing.JTextArea]",false,60,0,1,1,0,3,10,21,1,2,2,10,0,0,0,1,1,0,4,0,6,2,1,0,0,0,18,1,0,false
C:\Users\Madhu\Downloads\TextEditor-master\src\texteditor\functionColor.java,texteditor.functionColor$Anonymous1,stateChanged/1[javax.swing.event.ChangeEvent],false,28,0,0,0,0,1,2,4,0,0,1,2,0,0,0,0,0,0,0,0,1,0,0,0,0,0,7,1,0,false
C:\Users\Madhu\Downloads\TextEditor-master\src\texteditor\functionColor.java,texteditor.functionColor$Anonymous2,stateChanged/1[javax.swing.event.ChangeEvent],false,58,0,0,0,0,1,2,3,0,0,1,2,0,0,0,0,0,0,0,0,0,0,0,0,0,0,5,1,0,false
C:\Users\Madhu\Downloads\TextEditor-master\src\texteditor\pad.java,texteditor.pad,actionPerformed/1[java.awt.event.ActionEvent],false,222,5,14,0,14,36,21,128,0,0,1,21,0,0,0,0,0,0,41,15,22,0,1,0,0,0,26,1,0,false
C:\Users\Madhu\Downloads\TextEditor-master\src\texteditor\pad.java,texteditor.pad,main/1[java.lang.String[]],false,217,1,1,0,1,1,1,3,0,0,1,1,0,0,0,0,0,0,0,0,0,0,0,0,0,0,4,9,0,false
C:\Users\Madhu\Downloads\TextEditor-master\src\texteditor\pad.java,texteditor.pad,pad/0,true,32,0,1,1,0,1,24,154,0,45,0,24,0,0,0,0,0,0,46,11,49,1,0,0,0,1,69,0,0,false
