file,class,method,variable,usage
C:\Users\Madhu\Downloads\TextEditor-master\src\texteditor\function_Format.java,texteditor.function_Format,"setFont/4[int,java.lang.String,javax.swing.JTextArea,int]",defaultFontsize,1
C:\Users\Madhu\Downloads\TextEditor-master\src\texteditor\function_Format.java,texteditor.function_Format,"setFont/4[int,java.lang.String,javax.swing.JTextArea,int]",area,1
C:\Users\Madhu\Downloads\TextEditor-master\src\texteditor\function_Format.java,texteditor.function_Format,"setFont/4[int,java.lang.String,javax.swing.JTextArea,int]",defaultFontstyle,1
C:\Users\Madhu\Downloads\TextEditor-master\src\texteditor\function_Format.java,texteditor.function_Format,"setFont/4[int,java.lang.String,javax.swing.JTextArea,int]",selectedFont,1
C:\Users\Madhu\Downloads\TextEditor-master\src\texteditor\function_Format.java,texteditor.function_Format,"wordwrap/3[boolean,javax.swing.JTextArea,javax.swing.JMenuItem]",area,4
C:\Users\Madhu\Downloads\TextEditor-master\src\texteditor\function_Format.java,texteditor.function_Format,"wordwrap/3[boolean,javax.swing.JTextArea,javax.swing.JMenuItem]",isWordWrapON,3
C:\Users\Madhu\Downloads\TextEditor-master\src\texteditor\function_Format.java,texteditor.function_Format,"wordwrap/3[boolean,javax.swing.JTextArea,javax.swing.JMenuItem]",wordwrap,2
C:\Users\Madhu\Downloads\TextEditor-master\src\texteditor\functionColor.java,texteditor.functionColor,setfontColor/1[javax.swing.JTextArea],area,0
C:\Users\Madhu\Downloads\TextEditor-master\src\texteditor\functionColor.java,texteditor.functionColor,setfontColor/1[javax.swing.JTextArea],fontColorChooserPanel,3
C:\Users\Madhu\Downloads\TextEditor-master\src\texteditor\functionColor.java,texteditor.functionColor,setfontColor/1[javax.swing.JTextArea],fontcolorframe,4
C:\Users\Madhu\Downloads\TextEditor-master\src\texteditor\functionColor.java,texteditor.functionColor,setbgColor/1[javax.swing.JTextArea],area,0
C:\Users\Madhu\Downloads\TextEditor-master\src\texteditor\functionColor.java,texteditor.functionColor,setbgColor/1[javax.swing.JTextArea],colorChooserPanel,3
C:\Users\Madhu\Downloads\TextEditor-master\src\texteditor\functionColor.java,texteditor.functionColor,setbgColor/1[javax.swing.JTextArea],colorframe,4
C:\Users\Madhu\Downloads\TextEditor-master\src\texteditor\functionEdit.java,texteditor.functionEdit,redo/1[javax.swing.undo.UndoManager],um,1
C:\Users\Madhu\Downloads\TextEditor-master\src\texteditor\functionEdit.java,texteditor.functionEdit,undo/1[javax.swing.undo.UndoManager],um,1
C:\Users\Madhu\Downloads\TextEditor-master\src\texteditor\aboutTextEditor.java,texteditor.aboutTextEditor,actionPerformed/1[java.awt.event.ActionEvent],e,1
C:\Users\Madhu\Downloads\TextEditor-master\src\texteditor\aboutTextEditor.java,texteditor.aboutTextEditor,aboutTextEditor/0,l2,2
C:\Users\Madhu\Downloads\TextEditor-master\src\texteditor\aboutTextEditor.java,texteditor.aboutTextEditor,aboutTextEditor/0,l3,3
C:\Users\Madhu\Downloads\TextEditor-master\src\texteditor\aboutTextEditor.java,texteditor.aboutTextEditor,aboutTextEditor/0,i4,1
C:\Users\Madhu\Downloads\TextEditor-master\src\texteditor\aboutTextEditor.java,texteditor.aboutTextEditor,aboutTextEditor/0,i5,1
C:\Users\Madhu\Downloads\TextEditor-master\src\texteditor\aboutTextEditor.java,texteditor.aboutTextEditor,aboutTextEditor/0,i6,1
C:\Users\Madhu\Downloads\TextEditor-master\src\texteditor\aboutTextEditor.java,texteditor.aboutTextEditor,main/1[java.lang.String[]],args,0
C:\Users\Madhu\Downloads\TextEditor-master\src\texteditor\aboutTextEditor.java,texteditor.aboutTextEditor,main/1[java.lang.String[]],obj,1
C:\Users\Madhu\Downloads\TextEditor-master\src\texteditor\FunctionFile.java,texteditor.FunctionFile,"newTextEditor/2[javax.swing.JTextArea,javax.swing.JFrame]",area,1
C:\Users\Madhu\Downloads\TextEditor-master\src\texteditor\FunctionFile.java,texteditor.FunctionFile,"newTextEditor/2[javax.swing.JTextArea,javax.swing.JFrame]",window,1
C:\Users\Madhu\Downloads\TextEditor-master\src\texteditor\FunctionFile.java,texteditor.FunctionFile,"save/2[javax.swing.JMenuItem,javax.swing.JTextArea]",area,1
C:\Users\Madhu\Downloads\TextEditor-master\src\texteditor\FunctionFile.java,texteditor.FunctionFile,"save/2[javax.swing.JMenuItem,javax.swing.JTextArea]",saveas,1
C:\Users\Madhu\Downloads\TextEditor-master\src\texteditor\FunctionFile.java,texteditor.FunctionFile,"save/2[javax.swing.JMenuItem,javax.swing.JTextArea]",bw,1
C:\Users\Madhu\Downloads\TextEditor-master\src\texteditor\FunctionFile.java,texteditor.FunctionFile,"save/2[javax.swing.JMenuItem,javax.swing.JTextArea]",f,1
C:\Users\Madhu\Downloads\TextEditor-master\src\texteditor\FunctionFile.java,texteditor.FunctionFile,"open/2[javax.swing.JTextArea,javax.swing.JFrame]",area,1
C:\Users\Madhu\Downloads\TextEditor-master\src\texteditor\FunctionFile.java,texteditor.FunctionFile,"open/2[javax.swing.JTextArea,javax.swing.JFrame]",r,1
C:\Users\Madhu\Downloads\TextEditor-master\src\texteditor\FunctionFile.java,texteditor.FunctionFile,"open/2[javax.swing.JTextArea,javax.swing.JFrame]",action,1
C:\Users\Madhu\Downloads\TextEditor-master\src\texteditor\FunctionFile.java,texteditor.FunctionFile,"open/2[javax.swing.JTextArea,javax.swing.JFrame]",choose,4
C:\Users\Madhu\Downloads\TextEditor-master\src\texteditor\FunctionFile.java,texteditor.FunctionFile,"open/2[javax.swing.JTextArea,javax.swing.JFrame]",window,2
C:\Users\Madhu\Downloads\TextEditor-master\src\texteditor\FunctionFile.java,texteditor.FunctionFile,"open/2[javax.swing.JTextArea,javax.swing.JFrame]",infile,1
C:\Users\Madhu\Downloads\TextEditor-master\src\texteditor\FunctionFile.java,texteditor.FunctionFile,"open/2[javax.swing.JTextArea,javax.swing.JFrame]",restrict,1
C:\Users\Madhu\Downloads\TextEditor-master\src\texteditor\FunctionFile.java,texteditor.FunctionFile,print/1[javax.swing.JTextArea],area,1
C:\Users\Madhu\Downloads\TextEditor-master\src\texteditor\FunctionFile.java,texteditor.FunctionFile,print/1[javax.swing.JTextArea],printerException,1
C:\Users\Madhu\Downloads\TextEditor-master\src\texteditor\FunctionFile.java,texteditor.FunctionFile,"saveAs/2[javax.swing.JFrame,javax.swing.JTextArea]",area,1
C:\Users\Madhu\Downloads\TextEditor-master\src\texteditor\FunctionFile.java,texteditor.FunctionFile,"saveAs/2[javax.swing.JFrame,javax.swing.JTextArea]",f,1
C:\Users\Madhu\Downloads\TextEditor-master\src\texteditor\FunctionFile.java,texteditor.FunctionFile,"saveAs/2[javax.swing.JFrame,javax.swing.JTextArea]",action,1
C:\Users\Madhu\Downloads\TextEditor-master\src\texteditor\FunctionFile.java,texteditor.FunctionFile,"saveAs/2[javax.swing.JFrame,javax.swing.JTextArea]",window,2
C:\Users\Madhu\Downloads\TextEditor-master\src\texteditor\FunctionFile.java,texteditor.FunctionFile,"saveAs/2[javax.swing.JFrame,javax.swing.JTextArea]",savefinal,4
C:\Users\Madhu\Downloads\TextEditor-master\src\texteditor\functionColor.java,texteditor.functionColor$Anonymous1,stateChanged/1[javax.swing.event.ChangeEvent],e,0
C:\Users\Madhu\Downloads\TextEditor-master\src\texteditor\functionColor.java,texteditor.functionColor$Anonymous2,stateChanged/1[javax.swing.event.ChangeEvent],e,0
C:\Users\Madhu\Downloads\TextEditor-master\src\texteditor\pad.java,texteditor.pad,actionPerformed/1[java.awt.event.ActionEvent],e,1
C:\Users\Madhu\Downloads\TextEditor-master\src\texteditor\pad.java,texteditor.pad,main/1[java.lang.String[]],args,0
C:\Users\Madhu\Downloads\TextEditor-master\src\texteditor\pad.java,texteditor.pad,pad/0,oblique,2
C:\Users\Madhu\Downloads\TextEditor-master\src\texteditor\pad.java,texteditor.pad,pad/0,cut,3
C:\Users\Madhu\Downloads\TextEditor-master\src\texteditor\pad.java,texteditor.pad,pad/0,color,3
C:\Users\Madhu\Downloads\TextEditor-master\src\texteditor\pad.java,texteditor.pad,pad/0,icon,1
C:\Users\Madhu\Downloads\TextEditor-master\src\texteditor\pad.java,texteditor.pad,pad/0,save,3
C:\Users\Madhu\Downloads\TextEditor-master\src\texteditor\pad.java,texteditor.pad,pad/0,about,2
C:\Users\Madhu\Downloads\TextEditor-master\src\texteditor\pad.java,texteditor.pad,pad/0,fontsize,11
C:\Users\Madhu\Downloads\TextEditor-master\src\texteditor\pad.java,texteditor.pad,pad/0,fontLucida,2
C:\Users\Madhu\Downloads\TextEditor-master\src\texteditor\pad.java,texteditor.pad,pad/0,paste,3
C:\Users\Madhu\Downloads\TextEditor-master\src\texteditor\pad.java,texteditor.pad,pad/0,font28,2
C:\Users\Madhu\Downloads\TextEditor-master\src\texteditor\pad.java,texteditor.pad,pad/0,redo,3
C:\Users\Madhu\Downloads\TextEditor-master\src\texteditor\pad.java,texteditor.pad,pad/0,font24,2
C:\Users\Madhu\Downloads\TextEditor-master\src\texteditor\pad.java,texteditor.pad,pad/0,backgroundcolor,2
C:\Users\Madhu\Downloads\TextEditor-master\src\texteditor\pad.java,texteditor.pad,pad/0,font44,2
C:\Users\Madhu\Downloads\TextEditor-master\src\texteditor\pad.java,texteditor.pad,pad/0,undo,3
C:\Users\Madhu\Downloads\TextEditor-master\src\texteditor\pad.java,texteditor.pad,pad/0,file,7
C:\Users\Madhu\Downloads\TextEditor-master\src\texteditor\pad.java,texteditor.pad,pad/0,fontstyle,5
C:\Users\Madhu\Downloads\TextEditor-master\src\texteditor\pad.java,texteditor.pad,pad/0,font20,2
C:\Users\Madhu\Downloads\TextEditor-master\src\texteditor\pad.java,texteditor.pad,pad/0,font40,2
C:\Users\Madhu\Downloads\TextEditor-master\src\texteditor\pad.java,texteditor.pad,pad/0,TextF,1
C:\Users\Madhu\Downloads\TextEditor-master\src\texteditor\pad.java,texteditor.pad,pad/0,font8,2
C:\Users\Madhu\Downloads\TextEditor-master\src\texteditor\pad.java,texteditor.pad,pad/0,fontcolor,2
C:\Users\Madhu\Downloads\TextEditor-master\src\texteditor\pad.java,texteditor.pad,pad/0,copy,3
C:\Users\Madhu\Downloads\TextEditor-master\src\texteditor\pad.java,texteditor.pad,pad/0,fontCalibri,2
C:\Users\Madhu\Downloads\TextEditor-master\src\texteditor\pad.java,texteditor.pad,pad/0,regular,2
C:\Users\Madhu\Downloads\TextEditor-master\src\texteditor\pad.java,texteditor.pad,pad/0,all,3
C:\Users\Madhu\Downloads\TextEditor-master\src\texteditor\pad.java,texteditor.pad,pad/0,newdoc,3
C:\Users\Madhu\Downloads\TextEditor-master\src\texteditor\pad.java,texteditor.pad,pad/0,fontTMR,2
C:\Users\Madhu\Downloads\TextEditor-master\src\texteditor\pad.java,texteditor.pad,pad/0,edit,7
C:\Users\Madhu\Downloads\TextEditor-master\src\texteditor\pad.java,texteditor.pad,pad/0,e,1
C:\Users\Madhu\Downloads\TextEditor-master\src\texteditor\pad.java,texteditor.pad,pad/0,fontCSMS,2
C:\Users\Madhu\Downloads\TextEditor-master\src\texteditor\pad.java,texteditor.pad,pad/0,boldoblique,2
C:\Users\Madhu\Downloads\TextEditor-master\src\texteditor\pad.java,texteditor.pad,pad/0,format,5
C:\Users\Madhu\Downloads\TextEditor-master\src\texteditor\pad.java,texteditor.pad,pad/0,font16,2
C:\Users\Madhu\Downloads\TextEditor-master\src\texteditor\pad.java,texteditor.pad,pad/0,bold,2
C:\Users\Madhu\Downloads\TextEditor-master\src\texteditor\pad.java,texteditor.pad,pad/0,menu,6
C:\Users\Madhu\Downloads\TextEditor-master\src\texteditor\pad.java,texteditor.pad,pad/0,font36,2
C:\Users\Madhu\Downloads\TextEditor-master\src\texteditor\pad.java,texteditor.pad,pad/0,font12,2
C:\Users\Madhu\Downloads\TextEditor-master\src\texteditor\pad.java,texteditor.pad,pad/0,font32,2
C:\Users\Madhu\Downloads\TextEditor-master\src\texteditor\pad.java,texteditor.pad,pad/0,help,2
C:\Users\Madhu\Downloads\TextEditor-master\src\texteditor\pad.java,texteditor.pad,pad/0,exit,3
C:\Users\Madhu\Downloads\TextEditor-master\src\texteditor\pad.java,texteditor.pad,pad/0,print,3
C:\Users\Madhu\Downloads\TextEditor-master\src\texteditor\pad.java,texteditor.pad,pad/0,fontArial,2
C:\Users\Madhu\Downloads\TextEditor-master\src\texteditor\pad.java,texteditor.pad,pad/0,open,3
C:\Users\Madhu\Downloads\TextEditor-master\src\texteditor\pad.java,texteditor.pad,pad/0,font,6
