file,class,method,constructor,line,cbo,cboModified,fanin,fanout,wmc,rfc,loc,returnsQty,variablesQty,parametersQty,methodsInvokedQty,methodsInvokedLocalQty,methodsInvokedIndirectLocalQty,loopQty,comparisonsQty,tryCatchQty,parenthesizedExpsQty,stringLiteralsQty,numbersQty,assignmentsQty,mathOperationsQty,maxNestedBlocksQty,anonymousClassesQty,innerClassesQty,lambdasQty,uniqueWordsQty,modifiers,logStatementsQty,hasJavaDoc
C:\Users\Madhu\Downloads\JavaRcon-master\src\javarcon\CustomRcon.java,javarcon.CustomRcon,"CustomRcon/3[java.lang.String,int,byte[]]",true,18,1,1,1,0,1,0,3,0,0,3,0,0,0,0,0,0,0,0,0,0,0,0,0,0,0,5,2,0,false
C:\Users\Madhu\Downloads\JavaRcon-master\src\javarcon\CustomRcon.java,javarcon.CustomRcon,getInstance/0,false,22,2,2,1,1,3,8,25,1,7,0,8,0,0,0,1,2,0,15,0,8,1,3,0,0,0,22,9,0,false
C:\Users\Madhu\Downloads\JavaRcon-master\src\javarcon\CustomRcon.java,javarcon.CustomRcon,toString/0,false,77,0,0,0,0,1,3,4,1,1,0,3,0,0,0,0,0,0,1,0,1,1,0,0,0,0,5,1,0,false
C:\Users\Madhu\Downloads\JavaRcon-master\src\javarcon\CustomRcon.java,javarcon.CustomRcon,command/1[java.lang.String],false,61,1,2,1,1,4,3,14,4,2,1,3,1,1,0,0,0,0,2,0,2,0,2,0,0,0,8,1,0,false
C:\Users\Madhu\Downloads\JavaRcon-master\src\javarcon\CustomRcon.java,javarcon.CustomRcon,empty/1[java.lang.String],false,56,0,1,1,0,2,2,3,1,0,1,2,0,0,0,1,0,0,0,0,0,0,0,0,0,0,3,10,0,false
C:\Users\Madhu\Downloads\JavaRcon-master\src\javarcon\JavaRcon.java,javarcon.JavaRcon,disconnect/0,false,50,0,1,1,0,1,2,4,0,0,0,2,0,0,0,0,0,0,0,1,0,0,0,0,0,0,4,10,0,false
C:\Users\Madhu\Downloads\JavaRcon-master\src\javarcon\JavaRcon.java,javarcon.JavaRcon,main/1[java.lang.String[]],false,11,2,3,0,3,8,11,39,0,3,1,11,1,1,1,0,1,0,12,0,4,3,4,0,0,0,31,9,0,false
