file,class,method,variable,usage
C:\Users\Madhu\Downloads\JavaRcon-master\src\javarcon\CustomRcon.java,javarcon.CustomRcon,"CustomRcon/3[java.lang.String,int,byte[]]",password,1
C:\Users\Madhu\Downloads\JavaRcon-master\src\javarcon\CustomRcon.java,javarcon.CustomRcon,"CustomRcon/3[java.lang.String,int,byte[]]",port,1
C:\Users\Madhu\Downloads\JavaRcon-master\src\javarcon\CustomRcon.java,javarcon.CustomRcon,"CustomRcon/3[java.lang.String,int,byte[]]",host,1
C:\Users\Madhu\Downloads\JavaRcon-master\src\javarcon\CustomRcon.java,javarcon.CustomRcon,getInstance/0,output,1
C:\Users\Madhu\Downloads\JavaRcon-master\src\javarcon\CustomRcon.java,javarcon.CustomRcon,getInstance/0,input,1
C:\Users\Madhu\Downloads\JavaRcon-master\src\javarcon\CustomRcon.java,javarcon.CustomRcon,getInstance/0,password,2
C:\Users\Madhu\Downloads\JavaRcon-master\src\javarcon\CustomRcon.java,javarcon.CustomRcon,getInstance/0,port,2
C:\Users\Madhu\Downloads\JavaRcon-master\src\javarcon\CustomRcon.java,javarcon.CustomRcon,getInstance/0,prop,8
C:\Users\Madhu\Downloads\JavaRcon-master\src\javarcon\CustomRcon.java,javarcon.CustomRcon,getInstance/0,host,2
C:\Users\Madhu\Downloads\JavaRcon-master\src\javarcon\CustomRcon.java,javarcon.CustomRcon,getInstance/0,config,3
C:\Users\Madhu\Downloads\JavaRcon-master\src\javarcon\CustomRcon.java,javarcon.CustomRcon,toString/0,s,2
C:\Users\Madhu\Downloads\JavaRcon-master\src\javarcon\CustomRcon.java,javarcon.CustomRcon,command/1[java.lang.String],payload,2
C:\Users\Madhu\Downloads\JavaRcon-master\src\javarcon\CustomRcon.java,javarcon.CustomRcon,command/1[java.lang.String],response,3
C:\Users\Madhu\Downloads\JavaRcon-master\src\javarcon\CustomRcon.java,javarcon.CustomRcon,command/1[java.lang.String],uc,3
C:\Users\Madhu\Downloads\JavaRcon-master\src\javarcon\CustomRcon.java,javarcon.CustomRcon,empty/1[java.lang.String],s,2
C:\Users\Madhu\Downloads\JavaRcon-master\src\javarcon\JavaRcon.java,javarcon.JavaRcon,main/1[java.lang.String[]],args,0
C:\Users\Madhu\Downloads\JavaRcon-master\src\javarcon\JavaRcon.java,javarcon.JavaRcon,main/1[java.lang.String[]],clientInput,4
C:\Users\Madhu\Downloads\JavaRcon-master\src\javarcon\JavaRcon.java,javarcon.JavaRcon,main/1[java.lang.String[]],ex,3
C:\Users\Madhu\Downloads\JavaRcon-master\src\javarcon\JavaRcon.java,javarcon.JavaRcon,main/1[java.lang.String[]],answer,2
C:\Users\Madhu\Downloads\JavaRcon-master\src\javarcon\JavaRcon.java,javarcon.JavaRcon,main/1[java.lang.String[]],scn,2
