file,class,method,constructor,line,cbo,cboModified,fanin,fanout,wmc,rfc,loc,returnsQty,variablesQty,parametersQty,methodsInvokedQty,methodsInvokedLocalQty,methodsInvokedIndirectLocalQty,loopQty,comparisonsQty,tryCatchQty,parenthesizedExpsQty,stringLiteralsQty,numbersQty,assignmentsQty,mathOperationsQty,maxNestedBlocksQty,anonymousClassesQty,innerClassesQty,lambdasQty,uniqueWordsQty,modifiers,logStatementsQty,hasJavaDoc
C:\Users\Madhu\Downloads\karts-with-sockets-main\src\section3\Kart.java,section3.Kart,"Kart/4[java.awt.Point,java.awt.Dimension,int,java.lang.String]",true,59,0,1,1,0,3,5,16,0,1,4,5,0,0,1,0,1,0,1,2,8,1,2,0,0,0,25,1,0,true
C:\Users\Madhu\Downloads\karts-with-sockets-main\src\section3\Kart.java,section3.Kart,update/1[double],false,133,0,1,1,0,1,2,4,0,0,1,2,0,0,0,0,0,0,0,2,2,6,0,0,0,0,21,1,0,true
C:\Users\Madhu\Downloads\karts-with-sockets-main\src\section3\Kart.java,section3.Kart,getShape/0,false,151,0,3,3,0,1,2,6,1,2,0,2,0,0,0,0,0,0,0,3,2,6,0,0,0,0,25,1,0,true
C:\Users\Madhu\Downloads\karts-with-sockets-main\src\section3\Kart.java,section3.Kart,accelerate/0,false,112,0,0,0,0,2,0,4,0,0,0,0,0,0,0,0,0,0,0,3,2,0,1,0,0,0,5,1,0,true
C:\Users\Madhu\Downloads\karts-with-sockets-main\src\section3\Kart.java,section3.Kart,stop/0,false,141,0,1,1,0,1,0,3,0,0,0,0,0,0,0,0,0,0,0,1,1,0,0,0,0,0,5,1,0,true
C:\Users\Madhu\Downloads\karts-with-sockets-main\src\section3\Kart.java,section3.Kart,setStuck/1[boolean],false,44,0,1,1,0,1,0,3,0,0,1,0,0,0,0,0,0,0,0,0,1,0,0,0,0,0,12,1,0,true
C:\Users\Madhu\Downloads\karts-with-sockets-main\src\section3\Kart.java,section3.Kart,isStuck/0,false,37,0,1,1,0,1,0,3,1,0,0,0,0,0,0,0,0,0,0,0,0,0,0,0,0,0,11,1,0,true
C:\Users\Madhu\Downloads\karts-with-sockets-main\src\section3\Kart.java,section3.Kart,drawColliders/1[java.awt.Graphics],false,164,1,2,1,1,1,3,6,0,2,1,3,1,1,0,0,0,0,0,0,2,0,0,0,0,0,21,1,0,true
C:\Users\Madhu\Downloads\karts-with-sockets-main\src\section3\Kart.java,section3.Kart,steerLeft/0,false,91,0,0,0,0,2,0,4,0,0,0,0,0,0,0,0,0,0,0,3,2,0,1,0,0,0,6,1,0,true
C:\Users\Madhu\Downloads\karts-with-sockets-main\src\section3\Kart.java,section3.Kart,steerRight/0,false,102,0,0,0,0,2,0,4,0,0,0,0,0,0,0,0,0,0,0,3,2,0,1,0,0,0,6,1,0,true
C:\Users\Madhu\Downloads\karts-with-sockets-main\src\section3\Kart.java,section3.Kart,render/1[java.awt.Graphics],false,80,0,1,1,0,3,2,8,0,0,1,2,0,0,0,2,0,0,1,2,0,2,1,0,0,0,15,1,0,true
C:\Users\Madhu\Downloads\karts-with-sockets-main\src\section3\Kart.java,section3.Kart,encode/0,false,177,0,2,2,0,1,0,5,1,1,0,0,0,0,0,0,0,0,6,0,1,1,0,0,0,0,27,1,0,true
C:\Users\Madhu\Downloads\karts-with-sockets-main\src\section3\Kart.java,section3.Kart,decelerate/0,false,122,0,0,0,0,2,0,4,0,0,0,0,0,0,0,0,0,0,0,3,2,0,1,0,0,0,13,1,0,true
C:\Users\Madhu\Downloads\karts-with-sockets-main\src\section3\Kart.java,section3.Kart,decode/1[java.lang.String],false,188,0,1,1,0,1,3,10,0,1,1,3,0,0,0,0,0,0,1,0,8,0,0,0,0,0,14,1,0,true
C:\Users\Madhu\Downloads\karts-with-sockets-main\src\section1\Game.java,section1.Game,main/1[java.lang.String[]],false,13,1,1,0,1,1,0,3,0,0,1,0,0,0,0,0,0,0,0,0,0,0,0,0,0,0,13,9,0,true
C:\Users\Madhu\Downloads\karts-with-sockets-main\src\section1\Game.java,section1.Game,Game/0,true,17,1,2,1,1,1,5,7,0,0,0,5,0,0,0,0,0,0,1,2,0,0,0,0,0,0,24,0,0,false
C:\Users\Madhu\Downloads\karts-with-sockets-main\src\section1\GamePanel.java,section1.GamePanel,GamePanel/0,true,25,1,3,1,2,1,4,24,0,2,0,4,0,0,0,0,0,0,1,6,4,0,0,1,0,0,26,1,0,false
C:\Users\Madhu\Downloads\karts-with-sockets-main\src\section1\GamePanel.java,section1.GamePanel,paintComponent/1[java.awt.Graphics],false,49,1,1,0,1,1,2,4,0,0,1,2,0,0,0,0,0,0,0,0,0,0,0,0,0,0,4,1,0,false
C:\Users\Madhu\Downloads\karts-with-sockets-main\src\section1\GamePanel.java,section1.GamePanel,actionPerformed/1[java.awt.event.ActionEvent],false,56,1,1,0,1,1,2,4,0,0,1,2,0,0,0,0,0,0,0,1,0,0,0,0,0,0,6,1,0,false
C:\Users\Madhu\Downloads\karts-with-sockets-main\src\section3\GameServer.java,section3.GameServer,main/1[java.lang.String[]],false,32,1,1,0,1,1,0,3,0,0,1,0,0,0,0,0,0,0,0,0,0,0,0,0,0,0,14,9,0,true
C:\Users\Madhu\Downloads\karts-with-sockets-main\src\section3\GameServer.java,section3.GameServer,GameServer/0,true,100,2,2,1,1,2,14,47,0,5,0,14,1,5,0,0,1,0,9,4,15,1,1,0,0,0,69,1,0,true
C:\Users\Madhu\Downloads\karts-with-sockets-main\src\section3\GameServer.java,section3.GameServer,exec/0,false,163,2,4,1,3,5,10,34,1,2,0,10,2,1,1,0,3,0,3,0,5,2,3,0,0,1,32,2,0,true
C:\Users\Madhu\Downloads\karts-with-sockets-main\src\section3\GameServer.java,section3.GameServer,showError/1[java.lang.String],false,264,0,5,5,0,1,1,3,0,0,1,1,0,0,0,0,0,0,1,0,0,0,0,0,0,0,13,32,0,true
C:\Users\Madhu\Downloads\karts-with-sockets-main\src\section3\GameServer.java,section3.GameServer,showKartsData/0,false,200,1,2,1,1,2,3,7,0,0,0,3,1,1,1,0,0,0,3,0,0,1,1,0,0,0,11,2,0,true
C:\Users\Madhu\Downloads\karts-with-sockets-main\src\section3\GameServer.java,section3.GameServer,log/1[java.lang.String],false,255,0,6,6,0,1,1,3,0,0,1,1,0,0,0,0,0,0,1,0,0,1,0,0,0,0,7,32,0,true
C:\Users\Madhu\Downloads\karts-with-sockets-main\src\section3\GameServer.java,section3.GameServer,end/0,false,211,1,4,2,2,4,6,22,0,0,0,6,2,1,1,0,2,0,5,0,2,3,2,0,0,0,24,2,0,true
C:\Users\Madhu\Downloads\karts-with-sockets-main\src\section3\GameServer.java,section3.GameServer,initActionListener/0,false,236,1,4,1,3,5,5,17,0,1,0,5,3,4,0,4,0,0,0,0,2,0,2,0,0,1,16,2,0,true
C:\Users\Madhu\Downloads\karts-with-sockets-main\src\section1\Kart.java,section1.Kart,steerRight/0,false,67,0,0,0,0,2,0,4,0,0,0,0,0,0,0,0,0,0,0,3,2,0,1,0,0,0,3,1,0,false
C:\Users\Madhu\Downloads\karts-with-sockets-main\src\section1\Kart.java,section1.Kart,decelerate/0,false,79,0,0,0,0,2,0,4,0,0,0,0,0,0,0,0,0,0,0,3,2,0,1,0,0,0,2,1,0,false
C:\Users\Madhu\Downloads\karts-with-sockets-main\src\section1\Kart.java,section1.Kart,update/1[double],false,85,0,1,1,0,1,2,4,0,0,1,2,0,0,0,0,0,0,0,2,2,6,0,0,0,0,7,1,0,false
C:\Users\Madhu\Downloads\karts-with-sockets-main\src\section1\Kart.java,section1.Kart,steerLeft/0,false,61,0,0,0,0,2,0,4,0,0,0,0,0,0,0,0,0,0,0,3,2,0,1,0,0,0,3,1,0,false
C:\Users\Madhu\Downloads\karts-with-sockets-main\src\section1\Kart.java,section1.Kart,getBounds/0,false,90,0,1,1,0,1,0,3,1,0,0,0,0,0,0,0,0,0,0,2,0,4,0,0,0,0,6,1,0,false
C:\Users\Madhu\Downloads\karts-with-sockets-main\src\section1\Kart.java,section1.Kart,accelerate/0,false,73,0,0,0,0,2,0,4,0,0,0,0,0,0,0,0,0,0,0,3,2,0,1,0,0,0,2,1,0,false
C:\Users\Madhu\Downloads\karts-with-sockets-main\src\section1\Kart.java,section1.Kart,"Kart/4[java.awt.Point,java.awt.Dimension,int,java.lang.String]",true,23,0,1,1,0,4,5,24,0,1,4,5,0,0,1,1,1,0,1,3,12,1,2,0,0,0,15,1,0,false
C:\Users\Madhu\Downloads\karts-with-sockets-main\src\section1\Kart.java,section1.Kart,render/1[java.awt.Graphics],false,46,1,2,1,1,3,6,13,1,3,1,6,1,1,0,2,0,2,0,6,3,10,1,0,0,0,18,1,0,false
C:\Users\Madhu\Downloads\karts-with-sockets-main\src\section2\GamePanel.java,section2.GamePanel,paintComponent/1[java.awt.Graphics],false,83,2,3,0,3,2,4,9,0,0,1,4,2,1,0,0,0,0,0,0,0,0,1,0,0,0,10,1,0,false
C:\Users\Madhu\Downloads\karts-with-sockets-main\src\section2\GamePanel.java,section2.GamePanel,actionPerformed/1[java.awt.event.ActionEvent],false,140,2,2,0,2,1,3,6,0,0,1,3,1,3,0,0,0,0,0,2,0,0,0,0,0,0,20,1,0,true
C:\Users\Madhu\Downloads\karts-with-sockets-main\src\section2\GamePanel.java,section2.GamePanel,drawColliders/1[java.awt.Graphics],false,123,1,2,1,1,1,3,7,0,0,1,3,0,0,0,0,0,0,0,0,0,0,0,0,0,0,22,2,0,true
C:\Users\Madhu\Downloads\karts-with-sockets-main\src\section2\GamePanel.java,section2.GamePanel,collisionEffect/0,false,205,0,2,2,0,2,8,11,0,2,0,8,0,0,0,0,1,0,1,0,2,0,1,0,0,0,13,2,0,true
C:\Users\Madhu\Downloads\karts-with-sockets-main\src\section2\GamePanel.java,section2.GamePanel,"checkKartCollision/3[section2.Kart,java.awt.Rectangle,java.awt.Rectangle]",false,178,2,6,1,5,5,9,22,0,1,3,9,1,1,0,0,0,0,2,0,1,0,2,0,0,0,28,2,0,true
C:\Users\Madhu\Downloads\karts-with-sockets-main\src\section2\GamePanel.java,section2.GamePanel,renderMap/1[java.awt.Graphics],false,93,0,1,1,0,2,5,19,1,4,1,5,0,0,0,1,0,0,0,2,4,1,1,0,0,0,14,2,0,false
C:\Users\Madhu\Downloads\karts-with-sockets-main\src\section2\GamePanel.java,section2.GamePanel,checkCollisions/0,false,151,2,5,1,4,2,6,9,1,0,0,6,3,2,0,0,0,0,0,0,0,0,1,0,0,0,16,2,0,true
C:\Users\Madhu\Downloads\karts-with-sockets-main\src\section2\GamePanel.java,section2.GamePanel,gameOver/0,false,166,0,1,1,0,1,2,4,0,0,0,2,0,0,0,0,0,0,1,0,0,0,0,0,0,0,2,2,0,false
C:\Users\Madhu\Downloads\karts-with-sockets-main\src\section2\GamePanel.java,section2.GamePanel,GamePanel/0,true,47,1,3,1,2,2,9,39,0,2,0,9,0,0,0,0,1,0,0,8,6,4,1,1,0,0,30,1,0,false
C:\Users\Madhu\Downloads\karts-with-sockets-main\src\section3\GameClient.java,section3.GameClient,main/1[java.lang.String[]],false,14,1,1,0,1,1,0,3,0,0,1,0,0,0,0,0,0,0,0,0,0,0,0,0,0,0,4,9,0,false
C:\Users\Madhu\Downloads\karts-with-sockets-main\src\section3\GameClient.java,section3.GameClient,disconnect/0,false,69,1,2,1,1,1,2,5,0,0,0,2,0,0,0,0,0,0,0,0,0,0,0,0,0,0,7,2,0,true
C:\Users\Madhu\Downloads\karts-with-sockets-main\src\section3\GameClient.java,section3.GameClient,connect/0,false,79,1,3,1,2,3,8,18,0,2,0,8,0,0,0,0,1,0,3,1,3,0,1,0,0,0,17,2,0,true
C:\Users\Madhu\Downloads\karts-with-sockets-main\src\section3\GameClient.java,section3.GameClient,GameClient/0,true,26,2,5,1,4,1,15,31,0,7,0,15,2,1,0,0,0,0,7,4,9,1,0,0,0,3,48,1,0,false
C:\Users\Madhu\Downloads\karts-with-sockets-main\src\section2\GamePanel.java,section2.GamePanel$Anonymous1,keyPressed/1[java.awt.event.KeyEvent],false,62,0,0,0,0,9,1,20,0,0,1,1,0,0,0,0,0,0,0,0,0,0,1,0,0,0,5,1,0,false
C:\Users\Madhu\Downloads\karts-with-sockets-main\src\section3\GamePanel.java,section3.GamePanel,"connect/2[java.lang.String,int]",false,256,1,3,1,2,2,10,17,2,0,2,10,2,1,0,0,1,0,2,0,5,2,1,0,0,0,38,4,0,true
C:\Users\Madhu\Downloads\karts-with-sockets-main\src\section3\GamePanel.java,section3.GamePanel,init/0,false,116,1,3,2,1,2,3,11,0,4,0,3,0,0,0,1,0,0,0,12,6,11,1,0,0,0,32,4,0,true
C:\Users\Madhu\Downloads\karts-with-sockets-main\src\section3\GamePanel.java,section3.GamePanel,disconnect/0,false,287,1,3,2,1,3,5,12,1,0,0,5,0,0,0,1,1,0,1,0,1,1,2,0,0,0,11,4,0,true
C:\Users\Madhu\Downloads\karts-with-sockets-main\src\section3\GamePanel.java,section3.GamePanel,actionPerformed/1[java.awt.event.ActionEvent],false,196,2,3,0,3,2,4,6,0,0,1,4,2,5,0,0,0,0,0,1,0,0,1,0,0,0,23,1,0,true
C:\Users\Madhu\Downloads\karts-with-sockets-main\src\section3\GamePanel.java,section3.GamePanel,checkCollisions/0,false,306,2,5,1,4,4,6,11,1,1,0,6,3,3,1,1,0,0,0,1,1,0,2,0,0,0,18,2,0,true
C:\Users\Madhu\Downloads\karts-with-sockets-main\src\section3\GamePanel.java,section3.GamePanel,renderMap/1[java.awt.Graphics],false,152,0,1,1,0,2,5,19,1,4,1,5,0,0,0,1,0,0,0,2,4,1,1,0,0,0,14,2,0,false
C:\Users\Madhu\Downloads\karts-with-sockets-main\src\section3\GamePanel.java,section3.GamePanel,log/1[java.lang.String],false,403,0,3,3,0,2,1,3,0,0,1,1,0,0,0,0,0,0,0,0,0,0,1,0,0,0,20,2,0,true
C:\Users\Madhu\Downloads\karts-with-sockets-main\src\section3\GamePanel.java,section3.GamePanel,gameOver/0,false,277,1,3,1,2,1,4,6,0,0,0,4,2,1,0,0,0,0,2,0,0,0,0,0,0,0,5,0,0,true
C:\Users\Madhu\Downloads\karts-with-sockets-main\src\section3\GamePanel.java,section3.GamePanel,"checkKartCollision/3[section3.Kart,java.awt.Rectangle,java.awt.Rectangle]",false,330,2,6,1,5,5,9,22,0,1,3,9,1,1,0,0,0,0,2,0,1,0,2,0,0,0,28,2,0,true
C:\Users\Madhu\Downloads\karts-with-sockets-main\src\section3\GamePanel.java,section3.GamePanel,isConnected/0,false,373,0,0,0,0,1,0,3,1,0,0,0,0,0,0,0,0,0,0,0,0,0,0,0,0,0,11,1,0,true
C:\Users\Madhu\Downloads\karts-with-sockets-main\src\section3\GamePanel.java,section3.GamePanel,showError/1[java.lang.String],false,393,0,1,1,0,2,1,3,0,0,1,1,0,0,0,0,0,0,1,0,0,0,1,0,0,0,25,2,0,true
C:\Users\Madhu\Downloads\karts-with-sockets-main\src\section3\GamePanel.java,section3.GamePanel,setDebugMode/1[boolean],false,382,0,1,1,0,1,0,3,0,0,1,0,0,0,0,0,0,0,0,0,1,0,0,0,0,0,7,4,0,true
C:\Users\Madhu\Downloads\karts-with-sockets-main\src\section3\GamePanel.java,section3.GamePanel,GamePanel/0,true,77,1,3,1,2,2,9,31,0,0,0,9,1,1,0,0,1,0,0,0,1,0,1,2,0,0,36,4,0,true
C:\Users\Madhu\Downloads\karts-with-sockets-main\src\section3\GamePanel.java,section3.GamePanel,requestNextFrame/0,false,208,2,4,1,3,6,16,27,1,7,0,16,1,1,1,0,1,0,8,8,7,4,2,0,0,0,41,34,0,true
C:\Users\Madhu\Downloads\karts-with-sockets-main\src\section3\GamePanel.java,section3.GamePanel,paintComponent/1[java.awt.Graphics],false,141,2,3,0,3,3,4,10,0,0,1,4,2,1,1,0,0,0,0,0,0,0,1,0,0,0,13,1,0,false
C:\Users\Madhu\Downloads\karts-with-sockets-main\src\section3\GamePanel.java,section3.GamePanel,drawColliders/1[java.awt.Graphics],false,182,1,2,1,1,2,3,6,0,0,1,3,0,0,1,0,0,0,0,0,0,0,1,0,0,0,25,2,0,true
C:\Users\Madhu\Downloads\karts-with-sockets-main\src\section3\GamePanel.java,section3.GamePanel,collisionEffect/0,false,357,0,2,2,0,2,8,11,0,2,0,8,0,0,0,0,1,0,1,0,2,0,1,0,0,0,13,2,0,true
C:\Users\Madhu\Downloads\karts-with-sockets-main\src\section2\Kart.java,section2.Kart,"Kart/4[java.awt.Point,java.awt.Dimension,int,java.lang.String]",true,58,0,1,1,0,3,5,16,0,1,4,5,0,0,1,0,1,0,1,2,8,1,2,0,0,0,23,1,0,true
C:\Users\Madhu\Downloads\karts-with-sockets-main\src\section2\Kart.java,section2.Kart,steerLeft/0,false,90,0,0,0,0,2,0,4,0,0,0,0,0,0,0,0,0,0,0,3,2,0,1,0,0,0,6,1,0,true
C:\Users\Madhu\Downloads\karts-with-sockets-main\src\section2\Kart.java,section2.Kart,steerRight/0,false,101,0,0,0,0,2,0,4,0,0,0,0,0,0,0,0,0,0,0,3,2,0,1,0,0,0,6,1,0,true
C:\Users\Madhu\Downloads\karts-with-sockets-main\src\section2\Kart.java,section2.Kart,getShape/0,false,150,0,3,3,0,1,2,6,1,2,0,2,0,0,0,0,0,0,0,3,2,6,0,0,0,0,25,1,0,true
C:\Users\Madhu\Downloads\karts-with-sockets-main\src\section2\Kart.java,section2.Kart,accelerate/0,false,111,0,0,0,0,2,0,4,0,0,0,0,0,0,0,0,0,0,0,3,2,0,1,0,0,0,5,1,0,true
C:\Users\Madhu\Downloads\karts-with-sockets-main\src\section2\Kart.java,section2.Kart,stop/0,false,140,0,1,1,0,1,0,3,0,0,0,0,0,0,0,0,0,0,0,1,1,0,0,0,0,0,5,1,0,true
C:\Users\Madhu\Downloads\karts-with-sockets-main\src\section2\Kart.java,section2.Kart,update/1[double],false,132,0,1,1,0,1,2,4,0,0,1,2,0,0,0,0,0,0,0,2,2,6,0,0,0,0,21,1,0,true
C:\Users\Madhu\Downloads\karts-with-sockets-main\src\section2\Kart.java,section2.Kart,setStuck/1[boolean],false,43,0,1,1,0,1,0,3,0,0,1,0,0,0,0,0,0,0,0,0,1,0,0,0,0,0,12,1,0,true
C:\Users\Madhu\Downloads\karts-with-sockets-main\src\section2\Kart.java,section2.Kart,render/1[java.awt.Graphics],false,79,0,1,1,0,3,2,8,0,0,1,2,0,0,0,2,0,0,1,2,0,2,1,0,0,0,15,1,0,true
C:\Users\Madhu\Downloads\karts-with-sockets-main\src\section2\Kart.java,section2.Kart,drawColliders/1[java.awt.Graphics],false,163,1,2,1,1,1,3,6,0,2,1,3,1,1,0,0,0,0,0,0,2,0,0,0,0,0,21,1,0,true
C:\Users\Madhu\Downloads\karts-with-sockets-main\src\section2\Kart.java,section2.Kart,isStuck/0,false,36,0,1,1,0,1,0,3,1,0,0,0,0,0,0,0,0,0,0,0,0,0,0,0,0,0,11,1,0,true
C:\Users\Madhu\Downloads\karts-with-sockets-main\src\section2\Kart.java,section2.Kart,decelerate/0,false,121,0,0,0,0,2,0,4,0,0,0,0,0,0,0,0,0,0,0,3,2,0,1,0,0,0,13,1,0,true
C:\Users\Madhu\Downloads\karts-with-sockets-main\src\section3\GameServer.java,section3.GameServer$ClientThread,run/0,false,324,2,4,0,4,5,6,18,0,1,0,6,1,1,1,1,1,0,4,1,1,2,2,0,0,0,32,1,0,true
C:\Users\Madhu\Downloads\karts-with-sockets-main\src\section3\GameServer.java,section3.GameServer$ClientThread,ClientThread/1[java.net.Socket],true,304,1,3,1,2,2,7,15,0,0,1,7,0,0,0,0,1,0,3,0,5,3,1,0,0,0,35,2,0,true
C:\Users\Madhu\Downloads\karts-with-sockets-main\src\section3\GameServer.java,section3.GameServer$ClientThread,handleClientRequest/1[java.lang.String],false,349,1,3,1,2,10,11,43,2,4,1,11,0,0,2,2,1,1,19,2,5,9,4,0,0,0,42,34,0,true
C:\Users\Madhu\Downloads\karts-with-sockets-main\src\section1\GamePanel.java,section1.GamePanel$Anonymous1,keyPressed/1[java.awt.event.KeyEvent],false,34,0,0,0,0,5,1,12,0,0,1,1,0,0,0,0,0,0,0,0,0,0,1,0,0,0,5,1,0,false
C:\Users\Madhu\Downloads\karts-with-sockets-main\src\section3\GamePanel.java,section3.GamePanel$Anonymous1,keyPressed/1[java.awt.event.KeyEvent],false,92,0,0,0,0,5,1,12,0,0,1,1,0,0,0,0,0,0,0,0,0,0,1,0,0,0,5,1,0,false
C:\Users\Madhu\Downloads\karts-with-sockets-main\src\section2\Game.java,section2.Game,Game/0,true,11,1,2,1,1,1,5,9,0,1,0,5,0,0,0,0,0,0,1,2,2,0,0,0,0,0,25,0,0,false
C:\Users\Madhu\Downloads\karts-with-sockets-main\src\section2\Game.java,section2.Game,main/1[java.lang.String[]],false,7,1,1,0,1,1,0,3,0,0,1,0,0,0,0,0,0,0,0,0,0,0,0,0,0,0,3,9,0,false
C:\Users\Madhu\Downloads\karts-with-sockets-main\src\section3\GamePanel.java,section3.GamePanel$Anonymous2,mouseEntered/1[java.awt.event.MouseEvent],false,106,0,0,0,0,1,1,3,0,0,1,1,0,0,0,0,0,0,0,0,0,0,0,0,0,0,9,1,0,false
