file,class,method,variable,usage
C:\Users\Madhu\Downloads\karts-with-sockets-main\src\section3\Kart.java,section3.Kart,"Kart/4[java.awt.Point,java.awt.Dimension,int,java.lang.String]",e,1
C:\Users\Madhu\Downloads\karts-with-sockets-main\src\section3\Kart.java,section3.Kart,"Kart/4[java.awt.Point,java.awt.Dimension,int,java.lang.String]",center,2
C:\Users\Madhu\Downloads\karts-with-sockets-main\src\section3\Kart.java,section3.Kart,"Kart/4[java.awt.Point,java.awt.Dimension,int,java.lang.String]",dim,2
C:\Users\Madhu\Downloads\karts-with-sockets-main\src\section3\Kart.java,section3.Kart,"Kart/4[java.awt.Point,java.awt.Dimension,int,java.lang.String]",i,4
C:\Users\Madhu\Downloads\karts-with-sockets-main\src\section3\Kart.java,section3.Kart,"Kart/4[java.awt.Point,java.awt.Dimension,int,java.lang.String]",imgRootPath,1
C:\Users\Madhu\Downloads\karts-with-sockets-main\src\section3\Kart.java,section3.Kart,"Kart/4[java.awt.Point,java.awt.Dimension,int,java.lang.String]",direction,2
C:\Users\Madhu\Downloads\karts-with-sockets-main\src\section3\Kart.java,section3.Kart,update/1[double],dt,2
C:\Users\Madhu\Downloads\karts-with-sockets-main\src\section3\Kart.java,section3.Kart,getShape/0,tx,2
C:\Users\Madhu\Downloads\karts-with-sockets-main\src\section3\Kart.java,section3.Kart,getShape/0,bounds,1
C:\Users\Madhu\Downloads\karts-with-sockets-main\src\section3\Kart.java,section3.Kart,setStuck/1[boolean],stuck,2
C:\Users\Madhu\Downloads\karts-with-sockets-main\src\section3\Kart.java,section3.Kart,drawColliders/1[java.awt.Graphics],g,1
C:\Users\Madhu\Downloads\karts-with-sockets-main\src\section3\Kart.java,section3.Kart,drawColliders/1[java.awt.Graphics],bounds,1
C:\Users\Madhu\Downloads\karts-with-sockets-main\src\section3\Kart.java,section3.Kart,drawColliders/1[java.awt.Graphics],g2d,2
C:\Users\Madhu\Downloads\karts-with-sockets-main\src\section3\Kart.java,section3.Kart,render/1[java.awt.Graphics],g,1
C:\Users\Madhu\Downloads\karts-with-sockets-main\src\section3\Kart.java,section3.Kart,encode/0,s,2
C:\Users\Madhu\Downloads\karts-with-sockets-main\src\section3\Kart.java,section3.Kart,decode/1[java.lang.String],st,7
C:\Users\Madhu\Downloads\karts-with-sockets-main\src\section3\Kart.java,section3.Kart,decode/1[java.lang.String],kartData,1
C:\Users\Madhu\Downloads\karts-with-sockets-main\src\section1\Game.java,section1.Game,main/1[java.lang.String[]],args,0
C:\Users\Madhu\Downloads\karts-with-sockets-main\src\section1\GamePanel.java,section1.GamePanel,GamePanel/0,kartPos,1
C:\Users\Madhu\Downloads\karts-with-sockets-main\src\section1\GamePanel.java,section1.GamePanel,GamePanel/0,imgRoot,1
C:\Users\Madhu\Downloads\karts-with-sockets-main\src\section1\GamePanel.java,section1.GamePanel,paintComponent/1[java.awt.Graphics],g,2
C:\Users\Madhu\Downloads\karts-with-sockets-main\src\section1\GamePanel.java,section1.GamePanel,actionPerformed/1[java.awt.event.ActionEvent],e,0
C:\Users\Madhu\Downloads\karts-with-sockets-main\src\section3\GameServer.java,section3.GameServer,main/1[java.lang.String[]],args,0
C:\Users\Madhu\Downloads\karts-with-sockets-main\src\section3\GameServer.java,section3.GameServer,GameServer/0,logoLabel,3
C:\Users\Madhu\Downloads\karts-with-sockets-main\src\section3\GameServer.java,section3.GameServer,GameServer/0,logoIcon,1
C:\Users\Madhu\Downloads\karts-with-sockets-main\src\section3\GameServer.java,section3.GameServer,GameServer/0,e,0
C:\Users\Madhu\Downloads\karts-with-sockets-main\src\section3\GameServer.java,section3.GameServer,GameServer/0,portL,1
C:\Users\Madhu\Downloads\karts-with-sockets-main\src\section3\GameServer.java,section3.GameServer,GameServer/0,mainPanel,4
C:\Users\Madhu\Downloads\karts-with-sockets-main\src\section3\GameServer.java,section3.GameServer,GameServer/0,btnP,7
C:\Users\Madhu\Downloads\karts-with-sockets-main\src\section3\GameServer.java,section3.GameServer,exec/0,clientThread,2
C:\Users\Madhu\Downloads\karts-with-sockets-main\src\section3\GameServer.java,section3.GameServer,exec/0,e,3
C:\Users\Madhu\Downloads\karts-with-sockets-main\src\section3\GameServer.java,section3.GameServer,exec/0,socket,1
C:\Users\Madhu\Downloads\karts-with-sockets-main\src\section3\GameServer.java,section3.GameServer,showError/1[java.lang.String],errorMessage,1
C:\Users\Madhu\Downloads\karts-with-sockets-main\src\section3\GameServer.java,section3.GameServer,showKartsData/0,key,1
C:\Users\Madhu\Downloads\karts-with-sockets-main\src\section3\GameServer.java,section3.GameServer,log/1[java.lang.String],message,1
C:\Users\Madhu\Downloads\karts-with-sockets-main\src\section3\GameServer.java,section3.GameServer,end/0,e,3
C:\Users\Madhu\Downloads\karts-with-sockets-main\src\section3\GameServer.java,section3.GameServer,end/0,client,4
C:\Users\Madhu\Downloads\karts-with-sockets-main\src\section3\GameServer.java,section3.GameServer,initActionListener/0,e,4
C:\Users\Madhu\Downloads\karts-with-sockets-main\src\section1\Kart.java,section1.Kart,update/1[double],dt,2
C:\Users\Madhu\Downloads\karts-with-sockets-main\src\section1\Kart.java,section1.Kart,"Kart/4[java.awt.Point,java.awt.Dimension,int,java.lang.String]",size,2
C:\Users\Madhu\Downloads\karts-with-sockets-main\src\section1\Kart.java,section1.Kart,"Kart/4[java.awt.Point,java.awt.Dimension,int,java.lang.String]",imgRoot,1
C:\Users\Madhu\Downloads\karts-with-sockets-main\src\section1\Kart.java,section1.Kart,"Kart/4[java.awt.Point,java.awt.Dimension,int,java.lang.String]",e,1
C:\Users\Madhu\Downloads\karts-with-sockets-main\src\section1\Kart.java,section1.Kart,"Kart/4[java.awt.Point,java.awt.Dimension,int,java.lang.String]",center,2
C:\Users\Madhu\Downloads\karts-with-sockets-main\src\section1\Kart.java,section1.Kart,"Kart/4[java.awt.Point,java.awt.Dimension,int,java.lang.String]",i,4
C:\Users\Madhu\Downloads\karts-with-sockets-main\src\section1\Kart.java,section1.Kart,"Kart/4[java.awt.Point,java.awt.Dimension,int,java.lang.String]",direction,2
C:\Users\Madhu\Downloads\karts-with-sockets-main\src\section1\Kart.java,section1.Kart,render/1[java.awt.Graphics],g,5
C:\Users\Madhu\Downloads\karts-with-sockets-main\src\section1\Kart.java,section1.Kart,render/1[java.awt.Graphics],bounds,4
C:\Users\Madhu\Downloads\karts-with-sockets-main\src\section1\Kart.java,section1.Kart,render/1[java.awt.Graphics],y2,1
C:\Users\Madhu\Downloads\karts-with-sockets-main\src\section1\Kart.java,section1.Kart,render/1[java.awt.Graphics],x2,1
C:\Users\Madhu\Downloads\karts-with-sockets-main\src\section2\GamePanel.java,section2.GamePanel,paintComponent/1[java.awt.Graphics],g,5
C:\Users\Madhu\Downloads\karts-with-sockets-main\src\section2\GamePanel.java,section2.GamePanel,actionPerformed/1[java.awt.event.ActionEvent],e,0
C:\Users\Madhu\Downloads\karts-with-sockets-main\src\section2\GamePanel.java,section2.GamePanel,drawColliders/1[java.awt.Graphics],g,5
C:\Users\Madhu\Downloads\karts-with-sockets-main\src\section2\GamePanel.java,section2.GamePanel,collisionEffect/0,soundPath,1
C:\Users\Madhu\Downloads\karts-with-sockets-main\src\section2\GamePanel.java,section2.GamePanel,collisionEffect/0,e,1
C:\Users\Madhu\Downloads\karts-with-sockets-main\src\section2\GamePanel.java,section2.GamePanel,collisionEffect/0,collisionClip,2
C:\Users\Madhu\Downloads\karts-with-sockets-main\src\section2\GamePanel.java,section2.GamePanel,"checkKartCollision/3[section2.Kart,java.awt.Rectangle,java.awt.Rectangle]",kartBounds,2
C:\Users\Madhu\Downloads\karts-with-sockets-main\src\section2\GamePanel.java,section2.GamePanel,"checkKartCollision/3[section2.Kart,java.awt.Rectangle,java.awt.Rectangle]",innerBounds,1
C:\Users\Madhu\Downloads\karts-with-sockets-main\src\section2\GamePanel.java,section2.GamePanel,"checkKartCollision/3[section2.Kart,java.awt.Rectangle,java.awt.Rectangle]",kart,8
C:\Users\Madhu\Downloads\karts-with-sockets-main\src\section2\GamePanel.java,section2.GamePanel,"checkKartCollision/3[section2.Kart,java.awt.Rectangle,java.awt.Rectangle]",outerBounds,1
C:\Users\Madhu\Downloads\karts-with-sockets-main\src\section2\GamePanel.java,section2.GamePanel,renderMap/1[java.awt.Graphics],c3,1
C:\Users\Madhu\Downloads\karts-with-sockets-main\src\section2\GamePanel.java,section2.GamePanel,renderMap/1[java.awt.Graphics],c4,1
C:\Users\Madhu\Downloads\karts-with-sockets-main\src\section2\GamePanel.java,section2.GamePanel,renderMap/1[java.awt.Graphics],g,10
C:\Users\Madhu\Downloads\karts-with-sockets-main\src\section2\GamePanel.java,section2.GamePanel,renderMap/1[java.awt.Graphics],c1,1
C:\Users\Madhu\Downloads\karts-with-sockets-main\src\section2\GamePanel.java,section2.GamePanel,renderMap/1[java.awt.Graphics],c2,1
C:\Users\Madhu\Downloads\karts-with-sockets-main\src\section2\GamePanel.java,section2.GamePanel,GamePanel/0,e,1
C:\Users\Madhu\Downloads\karts-with-sockets-main\src\section2\GamePanel.java,section2.GamePanel,GamePanel/0,kart1Pos,1
C:\Users\Madhu\Downloads\karts-with-sockets-main\src\section2\GamePanel.java,section2.GamePanel,GamePanel/0,kart2Pos,1
C:\Users\Madhu\Downloads\karts-with-sockets-main\src\section3\GameClient.java,section3.GameClient,main/1[java.lang.String[]],args,0
C:\Users\Madhu\Downloads\karts-with-sockets-main\src\section3\GameClient.java,section3.GameClient,connect/0,server,1
C:\Users\Madhu\Downloads\karts-with-sockets-main\src\section3\GameClient.java,section3.GameClient,connect/0,port,2
C:\Users\Madhu\Downloads\karts-with-sockets-main\src\section3\GameClient.java,section3.GameClient,connect/0,e,0
C:\Users\Madhu\Downloads\karts-with-sockets-main\src\section3\GameClient.java,section3.GameClient,GameClient/0,topPanel,9
C:\Users\Madhu\Downloads\karts-with-sockets-main\src\section3\GameClient.java,section3.GameClient,GameClient/0,serverLabel,1
C:\Users\Madhu\Downloads\karts-with-sockets-main\src\section3\GameClient.java,section3.GameClient,GameClient/0,e,2
C:\Users\Madhu\Downloads\karts-with-sockets-main\src\section3\GameClient.java,section3.GameClient,GameClient/0,debugCheckBox,3
C:\Users\Madhu\Downloads\karts-with-sockets-main\src\section3\GameClient.java,section3.GameClient,GameClient/0,portLabel,1
C:\Users\Madhu\Downloads\karts-with-sockets-main\src\section2\GamePanel.java,section2.GamePanel$Anonymous1,keyPressed/1[java.awt.event.KeyEvent],e,1
C:\Users\Madhu\Downloads\karts-with-sockets-main\src\section3\GamePanel.java,section3.GamePanel,"connect/2[java.lang.String,int]",server,1
C:\Users\Madhu\Downloads\karts-with-sockets-main\src\section3\GamePanel.java,section3.GamePanel,"connect/2[java.lang.String,int]",port,1
C:\Users\Madhu\Downloads\karts-with-sockets-main\src\section3\GamePanel.java,section3.GamePanel,"connect/2[java.lang.String,int]",e,2
C:\Users\Madhu\Downloads\karts-with-sockets-main\src\section3\GamePanel.java,section3.GamePanel,init/0,kart1Pos,1
C:\Users\Madhu\Downloads\karts-with-sockets-main\src\section3\GamePanel.java,section3.GamePanel,init/0,kart2Pos,1
C:\Users\Madhu\Downloads\karts-with-sockets-main\src\section3\GamePanel.java,section3.GamePanel,init/0,kart1,1
C:\Users\Madhu\Downloads\karts-with-sockets-main\src\section3\GamePanel.java,section3.GamePanel,init/0,kart2,1
C:\Users\Madhu\Downloads\karts-with-sockets-main\src\section3\GamePanel.java,section3.GamePanel,disconnect/0,e,1
C:\Users\Madhu\Downloads\karts-with-sockets-main\src\section3\GamePanel.java,section3.GamePanel,actionPerformed/1[java.awt.event.ActionEvent],e,0
C:\Users\Madhu\Downloads\karts-with-sockets-main\src\section3\GamePanel.java,section3.GamePanel,checkCollisions/0,i,4
C:\Users\Madhu\Downloads\karts-with-sockets-main\src\section3\GamePanel.java,section3.GamePanel,renderMap/1[java.awt.Graphics],c3,1
C:\Users\Madhu\Downloads\karts-with-sockets-main\src\section3\GamePanel.java,section3.GamePanel,renderMap/1[java.awt.Graphics],c4,1
C:\Users\Madhu\Downloads\karts-with-sockets-main\src\section3\GamePanel.java,section3.GamePanel,renderMap/1[java.awt.Graphics],g,10
C:\Users\Madhu\Downloads\karts-with-sockets-main\src\section3\GamePanel.java,section3.GamePanel,renderMap/1[java.awt.Graphics],c1,1
C:\Users\Madhu\Downloads\karts-with-sockets-main\src\section3\GamePanel.java,section3.GamePanel,renderMap/1[java.awt.Graphics],c2,1
C:\Users\Madhu\Downloads\karts-with-sockets-main\src\section3\GamePanel.java,section3.GamePanel,log/1[java.lang.String],message,1
C:\Users\Madhu\Downloads\karts-with-sockets-main\src\section3\GamePanel.java,section3.GamePanel,"checkKartCollision/3[section3.Kart,java.awt.Rectangle,java.awt.Rectangle]",kartBounds,2
C:\Users\Madhu\Downloads\karts-with-sockets-main\src\section3\GamePanel.java,section3.GamePanel,"checkKartCollision/3[section3.Kart,java.awt.Rectangle,java.awt.Rectangle]",innerBounds,1
C:\Users\Madhu\Downloads\karts-with-sockets-main\src\section3\GamePanel.java,section3.GamePanel,"checkKartCollision/3[section3.Kart,java.awt.Rectangle,java.awt.Rectangle]",kart,8
C:\Users\Madhu\Downloads\karts-with-sockets-main\src\section3\GamePanel.java,section3.GamePanel,"checkKartCollision/3[section3.Kart,java.awt.Rectangle,java.awt.Rectangle]",outerBounds,1
C:\Users\Madhu\Downloads\karts-with-sockets-main\src\section3\GamePanel.java,section3.GamePanel,showError/1[java.lang.String],s,1
C:\Users\Madhu\Downloads\karts-with-sockets-main\src\section3\GamePanel.java,section3.GamePanel,setDebugMode/1[boolean],debugMode,2
C:\Users\Madhu\Downloads\karts-with-sockets-main\src\section3\GamePanel.java,section3.GamePanel,GamePanel/0,e,1
C:\Users\Madhu\Downloads\karts-with-sockets-main\src\section3\GamePanel.java,section3.GamePanel,requestNextFrame/0,e,1
C:\Users\Madhu\Downloads\karts-with-sockets-main\src\section3\GamePanel.java,section3.GamePanel,requestNextFrame/0,line,4
C:\Users\Madhu\Downloads\karts-with-sockets-main\src\section3\GamePanel.java,section3.GamePanel,requestNextFrame/0,response,5
C:\Users\Madhu\Downloads\karts-with-sockets-main\src\section3\GamePanel.java,section3.GamePanel,requestNextFrame/0,kartData,1
C:\Users\Madhu\Downloads\karts-with-sockets-main\src\section3\GamePanel.java,section3.GamePanel,requestNextFrame/0,i,2
C:\Users\Madhu\Downloads\karts-with-sockets-main\src\section3\GamePanel.java,section3.GamePanel,requestNextFrame/0,message,1
C:\Users\Madhu\Downloads\karts-with-sockets-main\src\section3\GamePanel.java,section3.GamePanel,requestNextFrame/0,numKarts,3
C:\Users\Madhu\Downloads\karts-with-sockets-main\src\section3\GamePanel.java,section3.GamePanel,requestNextFrame/0,idx,1
C:\Users\Madhu\Downloads\karts-with-sockets-main\src\section3\GamePanel.java,section3.GamePanel,paintComponent/1[java.awt.Graphics],g,4
C:\Users\Madhu\Downloads\karts-with-sockets-main\src\section3\GamePanel.java,section3.GamePanel,paintComponent/1[java.awt.Graphics],kart,1
C:\Users\Madhu\Downloads\karts-with-sockets-main\src\section3\GamePanel.java,section3.GamePanel,drawColliders/1[java.awt.Graphics],g,4
C:\Users\Madhu\Downloads\karts-with-sockets-main\src\section3\GamePanel.java,section3.GamePanel,drawColliders/1[java.awt.Graphics],kart,1
C:\Users\Madhu\Downloads\karts-with-sockets-main\src\section3\GamePanel.java,section3.GamePanel,collisionEffect/0,soundPath,1
C:\Users\Madhu\Downloads\karts-with-sockets-main\src\section3\GamePanel.java,section3.GamePanel,collisionEffect/0,e,1
C:\Users\Madhu\Downloads\karts-with-sockets-main\src\section3\GamePanel.java,section3.GamePanel,collisionEffect/0,collisionClip,2
C:\Users\Madhu\Downloads\karts-with-sockets-main\src\section2\Kart.java,section2.Kart,"Kart/4[java.awt.Point,java.awt.Dimension,int,java.lang.String]",e,1
C:\Users\Madhu\Downloads\karts-with-sockets-main\src\section2\Kart.java,section2.Kart,"Kart/4[java.awt.Point,java.awt.Dimension,int,java.lang.String]",center,2
C:\Users\Madhu\Downloads\karts-with-sockets-main\src\section2\Kart.java,section2.Kart,"Kart/4[java.awt.Point,java.awt.Dimension,int,java.lang.String]",dim,2
C:\Users\Madhu\Downloads\karts-with-sockets-main\src\section2\Kart.java,section2.Kart,"Kart/4[java.awt.Point,java.awt.Dimension,int,java.lang.String]",i,4
C:\Users\Madhu\Downloads\karts-with-sockets-main\src\section2\Kart.java,section2.Kart,"Kart/4[java.awt.Point,java.awt.Dimension,int,java.lang.String]",imgRootPath,1
C:\Users\Madhu\Downloads\karts-with-sockets-main\src\section2\Kart.java,section2.Kart,"Kart/4[java.awt.Point,java.awt.Dimension,int,java.lang.String]",direction,2
C:\Users\Madhu\Downloads\karts-with-sockets-main\src\section2\Kart.java,section2.Kart,getShape/0,tx,2
C:\Users\Madhu\Downloads\karts-with-sockets-main\src\section2\Kart.java,section2.Kart,getShape/0,bounds,1
C:\Users\Madhu\Downloads\karts-with-sockets-main\src\section2\Kart.java,section2.Kart,update/1[double],dt,2
C:\Users\Madhu\Downloads\karts-with-sockets-main\src\section2\Kart.java,section2.Kart,setStuck/1[boolean],stuck,2
C:\Users\Madhu\Downloads\karts-with-sockets-main\src\section2\Kart.java,section2.Kart,render/1[java.awt.Graphics],g,1
C:\Users\Madhu\Downloads\karts-with-sockets-main\src\section2\Kart.java,section2.Kart,drawColliders/1[java.awt.Graphics],g,1
C:\Users\Madhu\Downloads\karts-with-sockets-main\src\section2\Kart.java,section2.Kart,drawColliders/1[java.awt.Graphics],bounds,1
C:\Users\Madhu\Downloads\karts-with-sockets-main\src\section2\Kart.java,section2.Kart,drawColliders/1[java.awt.Graphics],g2d,2
C:\Users\Madhu\Downloads\karts-with-sockets-main\src\section3\GameServer.java,section3.GameServer$ClientThread,run/0,e,1
C:\Users\Madhu\Downloads\karts-with-sockets-main\src\section3\GameServer.java,section3.GameServer$ClientThread,run/0,line,2
C:\Users\Madhu\Downloads\karts-with-sockets-main\src\section3\GameServer.java,section3.GameServer$ClientThread,ClientThread/1[java.net.Socket],e,1
C:\Users\Madhu\Downloads\karts-with-sockets-main\src\section3\GameServer.java,section3.GameServer$ClientThread,ClientThread/1[java.net.Socket],socket,4
C:\Users\Madhu\Downloads\karts-with-sockets-main\src\section3\GameServer.java,section3.GameServer$ClientThread,handleClientRequest/1[java.lang.String],request,3
C:\Users\Madhu\Downloads\karts-with-sockets-main\src\section3\GameServer.java,section3.GameServer$ClientThread,handleClientRequest/1[java.lang.String],st,2
C:\Users\Madhu\Downloads\karts-with-sockets-main\src\section3\GameServer.java,section3.GameServer$ClientThread,handleClientRequest/1[java.lang.String],protocol,2
C:\Users\Madhu\Downloads\karts-with-sockets-main\src\section3\GameServer.java,section3.GameServer$ClientThread,handleClientRequest/1[java.lang.String],data,1
C:\Users\Madhu\Downloads\karts-with-sockets-main\src\section3\GameServer.java,section3.GameServer$ClientThread,handleClientRequest/1[java.lang.String],e,0
C:\Users\Madhu\Downloads\karts-with-sockets-main\src\section3\GameServer.java,section3.GameServer$ClientThread,handleClientRequest/1[java.lang.String],client,8
C:\Users\Madhu\Downloads\karts-with-sockets-main\src\section3\GameServer.java,section3.GameServer$ClientThread,handleClientRequest/1[java.lang.String],numKarts,3
C:\Users\Madhu\Downloads\karts-with-sockets-main\src\section1\GamePanel.java,section1.GamePanel$Anonymous1,keyPressed/1[java.awt.event.KeyEvent],e,1
C:\Users\Madhu\Downloads\karts-with-sockets-main\src\section3\GamePanel.java,section3.GamePanel$Anonymous1,keyPressed/1[java.awt.event.KeyEvent],e,1
C:\Users\Madhu\Downloads\karts-with-sockets-main\src\section2\Game.java,section2.Game,Game/0,game,2
C:\Users\Madhu\Downloads\karts-with-sockets-main\src\section2\Game.java,section2.Game,main/1[java.lang.String[]],args,0
C:\Users\Madhu\Downloads\karts-with-sockets-main\src\section3\GamePanel.java,section3.GamePanel$Anonymous2,mouseEntered/1[java.awt.event.MouseEvent],e,0
