file,class,type,cbo,cboModified,fanin,fanout,wmc,dit,noc,rfc,lcom,lcom*,tcc,lcc,totalMethodsQty,staticMethodsQty,publicMethodsQty,privateMethodsQty,protectedMethodsQty,defaultMethodsQty,visibleMethodsQty,abstractMethodsQty,finalMethodsQty,synchronizedMethodsQty,totalFieldsQty,staticFieldsQty,publicFieldsQty,privateFieldsQty,protectedFieldsQty,defaultFieldsQty,finalFieldsQty,synchronizedFieldsQty,nosi,loc,returnQty,loopQty,comparisonsQty,tryCatchQty,parenthesizedExpsQty,stringLiteralsQty,numbersQty,assignmentsQty,mathOperationsQty,variablesQty,maxNestedBlocksQty,anonymousClassesQty,innerClassesQty,lambdasQty,uniqueWordsQty,modifiers,logStatementsQty
C:\Users\Madhu\Downloads\paprika-master\src\paprika\metrics\ClassComplexity.java,paprika.metrics.ClassComplexity,class,3,5,2,3,2,3,0,2,1,0.0,NaN,NaN,2,1,1,1,0,0,1,0,0,0,0,0,0,0,0,0,0,0,0,12,1,0,0,0,0,1,0,4,0,1,0,0,0,0,11,1,0
C:\Users\Madhu\Downloads\paprika-master\src\paprika\metrics\CouplingBetweenObjects.java,paprika.metrics.CouplingBetweenObjects,class,3,5,2,3,2,3,0,2,1,0.0,NaN,NaN,2,1,1,1,0,0,1,0,0,0,0,0,0,0,0,0,0,0,0,12,1,0,0,0,0,1,0,4,0,1,0,0,0,0,13,1,0
C:\Users\Madhu\Downloads\paprika-master\src\paprika\metrics\IsInit.java,paprika.metrics.IsInit,class,3,5,2,3,2,3,0,1,1,0.0,NaN,NaN,2,1,1,1,0,0,1,0,0,0,0,0,0,0,0,0,0,0,0,12,1,0,0,0,0,1,0,4,0,1,0,0,0,0,8,1,0
C:\Users\Madhu\Downloads\paprika-master\src\paprika\metrics\NumberOfChildren.java,paprika.metrics.NumberOfChildren,class,3,5,2,3,2,3,0,2,1,0.0,NaN,NaN,2,1,1,1,0,0,1,0,0,0,0,0,0,0,0,0,0,0,0,12,1,0,0,0,0,1,0,4,0,1,0,0,0,0,13,1,0
C:\Users\Madhu\Downloads\paprika-master\src\paprika\metrics\NumberOfActivities.java,paprika.metrics.NumberOfActivities,class,3,5,2,3,2,3,0,1,1,0.0,NaN,NaN,2,1,1,1,0,0,1,0,0,0,0,0,0,0,0,0,0,0,0,12,1,0,0,0,0,1,0,4,0,1,0,0,0,0,14,1,0
C:\Users\Madhu\Downloads\paprika-master\src\paprika\neo4j\HeavyAsyncTaskStepsQuery.java,paprika.neo4j.HeavyAsyncTaskStepsQuery,class,6,8,2,6,11,3,0,21,4,0.625,0.33333334,0.33333334,4,1,3,1,0,0,3,0,0,0,4,4,0,0,4,0,0,0,0,66,1,1,0,2,0,20,5,23,2,18,3,0,0,0,54,1,0
C:\Users\Madhu\Downloads\paprika-master\src\paprika\metrics\DumbUnaryMetric.java,paprika.metrics.DumbUnaryMetric,class,4,5,1,4,2,3,0,1,0,0.0,NaN,NaN,2,1,1,1,0,0,1,0,0,0,1,0,0,1,0,0,0,0,0,13,1,0,0,0,0,0,0,4,0,2,0,0,0,0,15,1,0
C:\Users\Madhu\Downloads\paprika-master\src\paprika\neo4j\Query.java,paprika.neo4j.Query,class,2,15,13,2,2,1,13,1,1,0.5,0.0,0.0,2,0,2,0,0,0,2,1,0,0,2,0,0,0,2,0,0,0,0,9,0,0,0,0,0,0,0,2,0,2,0,0,0,0,17,1025,0
C:\Users\Madhu\Downloads\paprika-master\src\paprika\entities\PaprikaVariable.java,paprika.entities.PaprikaVariable,class,4,9,5,4,10,2,0,1,0,0.47619048,0.73333335,1.0,7,1,6,1,0,0,6,0,0,0,3,0,0,3,0,0,0,0,0,31,6,0,3,0,0,0,0,5,0,4,0,0,0,0,22,1,0
C:\Users\Madhu\Downloads\paprika-master\src\paprika\metrics\IsStatic.java,paprika.metrics.IsStatic,class,3,5,2,3,2,3,0,1,1,0.0,NaN,NaN,2,1,1,1,0,0,1,0,0,0,0,0,0,0,0,0,0,0,0,12,1,0,0,0,0,1,0,4,0,1,0,0,0,0,7,1,0
C:\Users\Madhu\Downloads\paprika-master\src\paprika\metrics\NumberOfDeclaredLocals.java,paprika.metrics.NumberOfDeclaredLocals,class,3,5,2,3,2,3,0,1,1,0.0,NaN,NaN,2,1,1,1,0,0,1,0,0,0,0,0,0,0,0,0,0,0,0,12,1,0,0,0,0,1,0,4,0,1,0,0,0,0,15,1,0
C:\Users\Madhu\Downloads\paprika-master\src\paprika\neo4j\IGSQuery.java,paprika.neo4j.IGSQuery,class,4,6,2,4,4,2,0,3,3,0.0,0.0,0.0,3,1,2,1,0,0,2,0,0,0,0,0,0,0,0,0,0,0,0,21,1,0,0,1,0,4,0,5,0,3,2,0,0,0,36,1,0
C:\Users\Madhu\Downloads\paprika-master\src\paprika\entities\PaprikaArgument.java,paprika.entities.PaprikaArgument,class,3,7,4,3,3,2,0,1,0,0.16666667,1.0,1.0,3,1,2,1,0,0,2,0,0,0,2,0,0,2,0,0,0,0,0,17,2,0,0,0,0,0,0,4,0,3,0,0,0,0,15,1,0
C:\Users\Madhu\Downloads\paprika-master\src\paprika\metrics\IsView.java,paprika.metrics.IsView,class,3,5,2,3,2,3,0,1,1,0.0,NaN,NaN,2,1,1,1,0,0,1,0,0,0,0,0,0,0,0,0,0,0,0,12,1,0,0,0,0,1,0,4,0,1,0,0,0,0,8,1,0
C:\Users\Madhu\Downloads\paprika-master\src\paprika\FuzzyTest.java,paprika.FuzzyTest,class,3,3,0,3,3,1,0,12,0,0.0,NaN,NaN,1,1,1,0,0,0,1,0,0,0,0,0,0,0,0,0,0,0,1,24,0,1,1,0,0,13,26,7,2,7,1,0,0,0,24,1,0
C:\Users\Madhu\Downloads\paprika-master\src\paprika\neo4j\IndexManager.java,paprika.neo4j.IndexManager,class,3,4,1,3,8,1,0,13,0,0.0,1.0,1.0,2,0,2,0,0,0,2,0,0,0,1,0,0,1,0,0,0,0,0,36,0,0,0,2,0,21,0,5,0,5,2,0,0,0,17,1,0
C:\Users\Madhu\Downloads\paprika-master\src\paprika\metrics\IsAsyncTask.java,paprika.metrics.IsAsyncTask,class,3,5,2,3,2,3,0,1,1,0.0,NaN,NaN,2,1,1,1,0,0,1,0,0,0,0,0,0,0,0,0,0,0,0,12,1,0,0,0,0,1,0,4,0,1,0,0,0,0,9,1,0
C:\Users\Madhu\Downloads\paprika-master\src\paprika\entities\PaprikaExternalClass.java,paprika.entities.PaprikaExternalClass,class,4,9,5,4,8,2,0,3,8,0.625,0.23809524,0.23809524,8,1,7,1,0,0,7,0,0,0,3,0,0,3,0,0,0,0,0,33,4,0,0,0,0,0,0,5,0,4,0,0,0,0,21,1,0
C:\Users\Madhu\Downloads\paprika-master\src\paprika\metrics\IsFinal.java,paprika.metrics.IsFinal,class,3,5,2,3,2,3,0,1,1,0.0,NaN,NaN,2,1,1,1,0,0,1,0,0,0,0,0,0,0,0,0,0,0,0,12,1,0,0,0,0,1,0,4,0,1,0,0,0,0,7,1,0
C:\Users\Madhu\Downloads\paprika-master\src\paprika\metrics\NPathComplexity.java,paprika.metrics.NPathComplexity,class,3,5,2,3,2,3,0,2,1,0.0,NaN,NaN,2,1,1,1,0,0,1,0,0,0,0,0,0,0,0,0,0,0,0,12,1,0,0,0,0,1,0,4,0,1,0,0,0,0,14,1,0
C:\Users\Madhu\Downloads\paprika-master\src\paprika\neo4j\SAKQuery.java,paprika.neo4j.SAKQuery,class,6,8,2,6,10,3,0,21,4,0.625,0.33333334,0.33333334,4,1,3,1,0,0,3,0,0,0,2,2,0,0,2,0,0,0,0,62,1,1,0,2,0,16,3,20,2,15,3,0,0,0,52,1,0
C:\Users\Madhu\Downloads\paprika-master\src\paprika\entities\PaprikaMethod.java,paprika.entities.PaprikaMethod,class,6,22,16,6,16,2,0,8,39,0.75,0.16666667,0.25641027,14,1,13,1,0,0,13,0,0,0,6,0,0,6,0,0,0,0,0,62,10,1,0,0,0,1,3,9,1,8,2,0,0,0,41,1,0
C:\Users\Madhu\Downloads\paprika-master\src\paprika\neo4j\DatabaseManager.java,paprika.neo4j.DatabaseManager$Anonymous1,anonymous,0,0,0,0,1,1,0,1,0,0.0,NaN,NaN,1,0,1,0,0,0,1,0,0,0,0,0,0,0,0,0,0,0,0,5,0,0,0,0,0,0,0,0,0,0,0,0,0,0,1,-1,0
C:\Users\Madhu\Downloads\paprika-master\src\paprika\metrics\IsService.java,paprika.metrics.IsService,class,3,5,2,3,2,3,0,1,1,0.0,NaN,NaN,2,1,1,1,0,0,1,0,0,0,0,0,0,0,0,0,0,0,0,12,1,0,0,0,0,1,0,4,0,1,0,0,0,0,8,1,0
C:\Users\Madhu\Downloads\paprika-master\src\paprika\entities\PaprikaExternalMethod.java,paprika.entities.PaprikaExternalMethod,class,4,9,5,4,8,2,0,4,4,0.5833333,0.23809524,0.23809524,8,1,7,1,0,0,7,0,0,0,3,0,0,3,0,0,0,0,0,34,5,0,0,0,0,1,0,5,1,4,0,0,0,0,23,1,0
C:\Users\Madhu\Downloads\paprika-master\src\paprika\neo4j\InitOnDrawQuery.java,paprika.neo4j.InitOnDrawQuery,class,4,6,2,4,4,2,0,3,3,0.0,0.0,0.0,3,1,2,1,0,0,2,0,0,0,0,0,0,0,0,0,0,0,0,21,1,0,0,1,0,4,0,5,0,3,2,0,0,0,23,1,0
C:\Users\Madhu\Downloads\paprika-master\src\paprika\metrics\IsGetter.java,paprika.metrics.IsGetter,class,3,5,2,3,2,3,0,1,1,0.0,NaN,NaN,2,1,1,1,0,0,1,0,0,0,0,0,0,0,0,0,0,0,0,12,1,0,0,0,0,1,0,4,0,1,0,0,0,0,8,1,0
C:\Users\Madhu\Downloads\paprika-master\src\paprika\neo4j\LMQuery.java,paprika.neo4j.LMQuery,class,6,8,2,6,10,3,0,21,4,0.625,0.33333334,0.33333334,4,1,3,1,0,0,3,0,0,0,2,2,0,0,2,0,0,0,0,62,1,1,0,2,0,16,3,20,2,15,3,0,0,0,51,1,0
C:\Users\Madhu\Downloads\paprika-master\src\paprika\neo4j\OverdrawQuery.java,paprika.neo4j.OverdrawQuery,class,4,6,2,4,4,2,0,3,3,0.0,0.0,0.0,3,1,2,1,0,0,2,0,0,0,0,0,0,0,0,0,0,0,0,21,1,0,0,1,0,6,0,5,1,3,2,0,0,0,25,1,0
C:\Users\Madhu\Downloads\paprika-master\src\paprika\metrics\NumberOfImplementedInterfaces.java,paprika.metrics.NumberOfImplementedInterfaces,class,3,5,2,3,2,3,0,1,1,0.0,NaN,NaN,2,1,1,1,0,0,1,0,0,0,0,0,0,0,0,0,0,0,0,12,1,0,0,0,0,1,0,4,0,1,0,0,0,0,15,1,0
C:\Users\Madhu\Downloads\paprika-master\src\paprika\analyzer\SootAnalyzer.java,paprika.analyzer.SootAnalyzer,class,74,77,3,74,119,2,0,173,239,0.9055943,0.45454547,0.6818182,26,0,12,14,0,0,12,0,0,0,12,2,0,11,0,1,1,0,64,435,21,21,19,1,6,29,25,93,3,74,8,2,0,0,173,1,0
C:\Users\Madhu\Downloads\paprika-master\src\paprika\metrics\NumberOfInnerClasses.java,paprika.metrics.NumberOfInnerClasses,class,3,5,2,3,2,3,0,1,1,0.0,NaN,NaN,2,1,1,1,0,0,1,0,0,0,0,0,0,0,0,0,0,0,0,12,1,0,0,0,0,1,0,4,0,1,0,0,0,0,15,1,0
C:\Users\Madhu\Downloads\paprika-master\src\paprika\neo4j\ModelToGraph.java,paprika.neo4j.ModelToGraph,class,16,18,2,16,35,1,0,64,0,0.78571427,0.74545455,1.0,12,0,11,1,0,0,11,0,0,0,14,8,0,14,0,0,8,0,0,187,8,20,3,2,0,50,0,28,0,28,3,0,0,0,57,1,0
C:\Users\Madhu\Downloads\paprika-master\src\paprika\metrics\IsApplication.java,paprika.metrics.IsApplication,class,3,5,2,3,2,3,0,1,1,0.0,NaN,NaN,2,1,1,1,0,0,1,0,0,0,0,0,0,0,0,0,0,0,0,12,1,0,0,0,0,1,0,4,0,1,0,0,0,0,8,1,0
C:\Users\Madhu\Downloads\paprika-master\src\paprika\metrics\LackofCohesionInMethods.java,paprika.metrics.LackofCohesionInMethods,class,3,5,2,3,2,3,0,2,1,0.0,NaN,NaN,2,1,1,1,0,0,1,0,0,0,0,0,0,0,0,0,0,0,0,12,1,0,0,0,0,1,0,4,0,1,0,0,0,0,23,1,0
C:\Users\Madhu\Downloads\paprika-master\src\paprika\metrics\NumberOfVariables.java,paprika.metrics.NumberOfVariables,class,3,5,2,3,2,3,0,1,1,0.0,NaN,NaN,2,1,1,1,0,0,1,0,0,0,0,0,0,0,0,0,0,0,0,12,1,0,0,0,0,1,0,4,0,1,0,0,0,0,14,1,0
C:\Users\Madhu\Downloads\paprika-master\src\paprika\neo4j\MIMQuery.java,paprika.neo4j.MIMQuery,class,4,6,2,4,4,2,0,3,3,0.0,0.0,0.0,3,1,2,1,0,0,2,0,0,0,0,0,0,0,0,0,0,0,0,21,1,0,0,1,0,4,0,5,0,3,2,0,0,0,31,1,0
C:\Users\Madhu\Downloads\paprika-master\src\paprika\metrics\IsARGB8888.java,paprika.metrics.IsARGB8888,class,3,5,2,3,2,3,0,1,1,0.0,NaN,NaN,2,1,1,1,0,0,1,0,0,0,0,0,0,0,0,0,0,0,0,12,1,0,0,0,0,1,0,4,0,1,0,0,0,0,16,1,0
C:\Users\Madhu\Downloads\paprika-master\src\paprika\neo4j\DatabaseManager.java,paprika.neo4j.DatabaseManager,class,3,6,3,3,10,1,0,12,9,0.5714286,0.6,1.0,7,2,5,2,0,0,5,0,0,0,2,0,0,2,0,0,1,0,4,39,1,1,0,0,0,0,0,2,0,2,3,1,0,0,33,1,0
C:\Users\Madhu\Downloads\paprika-master\src\paprika\metrics\CyclomaticComplexity.java,paprika.metrics.CyclomaticComplexity,class,4,6,2,4,2,3,0,3,1,0.0,NaN,NaN,2,1,1,1,0,0,1,0,0,0,0,0,0,0,0,0,0,0,0,13,1,0,0,0,0,1,0,4,0,1,0,0,0,0,13,1,0
C:\Users\Madhu\Downloads\paprika-master\src\paprika\metrics\NumberOfServices.java,paprika.metrics.NumberOfServices,class,3,5,2,3,2,3,0,1,1,0.0,NaN,NaN,2,1,1,1,0,0,1,0,0,0,0,0,0,0,0,0,0,0,0,12,1,0,0,0,0,1,0,4,0,1,0,0,0,0,14,1,0
C:\Users\Madhu\Downloads\paprika-master\src\paprika\metrics\NumberOfMethods.java,paprika.metrics.NumberOfMethods,class,3,5,2,3,2,3,0,1,1,0.0,NaN,NaN,2,1,1,1,0,0,1,0,0,0,0,0,0,0,0,0,0,0,0,12,1,0,0,0,0,1,0,4,0,1,0,0,0,0,13,1,0
C:\Users\Madhu\Downloads\paprika-master\src\paprika\neo4j\BLOBQuery.java,paprika.neo4j.BLOBQuery,class,6,8,2,6,12,3,0,21,4,0.625,0.33333334,0.33333334,4,1,3,1,0,0,3,0,0,0,6,6,0,0,6,0,0,0,0,70,1,1,0,2,0,24,7,26,2,21,3,0,0,0,55,1,0
C:\Users\Madhu\Downloads\paprika-master\src\paprika\neo4j\LICQuery.java,paprika.neo4j.LICQuery,class,4,6,2,4,4,2,0,3,3,0.0,0.0,0.0,3,1,2,1,0,0,2,0,0,0,0,0,0,0,0,0,0,0,0,21,1,0,0,1,0,4,0,5,0,3,2,0,0,0,32,1,0
C:\Users\Madhu\Downloads\paprika-master\src\paprika\neo4j\ARGB8888Query.java,paprika.neo4j.ARGB8888Query,class,4,6,2,4,4,2,0,3,3,0.0,0.0,0.0,3,1,2,1,0,0,2,0,0,0,0,0,0,0,0,0,0,0,0,18,1,0,0,1,0,3,0,4,0,3,2,0,0,0,33,1,0
C:\Users\Madhu\Downloads\paprika-master\src\paprika\neo4j\CCQuery.java,paprika.neo4j.CCQuery,class,6,8,2,6,10,3,0,21,4,0.625,0.33333334,0.33333334,4,1,3,1,0,0,3,0,0,0,2,2,0,0,2,0,0,0,0,62,1,1,0,2,0,16,3,20,2,15,3,0,0,0,50,1,0
C:\Users\Madhu\Downloads\paprika-master\src\paprika\entities\PaprikaApp.java,paprika.entities.PaprikaApp,class,4,22,18,4,19,2,0,2,109,0.8491228,0.08496732,0.44444445,19,1,18,1,0,0,18,0,0,0,15,0,0,15,0,0,0,0,0,89,16,0,0,0,0,0,0,16,0,15,0,0,0,0,43,1,0
C:\Users\Madhu\Downloads\paprika-master\src\paprika\metrics\NumberOfAbstractClasses.java,paprika.metrics.NumberOfAbstractClasses,class,3,5,2,3,2,3,0,1,1,0.0,NaN,NaN,2,1,1,1,0,0,1,0,0,0,0,0,0,0,0,0,0,0,0,12,1,0,0,0,0,1,0,4,0,1,0,0,0,0,15,1,0
C:\Users\Madhu\Downloads\paprika-master\src\paprika\metrics\NumberOfDirectCalls.java,paprika.metrics.NumberOfDirectCalls,class,3,5,2,3,2,3,0,1,1,0.0,NaN,NaN,2,1,1,1,0,0,1,0,0,0,0,0,0,0,0,0,0,0,0,12,1,0,0,0,0,1,0,4,0,1,0,0,0,0,15,1,0
C:\Users\Madhu\Downloads\paprika-master\src\paprika\neo4j\QuartileCalculator.java,paprika.neo4j.QuartileCalculator,class,4,6,2,4,12,1,0,11,0,0.13636364,1.0,1.0,11,0,10,1,0,0,10,0,0,0,2,0,0,0,2,0,0,0,3,113,2,1,0,9,4,29,2,44,7,44,1,0,0,0,68,1,0
C:\Users\Madhu\Downloads\paprika-master\src\paprika\metrics\NumberOfContentProviders.java,paprika.metrics.NumberOfContentProviders,class,3,5,2,3,2,3,0,1,1,0.0,NaN,NaN,2,1,1,1,0,0,1,0,0,0,0,0,0,0,0,0,0,0,0,12,1,0,0,0,0,1,0,4,0,1,0,0,0,0,15,1,0
C:\Users\Madhu\Downloads\paprika-master\src\paprika\metrics\DepthOfInheritance.java,paprika.metrics.DepthOfInheritance,class,3,5,2,3,2,3,0,1,1,0.0,NaN,NaN,2,1,1,1,0,0,1,0,0,0,0,0,0,0,0,0,0,0,0,12,1,0,0,0,0,1,0,4,0,1,0,0,0,0,14,1,0
C:\Users\Madhu\Downloads\paprika-master\src\paprika\metrics\IsContentProvider.java,paprika.metrics.IsContentProvider,class,3,5,2,3,2,3,0,1,1,0.0,NaN,NaN,2,1,1,1,0,0,1,0,0,0,0,0,0,0,0,0,0,0,0,12,1,0,0,0,0,1,0,4,0,1,0,0,0,0,9,1,0
C:\Users\Madhu\Downloads\paprika-master\src\paprika\metrics\NumberOfParameters.java,paprika.metrics.NumberOfParameters,class,3,5,2,3,2,3,0,1,1,0.0,NaN,NaN,2,1,1,1,0,0,1,0,0,0,0,0,0,0,0,0,0,0,0,12,1,0,0,0,0,1,0,4,0,1,0,0,0,0,14,1,0
C:\Users\Madhu\Downloads\paprika-master\src\paprika\entities\PaprikaModifiers.java,paprika.entities.PaprikaModifiers,enum,0,4,4,0,0,1,0,0,0,0.0,-1.0,-1.0,0,0,0,0,0,0,0,0,0,0,0,0,0,0,0,0,0,0,0,1,0,0,0,0,0,0,0,0,0,0,0,0,0,0,14,1,0
C:\Users\Madhu\Downloads\paprika-master\src\paprika\analyzer\SootAnalyzer.java,paprika.analyzer.SootAnalyzer$Anonymous1,anonymous,0,0,0,0,1,1,0,0,0,0.0,NaN,NaN,1,0,1,0,0,0,1,0,0,0,0,0,0,0,0,0,0,0,0,4,0,0,0,0,0,0,0,0,0,0,0,0,0,0,2,-1,0
C:\Users\Madhu\Downloads\paprika-master\src\paprika\metrics\NumberOfInstructions.java,paprika.metrics.NumberOfInstructions,class,3,5,2,3,2,3,0,1,1,0.0,NaN,NaN,2,1,1,1,0,0,1,0,0,0,0,0,0,0,0,0,0,0,0,12,1,0,0,0,0,1,0,4,0,1,0,0,0,0,14,1,0
C:\Users\Madhu\Downloads\paprika-master\src\paprika\neo4j\FuzzyQuery.java,paprika.neo4j.FuzzyQuery,class,2,9,7,2,2,2,7,0,1,1.0,0.0,0.0,2,0,2,0,0,0,2,1,0,0,1,0,0,0,1,0,0,0,0,7,0,0,0,0,0,0,0,0,0,1,0,0,0,0,16,1025,0
C:\Users\Madhu\Downloads\paprika-master\src\paprika\metrics\IsSetter.java,paprika.metrics.IsSetter,class,3,5,2,3,2,3,0,1,1,0.0,NaN,NaN,2,1,1,1,0,0,1,0,0,0,0,0,0,0,0,0,0,0,0,12,1,0,0,0,0,1,0,4,0,1,0,0,0,0,8,1,0
C:\Users\Madhu\Downloads\paprika-master\src\paprika\metrics\NumberOfClasses.java,paprika.metrics.NumberOfClasses,class,3,5,2,3,2,3,0,1,1,0.0,NaN,NaN,2,1,1,1,0,0,1,0,0,0,0,0,0,0,0,0,0,0,0,12,1,0,0,0,0,1,0,4,0,1,0,0,0,0,14,1,0
C:\Users\Madhu\Downloads\paprika-master\src\paprika\analyzer\SootAnalyzer.java,paprika.analyzer.SootAnalyzer$Anonymous2,anonymous,2,2,0,2,1,1,0,2,0,0.0,NaN,NaN,1,0,0,0,1,0,1,0,0,0,0,0,0,0,0,0,0,0,0,5,0,0,0,0,0,1,0,0,0,0,0,0,0,0,8,-1,0
C:\Users\Madhu\Downloads\paprika-master\src\paprika\Main.java,paprika.Main,class,30,31,1,30,48,1,0,111,10,1.0,0.0,0.0,5,5,4,1,0,0,4,0,0,0,1,1,0,1,0,0,1,0,73,254,1,2,2,2,1,167,9,23,6,23,3,0,0,0,133,1,0
C:\Users\Madhu\Downloads\paprika-master\src\paprika\metrics\IsBroadcastReceiver.java,paprika.metrics.IsBroadcastReceiver,class,3,5,2,3,2,3,0,1,1,0.0,NaN,NaN,2,1,1,1,0,0,1,0,0,0,0,0,0,0,0,0,0,0,0,12,1,0,0,0,0,1,0,4,0,1,0,0,0,0,9,1,0
C:\Users\Madhu\Downloads\paprika-master\src\paprika\metrics\UnaryMetric.java,paprika.metrics.UnaryMetric,class,2,50,48,2,4,2,0,1,0,0.0,1.0,1.0,4,0,2,0,2,0,4,0,0,0,1,0,0,0,1,0,0,0,0,15,2,0,0,0,0,2,0,1,1,1,0,0,0,0,13,1025,0
C:\Users\Madhu\Downloads\paprika-master\src\paprika\neo4j\UnsuitedLRUCacheSizeQuery.java,paprika.neo4j.UnsuitedLRUCacheSizeQuery,class,4,6,2,4,4,2,0,3,3,0.0,0.0,0.0,3,1,2,1,0,0,2,0,0,0,0,0,0,0,0,0,0,0,0,21,1,0,0,1,0,4,0,5,0,3,2,0,0,0,31,1,0
C:\Users\Madhu\Downloads\paprika-master\src\paprika\neo4j\HeavyServiceStartQuery.java,paprika.neo4j.HeavyServiceStartQuery,class,6,8,2,6,11,3,0,21,4,0.625,0.33333334,0.33333334,4,1,3,1,0,0,3,0,0,0,4,4,0,0,4,0,0,0,0,66,1,1,0,2,0,20,5,23,2,18,3,0,0,0,53,1,0
C:\Users\Madhu\Downloads\paprika-master\src\paprika\neo4j\RelationTypes.java,paprika.neo4j.RelationTypes,enum,0,0,0,0,0,1,0,0,0,0.0,-1.0,-1.0,0,0,0,0,0,0,0,0,0,0,0,0,0,0,0,0,0,0,0,1,0,0,0,0,0,0,0,0,0,0,0,0,0,0,13,1,0
C:\Users\Madhu\Downloads\paprika-master\src\paprika\metrics\NumberOfArgb8888.java,paprika.metrics.NumberOfArgb8888,class,3,5,2,3,2,3,0,1,1,0.0,NaN,NaN,2,1,1,1,0,0,1,0,0,0,0,0,0,0,0,0,0,0,0,12,1,0,0,0,0,1,0,4,0,1,0,0,0,0,13,1,0
C:\Users\Madhu\Downloads\paprika-master\src\paprika\neo4j\QueryEngine.java,paprika.neo4j.QueryEngine,class,4,28,24,4,51,1,0,43,424,0.7927928,0.2806324,0.53754944,37,0,23,14,0,0,23,0,0,0,3,0,0,0,3,0,0,0,1,274,3,10,4,13,0,84,6,60,14,55,3,0,0,0,113,1,0
C:\Users\Madhu\Downloads\paprika-master\src\paprika\entities\Entity.java,paprika.entities.Entity,class,2,19,17,2,6,1,8,1,3,0.5,0.4,0.4,6,0,6,0,0,0,6,0,0,0,2,0,0,0,2,0,0,0,0,22,3,0,0,0,0,0,0,3,0,2,0,0,0,0,18,1025,0
C:\Users\Madhu\Downloads\paprika-master\src\paprika\metrics\BinaryMetric.java,paprika.metrics.BinaryMetric,class,2,2,0,2,4,2,0,0,2,0.5,0.33333334,0.33333334,4,0,4,0,0,0,4,0,0,0,2,0,0,2,0,0,0,0,0,16,2,0,0,0,0,0,0,2,0,2,0,0,0,0,13,1025,0
C:\Users\Madhu\Downloads\paprika-master\src\paprika\metrics\NumberOfBroadcastReceivers.java,paprika.metrics.NumberOfBroadcastReceivers,class,3,5,2,3,2,3,0,1,1,0.0,NaN,NaN,2,1,1,1,0,0,1,0,0,0,0,0,0,0,0,0,0,0,0,12,1,0,0,0,0,1,0,4,0,1,0,0,0,0,15,1,0
C:\Users\Madhu\Downloads\paprika-master\src\paprika\metrics\NumberOfCallers.java,paprika.metrics.NumberOfCallers,class,3,5,2,3,2,3,0,1,1,0.0,NaN,NaN,2,1,1,1,0,0,1,0,0,0,0,0,0,0,0,0,0,0,0,12,1,0,0,0,0,1,0,4,0,1,0,0,0,0,14,1,0
C:\Users\Madhu\Downloads\paprika-master\src\paprika\neo4j\HashMapUsageQuery.java,paprika.neo4j.HashMapUsageQuery,class,4,6,2,4,4,2,0,3,3,0.0,0.0,0.0,3,1,2,1,0,0,2,0,0,0,0,0,0,0,0,0,0,0,0,22,1,0,0,1,0,4,0,5,0,3,2,0,0,0,24,1,0
C:\Users\Madhu\Downloads\paprika-master\src\paprika\neo4j\UnsupportedHardwareAccelerationQuery.java,paprika.neo4j.UnsupportedHardwareAccelerationQuery,class,4,6,2,4,5,2,0,3,3,0.0,0.0,0.0,3,1,2,1,0,0,2,0,0,0,0,0,0,0,0,0,0,0,0,27,1,1,0,1,0,18,2,9,2,5,1,0,0,0,29,1,0
C:\Users\Madhu\Downloads\paprika-master\src\paprika\metrics\IsActivity.java,paprika.metrics.IsActivity,class,3,5,2,3,2,3,0,1,1,0.0,NaN,NaN,2,1,1,1,0,0,1,0,0,0,0,0,0,0,0,0,0,0,0,12,1,0,0,0,0,1,0,4,0,1,0,0,0,0,8,1,0
C:\Users\Madhu\Downloads\paprika-master\src\paprika\neo4j\NLMRQuery.java,paprika.neo4j.NLMRQuery,class,4,6,2,4,4,2,0,3,3,0.0,0.0,0.0,3,1,2,1,0,0,2,0,0,0,0,0,0,0,0,0,0,0,0,21,1,0,0,1,0,4,0,5,0,3,2,0,0,0,32,1,0
C:\Users\Madhu\Downloads\paprika-master\src\paprika\metrics\IsSynchronized.java,paprika.metrics.IsSynchronized,class,3,5,2,3,2,3,0,1,1,0.0,NaN,NaN,2,1,1,1,0,0,1,0,0,0,0,0,0,0,0,0,0,0,0,12,1,0,0,0,0,1,0,4,0,1,0,0,0,0,8,1,0
C:\Users\Madhu\Downloads\paprika-master\src\paprika\metrics\NumberOfAsyncTasks.java,paprika.metrics.NumberOfAsyncTasks,class,3,5,2,3,2,3,0,1,1,0.0,NaN,NaN,2,1,1,1,0,0,1,0,0,0,0,0,0,0,0,0,0,0,0,12,1,0,0,0,0,1,0,4,0,1,0,0,0,0,15,1,0
C:\Users\Madhu\Downloads\paprika-master\src\paprika\neo4j\HeavyBroadcastReceiverQuery.java,paprika.neo4j.HeavyBroadcastReceiverQuery,class,6,8,2,6,11,3,0,21,4,0.625,0.33333334,0.33333334,4,1,3,1,0,0,3,0,0,0,4,4,0,0,4,0,0,0,0,66,1,1,0,2,0,20,5,23,2,18,3,0,0,0,53,1,0
C:\Users\Madhu\Downloads\paprika-master\src\paprika\metrics\IsAbstract.java,paprika.metrics.IsAbstract,class,3,5,2,3,2,3,0,1,1,0.0,NaN,NaN,2,1,1,1,0,0,1,0,0,0,0,0,0,0,0,0,0,0,0,12,1,0,0,0,0,1,0,4,0,1,0,0,0,0,8,1,0
C:\Users\Madhu\Downloads\paprika-master\src\paprika\metrics\IsOverride.java,paprika.metrics.IsOverride,class,3,5,2,3,2,3,0,1,1,0.0,NaN,NaN,2,1,1,1,0,0,1,0,0,0,0,0,0,0,0,0,0,0,0,12,1,0,0,0,0,1,0,4,0,1,0,0,0,0,8,1,0
C:\Users\Madhu\Downloads\paprika-master\src\paprika\metrics\Metric.java,paprika.metrics.Metric,class,0,4,4,0,3,1,2,0,1,0.5,0.33333334,0.33333334,3,0,3,0,0,0,3,0,0,0,2,0,0,0,2,0,0,0,0,13,2,0,0,0,0,1,0,2,0,2,0,0,0,0,12,1025,0
C:\Users\Madhu\Downloads\paprika-master\src\paprika\metrics\NumberOfAttributes.java,paprika.metrics.NumberOfAttributes,class,3,5,2,3,2,3,0,1,1,0.0,NaN,NaN,2,1,1,1,0,0,1,0,0,0,0,0,0,0,0,0,0,0,0,12,1,0,0,0,0,1,0,4,0,1,0,0,0,0,14,1,0
C:\Users\Madhu\Downloads\paprika-master\src\paprika\neo4j\TrackingHardwareIdQuery.java,paprika.neo4j.TrackingHardwareIdQuery,class,4,6,2,4,4,2,0,3,3,0.0,0.0,0.0,3,1,2,1,0,0,2,0,0,0,0,0,0,0,0,0,0,0,0,21,1,0,0,1,0,4,0,5,0,3,2,0,0,0,28,1,0
C:\Users\Madhu\Downloads\paprika-master\src\paprika\analyzer\Analyzer.java,paprika.analyzer.Analyzer,class,1,3,2,1,3,1,1,0,3,1.0,0.0,0.0,3,0,3,0,0,0,3,3,0,0,1,1,0,0,1,0,0,0,0,6,0,0,0,0,0,0,0,0,0,1,0,0,0,0,13,1025,0
C:\Users\Madhu\Downloads\paprika-master\src\paprika\metrics\IsInnerClass.java,paprika.metrics.IsInnerClass,class,3,5,2,3,2,3,0,1,1,0.0,NaN,NaN,2,1,1,1,0,0,1,0,0,0,0,0,0,0,0,0,0,0,0,12,1,0,0,0,0,1,0,4,0,1,0,0,0,0,8,1,0
C:\Users\Madhu\Downloads\paprika-master\src\paprika\metrics\IsInterface.java,paprika.metrics.IsInterface,class,3,5,2,3,2,3,0,1,1,0.0,NaN,NaN,2,1,1,1,0,0,1,0,0,0,0,0,0,0,0,0,0,0,0,12,1,0,0,0,0,1,0,4,0,1,0,0,0,0,8,1,0
C:\Users\Madhu\Downloads\paprika-master\src\paprika\metrics\NumberOfViews.java,paprika.metrics.NumberOfViews,class,3,5,2,3,2,3,0,1,1,0.0,NaN,NaN,2,1,1,1,0,0,1,0,0,0,0,0,0,0,0,0,0,0,0,12,1,0,0,0,0,1,0,4,0,1,0,0,0,0,14,1,0
C:\Users\Madhu\Downloads\paprika-master\src\paprika\metrics\NumberOfInterfaces.java,paprika.metrics.NumberOfInterfaces,class,3,5,2,3,2,3,0,1,1,0.0,NaN,NaN,2,1,1,1,0,0,1,0,0,0,0,0,0,0,0,0,0,0,0,12,1,0,0,0,0,1,0,4,0,1,0,0,0,0,14,1,0
C:\Users\Madhu\Downloads\paprika-master\src\paprika\entities\PaprikaClass.java,paprika.entities.PaprikaClass,class,6,31,25,6,30,2,0,12,208,0.8708333,0.06324111,0.07114624,24,1,23,1,0,0,23,0,0,0,10,0,0,10,0,0,0,0,1,112,15,3,0,0,1,0,10,21,2,18,3,0,0,0,66,1,0
C:\Users\Madhu\Downloads\paprika-master\src\paprika\entities\PaprikaExternalArgument.java,paprika.entities.PaprikaExternalArgument,class,3,8,5,3,3,2,0,1,0,0.16666667,1.0,1.0,3,1,2,1,0,0,2,0,0,0,2,0,0,2,0,0,0,0,0,17,2,0,0,0,0,0,0,4,0,3,0,0,0,0,16,1,0
C:\Users\Madhu\Downloads\paprika-master\src\paprika\metrics\IsBitmap.java,paprika.metrics.IsBitmap,class,3,4,1,3,2,3,0,1,1,0.0,NaN,NaN,2,1,1,1,0,0,1,0,0,0,0,0,0,0,0,0,0,0,0,12,1,0,0,0,0,1,0,4,0,1,0,0,0,0,12,1,0
C:\Users\Madhu\Downloads\paprika-master\src\paprika\neo4j\InvalidateWithoutRectQuery.java,paprika.neo4j.InvalidateWithoutRectQuery,class,4,6,2,4,4,2,0,3,3,0.0,0.0,0.0,3,1,2,1,0,0,2,0,0,0,0,0,0,0,0,0,0,0,0,22,1,0,0,1,0,4,0,5,0,3,2,0,0,0,30,1,0
