file,class,method,variable,usage
C:\Users\Madhu\Downloads\paprika-master\src\paprika\neo4j\HeavyAsyncTaskStepsQuery.java,paprika.neo4j.HeavyAsyncTaskStepsQuery,executeFuzzy/1[boolean],veryHigh_cc,1
C:\Users\Madhu\Downloads\paprika-master\src\paprika\neo4j\HeavyAsyncTaskStepsQuery.java,paprika.neo4j.HeavyAsyncTaskStepsQuery,executeFuzzy/1[boolean],veryHigh_noi,1
C:\Users\Madhu\Downloads\paprika-master\src\paprika\neo4j\HeavyAsyncTaskStepsQuery.java,paprika.neo4j.HeavyAsyncTaskStepsQuery,executeFuzzy/1[boolean],high_noi,1
C:\Users\Madhu\Downloads\paprika-master\src\paprika\neo4j\HeavyAsyncTaskStepsQuery.java,paprika.neo4j.HeavyAsyncTaskStepsQuery,executeFuzzy/1[boolean],high_cc,1
C:\Users\Madhu\Downloads\paprika-master\src\paprika\neo4j\HeavyAsyncTaskStepsQuery.java,paprika.neo4j.HeavyAsyncTaskStepsQuery,execute/1[boolean],veryHigh_cc,1
C:\Users\Madhu\Downloads\paprika-master\src\paprika\neo4j\HeavyAsyncTaskStepsQuery.java,paprika.neo4j.HeavyAsyncTaskStepsQuery,execute/1[boolean],veryHigh_noi,1
C:\Users\Madhu\Downloads\paprika-master\src\paprika\metrics\DumbUnaryMetric.java,paprika.metrics.DumbUnaryMetric,"DumbUnaryMetric/3[paprika.entities.Entity,E,java.lang.String]",description,3
C:\Users\Madhu\Downloads\paprika-master\src\paprika\metrics\DumbUnaryMetric.java,paprika.metrics.DumbUnaryMetric,"createDumbMetric/3[paprika.entities.Entity,E,java.lang.String]",description,2
C:\Users\Madhu\Downloads\paprika-master\src\paprika\neo4j\Query.java,paprika.neo4j.Query,Query/1[paprika.neo4j.QueryEngine],queryEngine,4
C:\Users\Madhu\Downloads\paprika-master\src\paprika\neo4j\Query.java,paprika.neo4j.Query,Query/1[paprika.neo4j.QueryEngine],graphDatabaseService,1
C:\Users\Madhu\Downloads\paprika-master\src\paprika\entities\PaprikaVariable.java,paprika.entities.PaprikaVariable,getModifier/0,modifier,1
C:\Users\Madhu\Downloads\paprika-master\src\paprika\entities\PaprikaVariable.java,paprika.entities.PaprikaVariable,isPublic/0,modifier,1
C:\Users\Madhu\Downloads\paprika-master\src\paprika\entities\PaprikaVariable.java,paprika.entities.PaprikaVariable,isPrivate/0,modifier,1
C:\Users\Madhu\Downloads\paprika-master\src\paprika\entities\PaprikaVariable.java,paprika.entities.PaprikaVariable,"createPaprikaVariable/4[java.lang.String,java.lang.String,paprika.entities.PaprikaModifiers,paprika.entities.PaprikaClass]",paprikaClass,3
C:\Users\Madhu\Downloads\paprika-master\src\paprika\entities\PaprikaVariable.java,paprika.entities.PaprikaVariable,"createPaprikaVariable/4[java.lang.String,java.lang.String,paprika.entities.PaprikaModifiers,paprika.entities.PaprikaClass]",modifier,2
C:\Users\Madhu\Downloads\paprika-master\src\paprika\entities\PaprikaVariable.java,paprika.entities.PaprikaVariable,"createPaprikaVariable/4[java.lang.String,java.lang.String,paprika.entities.PaprikaModifiers,paprika.entities.PaprikaClass]",type,2
C:\Users\Madhu\Downloads\paprika-master\src\paprika\entities\PaprikaVariable.java,paprika.entities.PaprikaVariable,getType/0,type,1
C:\Users\Madhu\Downloads\paprika-master\src\paprika\entities\PaprikaVariable.java,paprika.entities.PaprikaVariable,"PaprikaVariable/4[java.lang.String,java.lang.String,paprika.entities.PaprikaModifiers,paprika.entities.PaprikaClass]",paprikaClass,3
C:\Users\Madhu\Downloads\paprika-master\src\paprika\entities\PaprikaVariable.java,paprika.entities.PaprikaVariable,"PaprikaVariable/4[java.lang.String,java.lang.String,paprika.entities.PaprikaModifiers,paprika.entities.PaprikaClass]",modifier,3
C:\Users\Madhu\Downloads\paprika-master\src\paprika\entities\PaprikaVariable.java,paprika.entities.PaprikaVariable,"PaprikaVariable/4[java.lang.String,java.lang.String,paprika.entities.PaprikaModifiers,paprika.entities.PaprikaClass]",type,3
C:\Users\Madhu\Downloads\paprika-master\src\paprika\entities\PaprikaVariable.java,paprika.entities.PaprikaVariable,isProtected/0,modifier,1
C:\Users\Madhu\Downloads\paprika-master\src\paprika\entities\PaprikaArgument.java,paprika.entities.PaprikaArgument,"PaprikaArgument/3[java.lang.String,int,paprika.entities.PaprikaMethod]",paprikaMethod,3
C:\Users\Madhu\Downloads\paprika-master\src\paprika\entities\PaprikaArgument.java,paprika.entities.PaprikaArgument,"PaprikaArgument/3[java.lang.String,int,paprika.entities.PaprikaMethod]",position,3
C:\Users\Madhu\Downloads\paprika-master\src\paprika\entities\PaprikaArgument.java,paprika.entities.PaprikaArgument,"createPaprikaArgument/3[java.lang.String,int,paprika.entities.PaprikaMethod]",paprikaMethod,3
C:\Users\Madhu\Downloads\paprika-master\src\paprika\entities\PaprikaArgument.java,paprika.entities.PaprikaArgument,"createPaprikaArgument/3[java.lang.String,int,paprika.entities.PaprikaMethod]",position,2
C:\Users\Madhu\Downloads\paprika-master\src\paprika\entities\PaprikaArgument.java,paprika.entities.PaprikaArgument,getPosition/0,position,1
C:\Users\Madhu\Downloads\paprika-master\src\paprika\neo4j\IndexManager.java,paprika.neo4j.IndexManager,IndexManager/1[paprika.neo4j.GraphDatabaseService],graphDatabaseService,3
C:\Users\Madhu\Downloads\paprika-master\src\paprika\neo4j\IndexManager.java,paprika.neo4j.IndexManager,createIndex/0,graphDatabaseService,4
C:\Users\Madhu\Downloads\paprika-master\src\paprika\entities\PaprikaExternalClass.java,paprika.entities.PaprikaExternalClass,getPaprikaExternalMethods/0,paprikaExternalMethods,1
C:\Users\Madhu\Downloads\paprika-master\src\paprika\entities\PaprikaExternalClass.java,paprika.entities.PaprikaExternalClass,"PaprikaExternalClass/2[java.lang.String,paprika.entities.PaprikaApp]",paprikaApp,3
C:\Users\Madhu\Downloads\paprika-master\src\paprika\entities\PaprikaExternalClass.java,paprika.entities.PaprikaExternalClass,"PaprikaExternalClass/2[java.lang.String,paprika.entities.PaprikaApp]",paprikaExternalMethods,1
C:\Users\Madhu\Downloads\paprika-master\src\paprika\entities\PaprikaExternalClass.java,paprika.entities.PaprikaExternalClass,setPaprikaApp/1[paprika.entities.PaprikaApp],paprikaApp,3
C:\Users\Madhu\Downloads\paprika-master\src\paprika\entities\PaprikaExternalClass.java,paprika.entities.PaprikaExternalClass,getParentName/0,parentName,1
C:\Users\Madhu\Downloads\paprika-master\src\paprika\entities\PaprikaExternalClass.java,paprika.entities.PaprikaExternalClass,getPaprikaApp/0,paprikaApp,1
C:\Users\Madhu\Downloads\paprika-master\src\paprika\entities\PaprikaExternalClass.java,paprika.entities.PaprikaExternalClass,"createPaprikaExternalClass/2[java.lang.String,paprika.entities.PaprikaApp]",paprikaApp,3
C:\Users\Madhu\Downloads\paprika-master\src\paprika\entities\PaprikaExternalClass.java,paprika.entities.PaprikaExternalClass,setParentName/1[java.lang.String],parentName,3
C:\Users\Madhu\Downloads\paprika-master\src\paprika\entities\PaprikaExternalClass.java,paprika.entities.PaprikaExternalClass,addPaprikaExternalMethod/1[paprika.entities.PaprikaExternalMethod],paprikaExternalMethods,1
C:\Users\Madhu\Downloads\paprika-master\src\paprika\neo4j\SAKQuery.java,paprika.neo4j.SAKQuery,executeFuzzy/1[boolean],high,1
C:\Users\Madhu\Downloads\paprika-master\src\paprika\neo4j\SAKQuery.java,paprika.neo4j.SAKQuery,executeFuzzy/1[boolean],veryHigh,1
C:\Users\Madhu\Downloads\paprika-master\src\paprika\neo4j\SAKQuery.java,paprika.neo4j.SAKQuery,execute/1[boolean],veryHigh,1
C:\Users\Madhu\Downloads\paprika-master\src\paprika\entities\PaprikaMethod.java,paprika.entities.PaprikaMethod,haveCommonFields/1[paprika.entities.PaprikaMethod],usedVariables,1
C:\Users\Madhu\Downloads\paprika-master\src\paprika\entities\PaprikaMethod.java,paprika.entities.PaprikaMethod,setPaprikaClass/1[paprika.entities.PaprikaClass],paprikaClass,3
C:\Users\Madhu\Downloads\paprika-master\src\paprika\entities\PaprikaMethod.java,paprika.entities.PaprikaMethod,getModifier/0,modifier,1
C:\Users\Madhu\Downloads\paprika-master\src\paprika\entities\PaprikaMethod.java,paprika.entities.PaprikaMethod,"createPaprikaMethod/4[java.lang.String,paprika.entities.PaprikaModifiers,java.lang.String,paprika.entities.PaprikaClass]",paprikaClass,3
C:\Users\Madhu\Downloads\paprika-master\src\paprika\entities\PaprikaMethod.java,paprika.entities.PaprikaMethod,"createPaprikaMethod/4[java.lang.String,paprika.entities.PaprikaModifiers,java.lang.String,paprika.entities.PaprikaClass]",modifier,2
C:\Users\Madhu\Downloads\paprika-master\src\paprika\entities\PaprikaMethod.java,paprika.entities.PaprikaMethod,"createPaprikaMethod/4[java.lang.String,paprika.entities.PaprikaModifiers,java.lang.String,paprika.entities.PaprikaClass]",returnType,2
C:\Users\Madhu\Downloads\paprika-master\src\paprika\entities\PaprikaMethod.java,paprika.entities.PaprikaMethod,useVariable/1[paprika.entities.PaprikaVariable],usedVariables,1
C:\Users\Madhu\Downloads\paprika-master\src\paprika\entities\PaprikaMethod.java,paprika.entities.PaprikaMethod,getUsedVariables/0,usedVariables,1
C:\Users\Madhu\Downloads\paprika-master\src\paprika\entities\PaprikaMethod.java,paprika.entities.PaprikaMethod,getArguments/0,arguments,1
C:\Users\Madhu\Downloads\paprika-master\src\paprika\entities\PaprikaMethod.java,paprika.entities.PaprikaMethod,callMethod/1[paprika.entities.Entity],calledMethods,1
C:\Users\Madhu\Downloads\paprika-master\src\paprika\entities\PaprikaMethod.java,paprika.entities.PaprikaMethod,"PaprikaMethod/4[java.lang.String,paprika.entities.PaprikaModifiers,java.lang.String,paprika.entities.PaprikaClass]",calledMethods,1
C:\Users\Madhu\Downloads\paprika-master\src\paprika\entities\PaprikaMethod.java,paprika.entities.PaprikaMethod,"PaprikaMethod/4[java.lang.String,paprika.entities.PaprikaModifiers,java.lang.String,paprika.entities.PaprikaClass]",paprikaClass,3
C:\Users\Madhu\Downloads\paprika-master\src\paprika\entities\PaprikaMethod.java,paprika.entities.PaprikaMethod,"PaprikaMethod/4[java.lang.String,paprika.entities.PaprikaModifiers,java.lang.String,paprika.entities.PaprikaClass]",modifier,3
C:\Users\Madhu\Downloads\paprika-master\src\paprika\entities\PaprikaMethod.java,paprika.entities.PaprikaMethod,"PaprikaMethod/4[java.lang.String,paprika.entities.PaprikaModifiers,java.lang.String,paprika.entities.PaprikaClass]",arguments,1
C:\Users\Madhu\Downloads\paprika-master\src\paprika\entities\PaprikaMethod.java,paprika.entities.PaprikaMethod,"PaprikaMethod/4[java.lang.String,paprika.entities.PaprikaModifiers,java.lang.String,paprika.entities.PaprikaClass]",usedVariables,1
C:\Users\Madhu\Downloads\paprika-master\src\paprika\entities\PaprikaMethod.java,paprika.entities.PaprikaMethod,"PaprikaMethod/4[java.lang.String,paprika.entities.PaprikaModifiers,java.lang.String,paprika.entities.PaprikaClass]",returnType,3
C:\Users\Madhu\Downloads\paprika-master\src\paprika\entities\PaprikaMethod.java,paprika.entities.PaprikaMethod,toString/0,paprikaClass,1
C:\Users\Madhu\Downloads\paprika-master\src\paprika\entities\PaprikaMethod.java,paprika.entities.PaprikaMethod,getCalledMethods/0,calledMethods,1
C:\Users\Madhu\Downloads\paprika-master\src\paprika\entities\PaprikaMethod.java,paprika.entities.PaprikaMethod,addArgument/1[paprika.entities.PaprikaArgument],arguments,1
C:\Users\Madhu\Downloads\paprika-master\src\paprika\entities\PaprikaMethod.java,paprika.entities.PaprikaMethod,getReturnType/0,returnType,1
C:\Users\Madhu\Downloads\paprika-master\src\paprika\entities\PaprikaMethod.java,paprika.entities.PaprikaMethod,getPaprikaClass/0,paprikaClass,1
C:\Users\Madhu\Downloads\paprika-master\src\paprika\entities\PaprikaExternalMethod.java,paprika.entities.PaprikaExternalMethod,"createPaprikaExternalMethod/3[java.lang.String,java.lang.String,paprika.entities.PaprikaExternalClass]",returnType,2
C:\Users\Madhu\Downloads\paprika-master\src\paprika\entities\PaprikaExternalMethod.java,paprika.entities.PaprikaExternalMethod,toString/0,paprikaExternalClass,1
C:\Users\Madhu\Downloads\paprika-master\src\paprika\entities\PaprikaExternalMethod.java,paprika.entities.PaprikaExternalMethod,addExternalArgument/1[paprika.entities.PaprikaExternalArgument],paprikaExternalArguments,1
C:\Users\Madhu\Downloads\paprika-master\src\paprika\entities\PaprikaExternalMethod.java,paprika.entities.PaprikaExternalMethod,setPaprikaExternalClass/1[paprika.entities.PaprikaExternalClass],paprikaExternalClass,1
C:\Users\Madhu\Downloads\paprika-master\src\paprika\entities\PaprikaExternalMethod.java,paprika.entities.PaprikaExternalMethod,getPaprikaExternalArguments/0,paprikaExternalArguments,1
C:\Users\Madhu\Downloads\paprika-master\src\paprika\entities\PaprikaExternalMethod.java,paprika.entities.PaprikaExternalMethod,getReturnType/0,returnType,1
C:\Users\Madhu\Downloads\paprika-master\src\paprika\entities\PaprikaExternalMethod.java,paprika.entities.PaprikaExternalMethod,getPaprikaExternalClass/0,paprikaExternalClass,1
C:\Users\Madhu\Downloads\paprika-master\src\paprika\entities\PaprikaExternalMethod.java,paprika.entities.PaprikaExternalMethod,"PaprikaExternalMethod/3[java.lang.String,java.lang.String,paprika.entities.PaprikaExternalClass]",paprikaExternalArguments,1
C:\Users\Madhu\Downloads\paprika-master\src\paprika\entities\PaprikaExternalMethod.java,paprika.entities.PaprikaExternalMethod,"PaprikaExternalMethod/3[java.lang.String,java.lang.String,paprika.entities.PaprikaExternalClass]",paprikaExternalClass,3
C:\Users\Madhu\Downloads\paprika-master\src\paprika\entities\PaprikaExternalMethod.java,paprika.entities.PaprikaExternalMethod,"PaprikaExternalMethod/3[java.lang.String,java.lang.String,paprika.entities.PaprikaExternalClass]",returnType,3
C:\Users\Madhu\Downloads\paprika-master\src\paprika\neo4j\LMQuery.java,paprika.neo4j.LMQuery,executeFuzzy/1[boolean],high,1
C:\Users\Madhu\Downloads\paprika-master\src\paprika\neo4j\LMQuery.java,paprika.neo4j.LMQuery,executeFuzzy/1[boolean],veryHigh,1
C:\Users\Madhu\Downloads\paprika-master\src\paprika\neo4j\LMQuery.java,paprika.neo4j.LMQuery,execute/1[boolean],veryHigh,1
C:\Users\Madhu\Downloads\paprika-master\src\paprika\analyzer\SootAnalyzer.java,paprika.analyzer.SootAnalyzer,computeMetrics/0,paprikaApp,2
C:\Users\Madhu\Downloads\paprika-master\src\paprika\analyzer\SootAnalyzer.java,paprika.analyzer.SootAnalyzer,computeMetrics/0,methodMap,1
C:\Users\Madhu\Downloads\paprika-master\src\paprika\analyzer\SootAnalyzer.java,paprika.analyzer.SootAnalyzer,"collectMethodMetricsFromCallGraph/2[paprika.entities.PaprikaMethod,paprika.analyzer.SootMethod]",classMap,1
C:\Users\Madhu\Downloads\paprika-master\src\paprika\analyzer\SootAnalyzer.java,paprika.analyzer.SootAnalyzer,"collectMethodMetricsFromCallGraph/2[paprika.entities.PaprikaMethod,paprika.analyzer.SootMethod]",paprikaApp,2
C:\Users\Madhu\Downloads\paprika-master\src\paprika\analyzer\SootAnalyzer.java,paprika.analyzer.SootAnalyzer,"collectMethodMetricsFromCallGraph/2[paprika.entities.PaprikaMethod,paprika.analyzer.SootMethod]",methodMap,1
C:\Users\Madhu\Downloads\paprika-master\src\paprika\analyzer\SootAnalyzer.java,paprika.analyzer.SootAnalyzer,"collectMethodMetricsFromCallGraph/2[paprika.entities.PaprikaMethod,paprika.analyzer.SootMethod]",externalMethodMap,2
C:\Users\Madhu\Downloads\paprika-master\src\paprika\analyzer\SootAnalyzer.java,paprika.analyzer.SootAnalyzer,"collectMethodMetricsFromCallGraph/2[paprika.entities.PaprikaMethod,paprika.analyzer.SootMethod]",externalClassMap,2
C:\Users\Madhu\Downloads\paprika-master\src\paprika\analyzer\SootAnalyzer.java,paprika.analyzer.SootAnalyzer,"collectMethodMetricsFromCallGraph/2[paprika.entities.PaprikaMethod,paprika.analyzer.SootMethod]",argb8888Count,2
C:\Users\Madhu\Downloads\paprika-master\src\paprika\analyzer\SootAnalyzer.java,paprika.analyzer.SootAnalyzer,computeInheritance/0,classMap,2
C:\Users\Madhu\Downloads\paprika-master\src\paprika\analyzer\SootAnalyzer.java,paprika.analyzer.SootAnalyzer,collectCallGraphMetrics/0,methodMap,1
C:\Users\Madhu\Downloads\paprika-master\src\paprika\analyzer\SootAnalyzer.java,paprika.analyzer.SootAnalyzer,getPaprikaApp/0,paprikaApp,1
C:\Users\Madhu\Downloads\paprika-master\src\paprika\analyzer\SootAnalyzer.java,paprika.analyzer.SootAnalyzer,collectClassesMetrics/0,buildConfigClass,1
C:\Users\Madhu\Downloads\paprika-master\src\paprika\analyzer\SootAnalyzer.java,paprika.analyzer.SootAnalyzer,collectClassesMetrics/0,classMap,2
C:\Users\Madhu\Downloads\paprika-master\src\paprika\analyzer\SootAnalyzer.java,paprika.analyzer.SootAnalyzer,collectClassesMetrics/0,mainPackageOnly,1
C:\Users\Madhu\Downloads\paprika-master\src\paprika\analyzer\SootAnalyzer.java,paprika.analyzer.SootAnalyzer,collectClassesMetrics/0,rClass,2
C:\Users\Madhu\Downloads\paprika-master\src\paprika\analyzer\SootAnalyzer.java,paprika.analyzer.SootAnalyzer,collectClassesMetrics/0,pack,1
C:\Users\Madhu\Downloads\paprika-master\src\paprika\analyzer\SootAnalyzer.java,paprika.analyzer.SootAnalyzer,init/0,androidJAR,1
C:\Users\Madhu\Downloads\paprika-master\src\paprika\analyzer\SootAnalyzer.java,paprika.analyzer.SootAnalyzer,computeInterface/0,classMap,2
C:\Users\Madhu\Downloads\paprika-master\src\paprika\analyzer\SootAnalyzer.java,paprika.analyzer.SootAnalyzer,collectAppMetrics/0,activityCount,1
C:\Users\Madhu\Downloads\paprika-master\src\paprika\analyzer\SootAnalyzer.java,paprika.analyzer.SootAnalyzer,collectAppMetrics/0,classMap,1
C:\Users\Madhu\Downloads\paprika-master\src\paprika\analyzer\SootAnalyzer.java,paprika.analyzer.SootAnalyzer,collectAppMetrics/0,paprikaApp,11
C:\Users\Madhu\Downloads\paprika-master\src\paprika\analyzer\SootAnalyzer.java,paprika.analyzer.SootAnalyzer,collectAppMetrics/0,asyncCount,1
C:\Users\Madhu\Downloads\paprika-master\src\paprika\analyzer\SootAnalyzer.java,paprika.analyzer.SootAnalyzer,collectAppMetrics/0,serviceCount,1
C:\Users\Madhu\Downloads\paprika-master\src\paprika\analyzer\SootAnalyzer.java,paprika.analyzer.SootAnalyzer,collectAppMetrics/0,innerCount,1
C:\Users\Madhu\Downloads\paprika-master\src\paprika\analyzer\SootAnalyzer.java,paprika.analyzer.SootAnalyzer,collectAppMetrics/0,abstractCount,1
C:\Users\Madhu\Downloads\paprika-master\src\paprika\analyzer\SootAnalyzer.java,paprika.analyzer.SootAnalyzer,collectAppMetrics/0,interfaceCount,1
C:\Users\Madhu\Downloads\paprika-master\src\paprika\analyzer\SootAnalyzer.java,paprika.analyzer.SootAnalyzer,collectAppMetrics/0,contentProviderCount,1
C:\Users\Madhu\Downloads\paprika-master\src\paprika\analyzer\SootAnalyzer.java,paprika.analyzer.SootAnalyzer,collectAppMetrics/0,viewCount,1
C:\Users\Madhu\Downloads\paprika-master\src\paprika\analyzer\SootAnalyzer.java,paprika.analyzer.SootAnalyzer,collectAppMetrics/0,varCount,1
C:\Users\Madhu\Downloads\paprika-master\src\paprika\analyzer\SootAnalyzer.java,paprika.analyzer.SootAnalyzer,collectAppMetrics/0,broadcastReceiverCount,1
C:\Users\Madhu\Downloads\paprika-master\src\paprika\analyzer\SootAnalyzer.java,paprika.analyzer.SootAnalyzer,"SootAnalyzer/17[java.lang.String,java.lang.String,java.lang.String,java.lang.String,java.lang.String,java.lang.String,int,java.lang.String,java.lang.String,java.lang.String,double,java.lang.String,java.lang.String,java.lang.String,java.lang.String,java.lang.String,boolean]",buildConfigClass,1
C:\Users\Madhu\Downloads\paprika-master\src\paprika\analyzer\SootAnalyzer.java,paprika.analyzer.SootAnalyzer,"SootAnalyzer/17[java.lang.String,java.lang.String,java.lang.String,java.lang.String,java.lang.String,java.lang.String,int,java.lang.String,java.lang.String,java.lang.String,double,java.lang.String,java.lang.String,java.lang.String,java.lang.String,java.lang.String,boolean]",classMap,1
C:\Users\Madhu\Downloads\paprika-master\src\paprika\analyzer\SootAnalyzer.java,paprika.analyzer.SootAnalyzer,"SootAnalyzer/17[java.lang.String,java.lang.String,java.lang.String,java.lang.String,java.lang.String,java.lang.String,int,java.lang.String,java.lang.String,java.lang.String,double,java.lang.String,java.lang.String,java.lang.String,java.lang.String,java.lang.String,boolean]",paprikaApp,1
C:\Users\Madhu\Downloads\paprika-master\src\paprika\analyzer\SootAnalyzer.java,paprika.analyzer.SootAnalyzer,"SootAnalyzer/17[java.lang.String,java.lang.String,java.lang.String,java.lang.String,java.lang.String,java.lang.String,int,java.lang.String,java.lang.String,java.lang.String,double,java.lang.String,java.lang.String,java.lang.String,java.lang.String,java.lang.String,boolean]",mainPackageOnly,3
C:\Users\Madhu\Downloads\paprika-master\src\paprika\analyzer\SootAnalyzer.java,paprika.analyzer.SootAnalyzer,"SootAnalyzer/17[java.lang.String,java.lang.String,java.lang.String,java.lang.String,java.lang.String,java.lang.String,int,java.lang.String,java.lang.String,java.lang.String,double,java.lang.String,java.lang.String,java.lang.String,java.lang.String,java.lang.String,boolean]",externalMethodMap,1
C:\Users\Madhu\Downloads\paprika-master\src\paprika\analyzer\SootAnalyzer.java,paprika.analyzer.SootAnalyzer,"SootAnalyzer/17[java.lang.String,java.lang.String,java.lang.String,java.lang.String,java.lang.String,java.lang.String,int,java.lang.String,java.lang.String,java.lang.String,double,java.lang.String,java.lang.String,java.lang.String,java.lang.String,java.lang.String,boolean]",methodMap,1
C:\Users\Madhu\Downloads\paprika-master\src\paprika\analyzer\SootAnalyzer.java,paprika.analyzer.SootAnalyzer,"SootAnalyzer/17[java.lang.String,java.lang.String,java.lang.String,java.lang.String,java.lang.String,java.lang.String,int,java.lang.String,java.lang.String,java.lang.String,double,java.lang.String,java.lang.String,java.lang.String,java.lang.String,java.lang.String,boolean]",externalClassMap,1
C:\Users\Madhu\Downloads\paprika-master\src\paprika\analyzer\SootAnalyzer.java,paprika.analyzer.SootAnalyzer,"SootAnalyzer/17[java.lang.String,java.lang.String,java.lang.String,java.lang.String,java.lang.String,java.lang.String,int,java.lang.String,java.lang.String,java.lang.String,double,java.lang.String,java.lang.String,java.lang.String,java.lang.String,java.lang.String,boolean]",androidJAR,3
C:\Users\Madhu\Downloads\paprika-master\src\paprika\analyzer\SootAnalyzer.java,paprika.analyzer.SootAnalyzer,"SootAnalyzer/17[java.lang.String,java.lang.String,java.lang.String,java.lang.String,java.lang.String,java.lang.String,int,java.lang.String,java.lang.String,java.lang.String,double,java.lang.String,java.lang.String,java.lang.String,java.lang.String,java.lang.String,boolean]",pack,6
C:\Users\Madhu\Downloads\paprika-master\src\paprika\analyzer\SootAnalyzer.java,paprika.analyzer.SootAnalyzer,"SootAnalyzer/17[java.lang.String,java.lang.String,java.lang.String,java.lang.String,java.lang.String,java.lang.String,int,java.lang.String,java.lang.String,java.lang.String,double,java.lang.String,java.lang.String,java.lang.String,java.lang.String,java.lang.String,boolean]",rClass,1
C:\Users\Madhu\Downloads\paprika-master\src\paprika\analyzer\SootAnalyzer.java,paprika.analyzer.SootAnalyzer,collectMethodsMetrics/1[paprika.analyzer.SootMethod],classMap,1
C:\Users\Madhu\Downloads\paprika-master\src\paprika\analyzer\SootAnalyzer.java,paprika.analyzer.SootAnalyzer,collectMethodsMetrics/1[paprika.analyzer.SootMethod],methodMap,1
C:\Users\Madhu\Downloads\paprika-master\src\paprika\analyzer\SootAnalyzer.java,paprika.analyzer.SootAnalyzer,collectClassMetrics/1[paprika.analyzer.SootClass],activityCount,1
C:\Users\Madhu\Downloads\paprika-master\src\paprika\analyzer\SootAnalyzer.java,paprika.analyzer.SootAnalyzer,collectClassMetrics/1[paprika.analyzer.SootClass],classMap,1
C:\Users\Madhu\Downloads\paprika-master\src\paprika\analyzer\SootAnalyzer.java,paprika.analyzer.SootAnalyzer,collectClassMetrics/1[paprika.analyzer.SootClass],paprikaApp,1
C:\Users\Madhu\Downloads\paprika-master\src\paprika\analyzer\SootAnalyzer.java,paprika.analyzer.SootAnalyzer,collectClassMetrics/1[paprika.analyzer.SootClass],asyncCount,1
C:\Users\Madhu\Downloads\paprika-master\src\paprika\analyzer\SootAnalyzer.java,paprika.analyzer.SootAnalyzer,collectClassMetrics/1[paprika.analyzer.SootClass],innerCount,1
C:\Users\Madhu\Downloads\paprika-master\src\paprika\analyzer\SootAnalyzer.java,paprika.analyzer.SootAnalyzer,collectClassMetrics/1[paprika.analyzer.SootClass],serviceCount,1
C:\Users\Madhu\Downloads\paprika-master\src\paprika\analyzer\SootAnalyzer.java,paprika.analyzer.SootAnalyzer,collectClassMetrics/1[paprika.analyzer.SootClass],abstractCount,1
C:\Users\Madhu\Downloads\paprika-master\src\paprika\analyzer\SootAnalyzer.java,paprika.analyzer.SootAnalyzer,collectClassMetrics/1[paprika.analyzer.SootClass],contentProviderCount,1
C:\Users\Madhu\Downloads\paprika-master\src\paprika\analyzer\SootAnalyzer.java,paprika.analyzer.SootAnalyzer,collectClassMetrics/1[paprika.analyzer.SootClass],interfaceCount,1
C:\Users\Madhu\Downloads\paprika-master\src\paprika\analyzer\SootAnalyzer.java,paprika.analyzer.SootAnalyzer,collectClassMetrics/1[paprika.analyzer.SootClass],viewCount,1
C:\Users\Madhu\Downloads\paprika-master\src\paprika\analyzer\SootAnalyzer.java,paprika.analyzer.SootAnalyzer,collectClassMetrics/1[paprika.analyzer.SootClass],varCount,1
C:\Users\Madhu\Downloads\paprika-master\src\paprika\analyzer\SootAnalyzer.java,paprika.analyzer.SootAnalyzer,collectClassMetrics/1[paprika.analyzer.SootClass],broadcastReceiverCount,1
C:\Users\Madhu\Downloads\paprika-master\src\paprika\neo4j\ModelToGraph.java,paprika.neo4j.ModelToGraph,createHierarchy/1[paprika.entities.PaprikaApp],classNodeMap,4
C:\Users\Madhu\Downloads\paprika-master\src\paprika\neo4j\ModelToGraph.java,paprika.neo4j.ModelToGraph,insertArgument/1[paprika.entities.PaprikaArgument],graphDatabaseService,1
C:\Users\Madhu\Downloads\paprika-master\src\paprika\neo4j\ModelToGraph.java,paprika.neo4j.ModelToGraph,insertArgument/1[paprika.entities.PaprikaArgument],argumentLabel,1
C:\Users\Madhu\Downloads\paprika-master\src\paprika\neo4j\ModelToGraph.java,paprika.neo4j.ModelToGraph,insertArgument/1[paprika.entities.PaprikaArgument],key,1
C:\Users\Madhu\Downloads\paprika-master\src\paprika\neo4j\ModelToGraph.java,paprika.neo4j.ModelToGraph,ModelToGraph/1[java.lang.String],methodNodeMap,1
C:\Users\Madhu\Downloads\paprika-master\src\paprika\neo4j\ModelToGraph.java,paprika.neo4j.ModelToGraph,ModelToGraph/1[java.lang.String],variableNodeMap,1
C:\Users\Madhu\Downloads\paprika-master\src\paprika\neo4j\ModelToGraph.java,paprika.neo4j.ModelToGraph,ModelToGraph/1[java.lang.String],graphDatabaseService,2
C:\Users\Madhu\Downloads\paprika-master\src\paprika\neo4j\ModelToGraph.java,paprika.neo4j.ModelToGraph,ModelToGraph/1[java.lang.String],classNodeMap,1
C:\Users\Madhu\Downloads\paprika-master\src\paprika\neo4j\ModelToGraph.java,paprika.neo4j.ModelToGraph,ModelToGraph/1[java.lang.String],databaseManager,3
C:\Users\Madhu\Downloads\paprika-master\src\paprika\neo4j\ModelToGraph.java,paprika.neo4j.ModelToGraph,insertApp/1[paprika.entities.PaprikaApp],graphDatabaseService,3
C:\Users\Madhu\Downloads\paprika-master\src\paprika\neo4j\ModelToGraph.java,paprika.neo4j.ModelToGraph,insertApp/1[paprika.entities.PaprikaApp],appLabel,1
C:\Users\Madhu\Downloads\paprika-master\src\paprika\neo4j\ModelToGraph.java,paprika.neo4j.ModelToGraph,insertApp/1[paprika.entities.PaprikaApp],key,2
C:\Users\Madhu\Downloads\paprika-master\src\paprika\neo4j\ModelToGraph.java,paprika.neo4j.ModelToGraph,insertExternalClass/1[paprika.entities.PaprikaExternalClass],graphDatabaseService,1
C:\Users\Madhu\Downloads\paprika-master\src\paprika\neo4j\ModelToGraph.java,paprika.neo4j.ModelToGraph,insertExternalClass/1[paprika.entities.PaprikaExternalClass],externalClassLabel,1
C:\Users\Madhu\Downloads\paprika-master\src\paprika\neo4j\ModelToGraph.java,paprika.neo4j.ModelToGraph,insertExternalClass/1[paprika.entities.PaprikaExternalClass],key,1
C:\Users\Madhu\Downloads\paprika-master\src\paprika\neo4j\ModelToGraph.java,paprika.neo4j.ModelToGraph,insertClass/1[paprika.entities.PaprikaClass],classLabel,1
C:\Users\Madhu\Downloads\paprika-master\src\paprika\neo4j\ModelToGraph.java,paprika.neo4j.ModelToGraph,insertClass/1[paprika.entities.PaprikaClass],graphDatabaseService,1
C:\Users\Madhu\Downloads\paprika-master\src\paprika\neo4j\ModelToGraph.java,paprika.neo4j.ModelToGraph,insertClass/1[paprika.entities.PaprikaClass],classNodeMap,1
C:\Users\Madhu\Downloads\paprika-master\src\paprika\neo4j\ModelToGraph.java,paprika.neo4j.ModelToGraph,insertClass/1[paprika.entities.PaprikaClass],key,1
C:\Users\Madhu\Downloads\paprika-master\src\paprika\neo4j\ModelToGraph.java,paprika.neo4j.ModelToGraph,insertExternalMethod/1[paprika.entities.PaprikaExternalMethod],methodNodeMap,1
C:\Users\Madhu\Downloads\paprika-master\src\paprika\neo4j\ModelToGraph.java,paprika.neo4j.ModelToGraph,insertExternalMethod/1[paprika.entities.PaprikaExternalMethod],graphDatabaseService,1
C:\Users\Madhu\Downloads\paprika-master\src\paprika\neo4j\ModelToGraph.java,paprika.neo4j.ModelToGraph,insertExternalMethod/1[paprika.entities.PaprikaExternalMethod],externalMethodLabel,1
C:\Users\Madhu\Downloads\paprika-master\src\paprika\neo4j\ModelToGraph.java,paprika.neo4j.ModelToGraph,insertExternalMethod/1[paprika.entities.PaprikaExternalMethod],key,1
C:\Users\Madhu\Downloads\paprika-master\src\paprika\neo4j\ModelToGraph.java,paprika.neo4j.ModelToGraph,insertMethod/1[paprika.entities.PaprikaMethod],methodNodeMap,1
C:\Users\Madhu\Downloads\paprika-master\src\paprika\neo4j\ModelToGraph.java,paprika.neo4j.ModelToGraph,insertMethod/1[paprika.entities.PaprikaMethod],variableNodeMap,1
C:\Users\Madhu\Downloads\paprika-master\src\paprika\neo4j\ModelToGraph.java,paprika.neo4j.ModelToGraph,insertMethod/1[paprika.entities.PaprikaMethod],graphDatabaseService,1
C:\Users\Madhu\Downloads\paprika-master\src\paprika\neo4j\ModelToGraph.java,paprika.neo4j.ModelToGraph,insertMethod/1[paprika.entities.PaprikaMethod],methodLabel,1
C:\Users\Madhu\Downloads\paprika-master\src\paprika\neo4j\ModelToGraph.java,paprika.neo4j.ModelToGraph,insertMethod/1[paprika.entities.PaprikaMethod],key,1
C:\Users\Madhu\Downloads\paprika-master\src\paprika\neo4j\ModelToGraph.java,paprika.neo4j.ModelToGraph,insertVariable/1[paprika.entities.PaprikaVariable],variableNodeMap,1
C:\Users\Madhu\Downloads\paprika-master\src\paprika\neo4j\ModelToGraph.java,paprika.neo4j.ModelToGraph,insertVariable/1[paprika.entities.PaprikaVariable],graphDatabaseService,1
C:\Users\Madhu\Downloads\paprika-master\src\paprika\neo4j\ModelToGraph.java,paprika.neo4j.ModelToGraph,insertVariable/1[paprika.entities.PaprikaVariable],variableLabel,1
C:\Users\Madhu\Downloads\paprika-master\src\paprika\neo4j\ModelToGraph.java,paprika.neo4j.ModelToGraph,insertVariable/1[paprika.entities.PaprikaVariable],key,1
C:\Users\Madhu\Downloads\paprika-master\src\paprika\neo4j\ModelToGraph.java,paprika.neo4j.ModelToGraph,insertExternalArgument/1[paprika.entities.PaprikaExternalArgument],graphDatabaseService,1
C:\Users\Madhu\Downloads\paprika-master\src\paprika\neo4j\ModelToGraph.java,paprika.neo4j.ModelToGraph,insertExternalArgument/1[paprika.entities.PaprikaExternalArgument],externalArgumentLabel,1
C:\Users\Madhu\Downloads\paprika-master\src\paprika\neo4j\ModelToGraph.java,paprika.neo4j.ModelToGraph,insertExternalArgument/1[paprika.entities.PaprikaExternalArgument],key,1
C:\Users\Madhu\Downloads\paprika-master\src\paprika\neo4j\ModelToGraph.java,paprika.neo4j.ModelToGraph,createCallGraph/1[paprika.entities.PaprikaApp],methodNodeMap,2
C:\Users\Madhu\Downloads\paprika-master\src\paprika\neo4j\DatabaseManager.java,paprika.neo4j.DatabaseManager,start/0,DB_PATH,1
C:\Users\Madhu\Downloads\paprika-master\src\paprika\neo4j\DatabaseManager.java,paprika.neo4j.DatabaseManager,start/0,graphDatabaseService,2
C:\Users\Madhu\Downloads\paprika-master\src\paprika\neo4j\DatabaseManager.java,paprika.neo4j.DatabaseManager,getGraphDatabaseService/0,graphDatabaseService,1
C:\Users\Madhu\Downloads\paprika-master\src\paprika\neo4j\DatabaseManager.java,paprika.neo4j.DatabaseManager,deleteDB/0,DB_PATH,1
C:\Users\Madhu\Downloads\paprika-master\src\paprika\neo4j\DatabaseManager.java,paprika.neo4j.DatabaseManager,shutDown/0,graphDatabaseService,1
C:\Users\Madhu\Downloads\paprika-master\src\paprika\neo4j\DatabaseManager.java,paprika.neo4j.DatabaseManager,DatabaseManager/1[java.lang.String],DB_PATH,3
C:\Users\Madhu\Downloads\paprika-master\src\paprika\neo4j\BLOBQuery.java,paprika.neo4j.BLOBQuery,execute/1[boolean],veryHigh_nom,1
C:\Users\Madhu\Downloads\paprika-master\src\paprika\neo4j\BLOBQuery.java,paprika.neo4j.BLOBQuery,execute/1[boolean],veryHigh_lcom,1
C:\Users\Madhu\Downloads\paprika-master\src\paprika\neo4j\BLOBQuery.java,paprika.neo4j.BLOBQuery,execute/1[boolean],veryHigh_noa,1
C:\Users\Madhu\Downloads\paprika-master\src\paprika\neo4j\BLOBQuery.java,paprika.neo4j.BLOBQuery,executeFuzzy/1[boolean],high_noa,1
C:\Users\Madhu\Downloads\paprika-master\src\paprika\neo4j\BLOBQuery.java,paprika.neo4j.BLOBQuery,executeFuzzy/1[boolean],veryHigh_nom,1
C:\Users\Madhu\Downloads\paprika-master\src\paprika\neo4j\BLOBQuery.java,paprika.neo4j.BLOBQuery,executeFuzzy/1[boolean],veryHigh_lcom,1
C:\Users\Madhu\Downloads\paprika-master\src\paprika\neo4j\BLOBQuery.java,paprika.neo4j.BLOBQuery,executeFuzzy/1[boolean],high_lcom,1
C:\Users\Madhu\Downloads\paprika-master\src\paprika\neo4j\BLOBQuery.java,paprika.neo4j.BLOBQuery,executeFuzzy/1[boolean],high_nom,1
C:\Users\Madhu\Downloads\paprika-master\src\paprika\neo4j\BLOBQuery.java,paprika.neo4j.BLOBQuery,executeFuzzy/1[boolean],veryHigh_noa,1
C:\Users\Madhu\Downloads\paprika-master\src\paprika\neo4j\CCQuery.java,paprika.neo4j.CCQuery,execute/1[boolean],veryHigh,1
C:\Users\Madhu\Downloads\paprika-master\src\paprika\neo4j\CCQuery.java,paprika.neo4j.CCQuery,executeFuzzy/1[boolean],high,1
C:\Users\Madhu\Downloads\paprika-master\src\paprika\neo4j\CCQuery.java,paprika.neo4j.CCQuery,executeFuzzy/1[boolean],veryHigh,1
C:\Users\Madhu\Downloads\paprika-master\src\paprika\entities\PaprikaApp.java,paprika.entities.PaprikaApp,"PaprikaApp/14[java.lang.String,java.lang.String,java.lang.String,java.lang.String,int,java.lang.String,java.lang.String,java.lang.String,double,java.lang.String,java.lang.String,java.lang.String,java.lang.String,java.lang.String]",date,3
C:\Users\Madhu\Downloads\paprika-master\src\paprika\entities\PaprikaApp.java,paprika.entities.PaprikaApp,"PaprikaApp/14[java.lang.String,java.lang.String,java.lang.String,java.lang.String,int,java.lang.String,java.lang.String,java.lang.String,double,java.lang.String,java.lang.String,java.lang.String,java.lang.String,java.lang.String]",rating,3
C:\Users\Madhu\Downloads\paprika-master\src\paprika\entities\PaprikaApp.java,paprika.entities.PaprikaApp,"PaprikaApp/14[java.lang.String,java.lang.String,java.lang.String,java.lang.String,int,java.lang.String,java.lang.String,java.lang.String,double,java.lang.String,java.lang.String,java.lang.String,java.lang.String,java.lang.String]",nbDownload,3
C:\Users\Madhu\Downloads\paprika-master\src\paprika\entities\PaprikaApp.java,paprika.entities.PaprikaApp,"PaprikaApp/14[java.lang.String,java.lang.String,java.lang.String,java.lang.String,int,java.lang.String,java.lang.String,java.lang.String,double,java.lang.String,java.lang.String,java.lang.String,java.lang.String,java.lang.String]",targetSdkVersion,3
C:\Users\Madhu\Downloads\paprika-master\src\paprika\entities\PaprikaApp.java,paprika.entities.PaprikaApp,"PaprikaApp/14[java.lang.String,java.lang.String,java.lang.String,java.lang.String,int,java.lang.String,java.lang.String,java.lang.String,double,java.lang.String,java.lang.String,java.lang.String,java.lang.String,java.lang.String]",versionName,3
C:\Users\Madhu\Downloads\paprika-master\src\paprika\entities\PaprikaApp.java,paprika.entities.PaprikaApp,"PaprikaApp/14[java.lang.String,java.lang.String,java.lang.String,java.lang.String,int,java.lang.String,java.lang.String,java.lang.String,double,java.lang.String,java.lang.String,java.lang.String,java.lang.String,java.lang.String]",pack,3
C:\Users\Madhu\Downloads\paprika-master\src\paprika\entities\PaprikaApp.java,paprika.entities.PaprikaApp,"PaprikaApp/14[java.lang.String,java.lang.String,java.lang.String,java.lang.String,int,java.lang.String,java.lang.String,java.lang.String,double,java.lang.String,java.lang.String,java.lang.String,java.lang.String,java.lang.String]",versionCode,3
C:\Users\Madhu\Downloads\paprika-master\src\paprika\entities\PaprikaApp.java,paprika.entities.PaprikaApp,"PaprikaApp/14[java.lang.String,java.lang.String,java.lang.String,java.lang.String,int,java.lang.String,java.lang.String,java.lang.String,double,java.lang.String,java.lang.String,java.lang.String,java.lang.String,java.lang.String]",size,3
C:\Users\Madhu\Downloads\paprika-master\src\paprika\entities\PaprikaApp.java,paprika.entities.PaprikaApp,"PaprikaApp/14[java.lang.String,java.lang.String,java.lang.String,java.lang.String,int,java.lang.String,java.lang.String,java.lang.String,double,java.lang.String,java.lang.String,java.lang.String,java.lang.String,java.lang.String]",paprikaExternalClasses,1
C:\Users\Madhu\Downloads\paprika-master\src\paprika\entities\PaprikaApp.java,paprika.entities.PaprikaApp,"PaprikaApp/14[java.lang.String,java.lang.String,java.lang.String,java.lang.String,int,java.lang.String,java.lang.String,java.lang.String,double,java.lang.String,java.lang.String,java.lang.String,java.lang.String,java.lang.String]",price,3
C:\Users\Madhu\Downloads\paprika-master\src\paprika\entities\PaprikaApp.java,paprika.entities.PaprikaApp,"PaprikaApp/14[java.lang.String,java.lang.String,java.lang.String,java.lang.String,int,java.lang.String,java.lang.String,java.lang.String,double,java.lang.String,java.lang.String,java.lang.String,java.lang.String,java.lang.String]",paprikaClasses,1
C:\Users\Madhu\Downloads\paprika-master\src\paprika\entities\PaprikaApp.java,paprika.entities.PaprikaApp,"PaprikaApp/14[java.lang.String,java.lang.String,java.lang.String,java.lang.String,int,java.lang.String,java.lang.String,java.lang.String,double,java.lang.String,java.lang.String,java.lang.String,java.lang.String,java.lang.String]",developer,3
C:\Users\Madhu\Downloads\paprika-master\src\paprika\entities\PaprikaApp.java,paprika.entities.PaprikaApp,"PaprikaApp/14[java.lang.String,java.lang.String,java.lang.String,java.lang.String,int,java.lang.String,java.lang.String,java.lang.String,double,java.lang.String,java.lang.String,java.lang.String,java.lang.String,java.lang.String]",sdkVersion,3
C:\Users\Madhu\Downloads\paprika-master\src\paprika\entities\PaprikaApp.java,paprika.entities.PaprikaApp,"PaprikaApp/14[java.lang.String,java.lang.String,java.lang.String,java.lang.String,int,java.lang.String,java.lang.String,java.lang.String,double,java.lang.String,java.lang.String,java.lang.String,java.lang.String,java.lang.String]",category,3
C:\Users\Madhu\Downloads\paprika-master\src\paprika\entities\PaprikaApp.java,paprika.entities.PaprikaApp,"PaprikaApp/14[java.lang.String,java.lang.String,java.lang.String,java.lang.String,int,java.lang.String,java.lang.String,java.lang.String,double,java.lang.String,java.lang.String,java.lang.String,java.lang.String,java.lang.String]",key,3
C:\Users\Madhu\Downloads\paprika-master\src\paprika\entities\PaprikaApp.java,paprika.entities.PaprikaApp,getTargetSdkVersion/0,targetSdkVersion,1
C:\Users\Madhu\Downloads\paprika-master\src\paprika\entities\PaprikaApp.java,paprika.entities.PaprikaApp,addPaprikaClass/1[paprika.entities.PaprikaClass],paprikaClasses,1
C:\Users\Madhu\Downloads\paprika-master\src\paprika\entities\PaprikaApp.java,paprika.entities.PaprikaApp,getNbDownload/0,nbDownload,1
C:\Users\Madhu\Downloads\paprika-master\src\paprika\entities\PaprikaApp.java,paprika.entities.PaprikaApp,getDate/0,date,1
C:\Users\Madhu\Downloads\paprika-master\src\paprika\entities\PaprikaApp.java,paprika.entities.PaprikaApp,getPaprikaExternalClasses/0,paprikaExternalClasses,1
C:\Users\Madhu\Downloads\paprika-master\src\paprika\entities\PaprikaApp.java,paprika.entities.PaprikaApp,getSize/0,size,1
C:\Users\Madhu\Downloads\paprika-master\src\paprika\entities\PaprikaApp.java,paprika.entities.PaprikaApp,getCategory/0,category,1
C:\Users\Madhu\Downloads\paprika-master\src\paprika\entities\PaprikaApp.java,paprika.entities.PaprikaApp,getPrice/0,price,1
C:\Users\Madhu\Downloads\paprika-master\src\paprika\entities\PaprikaApp.java,paprika.entities.PaprikaApp,"createPaprikaApp/14[java.lang.String,java.lang.String,java.lang.String,java.lang.String,int,java.lang.String,java.lang.String,java.lang.String,double,java.lang.String,java.lang.String,java.lang.String,java.lang.String,java.lang.String]",date,2
C:\Users\Madhu\Downloads\paprika-master\src\paprika\entities\PaprikaApp.java,paprika.entities.PaprikaApp,"createPaprikaApp/14[java.lang.String,java.lang.String,java.lang.String,java.lang.String,int,java.lang.String,java.lang.String,java.lang.String,double,java.lang.String,java.lang.String,java.lang.String,java.lang.String,java.lang.String]",size,2
C:\Users\Madhu\Downloads\paprika-master\src\paprika\entities\PaprikaApp.java,paprika.entities.PaprikaApp,"createPaprikaApp/14[java.lang.String,java.lang.String,java.lang.String,java.lang.String,int,java.lang.String,java.lang.String,java.lang.String,double,java.lang.String,java.lang.String,java.lang.String,java.lang.String,java.lang.String]",price,2
C:\Users\Madhu\Downloads\paprika-master\src\paprika\entities\PaprikaApp.java,paprika.entities.PaprikaApp,"createPaprikaApp/14[java.lang.String,java.lang.String,java.lang.String,java.lang.String,int,java.lang.String,java.lang.String,java.lang.String,double,java.lang.String,java.lang.String,java.lang.String,java.lang.String,java.lang.String]",rating,2
C:\Users\Madhu\Downloads\paprika-master\src\paprika\entities\PaprikaApp.java,paprika.entities.PaprikaApp,"createPaprikaApp/14[java.lang.String,java.lang.String,java.lang.String,java.lang.String,int,java.lang.String,java.lang.String,java.lang.String,double,java.lang.String,java.lang.String,java.lang.String,java.lang.String,java.lang.String]",nbDownload,2
C:\Users\Madhu\Downloads\paprika-master\src\paprika\entities\PaprikaApp.java,paprika.entities.PaprikaApp,"createPaprikaApp/14[java.lang.String,java.lang.String,java.lang.String,java.lang.String,int,java.lang.String,java.lang.String,java.lang.String,double,java.lang.String,java.lang.String,java.lang.String,java.lang.String,java.lang.String]",sdkVersion,2
C:\Users\Madhu\Downloads\paprika-master\src\paprika\entities\PaprikaApp.java,paprika.entities.PaprikaApp,"createPaprikaApp/14[java.lang.String,java.lang.String,java.lang.String,java.lang.String,int,java.lang.String,java.lang.String,java.lang.String,double,java.lang.String,java.lang.String,java.lang.String,java.lang.String,java.lang.String]",targetSdkVersion,2
C:\Users\Madhu\Downloads\paprika-master\src\paprika\entities\PaprikaApp.java,paprika.entities.PaprikaApp,"createPaprikaApp/14[java.lang.String,java.lang.String,java.lang.String,java.lang.String,int,java.lang.String,java.lang.String,java.lang.String,double,java.lang.String,java.lang.String,java.lang.String,java.lang.String,java.lang.String]",versionName,2
C:\Users\Madhu\Downloads\paprika-master\src\paprika\entities\PaprikaApp.java,paprika.entities.PaprikaApp,"createPaprikaApp/14[java.lang.String,java.lang.String,java.lang.String,java.lang.String,int,java.lang.String,java.lang.String,java.lang.String,double,java.lang.String,java.lang.String,java.lang.String,java.lang.String,java.lang.String]",pack,2
C:\Users\Madhu\Downloads\paprika-master\src\paprika\entities\PaprikaApp.java,paprika.entities.PaprikaApp,"createPaprikaApp/14[java.lang.String,java.lang.String,java.lang.String,java.lang.String,int,java.lang.String,java.lang.String,java.lang.String,double,java.lang.String,java.lang.String,java.lang.String,java.lang.String,java.lang.String]",key,2
C:\Users\Madhu\Downloads\paprika-master\src\paprika\entities\PaprikaApp.java,paprika.entities.PaprikaApp,"createPaprikaApp/14[java.lang.String,java.lang.String,java.lang.String,java.lang.String,int,java.lang.String,java.lang.String,java.lang.String,double,java.lang.String,java.lang.String,java.lang.String,java.lang.String,java.lang.String]",versionCode,2
C:\Users\Madhu\Downloads\paprika-master\src\paprika\entities\PaprikaApp.java,paprika.entities.PaprikaApp,getVersionCode/0,versionCode,1
C:\Users\Madhu\Downloads\paprika-master\src\paprika\entities\PaprikaApp.java,paprika.entities.PaprikaApp,getDeveloper/0,developer,1
C:\Users\Madhu\Downloads\paprika-master\src\paprika\entities\PaprikaApp.java,paprika.entities.PaprikaApp,getVersionName/0,versionName,1
C:\Users\Madhu\Downloads\paprika-master\src\paprika\entities\PaprikaApp.java,paprika.entities.PaprikaApp,getPaprikaClasses/0,paprikaClasses,1
C:\Users\Madhu\Downloads\paprika-master\src\paprika\entities\PaprikaApp.java,paprika.entities.PaprikaApp,getRating/0,rating,1
C:\Users\Madhu\Downloads\paprika-master\src\paprika\entities\PaprikaApp.java,paprika.entities.PaprikaApp,getKey/0,key,1
C:\Users\Madhu\Downloads\paprika-master\src\paprika\entities\PaprikaApp.java,paprika.entities.PaprikaApp,getPack/0,pack,1
C:\Users\Madhu\Downloads\paprika-master\src\paprika\entities\PaprikaApp.java,paprika.entities.PaprikaApp,addPaprikaExternalClass/1[paprika.entities.PaprikaExternalClass],paprikaExternalClasses,1
C:\Users\Madhu\Downloads\paprika-master\src\paprika\entities\PaprikaApp.java,paprika.entities.PaprikaApp,getSdkVersion/0,sdkVersion,1
C:\Users\Madhu\Downloads\paprika-master\src\paprika\neo4j\QuartileCalculator.java,paprika.neo4j.QuartileCalculator,calculateNumberOfImplementedInterfacesQuartile/0,queryEngine,1
C:\Users\Madhu\Downloads\paprika-master\src\paprika\neo4j\QuartileCalculator.java,paprika.neo4j.QuartileCalculator,calculateNumberOfImplementedInterfacesQuartile/0,graphDatabaseService,2
C:\Users\Madhu\Downloads\paprika-master\src\paprika\neo4j\QuartileCalculator.java,paprika.neo4j.QuartileCalculator,calculateNumberOfMethodsQuartile/0,queryEngine,1
C:\Users\Madhu\Downloads\paprika-master\src\paprika\neo4j\QuartileCalculator.java,paprika.neo4j.QuartileCalculator,calculateNumberOfMethodsQuartile/0,graphDatabaseService,2
C:\Users\Madhu\Downloads\paprika-master\src\paprika\neo4j\QuartileCalculator.java,paprika.neo4j.QuartileCalculator,calculateClassComplexityQuartile/0,queryEngine,1
C:\Users\Madhu\Downloads\paprika-master\src\paprika\neo4j\QuartileCalculator.java,paprika.neo4j.QuartileCalculator,calculateClassComplexityQuartile/0,graphDatabaseService,2
C:\Users\Madhu\Downloads\paprika-master\src\paprika\neo4j\QuartileCalculator.java,paprika.neo4j.QuartileCalculator,calculateNumberOfAttributesQuartile/0,queryEngine,1
C:\Users\Madhu\Downloads\paprika-master\src\paprika\neo4j\QuartileCalculator.java,paprika.neo4j.QuartileCalculator,calculateNumberOfAttributesQuartile/0,graphDatabaseService,2
C:\Users\Madhu\Downloads\paprika-master\src\paprika\neo4j\QuartileCalculator.java,paprika.neo4j.QuartileCalculator,QuartileCalculator/1[paprika.neo4j.QueryEngine],queryEngine,4
C:\Users\Madhu\Downloads\paprika-master\src\paprika\neo4j\QuartileCalculator.java,paprika.neo4j.QuartileCalculator,QuartileCalculator/1[paprika.neo4j.QueryEngine],graphDatabaseService,1
C:\Users\Madhu\Downloads\paprika-master\src\paprika\neo4j\QuartileCalculator.java,paprika.neo4j.QuartileCalculator,calculateNumberofInstructionsQuartile/0,queryEngine,1
C:\Users\Madhu\Downloads\paprika-master\src\paprika\neo4j\QuartileCalculator.java,paprika.neo4j.QuartileCalculator,calculateNumberofInstructionsQuartile/0,graphDatabaseService,2
C:\Users\Madhu\Downloads\paprika-master\src\paprika\neo4j\QuartileCalculator.java,paprika.neo4j.QuartileCalculator,"calculateQuartile/2[java.lang.String,java.lang.String]",graphDatabaseService,2
C:\Users\Madhu\Downloads\paprika-master\src\paprika\neo4j\QuartileCalculator.java,paprika.neo4j.QuartileCalculator,calculateLackofCohesionInMethodsQuartile/0,queryEngine,1
C:\Users\Madhu\Downloads\paprika-master\src\paprika\neo4j\QuartileCalculator.java,paprika.neo4j.QuartileCalculator,calculateLackofCohesionInMethodsQuartile/0,graphDatabaseService,2
C:\Users\Madhu\Downloads\paprika-master\src\paprika\neo4j\QuartileCalculator.java,paprika.neo4j.QuartileCalculator,calculateNumberOfMethodsForInterfacesQuartile/0,queryEngine,1
C:\Users\Madhu\Downloads\paprika-master\src\paprika\neo4j\QuartileCalculator.java,paprika.neo4j.QuartileCalculator,calculateNumberOfMethodsForInterfacesQuartile/0,graphDatabaseService,2
C:\Users\Madhu\Downloads\paprika-master\src\paprika\neo4j\QuartileCalculator.java,paprika.neo4j.QuartileCalculator,calculateCyclomaticComplexityQuartile/0,queryEngine,1
C:\Users\Madhu\Downloads\paprika-master\src\paprika\neo4j\QuartileCalculator.java,paprika.neo4j.QuartileCalculator,calculateCyclomaticComplexityQuartile/0,graphDatabaseService,2
C:\Users\Madhu\Downloads\paprika-master\src\paprika\metrics\UnaryMetric.java,paprika.metrics.UnaryMetric,updateEntity/0,entity,1
C:\Users\Madhu\Downloads\paprika-master\src\paprika\metrics\UnaryMetric.java,paprika.metrics.UnaryMetric,toString/0,entity,1
C:\Users\Madhu\Downloads\paprika-master\src\paprika\metrics\UnaryMetric.java,paprika.metrics.UnaryMetric,getEntity/0,entity,1
C:\Users\Madhu\Downloads\paprika-master\src\paprika\metrics\UnaryMetric.java,paprika.metrics.UnaryMetric,setEntity/1[paprika.entities.Entity],entity,3
C:\Users\Madhu\Downloads\paprika-master\src\paprika\neo4j\HeavyServiceStartQuery.java,paprika.neo4j.HeavyServiceStartQuery,executeFuzzy/1[boolean],veryHigh_cc,1
C:\Users\Madhu\Downloads\paprika-master\src\paprika\neo4j\HeavyServiceStartQuery.java,paprika.neo4j.HeavyServiceStartQuery,executeFuzzy/1[boolean],veryHigh_noi,1
C:\Users\Madhu\Downloads\paprika-master\src\paprika\neo4j\HeavyServiceStartQuery.java,paprika.neo4j.HeavyServiceStartQuery,executeFuzzy/1[boolean],high_noi,1
C:\Users\Madhu\Downloads\paprika-master\src\paprika\neo4j\HeavyServiceStartQuery.java,paprika.neo4j.HeavyServiceStartQuery,executeFuzzy/1[boolean],high_cc,1
C:\Users\Madhu\Downloads\paprika-master\src\paprika\neo4j\HeavyServiceStartQuery.java,paprika.neo4j.HeavyServiceStartQuery,execute/1[boolean],veryHigh_cc,1
C:\Users\Madhu\Downloads\paprika-master\src\paprika\neo4j\HeavyServiceStartQuery.java,paprika.neo4j.HeavyServiceStartQuery,execute/1[boolean],veryHigh_noi,1
C:\Users\Madhu\Downloads\paprika-master\src\paprika\neo4j\QueryEngine.java,paprika.neo4j.QueryEngine,getGraphDatabaseService/0,graphDatabaseService,1
C:\Users\Madhu\Downloads\paprika-master\src\paprika\neo4j\QueryEngine.java,paprika.neo4j.QueryEngine,"resultToCSV/2[paprika.neo4j.Result,java.lang.String]",csvPrefix,1
C:\Users\Madhu\Downloads\paprika-master\src\paprika\neo4j\QueryEngine.java,paprika.neo4j.QueryEngine,countVariables/0,graphDatabaseService,2
C:\Users\Madhu\Downloads\paprika-master\src\paprika\neo4j\QueryEngine.java,paprika.neo4j.QueryEngine,setCsvPrefix/1[java.lang.String],csvPrefix,3
C:\Users\Madhu\Downloads\paprika-master\src\paprika\neo4j\QueryEngine.java,paprika.neo4j.QueryEngine,findKeysFromPackageName/1[java.lang.String],graphDatabaseService,2
C:\Users\Madhu\Downloads\paprika-master\src\paprika\neo4j\QueryEngine.java,paprika.neo4j.QueryEngine,countInnerClasses/0,graphDatabaseService,2
C:\Users\Madhu\Downloads\paprika-master\src\paprika\neo4j\QueryEngine.java,paprika.neo4j.QueryEngine,"deleteEntityOut/4[java.lang.String,java.lang.String,java.lang.String,java.lang.String]",graphDatabaseService,2
C:\Users\Madhu\Downloads\paprika-master\src\paprika\neo4j\QueryEngine.java,paprika.neo4j.QueryEngine,"deleteEntityIn/4[java.lang.String,java.lang.String,java.lang.String,java.lang.String]",graphDatabaseService,2
C:\Users\Madhu\Downloads\paprika-master\src\paprika\neo4j\QueryEngine.java,paprika.neo4j.QueryEngine,"statsToCSV/2[java.util.Map<java.lang.String,java.lang.Double>,java.lang.String]",csvPrefix,1
C:\Users\Madhu\Downloads\paprika-master\src\paprika\neo4j\QueryEngine.java,paprika.neo4j.QueryEngine,getCsvPrefix/0,csvPrefix,1
C:\Users\Madhu\Downloads\paprika-master\src\paprika\neo4j\QueryEngine.java,paprika.neo4j.QueryEngine,"deleteRelations/4[java.lang.String,java.lang.String,java.lang.String,java.lang.String]",graphDatabaseService,2
C:\Users\Madhu\Downloads\paprika-master\src\paprika\neo4j\QueryEngine.java,paprika.neo4j.QueryEngine,"getPropertyForAllApk/3[java.lang.String,java.lang.String,java.lang.String]",graphDatabaseService,2
C:\Users\Madhu\Downloads\paprika-master\src\paprika\neo4j\QueryEngine.java,paprika.neo4j.QueryEngine,AnalyzedAppQuery/0,graphDatabaseService,2
C:\Users\Madhu\Downloads\paprika-master\src\paprika\neo4j\QueryEngine.java,paprika.neo4j.QueryEngine,deleteQuery/1[java.lang.String],graphDatabaseService,2
C:\Users\Madhu\Downloads\paprika-master\src\paprika\neo4j\QueryEngine.java,paprika.neo4j.QueryEngine,countAsyncClasses/0,graphDatabaseService,2
C:\Users\Madhu\Downloads\paprika-master\src\paprika\neo4j\QueryEngine.java,paprika.neo4j.QueryEngine,executeRequest/1[java.lang.String],graphDatabaseService,2
C:\Users\Madhu\Downloads\paprika-master\src\paprika\neo4j\QueryEngine.java,paprika.neo4j.QueryEngine,"resultToCSV/3[java.util.List<java.util.Map>,java.util.List<java.lang.String>,java.lang.String]",csvPrefix,1
C:\Users\Madhu\Downloads\paprika-master\src\paprika\neo4j\QueryEngine.java,paprika.neo4j.QueryEngine,shutDown/0,databaseManager,1
C:\Users\Madhu\Downloads\paprika-master\src\paprika\neo4j\QueryEngine.java,paprika.neo4j.QueryEngine,countViews/0,graphDatabaseService,2
C:\Users\Madhu\Downloads\paprika-master\src\paprika\neo4j\QueryEngine.java,paprika.neo4j.QueryEngine,QueryEngine/1[java.lang.String],graphDatabaseService,1
C:\Users\Madhu\Downloads\paprika-master\src\paprika\neo4j\QueryEngine.java,paprika.neo4j.QueryEngine,QueryEngine/1[java.lang.String],databaseManager,3
C:\Users\Madhu\Downloads\paprika-master\src\paprika\neo4j\QueryEngine.java,paprika.neo4j.QueryEngine,QueryEngine/1[java.lang.String],csvPrefix,1
C:\Users\Madhu\Downloads\paprika-master\src\paprika\neo4j\QueryEngine.java,paprika.neo4j.QueryEngine,deleteApp/1[java.lang.String],graphDatabaseService,2
C:\Users\Madhu\Downloads\paprika-master\src\paprika\entities\Entity.java,paprika.entities.Entity,setMetrics/1[java.util.List<paprika.metrics.Metric>],metrics,3
C:\Users\Madhu\Downloads\paprika-master\src\paprika\entities\Entity.java,paprika.entities.Entity,getMetrics/0,metrics,1
C:\Users\Madhu\Downloads\paprika-master\src\paprika\entities\Entity.java,paprika.entities.Entity,addMetric/1[paprika.metrics.UnaryMetric],metrics,1
C:\Users\Madhu\Downloads\paprika-master\src\paprika\entities\Entity.java,paprika.entities.Entity,toString/0,name,1
C:\Users\Madhu\Downloads\paprika-master\src\paprika\entities\Entity.java,paprika.entities.Entity,getName/0,name,1
C:\Users\Madhu\Downloads\paprika-master\src\paprika\entities\Entity.java,paprika.entities.Entity,setName/1[java.lang.String],name,3
C:\Users\Madhu\Downloads\paprika-master\src\paprika\metrics\BinaryMetric.java,paprika.metrics.BinaryMetric,getSource/0,source,1
C:\Users\Madhu\Downloads\paprika-master\src\paprika\metrics\BinaryMetric.java,paprika.metrics.BinaryMetric,setTarget/1[paprika.entities.Entity],target,3
C:\Users\Madhu\Downloads\paprika-master\src\paprika\metrics\BinaryMetric.java,paprika.metrics.BinaryMetric,getTarget/0,target,1
C:\Users\Madhu\Downloads\paprika-master\src\paprika\metrics\BinaryMetric.java,paprika.metrics.BinaryMetric,setSource/1[paprika.entities.Entity],source,3
C:\Users\Madhu\Downloads\paprika-master\src\paprika\neo4j\HeavyBroadcastReceiverQuery.java,paprika.neo4j.HeavyBroadcastReceiverQuery,executeFuzzy/1[boolean],veryHigh_cc,1
C:\Users\Madhu\Downloads\paprika-master\src\paprika\neo4j\HeavyBroadcastReceiverQuery.java,paprika.neo4j.HeavyBroadcastReceiverQuery,executeFuzzy/1[boolean],veryHigh_noi,1
C:\Users\Madhu\Downloads\paprika-master\src\paprika\neo4j\HeavyBroadcastReceiverQuery.java,paprika.neo4j.HeavyBroadcastReceiverQuery,executeFuzzy/1[boolean],high_noi,1
C:\Users\Madhu\Downloads\paprika-master\src\paprika\neo4j\HeavyBroadcastReceiverQuery.java,paprika.neo4j.HeavyBroadcastReceiverQuery,executeFuzzy/1[boolean],high_cc,1
C:\Users\Madhu\Downloads\paprika-master\src\paprika\neo4j\HeavyBroadcastReceiverQuery.java,paprika.neo4j.HeavyBroadcastReceiverQuery,execute/1[boolean],veryHigh_cc,1
C:\Users\Madhu\Downloads\paprika-master\src\paprika\neo4j\HeavyBroadcastReceiverQuery.java,paprika.neo4j.HeavyBroadcastReceiverQuery,execute/1[boolean],veryHigh_noi,1
C:\Users\Madhu\Downloads\paprika-master\src\paprika\metrics\Metric.java,paprika.metrics.Metric,setValue/1[java.lang.Object],value,3
C:\Users\Madhu\Downloads\paprika-master\src\paprika\metrics\Metric.java,paprika.metrics.Metric,getName/0,name,1
C:\Users\Madhu\Downloads\paprika-master\src\paprika\metrics\Metric.java,paprika.metrics.Metric,getValue/0,value,1
C:\Users\Madhu\Downloads\paprika-master\src\paprika\entities\PaprikaClass.java,paprika.entities.PaprikaClass,getCouplingValue/0,coupled,1
C:\Users\Madhu\Downloads\paprika-master\src\paprika\entities\PaprikaClass.java,paprika.entities.PaprikaClass,setParent/1[paprika.entities.PaprikaClass],parent,3
C:\Users\Madhu\Downloads\paprika-master\src\paprika\entities\PaprikaClass.java,paprika.entities.PaprikaClass,addPaprikaVariable/1[paprika.entities.PaprikaVariable],paprikaVariables,1
C:\Users\Madhu\Downloads\paprika-master\src\paprika\entities\PaprikaClass.java,paprika.entities.PaprikaClass,addPaprikaMethod/1[paprika.entities.PaprikaMethod],paprikaMethods,1
C:\Users\Madhu\Downloads\paprika-master\src\paprika\entities\PaprikaClass.java,paprika.entities.PaprikaClass,setPaprikaApp/1[paprika.entities.PaprikaApp],paprikaApp,3
C:\Users\Madhu\Downloads\paprika-master\src\paprika\entities\PaprikaClass.java,paprika.entities.PaprikaClass,getPaprikaApp/0,paprikaApp,1
C:\Users\Madhu\Downloads\paprika-master\src\paprika\entities\PaprikaClass.java,paprika.entities.PaprikaClass,getModifier/0,modifier,1
C:\Users\Madhu\Downloads\paprika-master\src\paprika\entities\PaprikaClass.java,paprika.entities.PaprikaClass,getComplexity/0,complexity,1
C:\Users\Madhu\Downloads\paprika-master\src\paprika\entities\PaprikaClass.java,paprika.entities.PaprikaClass,getInterfaces/0,interfaces,1
C:\Users\Madhu\Downloads\paprika-master\src\paprika\entities\PaprikaClass.java,paprika.entities.PaprikaClass,getPaprikaMethods/0,paprikaMethods,1
C:\Users\Madhu\Downloads\paprika-master\src\paprika\entities\PaprikaClass.java,paprika.entities.PaprikaClass,addComplexity/1[int],complexity,1
C:\Users\Madhu\Downloads\paprika-master\src\paprika\entities\PaprikaClass.java,paprika.entities.PaprikaClass,computeLCOM/0,paprikaMethods,1
C:\Users\Madhu\Downloads\paprika-master\src\paprika\entities\PaprikaClass.java,paprika.entities.PaprikaClass,"createPaprikaClass/3[java.lang.String,paprika.entities.PaprikaApp,paprika.entities.PaprikaModifiers]",paprikaApp,3
C:\Users\Madhu\Downloads\paprika-master\src\paprika\entities\PaprikaClass.java,paprika.entities.PaprikaClass,"createPaprikaClass/3[java.lang.String,paprika.entities.PaprikaApp,paprika.entities.PaprikaModifiers]",modifier,2
C:\Users\Madhu\Downloads\paprika-master\src\paprika\entities\PaprikaClass.java,paprika.entities.PaprikaClass,getPaprikaVariables/0,paprikaVariables,1
C:\Users\Madhu\Downloads\paprika-master\src\paprika\entities\PaprikaClass.java,paprika.entities.PaprikaClass,getParentName/0,parentName,1
C:\Users\Madhu\Downloads\paprika-master\src\paprika\entities\PaprikaClass.java,paprika.entities.PaprikaClass,coupledTo/1[paprika.entities.PaprikaClass],coupled,1
C:\Users\Madhu\Downloads\paprika-master\src\paprika\entities\PaprikaClass.java,paprika.entities.PaprikaClass,"PaprikaClass/3[java.lang.String,paprika.entities.PaprikaApp,paprika.entities.PaprikaModifiers]",paprikaMethods,1
C:\Users\Madhu\Downloads\paprika-master\src\paprika\entities\PaprikaClass.java,paprika.entities.PaprikaClass,"PaprikaClass/3[java.lang.String,paprika.entities.PaprikaApp,paprika.entities.PaprikaModifiers]",complexity,1
C:\Users\Madhu\Downloads\paprika-master\src\paprika\entities\PaprikaClass.java,paprika.entities.PaprikaClass,"PaprikaClass/3[java.lang.String,paprika.entities.PaprikaApp,paprika.entities.PaprikaModifiers]",paprikaApp,3
C:\Users\Madhu\Downloads\paprika-master\src\paprika\entities\PaprikaClass.java,paprika.entities.PaprikaClass,"PaprikaClass/3[java.lang.String,paprika.entities.PaprikaApp,paprika.entities.PaprikaModifiers]",interfaces,1
C:\Users\Madhu\Downloads\paprika-master\src\paprika\entities\PaprikaClass.java,paprika.entities.PaprikaClass,"PaprikaClass/3[java.lang.String,paprika.entities.PaprikaApp,paprika.entities.PaprikaModifiers]",children,1
C:\Users\Madhu\Downloads\paprika-master\src\paprika\entities\PaprikaClass.java,paprika.entities.PaprikaClass,"PaprikaClass/3[java.lang.String,paprika.entities.PaprikaApp,paprika.entities.PaprikaModifiers]",modifier,3
C:\Users\Madhu\Downloads\paprika-master\src\paprika\entities\PaprikaClass.java,paprika.entities.PaprikaClass,"PaprikaClass/3[java.lang.String,paprika.entities.PaprikaApp,paprika.entities.PaprikaModifiers]",coupled,1
C:\Users\Madhu\Downloads\paprika-master\src\paprika\entities\PaprikaClass.java,paprika.entities.PaprikaClass,"PaprikaClass/3[java.lang.String,paprika.entities.PaprikaApp,paprika.entities.PaprikaModifiers]",paprikaVariables,1
C:\Users\Madhu\Downloads\paprika-master\src\paprika\entities\PaprikaClass.java,paprika.entities.PaprikaClass,implement/1[paprika.entities.PaprikaClass],interfaces,1
C:\Users\Madhu\Downloads\paprika-master\src\paprika\entities\PaprikaClass.java,paprika.entities.PaprikaClass,setParentName/1[java.lang.String],parentName,3
C:\Users\Madhu\Downloads\paprika-master\src\paprika\entities\PaprikaClass.java,paprika.entities.PaprikaClass,getParent/0,parent,1
C:\Users\Madhu\Downloads\paprika-master\src\paprika\entities\PaprikaClass.java,paprika.entities.PaprikaClass,getChildren/0,children,1
C:\Users\Madhu\Downloads\paprika-master\src\paprika\entities\PaprikaClass.java,paprika.entities.PaprikaClass,addChildren/0,children,1
C:\Users\Madhu\Downloads\paprika-master\src\paprika\entities\PaprikaClass.java,paprika.entities.PaprikaClass,findVariable/1[java.lang.String],paprikaVariables,1
C:\Users\Madhu\Downloads\paprika-master\src\paprika\entities\PaprikaExternalArgument.java,paprika.entities.PaprikaExternalArgument,"PaprikaExternalArgument/3[java.lang.String,int,paprika.entities.PaprikaExternalMethod]",paprikaExternalMethod,3
C:\Users\Madhu\Downloads\paprika-master\src\paprika\entities\PaprikaExternalArgument.java,paprika.entities.PaprikaExternalArgument,"PaprikaExternalArgument/3[java.lang.String,int,paprika.entities.PaprikaExternalMethod]",position,3
C:\Users\Madhu\Downloads\paprika-master\src\paprika\entities\PaprikaExternalArgument.java,paprika.entities.PaprikaExternalArgument,getPosition/0,position,1
C:\Users\Madhu\Downloads\paprika-master\src\paprika\entities\PaprikaExternalArgument.java,paprika.entities.PaprikaExternalArgument,"createPaprikaExternalArgument/3[java.lang.String,int,paprika.entities.PaprikaExternalMethod]",paprikaExternalMethod,3
C:\Users\Madhu\Downloads\paprika-master\src\paprika\entities\PaprikaExternalArgument.java,paprika.entities.PaprikaExternalArgument,"createPaprikaExternalArgument/3[java.lang.String,int,paprika.entities.PaprikaExternalMethod]",position,2
