file,class,method,constructor,line,cbo,cboModified,fanin,fanout,wmc,rfc,loc,returnsQty,variablesQty,parametersQty,methodsInvokedQty,methodsInvokedLocalQty,methodsInvokedIndirectLocalQty,loopQty,comparisonsQty,tryCatchQty,parenthesizedExpsQty,stringLiteralsQty,numbersQty,assignmentsQty,mathOperationsQty,maxNestedBlocksQty,anonymousClassesQty,innerClassesQty,lambdasQty,uniqueWordsQty,modifiers,logStatementsQty,hasJavaDoc
C:\Users\Madhu\Downloads\paprika-master\src\paprika\metrics\ClassComplexity.java,paprika.metrics.ClassComplexity,createClassComplexity/1[paprika.entities.PaprikaClass],false,34,3,3,1,2,1,1,5,1,1,1,1,0,0,0,0,0,0,0,0,1,0,0,0,0,0,6,9,0,false
C:\Users\Madhu\Downloads\paprika-master\src\paprika\metrics\ClassComplexity.java,paprika.metrics.ClassComplexity,ClassComplexity/1[paprika.entities.PaprikaClass],true,28,1,2,1,1,1,1,5,0,0,1,1,0,0,0,0,0,0,1,0,3,0,0,0,0,0,4,2,0,false
C:\Users\Madhu\Downloads\paprika-master\src\paprika\metrics\CouplingBetweenObjects.java,paprika.metrics.CouplingBetweenObjects,CouplingBetweenObjects/1[paprika.entities.PaprikaClass],true,28,1,2,1,1,1,1,5,0,0,1,1,0,0,0,0,0,0,1,0,3,0,0,0,0,0,6,2,0,false
C:\Users\Madhu\Downloads\paprika-master\src\paprika\metrics\CouplingBetweenObjects.java,paprika.metrics.CouplingBetweenObjects,createCouplingBetweenObjects/1[paprika.entities.PaprikaClass],false,34,3,3,1,2,1,1,5,1,1,1,1,0,0,0,0,0,0,0,0,1,0,0,0,0,0,8,9,0,false
C:\Users\Madhu\Downloads\paprika-master\src\paprika\metrics\IsInit.java,paprika.metrics.IsInit,"createIsInit/2[paprika.entities.PaprikaMethod,boolean]",false,35,3,3,1,2,1,1,5,1,1,2,1,0,0,0,0,0,0,0,0,1,0,0,0,0,0,7,9,0,false
C:\Users\Madhu\Downloads\paprika-master\src\paprika\metrics\IsInit.java,paprika.metrics.IsInit,"IsInit/2[paprika.entities.PaprikaMethod,boolean]",true,29,1,1,1,0,1,0,5,0,0,2,0,0,0,0,0,0,0,1,0,3,0,0,0,0,0,6,2,0,false
C:\Users\Madhu\Downloads\paprika-master\src\paprika\metrics\NumberOfChildren.java,paprika.metrics.NumberOfChildren,NumberOfChildren/1[paprika.entities.PaprikaClass],true,28,1,2,1,1,1,1,5,0,0,1,1,0,0,0,0,0,0,1,0,3,0,0,0,0,0,6,2,0,false
C:\Users\Madhu\Downloads\paprika-master\src\paprika\metrics\NumberOfChildren.java,paprika.metrics.NumberOfChildren,createNumberOfChildren/1[paprika.entities.PaprikaClass],false,34,3,3,1,2,1,1,5,1,1,1,1,0,0,0,0,0,0,0,0,1,0,0,0,0,0,8,9,0,false
C:\Users\Madhu\Downloads\paprika-master\src\paprika\metrics\NumberOfActivities.java,paprika.metrics.NumberOfActivities,"NumberOfActivities/2[paprika.entities.PaprikaApp,int]",true,28,1,1,1,0,1,0,5,0,0,2,0,0,0,0,0,0,0,1,0,3,0,0,0,0,0,7,2,0,false
C:\Users\Madhu\Downloads\paprika-master\src\paprika\metrics\NumberOfActivities.java,paprika.metrics.NumberOfActivities,"createNumberOfActivities/2[paprika.entities.PaprikaApp,int]",false,34,3,3,1,2,1,1,5,1,1,2,1,0,0,0,0,0,0,0,0,1,0,0,0,0,0,8,9,0,false
C:\Users\Madhu\Downloads\paprika-master\src\paprika\neo4j\HeavyAsyncTaskStepsQuery.java,paprika.neo4j.HeavyAsyncTaskStepsQuery,executeFuzzy/1[boolean],false,66,4,2,1,1,7,20,39,0,11,1,20,0,0,1,0,1,0,13,1,13,1,3,0,0,0,41,1,0,false
C:\Users\Madhu\Downloads\paprika-master\src\paprika\neo4j\HeavyAsyncTaskStepsQuery.java,paprika.neo4j.HeavyAsyncTaskStepsQuery,createHeavyAsyncTaskStepsQuery/1[paprika.neo4j.QueryEngine],false,48,2,2,1,1,1,0,3,1,0,1,0,0,0,0,0,0,0,0,0,0,0,0,0,0,0,8,9,0,false
C:\Users\Madhu\Downloads\paprika-master\src\paprika\neo4j\HeavyAsyncTaskStepsQuery.java,paprika.neo4j.HeavyAsyncTaskStepsQuery,HeavyAsyncTaskStepsQuery/1[paprika.neo4j.QueryEngine],true,43,1,1,1,0,1,0,4,0,0,1,0,0,0,0,0,0,0,1,0,1,0,0,0,0,0,9,2,0,false
C:\Users\Madhu\Downloads\paprika-master\src\paprika\neo4j\HeavyAsyncTaskStepsQuery.java,paprika.neo4j.HeavyAsyncTaskStepsQuery,execute/1[boolean],false,52,2,2,1,1,2,3,14,0,3,1,3,0,0,0,0,1,0,6,0,5,1,2,0,0,0,23,1,0,false
C:\Users\Madhu\Downloads\paprika-master\src\paprika\metrics\DumbUnaryMetric.java,paprika.metrics.DumbUnaryMetric,"DumbUnaryMetric/3[paprika.entities.Entity,E,java.lang.String]",true,28,2,0,0,0,1,0,5,0,0,3,0,0,0,0,0,0,0,0,0,3,0,0,0,0,0,7,2,0,false
C:\Users\Madhu\Downloads\paprika-master\src\paprika\metrics\DumbUnaryMetric.java,paprika.metrics.DumbUnaryMetric,"createDumbMetric/3[paprika.entities.Entity,E,java.lang.String]",false,34,4,2,0,2,1,1,5,1,1,3,1,0,0,0,0,0,0,0,0,1,0,0,0,0,0,7,9,0,false
C:\Users\Madhu\Downloads\paprika-master\src\paprika\neo4j\Query.java,paprika.neo4j.Query,Query/1[paprika.neo4j.QueryEngine],true,33,1,1,0,1,1,1,4,0,0,1,1,0,0,0,0,0,0,0,0,2,0,0,0,0,0,6,1,0,false
C:\Users\Madhu\Downloads\paprika-master\src\paprika\neo4j\Query.java,paprika.neo4j.Query,execute/1[boolean],false,38,0,0,0,0,1,0,1,0,0,1,0,0,0,0,0,0,0,0,0,0,0,0,0,0,0,5,1025,0,false
C:\Users\Madhu\Downloads\paprika-master\src\paprika\entities\PaprikaVariable.java,paprika.entities.PaprikaVariable,getModifier/0,false,33,1,1,1,0,1,0,3,1,0,0,0,0,0,0,0,0,0,0,0,0,0,0,0,0,0,5,1,0,false
C:\Users\Madhu\Downloads\paprika-master\src\paprika\entities\PaprikaVariable.java,paprika.entities.PaprikaVariable,isPublic/0,false,50,0,0,0,0,2,0,3,1,0,0,0,0,0,0,1,0,0,0,0,0,0,0,0,0,0,3,1,0,false
C:\Users\Madhu\Downloads\paprika-master\src\paprika\entities\PaprikaVariable.java,paprika.entities.PaprikaVariable,isPrivate/0,false,54,0,0,0,0,2,0,3,1,0,0,0,0,0,0,1,0,0,0,0,0,0,0,0,0,0,3,1,0,false
C:\Users\Madhu\Downloads\paprika-master\src\paprika\entities\PaprikaVariable.java,paprika.entities.PaprikaVariable,"createPaprikaVariable/4[java.lang.String,java.lang.String,paprika.entities.PaprikaModifiers,paprika.entities.PaprikaClass]",false,44,3,3,1,2,1,1,5,1,1,4,1,0,0,0,0,0,0,0,0,1,0,0,0,0,0,5,9,0,false
C:\Users\Madhu\Downloads\paprika-master\src\paprika\entities\PaprikaVariable.java,paprika.entities.PaprikaVariable,getType/0,false,29,0,2,2,0,1,0,3,1,0,0,0,0,0,0,0,0,0,0,0,0,0,0,0,0,0,3,1,0,false
C:\Users\Madhu\Downloads\paprika-master\src\paprika\entities\PaprikaVariable.java,paprika.entities.PaprikaVariable,"PaprikaVariable/4[java.lang.String,java.lang.String,paprika.entities.PaprikaModifiers,paprika.entities.PaprikaClass]",true,37,2,1,1,0,1,0,6,0,0,4,0,0,0,0,0,0,0,0,0,4,0,0,0,0,0,7,2,0,false
C:\Users\Madhu\Downloads\paprika-master\src\paprika\entities\PaprikaVariable.java,paprika.entities.PaprikaVariable,isProtected/0,false,58,0,0,0,0,2,0,3,1,0,0,0,0,0,0,1,0,0,0,0,0,0,0,0,0,0,3,1,0,false
C:\Users\Madhu\Downloads\paprika-master\src\paprika\metrics\IsStatic.java,paprika.metrics.IsStatic,"IsStatic/2[paprika.entities.Entity,boolean]",true,29,1,1,1,0,1,0,5,0,0,2,0,0,0,0,0,0,0,1,0,3,0,0,0,0,0,5,2,0,false
C:\Users\Madhu\Downloads\paprika-master\src\paprika\metrics\IsStatic.java,paprika.metrics.IsStatic,"createIsStatic/2[paprika.entities.Entity,boolean]",false,35,3,4,2,2,1,1,5,1,1,2,1,0,0,0,0,0,0,0,0,1,0,0,0,0,0,6,9,0,false
C:\Users\Madhu\Downloads\paprika-master\src\paprika\metrics\NumberOfDeclaredLocals.java,paprika.metrics.NumberOfDeclaredLocals,"createNumberOfDeclaredLocals/2[paprika.entities.PaprikaMethod,int]",false,34,3,3,1,2,1,1,5,1,1,2,1,0,0,0,0,0,0,0,0,1,0,0,0,0,0,9,9,0,false
C:\Users\Madhu\Downloads\paprika-master\src\paprika\metrics\NumberOfDeclaredLocals.java,paprika.metrics.NumberOfDeclaredLocals,"NumberOfDeclaredLocals/2[paprika.entities.PaprikaMethod,int]",true,28,1,1,1,0,1,0,5,0,0,2,0,0,0,0,0,0,0,1,0,3,0,0,0,0,0,8,2,0,false
C:\Users\Madhu\Downloads\paprika-master\src\paprika\neo4j\IGSQuery.java,paprika.neo4j.IGSQuery,execute/1[boolean],false,41,2,2,1,1,2,3,13,0,3,1,3,0,0,0,0,1,0,4,0,5,0,2,0,0,0,26,1,0,false
C:\Users\Madhu\Downloads\paprika-master\src\paprika\neo4j\IGSQuery.java,paprika.neo4j.IGSQuery,createIGSQuery/1[paprika.neo4j.QueryEngine],false,36,2,2,1,1,1,0,3,1,0,1,0,0,0,0,0,0,0,0,0,0,0,0,0,0,0,7,9,0,false
C:\Users\Madhu\Downloads\paprika-master\src\paprika\neo4j\IGSQuery.java,paprika.neo4j.IGSQuery,IGSQuery/1[paprika.neo4j.QueryEngine],true,32,1,1,1,0,1,0,3,0,0,1,0,0,0,0,0,0,0,0,0,0,0,0,0,0,0,6,2,0,false
C:\Users\Madhu\Downloads\paprika-master\src\paprika\entities\PaprikaArgument.java,paprika.entities.PaprikaArgument,"PaprikaArgument/3[java.lang.String,int,paprika.entities.PaprikaMethod]",true,28,1,1,1,0,1,0,5,0,0,3,0,0,0,0,0,0,0,0,0,3,0,0,0,0,0,6,2,0,false
C:\Users\Madhu\Downloads\paprika-master\src\paprika\entities\PaprikaArgument.java,paprika.entities.PaprikaArgument,"createPaprikaArgument/3[java.lang.String,int,paprika.entities.PaprikaMethod]",false,34,2,3,1,2,1,1,5,1,1,3,1,0,0,0,0,0,0,0,0,1,0,0,0,0,0,5,9,0,false
C:\Users\Madhu\Downloads\paprika-master\src\paprika\entities\PaprikaArgument.java,paprika.entities.PaprikaArgument,getPosition/0,false,40,0,1,1,0,1,0,3,1,0,0,0,0,0,0,0,0,0,0,0,0,0,0,0,0,0,3,1,0,false
C:\Users\Madhu\Downloads\paprika-master\src\paprika\metrics\IsView.java,paprika.metrics.IsView,"IsView/2[paprika.entities.PaprikaClass,boolean]",true,29,1,1,1,0,1,0,5,0,0,2,0,0,0,0,0,0,0,1,0,3,0,0,0,0,0,6,2,0,false
C:\Users\Madhu\Downloads\paprika-master\src\paprika\metrics\IsView.java,paprika.metrics.IsView,"createIsView/2[paprika.entities.PaprikaClass,boolean]",false,35,3,3,1,2,1,1,5,1,1,2,1,0,0,0,0,0,0,0,0,1,0,0,0,0,0,7,9,0,false
C:\Users\Madhu\Downloads\paprika-master\src\paprika\FuzzyTest.java,paprika.FuzzyTest,main/1[java.lang.String[]],false,29,3,0,0,0,3,12,22,0,7,1,12,0,0,1,1,0,0,13,26,7,2,1,0,0,0,17,9,0,false
C:\Users\Madhu\Downloads\paprika-master\src\paprika\neo4j\IndexManager.java,paprika.neo4j.IndexManager,IndexManager/1[paprika.neo4j.GraphDatabaseService],true,32,1,1,1,0,1,0,3,0,0,1,0,0,0,0,0,0,0,0,0,1,0,0,0,0,0,6,1,0,false
C:\Users\Madhu\Downloads\paprika-master\src\paprika\neo4j\IndexManager.java,paprika.neo4j.IndexManager,createIndex/0,false,36,2,1,1,0,7,13,30,0,4,0,13,0,0,0,0,2,0,21,0,4,0,2,0,0,0,7,1,0,false
C:\Users\Madhu\Downloads\paprika-master\src\paprika\metrics\IsAsyncTask.java,paprika.metrics.IsAsyncTask,"createIsAsyncTask/2[paprika.entities.PaprikaClass,boolean]",false,35,3,3,1,2,1,1,5,1,1,2,1,0,0,0,0,0,0,0,0,1,0,0,0,0,0,8,9,0,false
C:\Users\Madhu\Downloads\paprika-master\src\paprika\metrics\IsAsyncTask.java,paprika.metrics.IsAsyncTask,"IsAsyncTask/2[paprika.entities.PaprikaClass,boolean]",true,29,1,1,1,0,1,0,5,0,0,2,0,0,0,0,0,0,0,1,0,3,0,0,0,0,0,7,2,0,false
C:\Users\Madhu\Downloads\paprika-master\src\paprika\entities\PaprikaExternalClass.java,paprika.entities.PaprikaExternalClass,getPaprikaExternalMethods/0,false,32,1,1,1,0,1,0,3,1,0,0,0,0,0,0,0,0,0,0,0,0,0,0,0,0,0,5,1,0,false
C:\Users\Madhu\Downloads\paprika-master\src\paprika\entities\PaprikaExternalClass.java,paprika.entities.PaprikaExternalClass,"PaprikaExternalClass/2[java.lang.String,paprika.entities.PaprikaApp]",true,44,3,2,1,1,1,1,5,0,0,2,1,0,0,0,0,0,0,0,0,2,0,0,0,0,0,6,2,0,false
C:\Users\Madhu\Downloads\paprika-master\src\paprika\entities\PaprikaExternalClass.java,paprika.entities.PaprikaExternalClass,setPaprikaApp/1[paprika.entities.PaprikaApp],false,64,1,0,0,0,1,0,3,0,0,1,0,0,0,0,0,0,0,0,0,1,0,0,0,0,0,4,1,0,false
C:\Users\Madhu\Downloads\paprika-master\src\paprika\entities\PaprikaExternalClass.java,paprika.entities.PaprikaExternalClass,getParentName/0,false,36,0,1,1,0,1,0,3,1,0,0,0,0,0,0,0,0,0,0,0,0,0,0,0,0,0,4,1,0,false
C:\Users\Madhu\Downloads\paprika-master\src\paprika\entities\PaprikaExternalClass.java,paprika.entities.PaprikaExternalClass,getPaprikaApp/0,false,60,1,0,0,0,1,0,3,1,0,0,0,0,0,0,0,0,0,0,0,0,0,0,0,0,0,4,1,0,false
C:\Users\Madhu\Downloads\paprika-master\src\paprika\entities\PaprikaExternalClass.java,paprika.entities.PaprikaExternalClass,"createPaprikaExternalClass/2[java.lang.String,paprika.entities.PaprikaApp]",false,50,2,3,1,2,1,1,5,1,1,2,1,0,0,0,0,0,0,0,0,1,0,0,0,0,0,6,9,0,false
C:\Users\Madhu\Downloads\paprika-master\src\paprika\entities\PaprikaExternalClass.java,paprika.entities.PaprikaExternalClass,setParentName/1[java.lang.String],false,40,0,0,0,0,1,0,3,0,0,1,0,0,0,0,0,0,0,0,0,1,0,0,0,0,0,4,1,0,false
C:\Users\Madhu\Downloads\paprika-master\src\paprika\entities\PaprikaExternalClass.java,paprika.entities.PaprikaExternalClass,addPaprikaExternalMethod/1[paprika.entities.PaprikaExternalMethod],false,56,1,1,1,0,1,1,3,0,0,1,1,0,0,0,0,0,0,0,0,0,0,0,0,0,0,5,1,0,false
C:\Users\Madhu\Downloads\paprika-master\src\paprika\metrics\IsFinal.java,paprika.metrics.IsFinal,"createIsFinal/2[paprika.entities.Entity,boolean]",false,35,3,4,2,2,1,1,5,1,1,2,1,0,0,0,0,0,0,0,0,1,0,0,0,0,0,6,9,0,false
C:\Users\Madhu\Downloads\paprika-master\src\paprika\metrics\IsFinal.java,paprika.metrics.IsFinal,"IsFinal/2[paprika.entities.Entity,boolean]",true,29,1,1,1,0,1,0,5,0,0,2,0,0,0,0,0,0,0,1,0,3,0,0,0,0,0,5,2,0,false
C:\Users\Madhu\Downloads\paprika-master\src\paprika\metrics\NPathComplexity.java,paprika.metrics.NPathComplexity,NPathComplexity/1[paprika.entities.PaprikaClass],true,28,1,2,1,1,1,1,5,0,0,1,1,0,0,0,0,0,0,1,0,3,0,0,0,0,0,6,2,0,false
C:\Users\Madhu\Downloads\paprika-master\src\paprika\metrics\NPathComplexity.java,paprika.metrics.NPathComplexity,createNPathComplexity/1[paprika.entities.PaprikaClass],false,34,3,3,1,2,1,1,5,1,1,1,1,0,0,0,0,0,0,0,0,1,0,0,0,0,0,9,9,0,false
C:\Users\Madhu\Downloads\paprika-master\src\paprika\neo4j\SAKQuery.java,paprika.neo4j.SAKQuery,SAKQuery/1[paprika.neo4j.QueryEngine],true,41,1,1,1,0,1,0,4,0,0,1,0,0,0,0,0,0,0,1,0,1,0,0,0,0,0,8,2,0,false
C:\Users\Madhu\Downloads\paprika-master\src\paprika\neo4j\SAKQuery.java,paprika.neo4j.SAKQuery,executeFuzzy/1[boolean],false,64,4,2,1,1,6,20,37,0,10,1,20,0,0,1,0,1,0,10,1,12,1,3,0,0,0,42,1,0,false
C:\Users\Madhu\Downloads\paprika-master\src\paprika\neo4j\SAKQuery.java,paprika.neo4j.SAKQuery,execute/1[boolean],false,50,2,2,1,1,2,3,14,0,3,1,3,0,0,0,0,1,0,5,0,5,1,2,0,0,0,24,1,0,false
C:\Users\Madhu\Downloads\paprika-master\src\paprika\neo4j\SAKQuery.java,paprika.neo4j.SAKQuery,createSAKQuery/1[paprika.neo4j.QueryEngine],false,46,2,2,1,1,1,0,3,1,0,1,0,0,0,0,0,0,0,0,0,0,0,0,0,0,0,7,9,0,false
C:\Users\Madhu\Downloads\paprika-master\src\paprika\entities\PaprikaMethod.java,paprika.entities.PaprikaMethod,haveCommonFields/1[paprika.entities.PaprikaMethod],false,85,2,2,1,1,3,2,7,2,1,1,2,1,1,1,0,0,0,0,0,1,0,2,0,0,0,12,1,0,false
C:\Users\Madhu\Downloads\paprika-master\src\paprika\entities\PaprikaMethod.java,paprika.entities.PaprikaMethod,setPaprikaClass/1[paprika.entities.PaprikaClass],false,64,1,0,0,0,1,0,3,0,0,1,0,0,0,0,0,0,0,0,0,1,0,0,0,0,0,4,1,0,false
C:\Users\Madhu\Downloads\paprika-master\src\paprika\entities\PaprikaMethod.java,paprika.entities.PaprikaMethod,getModifier/0,false,40,1,1,1,0,1,0,3,1,0,0,0,0,0,0,0,0,0,0,0,0,0,0,0,0,0,5,1,0,false
C:\Users\Madhu\Downloads\paprika-master\src\paprika\entities\PaprikaMethod.java,paprika.entities.PaprikaMethod,"createPaprikaMethod/4[java.lang.String,paprika.entities.PaprikaModifiers,java.lang.String,paprika.entities.PaprikaClass]",false,54,3,3,1,2,1,1,5,1,1,4,1,0,0,0,0,0,0,0,0,1,0,0,0,0,0,5,9,0,false
C:\Users\Madhu\Downloads\paprika-master\src\paprika\entities\PaprikaMethod.java,paprika.entities.PaprikaMethod,useVariable/1[paprika.entities.PaprikaVariable],false,73,1,1,1,0,1,1,3,0,0,1,1,0,0,0,0,0,0,0,0,0,0,0,0,0,0,4,1,0,false
C:\Users\Madhu\Downloads\paprika-master\src\paprika\entities\PaprikaMethod.java,paprika.entities.PaprikaMethod,getUsedVariables/0,false,77,1,3,3,0,1,0,3,1,0,0,0,0,0,0,0,0,0,0,0,0,0,0,0,0,0,3,1,0,false
C:\Users\Madhu\Downloads\paprika-master\src\paprika\entities\PaprikaMethod.java,paprika.entities.PaprikaMethod,getArguments/0,false,97,1,1,1,0,1,0,3,1,0,0,0,0,0,0,0,0,0,0,0,0,0,0,0,0,0,3,1,0,false
C:\Users\Madhu\Downloads\paprika-master\src\paprika\entities\PaprikaMethod.java,paprika.entities.PaprikaMethod,callMethod/1[paprika.entities.Entity],false,81,1,1,1,0,1,1,3,0,0,1,1,0,0,0,0,0,0,0,0,0,0,0,0,0,0,4,1,0,false
C:\Users\Madhu\Downloads\paprika-master\src\paprika\entities\PaprikaMethod.java,paprika.entities.PaprikaMethod,"PaprikaMethod/4[java.lang.String,paprika.entities.PaprikaModifiers,java.lang.String,paprika.entities.PaprikaClass]",true,44,5,2,1,1,1,1,9,0,0,4,1,0,0,0,0,0,0,0,3,6,0,0,0,0,0,8,2,0,false
C:\Users\Madhu\Downloads\paprika-master\src\paprika\entities\PaprikaMethod.java,paprika.entities.PaprikaMethod,toString/0,false,69,1,2,1,1,1,1,3,1,0,0,1,0,0,0,0,0,0,1,0,0,1,0,0,0,0,4,1,0,false
C:\Users\Madhu\Downloads\paprika-master\src\paprika\entities\PaprikaMethod.java,paprika.entities.PaprikaMethod,getCalledMethods/0,false,83,1,1,1,0,1,0,3,1,0,0,0,0,0,0,0,0,0,0,0,0,0,0,0,0,0,3,1,0,false
C:\Users\Madhu\Downloads\paprika-master\src\paprika\entities\PaprikaMethod.java,paprika.entities.PaprikaMethod,addArgument/1[paprika.entities.PaprikaArgument],false,93,1,1,1,0,1,1,3,0,0,1,1,0,0,0,0,0,0,0,0,0,0,0,0,0,0,4,1,0,false
C:\Users\Madhu\Downloads\paprika-master\src\paprika\entities\PaprikaMethod.java,paprika.entities.PaprikaMethod,getReturnType/0,false,36,0,2,2,0,1,0,3,1,0,0,0,0,0,0,0,0,0,0,0,0,0,0,0,0,0,4,1,0,false
C:\Users\Madhu\Downloads\paprika-master\src\paprika\entities\PaprikaMethod.java,paprika.entities.PaprikaMethod,getPaprikaClass/0,false,60,1,2,2,0,1,0,3,1,0,0,0,0,0,0,0,0,0,0,0,0,0,0,0,0,0,4,1,0,false
C:\Users\Madhu\Downloads\paprika-master\src\paprika\neo4j\DatabaseManager.java,paprika.neo4j.DatabaseManager$Anonymous1,run/0,false,65,0,0,0,0,1,1,3,0,0,0,1,0,0,0,0,0,0,0,0,0,0,0,0,0,0,1,1,0,false
C:\Users\Madhu\Downloads\paprika-master\src\paprika\metrics\IsService.java,paprika.metrics.IsService,"createIsService/2[paprika.entities.PaprikaClass,boolean]",false,35,3,3,1,2,1,1,5,1,1,2,1,0,0,0,0,0,0,0,0,1,0,0,0,0,0,7,9,0,false
C:\Users\Madhu\Downloads\paprika-master\src\paprika\metrics\IsService.java,paprika.metrics.IsService,"IsService/2[paprika.entities.PaprikaClass,boolean]",true,29,1,1,1,0,1,0,5,0,0,2,0,0,0,0,0,0,0,1,0,3,0,0,0,0,0,6,2,0,false
C:\Users\Madhu\Downloads\paprika-master\src\paprika\entities\PaprikaExternalMethod.java,paprika.entities.PaprikaExternalMethod,"createPaprikaExternalMethod/3[java.lang.String,java.lang.String,paprika.entities.PaprikaExternalClass]",false,47,2,3,1,2,1,1,5,1,1,3,1,0,0,0,0,0,0,0,0,1,0,0,0,0,0,6,9,0,false
C:\Users\Madhu\Downloads\paprika-master\src\paprika\entities\PaprikaExternalMethod.java,paprika.entities.PaprikaExternalMethod,toString/0,false,62,1,2,1,1,1,1,3,1,0,0,1,0,0,0,0,0,0,1,0,0,1,0,0,0,0,5,1,0,false
C:\Users\Madhu\Downloads\paprika-master\src\paprika\entities\PaprikaExternalMethod.java,paprika.entities.PaprikaExternalMethod,addExternalArgument/1[paprika.entities.PaprikaExternalArgument],false,66,1,1,1,0,1,1,3,0,0,1,1,0,0,0,0,0,0,0,0,0,0,0,0,0,0,5,1,0,false
C:\Users\Madhu\Downloads\paprika-master\src\paprika\entities\PaprikaExternalMethod.java,paprika.entities.PaprikaExternalMethod,setPaprikaExternalClass/1[paprika.entities.PaprikaExternalClass],false,57,1,0,0,0,1,0,3,0,0,1,0,0,0,0,0,0,0,0,0,1,0,0,0,0,0,5,1,0,false
C:\Users\Madhu\Downloads\paprika-master\src\paprika\entities\PaprikaExternalMethod.java,paprika.entities.PaprikaExternalMethod,getPaprikaExternalArguments/0,false,36,1,1,1,0,1,0,3,1,0,0,0,0,0,0,0,0,0,0,0,0,0,0,0,0,0,5,1,0,false
C:\Users\Madhu\Downloads\paprika-master\src\paprika\entities\PaprikaExternalMethod.java,paprika.entities.PaprikaExternalMethod,getReturnType/0,false,32,0,1,1,0,1,0,3,1,0,0,0,0,0,0,0,0,0,0,0,0,0,0,0,0,0,4,1,0,false
C:\Users\Madhu\Downloads\paprika-master\src\paprika\entities\PaprikaExternalMethod.java,paprika.entities.PaprikaExternalMethod,getPaprikaExternalClass/0,false,53,1,0,0,0,1,0,3,1,0,0,0,0,0,0,0,0,0,0,0,0,0,0,0,0,0,5,1,0,false
C:\Users\Madhu\Downloads\paprika-master\src\paprika\entities\PaprikaExternalMethod.java,paprika.entities.PaprikaExternalMethod,"PaprikaExternalMethod/3[java.lang.String,java.lang.String,paprika.entities.PaprikaExternalClass]",true,40,3,2,1,1,1,1,6,0,0,3,1,0,0,0,0,0,0,0,0,3,0,0,0,0,0,8,2,0,false
C:\Users\Madhu\Downloads\paprika-master\src\paprika\neo4j\InitOnDrawQuery.java,paprika.neo4j.InitOnDrawQuery,InitOnDrawQuery/1[paprika.neo4j.QueryEngine],true,32,1,1,1,0,1,0,3,0,0,1,0,0,0,0,0,0,0,0,0,0,0,0,0,0,0,6,2,0,false
C:\Users\Madhu\Downloads\paprika-master\src\paprika\neo4j\InitOnDrawQuery.java,paprika.neo4j.InitOnDrawQuery,execute/1[boolean],false,41,2,2,1,1,2,3,13,0,3,1,3,0,0,0,0,1,0,4,0,5,0,2,0,0,0,12,1,0,false
C:\Users\Madhu\Downloads\paprika-master\src\paprika\neo4j\InitOnDrawQuery.java,paprika.neo4j.InitOnDrawQuery,createInitOnDrawQuery/1[paprika.neo4j.QueryEngine],false,36,2,2,1,1,1,0,3,1,0,1,0,0,0,0,0,0,0,0,0,0,0,0,0,0,0,7,9,0,false
C:\Users\Madhu\Downloads\paprika-master\src\paprika\metrics\IsGetter.java,paprika.metrics.IsGetter,"IsGetter/2[paprika.entities.PaprikaMethod,boolean]",true,29,1,1,1,0,1,0,5,0,0,2,0,0,0,0,0,0,0,1,0,3,0,0,0,0,0,6,2,0,false
C:\Users\Madhu\Downloads\paprika-master\src\paprika\metrics\IsGetter.java,paprika.metrics.IsGetter,"createIsGetter/2[paprika.entities.PaprikaMethod,boolean]",false,35,3,3,1,2,1,1,5,1,1,2,1,0,0,0,0,0,0,0,0,1,0,0,0,0,0,7,9,0,false
C:\Users\Madhu\Downloads\paprika-master\src\paprika\neo4j\LMQuery.java,paprika.neo4j.LMQuery,LMQuery/1[paprika.neo4j.QueryEngine],true,41,1,1,1,0,1,0,4,0,0,1,0,0,0,0,0,0,0,1,0,1,0,0,0,0,0,7,2,0,false
C:\Users\Madhu\Downloads\paprika-master\src\paprika\neo4j\LMQuery.java,paprika.neo4j.LMQuery,executeFuzzy/1[boolean],false,64,4,2,1,1,6,20,37,0,10,1,20,0,0,1,0,1,0,10,1,12,1,3,0,0,0,40,1,0,false
C:\Users\Madhu\Downloads\paprika-master\src\paprika\neo4j\LMQuery.java,paprika.neo4j.LMQuery,execute/1[boolean],false,50,2,2,1,1,2,3,14,0,3,1,3,0,0,0,0,1,0,5,0,5,1,2,0,0,0,21,1,0,false
C:\Users\Madhu\Downloads\paprika-master\src\paprika\neo4j\LMQuery.java,paprika.neo4j.LMQuery,createLMQuery/1[paprika.neo4j.QueryEngine],false,46,2,2,1,1,1,0,3,1,0,1,0,0,0,0,0,0,0,0,0,0,0,0,0,0,0,6,9,0,false
C:\Users\Madhu\Downloads\paprika-master\src\paprika\neo4j\OverdrawQuery.java,paprika.neo4j.OverdrawQuery,createOverdrawQuery/1[paprika.neo4j.QueryEngine],false,36,2,2,1,1,1,0,3,1,0,1,0,0,0,0,0,0,0,0,0,0,0,0,0,0,0,5,9,0,false
C:\Users\Madhu\Downloads\paprika-master\src\paprika\neo4j\OverdrawQuery.java,paprika.neo4j.OverdrawQuery,execute/1[boolean],false,41,2,2,1,1,2,3,13,0,3,1,3,0,0,0,0,1,0,6,0,5,1,2,0,0,0,16,1,0,false
C:\Users\Madhu\Downloads\paprika-master\src\paprika\neo4j\OverdrawQuery.java,paprika.neo4j.OverdrawQuery,OverdrawQuery/1[paprika.neo4j.QueryEngine],true,32,1,1,1,0,1,0,3,0,0,1,0,0,0,0,0,0,0,0,0,0,0,0,0,0,0,4,2,0,false
C:\Users\Madhu\Downloads\paprika-master\src\paprika\metrics\NumberOfImplementedInterfaces.java,paprika.metrics.NumberOfImplementedInterfaces,"NumberOfImplementedInterfaces/2[paprika.entities.PaprikaClass,int]",true,28,1,1,1,0,1,0,5,0,0,2,0,0,0,0,0,0,0,1,0,3,0,0,0,0,0,8,2,0,false
C:\Users\Madhu\Downloads\paprika-master\src\paprika\metrics\NumberOfImplementedInterfaces.java,paprika.metrics.NumberOfImplementedInterfaces,"createNumberOfImplementedInterfaces/2[paprika.entities.PaprikaClass,int]",false,34,3,3,1,2,1,1,5,1,1,2,1,0,0,0,0,0,0,0,0,1,0,0,0,0,0,9,9,0,false
C:\Users\Madhu\Downloads\paprika-master\src\paprika\analyzer\SootAnalyzer.java,paprika.analyzer.SootAnalyzer,computeMetrics/0,false,198,8,10,1,9,2,10,12,0,0,0,10,2,1,1,0,0,0,0,0,0,0,1,0,0,0,11,1,0,true
C:\Users\Madhu\Downloads\paprika-master\src\paprika\analyzer\SootAnalyzer.java,paprika.analyzer.SootAnalyzer,isInnerClassStatic/1[paprika.analyzer.SootClass],false,479,1,1,1,0,3,3,8,2,0,1,3,0,0,1,0,0,0,1,0,0,0,2,0,0,0,16,2,0,true
C:\Users\Madhu\Downloads\paprika-master\src\paprika\analyzer\SootAnalyzer.java,paprika.analyzer.SootAnalyzer,runAnalysis/0,false,125,3,4,0,4,1,8,13,0,0,0,8,4,12,0,0,0,0,2,0,0,0,0,1,0,0,16,1,0,false
C:\Users\Madhu\Downloads\paprika-master\src\paprika\analyzer\SootAnalyzer.java,paprika.analyzer.SootAnalyzer,"collectMethodMetricsFromCallGraph/2[paprika.entities.PaprikaMethod,paprika.analyzer.SootMethod]",false,322,16,12,1,11,18,37,57,0,16,2,37,0,0,4,7,1,4,2,3,19,0,8,0,0,0,47,2,0,false
C:\Users\Madhu\Downloads\paprika-master\src\paprika\analyzer\SootAnalyzer.java,paprika.analyzer.SootAnalyzer,getDepthOfInheritance/1[paprika.analyzer.SootClass],false,490,1,1,1,0,2,2,9,1,1,1,2,0,0,1,0,0,0,0,1,2,0,1,0,0,0,8,1,0,false
C:\Users\Madhu\Downloads\paprika-master\src\paprika\analyzer\SootAnalyzer.java,paprika.analyzer.SootAnalyzer,isOverride/1[paprika.analyzer.SootMethod],false,553,3,2,1,1,7,5,15,4,1,1,5,1,1,3,0,0,0,0,0,3,0,3,0,0,0,11,2,0,false
C:\Users\Madhu\Downloads\paprika-master\src\paprika\analyzer\SootAnalyzer.java,paprika.analyzer.SootAnalyzer,computeInheritance/0,false,499,2,2,1,1,3,6,11,0,4,0,6,0,0,1,1,0,0,0,0,4,0,2,0,0,0,10,1,0,false
C:\Users\Madhu\Downloads\paprika-master\src\paprika\analyzer\SootAnalyzer.java,paprika.analyzer.SootAnalyzer,isApplication/1[paprika.analyzer.SootClass],false,543,2,2,1,1,1,1,3,1,0,1,1,1,1,0,0,0,0,1,0,0,0,0,0,0,0,6,2,0,false
C:\Users\Madhu\Downloads\paprika-master\src\paprika\analyzer\SootAnalyzer.java,paprika.analyzer.SootAnalyzer,collectCallGraphMetrics/0,false,144,3,2,1,1,2,4,5,0,0,0,4,1,1,1,0,0,0,0,0,0,0,1,0,0,0,7,2,0,false
C:\Users\Madhu\Downloads\paprika-master\src\paprika\analyzer\SootAnalyzer.java,paprika.analyzer.SootAnalyzer,getPaprikaApp/0,false,151,1,0,0,0,1,0,3,1,0,0,0,0,0,0,0,0,0,0,0,0,0,0,0,0,0,4,1,0,false
C:\Users\Madhu\Downloads\paprika-master\src\paprika\analyzer\SootAnalyzer.java,paprika.analyzer.SootAnalyzer,collectClassesMetrics/0,false,172,4,2,1,1,10,11,20,0,6,0,11,1,9,2,1,0,0,2,0,6,1,3,0,0,0,20,1,0,false
C:\Users\Madhu\Downloads\paprika-master\src\paprika\analyzer\SootAnalyzer.java,paprika.analyzer.SootAnalyzer,isBroadcastReceiver/1[paprika.analyzer.SootClass],false,539,2,2,1,1,1,1,3,1,0,1,1,1,1,0,0,0,0,1,0,0,0,0,0,0,0,7,2,0,false
C:\Users\Madhu\Downloads\paprika-master\src\paprika\analyzer\SootAnalyzer.java,paprika.analyzer.SootAnalyzer,isContentProvider/1[paprika.analyzer.SootClass],false,541,2,2,1,1,1,1,3,1,0,1,1,1,1,0,0,0,0,1,0,0,0,0,0,0,0,7,2,0,false
C:\Users\Madhu\Downloads\paprika-master\src\paprika\analyzer\SootAnalyzer.java,paprika.analyzer.SootAnalyzer,"isSubClass/2[paprika.analyzer.SootClass,java.lang.String]",false,545,1,7,7,0,3,4,8,2,0,2,4,0,0,1,0,0,0,0,0,1,0,2,0,0,0,9,2,0,false
C:\Users\Madhu\Downloads\paprika-master\src\paprika\analyzer\SootAnalyzer.java,paprika.analyzer.SootAnalyzer,init/0,false,74,0,1,0,1,1,17,28,0,2,0,17,0,0,0,0,0,0,10,0,2,1,0,1,0,0,18,1,0,false
C:\Users\Madhu\Downloads\paprika-master\src\paprika\analyzer\SootAnalyzer.java,paprika.analyzer.SootAnalyzer,isService/1[paprika.analyzer.SootClass],false,527,2,2,1,1,1,1,3,1,0,1,1,1,1,0,0,0,0,1,0,0,0,0,0,0,0,6,2,0,false
C:\Users\Madhu\Downloads\paprika-master\src\paprika\analyzer\SootAnalyzer.java,paprika.analyzer.SootAnalyzer,computeInterface/0,false,511,2,2,1,1,4,6,12,0,3,0,6,0,0,2,1,0,0,0,0,3,0,3,0,0,0,10,1,0,false
C:\Users\Madhu\Downloads\paprika-master\src\paprika\analyzer\SootAnalyzer.java,paprika.analyzer.SootAnalyzer,collectAppMetrics/0,false,158,11,12,1,11,1,12,13,0,0,0,12,0,0,0,0,0,0,0,0,0,0,0,0,0,0,13,1,0,true
C:\Users\Madhu\Downloads\paprika-master\src\paprika\analyzer\SootAnalyzer.java,paprika.analyzer.SootAnalyzer,"classContainsMethod/2[paprika.analyzer.SootClass,paprika.analyzer.SootMethod]",false,575,2,1,1,0,2,4,4,2,0,2,4,0,0,0,1,0,0,0,0,0,0,1,0,0,0,18,2,0,true
C:\Users\Madhu\Downloads\paprika-master\src\paprika\analyzer\SootAnalyzer.java,paprika.analyzer.SootAnalyzer,"SootAnalyzer/17[java.lang.String,java.lang.String,java.lang.String,java.lang.String,java.lang.String,java.lang.String,int,java.lang.String,java.lang.String,java.lang.String,double,java.lang.String,java.lang.String,java.lang.String,java.lang.String,java.lang.String,boolean]",true,59,1,2,1,1,1,2,13,0,0,17,2,0,0,0,0,0,0,2,0,11,0,0,0,0,0,11,1,0,false
C:\Users\Madhu\Downloads\paprika-master\src\paprika\analyzer\SootAnalyzer.java,paprika.analyzer.SootAnalyzer,isInit/1[paprika.analyzer.SootMethod],false,317,1,1,1,0,1,2,4,1,1,1,2,0,0,0,0,0,0,2,0,1,0,0,0,0,0,6,2,0,false
C:\Users\Madhu\Downloads\paprika-master\src\paprika\analyzer\SootAnalyzer.java,paprika.analyzer.SootAnalyzer,collectMethodsMetrics/1[paprika.analyzer.SootMethod],false,219,27,22,1,21,29,54,85,1,15,1,54,2,2,3,8,0,2,1,10,20,1,6,0,0,0,53,1,0,true
C:\Users\Madhu\Downloads\paprika-master\src\paprika\analyzer\SootAnalyzer.java,paprika.analyzer.SootAnalyzer,isAsyncTask/1[paprika.analyzer.SootClass],false,531,2,2,1,1,1,1,3,1,0,1,1,1,1,0,0,0,0,1,0,0,0,0,0,0,0,7,2,0,false
C:\Users\Madhu\Downloads\paprika-master\src\paprika\analyzer\SootAnalyzer.java,paprika.analyzer.SootAnalyzer,isActivity/1[paprika.analyzer.SootClass],false,523,2,2,1,1,1,1,3,1,0,1,1,1,1,0,0,0,0,1,0,0,0,0,0,0,0,6,2,0,false
C:\Users\Madhu\Downloads\paprika-master\src\paprika\analyzer\SootAnalyzer.java,paprika.analyzer.SootAnalyzer,isView/1[paprika.analyzer.SootClass],false,535,2,2,1,1,1,1,3,1,0,1,1,1,1,0,0,0,0,1,0,0,0,0,0,0,0,6,2,0,false
C:\Users\Madhu\Downloads\paprika-master\src\paprika\analyzer\SootAnalyzer.java,paprika.analyzer.SootAnalyzer,collectClassMetrics/1[paprika.analyzer.SootClass],false,384,21,29,1,28,21,45,80,0,3,1,45,9,8,1,0,0,0,0,0,8,0,2,0,0,0,35,1,0,false
C:\Users\Madhu\Downloads\paprika-master\src\paprika\metrics\NumberOfInnerClasses.java,paprika.metrics.NumberOfInnerClasses,"createNumberOfInnerClasses/2[paprika.entities.PaprikaApp,int]",false,34,3,3,1,2,1,1,5,1,1,2,1,0,0,0,0,0,0,0,0,1,0,0,0,0,0,9,9,0,false
C:\Users\Madhu\Downloads\paprika-master\src\paprika\metrics\NumberOfInnerClasses.java,paprika.metrics.NumberOfInnerClasses,"NumberOfInnerClasses/2[paprika.entities.PaprikaApp,int]",true,28,1,1,1,0,1,0,5,0,0,2,0,0,0,0,0,0,0,1,0,3,0,0,0,0,0,8,2,0,false
C:\Users\Madhu\Downloads\paprika-master\src\paprika\neo4j\ModelToGraph.java,paprika.neo4j.ModelToGraph,createHierarchy/1[paprika.entities.PaprikaApp],false,214,2,4,1,3,4,5,11,0,1,1,5,0,0,2,1,0,0,0,0,1,0,2,0,0,0,10,1,0,false
C:\Users\Madhu\Downloads\paprika-master\src\paprika\neo4j\ModelToGraph.java,paprika.neo4j.ModelToGraph,"insertMetric/2[paprika.metrics.Metric,paprika.neo4j.Node]",false,103,2,9,7,2,1,3,3,0,0,2,3,0,0,0,0,0,0,0,0,0,0,0,0,0,0,3,2,0,false
C:\Users\Madhu\Downloads\paprika-master\src\paprika\neo4j\ModelToGraph.java,paprika.neo4j.ModelToGraph,insertArgument/1[paprika.entities.PaprikaArgument],false,195,3,3,1,2,1,4,7,1,1,1,4,0,0,0,0,0,0,3,0,1,0,0,0,0,0,8,1,0,false
C:\Users\Madhu\Downloads\paprika-master\src\paprika\neo4j\ModelToGraph.java,paprika.neo4j.ModelToGraph,ModelToGraph/1[java.lang.String],true,51,2,6,1,5,1,3,10,0,1,1,3,0,0,0,0,0,0,0,0,6,0,0,0,0,0,15,1,0,false
C:\Users\Madhu\Downloads\paprika-master\src\paprika\neo4j\ModelToGraph.java,paprika.neo4j.ModelToGraph,insertApp/1[paprika.entities.PaprikaApp],false,62,4,23,1,22,4,28,40,1,5,1,28,5,7,3,0,2,0,16,0,6,0,2,0,0,0,24,1,0,false
C:\Users\Madhu\Downloads\paprika-master\src\paprika\neo4j\ModelToGraph.java,paprika.neo4j.ModelToGraph,insertExternalClass/1[paprika.entities.PaprikaExternalClass],false,130,4,7,1,6,4,9,15,1,1,1,9,2,3,2,1,0,0,3,0,1,0,1,0,0,0,13,1,0,false
C:\Users\Madhu\Downloads\paprika-master\src\paprika\neo4j\ModelToGraph.java,paprika.neo4j.ModelToGraph,insertClass/1[paprika.entities.PaprikaClass],false,108,4,10,1,9,5,15,20,1,1,1,15,3,3,3,1,0,0,4,0,1,0,1,0,0,0,12,1,0,false
C:\Users\Madhu\Downloads\paprika-master\src\paprika\neo4j\ModelToGraph.java,paprika.neo4j.ModelToGraph,insertExternalMethod/1[paprika.entities.PaprikaExternalMethod],false,179,4,8,1,7,3,11,15,1,1,1,11,2,2,2,0,0,0,4,0,1,0,1,0,0,0,13,1,0,false
C:\Users\Madhu\Downloads\paprika-master\src\paprika\neo4j\ModelToGraph.java,paprika.neo4j.ModelToGraph,insertMethod/1[paprika.entities.PaprikaMethod],false,159,4,10,1,9,4,16,19,1,1,1,16,2,1,3,0,0,0,5,0,1,0,1,0,0,0,12,1,0,false
C:\Users\Madhu\Downloads\paprika-master\src\paprika\neo4j\ModelToGraph.java,paprika.neo4j.ModelToGraph,insertVariable/1[paprika.entities.PaprikaVariable],false,146,4,6,1,5,2,10,12,1,1,1,10,1,1,1,0,0,0,4,0,1,0,1,0,0,0,9,1,0,false
C:\Users\Madhu\Downloads\paprika-master\src\paprika\neo4j\ModelToGraph.java,paprika.neo4j.ModelToGraph,insertExternalArgument/1[paprika.entities.PaprikaExternalArgument],false,203,4,5,1,4,2,6,10,1,1,1,6,1,1,1,0,0,0,3,0,1,0,1,0,0,0,11,1,0,false
C:\Users\Madhu\Downloads\paprika-master\src\paprika\neo4j\ModelToGraph.java,paprika.neo4j.ModelToGraph,createCallGraph/1[paprika.entities.PaprikaApp],false,226,3,4,1,3,4,5,9,0,0,1,5,0,0,3,0,0,0,0,0,0,0,3,0,0,0,10,1,0,false
C:\Users\Madhu\Downloads\paprika-master\src\paprika\metrics\IsApplication.java,paprika.metrics.IsApplication,"createIsApplication/2[paprika.entities.PaprikaClass,boolean]",false,35,3,3,1,2,1,1,5,1,1,2,1,0,0,0,0,0,0,0,0,1,0,0,0,0,0,7,9,0,false
C:\Users\Madhu\Downloads\paprika-master\src\paprika\metrics\IsApplication.java,paprika.metrics.IsApplication,"IsApplication/2[paprika.entities.PaprikaClass,boolean]",true,29,1,1,1,0,1,0,5,0,0,2,0,0,0,0,0,0,0,1,0,3,0,0,0,0,0,6,2,0,false
C:\Users\Madhu\Downloads\paprika-master\src\paprika\metrics\LackofCohesionInMethods.java,paprika.metrics.LackofCohesionInMethods,createLackofCohesionInMethods/1[paprika.entities.PaprikaClass],false,35,3,3,1,2,1,1,5,1,1,1,1,0,0,0,0,0,0,0,0,1,0,0,0,0,0,11,9,0,false
C:\Users\Madhu\Downloads\paprika-master\src\paprika\metrics\LackofCohesionInMethods.java,paprika.metrics.LackofCohesionInMethods,LackofCohesionInMethods/1[paprika.entities.PaprikaClass],true,29,1,2,1,1,1,1,5,0,0,1,1,0,0,0,0,0,0,1,0,3,0,0,0,0,0,7,2,0,false
C:\Users\Madhu\Downloads\paprika-master\src\paprika\metrics\NumberOfVariables.java,paprika.metrics.NumberOfVariables,"createNumberOfVariables/2[paprika.entities.PaprikaApp,int]",false,34,3,3,1,2,1,1,5,1,1,2,1,0,0,0,0,0,0,0,0,1,0,0,0,0,0,8,9,0,false
C:\Users\Madhu\Downloads\paprika-master\src\paprika\metrics\NumberOfVariables.java,paprika.metrics.NumberOfVariables,"NumberOfVariables/2[paprika.entities.PaprikaApp,int]",true,28,1,1,1,0,1,0,5,0,0,2,0,0,0,0,0,0,0,1,0,3,0,0,0,0,0,7,2,0,false
C:\Users\Madhu\Downloads\paprika-master\src\paprika\neo4j\MIMQuery.java,paprika.neo4j.MIMQuery,execute/1[boolean],false,41,2,2,1,1,2,3,13,0,3,1,3,0,0,0,0,1,0,4,0,5,0,2,0,0,0,22,1,0,false
C:\Users\Madhu\Downloads\paprika-master\src\paprika\neo4j\MIMQuery.java,paprika.neo4j.MIMQuery,MIMQuery/1[paprika.neo4j.QueryEngine],true,32,1,1,1,0,1,0,3,0,0,1,0,0,0,0,0,0,0,0,0,0,0,0,0,0,0,5,2,0,false
C:\Users\Madhu\Downloads\paprika-master\src\paprika\neo4j\MIMQuery.java,paprika.neo4j.MIMQuery,createMIMQuery/1[paprika.neo4j.QueryEngine],false,36,2,2,1,1,1,0,3,1,0,1,0,0,0,0,0,0,0,0,0,0,0,0,0,0,0,6,9,0,false
C:\Users\Madhu\Downloads\paprika-master\src\paprika\metrics\IsARGB8888.java,paprika.metrics.IsARGB8888,"IsARGB8888/2[paprika.entities.PaprikaExternalArgument,boolean]",true,28,1,1,1,0,1,0,5,0,0,2,0,0,0,0,0,0,0,1,0,3,0,0,0,0,0,10,2,0,false
C:\Users\Madhu\Downloads\paprika-master\src\paprika\metrics\IsARGB8888.java,paprika.metrics.IsARGB8888,"createIsARGB8888/2[paprika.entities.PaprikaExternalArgument,boolean]",false,34,3,3,1,2,1,1,5,1,1,2,1,0,0,0,0,0,0,0,0,1,0,0,0,0,0,11,9,0,false
C:\Users\Madhu\Downloads\paprika-master\src\paprika\neo4j\DatabaseManager.java,paprika.neo4j.DatabaseManager,registerShutdownHook/1[paprika.neo4j.GraphDatabaseService],false,57,1,2,1,1,1,2,8,0,0,1,2,0,0,0,0,0,0,0,0,0,0,0,1,0,0,10,10,0,false
C:\Users\Madhu\Downloads\paprika-master\src\paprika\neo4j\DatabaseManager.java,paprika.neo4j.DatabaseManager,start/0,false,38,2,3,2,1,1,3,4,0,0,0,3,1,1,0,0,0,0,0,0,1,0,0,0,0,0,16,1,0,false
C:\Users\Madhu\Downloads\paprika-master\src\paprika\neo4j\DatabaseManager.java,paprika.neo4j.DatabaseManager,getGraphDatabaseService/0,false,71,1,2,2,0,1,0,3,1,0,0,0,0,0,0,0,0,0,0,0,0,0,0,0,0,0,5,1,0,false
C:\Users\Madhu\Downloads\paprika-master\src\paprika\neo4j\DatabaseManager.java,paprika.neo4j.DatabaseManager,deleteFileOrDirectory/1[java.io.File],false,76,1,3,2,1,4,5,10,0,0,1,5,1,0,1,0,0,0,0,0,0,0,3,0,0,0,6,10,0,false
C:\Users\Madhu\Downloads\paprika-master\src\paprika\neo4j\DatabaseManager.java,paprika.neo4j.DatabaseManager,deleteDB/0,false,46,1,2,0,2,1,2,4,0,0,0,2,2,1,0,0,0,0,0,0,0,0,0,0,0,0,13,1,0,false
C:\Users\Madhu\Downloads\paprika-master\src\paprika\neo4j\DatabaseManager.java,paprika.neo4j.DatabaseManager,shutDown/0,false,52,0,2,2,0,1,1,3,0,0,0,1,0,0,0,0,0,0,0,0,0,0,0,0,0,0,2,1,0,false
C:\Users\Madhu\Downloads\paprika-master\src\paprika\neo4j\DatabaseManager.java,paprika.neo4j.DatabaseManager,DatabaseManager/1[java.lang.String],true,33,0,2,2,0,1,0,3,0,0,1,0,0,0,0,0,0,0,0,0,1,0,0,0,0,0,9,1,0,false
C:\Users\Madhu\Downloads\paprika-master\src\paprika\metrics\CyclomaticComplexity.java,paprika.metrics.CyclomaticComplexity,"createCyclomaticComplexity/2[paprika.entities.PaprikaMethod,int]",false,34,4,5,1,4,1,3,6,1,1,2,3,0,0,0,0,0,0,0,0,1,0,0,0,0,0,7,9,0,false
C:\Users\Madhu\Downloads\paprika-master\src\paprika\metrics\CyclomaticComplexity.java,paprika.metrics.CyclomaticComplexity,"CyclomaticComplexity/2[paprika.entities.PaprikaMethod,int]",true,28,1,1,1,0,1,0,5,0,0,2,0,0,0,0,0,0,0,1,0,3,0,0,0,0,0,6,2,0,false
C:\Users\Madhu\Downloads\paprika-master\src\paprika\metrics\NumberOfServices.java,paprika.metrics.NumberOfServices,"createNumberOfServices/2[paprika.entities.PaprikaApp,int]",false,34,3,3,1,2,1,1,5,1,1,2,1,0,0,0,0,0,0,0,0,1,0,0,0,0,0,8,9,0,false
C:\Users\Madhu\Downloads\paprika-master\src\paprika\metrics\NumberOfServices.java,paprika.metrics.NumberOfServices,"NumberOfServices/2[paprika.entities.PaprikaApp,int]",true,28,1,1,1,0,1,0,5,0,0,2,0,0,0,0,0,0,0,1,0,3,0,0,0,0,0,7,2,0,false
C:\Users\Madhu\Downloads\paprika-master\src\paprika\metrics\NumberOfMethods.java,paprika.metrics.NumberOfMethods,"NumberOfMethods/2[paprika.entities.Entity,int]",true,28,1,1,1,0,1,0,5,0,0,2,0,0,0,0,0,0,0,1,0,3,0,0,0,0,0,6,2,0,false
C:\Users\Madhu\Downloads\paprika-master\src\paprika\metrics\NumberOfMethods.java,paprika.metrics.NumberOfMethods,"createNumberOfMethods/2[paprika.entities.Entity,int]",false,34,3,4,2,2,1,1,5,1,1,2,1,0,0,0,0,0,0,0,0,1,0,0,0,0,0,7,9,0,false
C:\Users\Madhu\Downloads\paprika-master\src\paprika\neo4j\BLOBQuery.java,paprika.neo4j.BLOBQuery,createBLOBQuery/1[paprika.neo4j.QueryEngine],false,52,2,2,1,1,1,0,3,1,0,1,0,0,0,0,0,0,0,0,0,0,0,0,0,0,0,7,9,0,false
C:\Users\Madhu\Downloads\paprika-master\src\paprika\neo4j\BLOBQuery.java,paprika.neo4j.BLOBQuery,execute/1[boolean],false,56,2,2,1,1,2,3,14,0,3,1,3,0,0,0,0,1,0,7,0,5,1,2,0,0,0,26,1,0,false
C:\Users\Madhu\Downloads\paprika-master\src\paprika\neo4j\BLOBQuery.java,paprika.neo4j.BLOBQuery,executeFuzzy/1[boolean],false,70,4,2,1,1,8,20,41,0,12,1,20,0,0,1,0,1,0,16,1,14,1,3,0,0,0,44,1,0,false
C:\Users\Madhu\Downloads\paprika-master\src\paprika\neo4j\BLOBQuery.java,paprika.neo4j.BLOBQuery,BLOBQuery/1[paprika.neo4j.QueryEngine],true,47,1,1,1,0,1,0,4,0,0,1,0,0,0,0,0,0,0,1,0,1,0,0,0,0,0,8,2,0,false
C:\Users\Madhu\Downloads\paprika-master\src\paprika\neo4j\LICQuery.java,paprika.neo4j.LICQuery,execute/1[boolean],false,41,2,2,1,1,2,3,13,0,3,1,3,0,0,0,0,1,0,4,0,5,0,2,0,0,0,22,1,0,false
C:\Users\Madhu\Downloads\paprika-master\src\paprika\neo4j\LICQuery.java,paprika.neo4j.LICQuery,LICQuery/1[paprika.neo4j.QueryEngine],true,32,1,1,1,0,1,0,3,0,0,1,0,0,0,0,0,0,0,0,0,0,0,0,0,0,0,6,2,0,false
C:\Users\Madhu\Downloads\paprika-master\src\paprika\neo4j\LICQuery.java,paprika.neo4j.LICQuery,createLICQuery/1[paprika.neo4j.QueryEngine],false,36,2,2,1,1,1,0,3,1,0,1,0,0,0,0,0,0,0,0,0,0,0,0,0,0,0,7,9,0,false
C:\Users\Madhu\Downloads\paprika-master\src\paprika\neo4j\ARGB8888Query.java,paprika.neo4j.ARGB8888Query,createARGB8888Query/1[paprika.neo4j.QueryEngine],false,36,2,2,1,1,1,0,3,1,0,1,0,0,0,0,0,0,0,0,0,0,0,0,0,0,0,8,9,0,false
C:\Users\Madhu\Downloads\paprika-master\src\paprika\neo4j\ARGB8888Query.java,paprika.neo4j.ARGB8888Query,execute/1[boolean],false,41,2,2,1,1,2,3,10,0,3,1,3,0,0,0,0,1,0,3,0,4,0,2,0,0,0,24,1,0,false
C:\Users\Madhu\Downloads\paprika-master\src\paprika\neo4j\ARGB8888Query.java,paprika.neo4j.ARGB8888Query,ARGB8888Query/1[paprika.neo4j.QueryEngine],true,32,1,1,1,0,1,0,3,0,0,1,0,0,0,0,0,0,0,0,0,0,0,0,0,0,0,7,2,0,false
C:\Users\Madhu\Downloads\paprika-master\src\paprika\neo4j\CCQuery.java,paprika.neo4j.CCQuery,CCQuery/1[paprika.neo4j.QueryEngine],true,40,1,1,1,0,1,0,4,0,0,1,0,0,0,0,0,0,0,1,0,1,0,0,0,0,0,6,2,0,false
C:\Users\Madhu\Downloads\paprika-master\src\paprika\neo4j\CCQuery.java,paprika.neo4j.CCQuery,execute/1[boolean],false,49,2,2,1,1,2,3,14,0,3,1,3,0,0,0,0,1,0,5,0,5,1,2,0,0,0,21,1,0,false
C:\Users\Madhu\Downloads\paprika-master\src\paprika\neo4j\CCQuery.java,paprika.neo4j.CCQuery,executeFuzzy/1[boolean],false,63,4,2,1,1,6,20,37,0,10,1,20,0,0,1,0,1,0,10,1,12,1,3,0,0,0,40,1,0,false
C:\Users\Madhu\Downloads\paprika-master\src\paprika\neo4j\CCQuery.java,paprika.neo4j.CCQuery,createCCQuery/1[paprika.neo4j.QueryEngine],false,45,2,2,1,1,1,0,3,1,0,1,0,0,0,0,0,0,0,0,0,0,0,0,0,0,0,5,9,0,false
C:\Users\Madhu\Downloads\paprika-master\src\paprika\entities\PaprikaApp.java,paprika.entities.PaprikaApp,"PaprikaApp/14[java.lang.String,java.lang.String,java.lang.String,java.lang.String,int,java.lang.String,java.lang.String,java.lang.String,double,java.lang.String,java.lang.String,java.lang.String,java.lang.String,java.lang.String]",true,44,2,1,1,0,1,0,18,0,0,14,0,0,0,0,0,0,0,0,0,16,0,0,0,0,0,20,2,0,false
C:\Users\Madhu\Downloads\paprika-master\src\paprika\entities\PaprikaApp.java,paprika.entities.PaprikaApp,getTargetSdkVersion/0,false,134,0,1,1,0,1,0,3,1,0,0,0,0,0,0,0,0,0,0,0,0,0,0,0,0,0,5,1,0,false
C:\Users\Madhu\Downloads\paprika-master\src\paprika\entities\PaprikaApp.java,paprika.entities.PaprikaApp,addPaprikaClass/1[paprika.entities.PaprikaClass],false,78,1,1,1,0,1,1,3,0,0,1,1,0,0,0,0,0,0,0,0,0,0,0,0,0,0,4,1,0,false
C:\Users\Madhu\Downloads\paprika-master\src\paprika\entities\PaprikaApp.java,paprika.entities.PaprikaApp,getNbDownload/0,false,118,0,1,1,0,1,0,3,1,0,0,0,0,0,0,0,0,0,0,0,0,0,0,0,0,0,4,1,0,false
C:\Users\Madhu\Downloads\paprika-master\src\paprika\entities\PaprikaApp.java,paprika.entities.PaprikaApp,getDate/0,false,90,0,1,1,0,1,0,3,1,0,0,0,0,0,0,0,0,0,0,0,0,0,0,0,0,0,3,1,0,false
C:\Users\Madhu\Downloads\paprika-master\src\paprika\entities\PaprikaApp.java,paprika.entities.PaprikaApp,getPaprikaExternalClasses/0,false,64,1,1,1,0,1,0,3,1,0,0,0,0,0,0,0,0,0,0,0,0,0,0,0,0,0,5,1,0,false
C:\Users\Madhu\Downloads\paprika-master\src\paprika\entities\PaprikaApp.java,paprika.entities.PaprikaApp,getSize/0,false,98,0,1,1,0,1,0,3,1,0,0,0,0,0,0,0,0,0,0,0,0,0,0,0,0,0,3,1,0,false
C:\Users\Madhu\Downloads\paprika-master\src\paprika\entities\PaprikaApp.java,paprika.entities.PaprikaApp,getCategory/0,false,106,0,1,1,0,1,0,3,1,0,0,0,0,0,0,0,0,0,0,0,0,0,0,0,0,0,3,1,0,false
C:\Users\Madhu\Downloads\paprika-master\src\paprika\entities\PaprikaApp.java,paprika.entities.PaprikaApp,getPrice/0,false,110,0,1,1,0,1,0,3,1,0,0,0,0,0,0,0,0,0,0,0,0,0,0,0,0,0,3,1,0,false
C:\Users\Madhu\Downloads\paprika-master\src\paprika\entities\PaprikaApp.java,paprika.entities.PaprikaApp,"createPaprikaApp/14[java.lang.String,java.lang.String,java.lang.String,java.lang.String,int,java.lang.String,java.lang.String,java.lang.String,double,java.lang.String,java.lang.String,java.lang.String,java.lang.String,java.lang.String]",false,82,1,2,1,1,1,0,3,1,0,14,0,0,0,0,0,0,0,0,0,0,0,0,0,0,0,6,9,0,false
C:\Users\Madhu\Downloads\paprika-master\src\paprika\entities\PaprikaApp.java,paprika.entities.PaprikaApp,getVersionCode/0,false,122,0,1,1,0,1,0,3,1,0,0,0,0,0,0,0,0,0,0,0,0,0,0,0,0,0,4,1,0,false
C:\Users\Madhu\Downloads\paprika-master\src\paprika\entities\PaprikaApp.java,paprika.entities.PaprikaApp,getDeveloper/0,false,102,0,1,1,0,1,0,3,1,0,0,0,0,0,0,0,0,0,0,0,0,0,0,0,0,0,3,1,0,false
C:\Users\Madhu\Downloads\paprika-master\src\paprika\entities\PaprikaApp.java,paprika.entities.PaprikaApp,getVersionName/0,false,126,0,1,1,0,1,0,3,1,0,0,0,0,0,0,0,0,0,0,0,0,0,0,0,0,0,4,1,0,false
C:\Users\Madhu\Downloads\paprika-master\src\paprika\entities\PaprikaApp.java,paprika.entities.PaprikaApp,getPaprikaClasses/0,false,73,1,4,4,0,1,0,3,1,0,0,0,0,0,0,0,0,0,0,0,0,0,0,0,0,0,4,1,0,false
C:\Users\Madhu\Downloads\paprika-master\src\paprika\entities\PaprikaApp.java,paprika.entities.PaprikaApp,getRating/0,false,86,0,1,1,0,1,0,3,1,0,0,0,0,0,0,0,0,0,0,0,0,0,0,0,0,0,3,1,0,false
C:\Users\Madhu\Downloads\paprika-master\src\paprika\entities\PaprikaApp.java,paprika.entities.PaprikaApp,getKey/0,false,114,0,1,1,0,1,0,3,1,0,0,0,0,0,0,0,0,0,0,0,0,0,0,0,0,0,3,1,0,false
C:\Users\Madhu\Downloads\paprika-master\src\paprika\entities\PaprikaApp.java,paprika.entities.PaprikaApp,getPack/0,false,94,0,1,1,0,1,0,3,1,0,0,0,0,0,0,0,0,0,0,0,0,0,0,0,0,0,3,1,0,false
C:\Users\Madhu\Downloads\paprika-master\src\paprika\entities\PaprikaApp.java,paprika.entities.PaprikaApp,addPaprikaExternalClass/1[paprika.entities.PaprikaExternalClass],false,69,1,1,1,0,1,1,3,0,0,1,1,0,0,0,0,0,0,0,0,0,0,0,0,0,0,5,1,0,false
C:\Users\Madhu\Downloads\paprika-master\src\paprika\entities\PaprikaApp.java,paprika.entities.PaprikaApp,getSdkVersion/0,false,130,0,1,1,0,1,0,3,1,0,0,0,0,0,0,0,0,0,0,0,0,0,0,0,0,0,4,1,0,false
C:\Users\Madhu\Downloads\paprika-master\src\paprika\metrics\NumberOfAbstractClasses.java,paprika.metrics.NumberOfAbstractClasses,"createNumberOfAbstractClasses/2[paprika.entities.PaprikaApp,int]",false,34,3,3,1,2,1,1,5,1,1,2,1,0,0,0,0,0,0,0,0,1,0,0,0,0,0,9,9,0,false
C:\Users\Madhu\Downloads\paprika-master\src\paprika\metrics\NumberOfAbstractClasses.java,paprika.metrics.NumberOfAbstractClasses,"NumberOfAbstractClasses/2[paprika.entities.PaprikaApp,int]",true,28,1,1,1,0,1,0,5,0,0,2,0,0,0,0,0,0,0,1,0,3,0,0,0,0,0,8,2,0,false
C:\Users\Madhu\Downloads\paprika-master\src\paprika\metrics\NumberOfDirectCalls.java,paprika.metrics.NumberOfDirectCalls,"createNumberOfDirectCalls/2[paprika.entities.PaprikaMethod,int]",false,34,3,3,1,2,1,1,5,1,1,2,1,0,0,0,0,0,0,0,0,1,0,0,0,0,0,9,9,0,false
C:\Users\Madhu\Downloads\paprika-master\src\paprika\metrics\NumberOfDirectCalls.java,paprika.metrics.NumberOfDirectCalls,"NumberOfDirectCalls/2[paprika.entities.PaprikaMethod,int]",true,28,1,1,1,0,1,0,5,0,0,2,0,0,0,0,0,0,0,1,0,3,0,0,0,0,0,8,2,0,false
C:\Users\Madhu\Downloads\paprika-master\src\paprika\neo4j\QuartileCalculator.java,paprika.neo4j.QuartileCalculator,calculeTresholds/1[paprika.neo4j.Result],false,84,1,9,9,0,2,6,17,1,7,1,6,0,0,1,0,0,4,8,2,7,6,1,0,0,0,15,2,0,false
C:\Users\Madhu\Downloads\paprika-master\src\paprika\neo4j\QuartileCalculator.java,paprika.neo4j.QuartileCalculator,calculateNumberOfImplementedInterfacesQuartile/0,false,109,3,3,1,2,1,4,10,0,4,0,4,1,1,0,0,1,0,2,0,4,0,1,0,0,0,31,1,0,true
C:\Users\Madhu\Downloads\paprika-master\src\paprika\neo4j\QuartileCalculator.java,paprika.neo4j.QuartileCalculator,calculateNumberOfMethodsQuartile/0,false,142,3,3,1,2,1,4,10,0,4,0,4,1,1,0,0,1,0,2,0,4,0,1,0,0,0,29,1,0,false
C:\Users\Madhu\Downloads\paprika-master\src\paprika\neo4j\QuartileCalculator.java,paprika.neo4j.QuartileCalculator,calculateClassComplexityQuartile/0,false,42,3,3,1,2,1,4,10,0,4,0,4,1,1,0,0,1,0,2,0,4,0,1,0,0,0,28,1,0,false
C:\Users\Madhu\Downloads\paprika-master\src\paprika\neo4j\QuartileCalculator.java,paprika.neo4j.QuartileCalculator,calculateNumberOfAttributesQuartile/0,false,153,3,3,1,2,1,4,10,0,4,0,4,1,1,0,0,1,0,2,0,4,0,1,0,0,0,29,1,0,false
C:\Users\Madhu\Downloads\paprika-master\src\paprika\neo4j\QuartileCalculator.java,paprika.neo4j.QuartileCalculator,QuartileCalculator/1[paprika.neo4j.QueryEngine],true,36,1,2,1,1,1,1,4,0,0,1,1,0,0,0,0,0,0,0,0,2,0,0,0,0,0,8,1,0,false
C:\Users\Madhu\Downloads\paprika-master\src\paprika\neo4j\QuartileCalculator.java,paprika.neo4j.QuartileCalculator,calculateNumberofInstructionsQuartile/0,false,64,3,3,1,2,1,4,10,0,4,0,4,1,1,0,0,1,0,2,0,4,0,1,0,0,0,28,1,0,false
C:\Users\Madhu\Downloads\paprika-master\src\paprika\neo4j\QuartileCalculator.java,paprika.neo4j.QuartileCalculator,"calculateQuartile/2[java.lang.String,java.lang.String]",false,75,2,1,0,1,1,3,8,1,3,2,3,1,1,0,0,1,0,5,0,3,1,1,0,0,0,21,1,0,false
C:\Users\Madhu\Downloads\paprika-master\src\paprika\neo4j\QuartileCalculator.java,paprika.neo4j.QuartileCalculator,calculateLackofCohesionInMethodsQuartile/0,false,131,3,3,1,2,1,4,10,0,4,0,4,1,1,0,0,1,0,2,0,4,0,1,0,0,0,30,1,0,false
C:\Users\Madhu\Downloads\paprika-master\src\paprika\neo4j\QuartileCalculator.java,paprika.neo4j.QuartileCalculator,calculateNumberOfMethodsForInterfacesQuartile/0,false,120,3,3,1,2,1,4,10,0,4,0,4,1,1,0,0,1,0,2,0,4,0,1,0,0,0,30,1,0,false
C:\Users\Madhu\Downloads\paprika-master\src\paprika\neo4j\QuartileCalculator.java,paprika.neo4j.QuartileCalculator,calculateCyclomaticComplexityQuartile/0,false,53,3,3,1,2,1,4,10,0,4,0,4,1,1,0,0,1,0,2,0,4,0,1,0,0,0,28,1,0,false
C:\Users\Madhu\Downloads\paprika-master\src\paprika\metrics\NumberOfContentProviders.java,paprika.metrics.NumberOfContentProviders,"NumberOfContentProviders/2[paprika.entities.PaprikaApp,int]",true,28,1,1,1,0,1,0,5,0,0,2,0,0,0,0,0,0,0,1,0,3,0,0,0,0,0,8,2,0,false
C:\Users\Madhu\Downloads\paprika-master\src\paprika\metrics\NumberOfContentProviders.java,paprika.metrics.NumberOfContentProviders,"createNumberOfContentProviders/2[paprika.entities.PaprikaApp,int]",false,34,3,3,1,2,1,1,5,1,1,2,1,0,0,0,0,0,0,0,0,1,0,0,0,0,0,9,9,0,false
C:\Users\Madhu\Downloads\paprika-master\src\paprika\metrics\DepthOfInheritance.java,paprika.metrics.DepthOfInheritance,"DepthOfInheritance/2[paprika.entities.PaprikaClass,int]",true,27,1,1,1,0,1,0,5,0,0,2,0,0,0,0,0,0,0,1,0,3,0,0,0,0,0,7,2,0,false
C:\Users\Madhu\Downloads\paprika-master\src\paprika\metrics\DepthOfInheritance.java,paprika.metrics.DepthOfInheritance,"createDepthOfInheritance/2[paprika.entities.PaprikaClass,int]",false,33,3,3,1,2,1,1,5,1,1,2,1,0,0,0,0,0,0,0,0,1,0,0,0,0,0,8,9,0,false
C:\Users\Madhu\Downloads\paprika-master\src\paprika\metrics\IsContentProvider.java,paprika.metrics.IsContentProvider,"IsContentProvider/2[paprika.entities.PaprikaClass,boolean]",true,29,1,1,1,0,1,0,5,0,0,2,0,0,0,0,0,0,0,1,0,3,0,0,0,0,0,7,2,0,false
C:\Users\Madhu\Downloads\paprika-master\src\paprika\metrics\IsContentProvider.java,paprika.metrics.IsContentProvider,"createIsContentProvider/2[paprika.entities.PaprikaClass,boolean]",false,35,3,3,1,2,1,1,5,1,1,2,1,0,0,0,0,0,0,0,0,1,0,0,0,0,0,8,9,0,false
C:\Users\Madhu\Downloads\paprika-master\src\paprika\metrics\NumberOfParameters.java,paprika.metrics.NumberOfParameters,"NumberOfParameters/2[paprika.entities.PaprikaMethod,int]",true,28,1,1,1,0,1,0,5,0,0,2,0,0,0,0,0,0,0,1,0,3,0,0,0,0,0,7,2,0,false
C:\Users\Madhu\Downloads\paprika-master\src\paprika\metrics\NumberOfParameters.java,paprika.metrics.NumberOfParameters,"createNumberOfParameters/2[paprika.entities.PaprikaMethod,int]",false,34,3,3,1,2,1,1,5,1,1,2,1,0,0,0,0,0,0,0,0,1,0,0,0,0,0,8,9,0,false
C:\Users\Madhu\Downloads\paprika-master\src\paprika\analyzer\SootAnalyzer.java,paprika.analyzer.SootAnalyzer$Anonymous1,write/1[int],false,78,0,0,0,0,1,0,2,0,0,1,0,0,0,0,0,0,0,0,0,0,0,0,0,0,0,2,1,0,false
C:\Users\Madhu\Downloads\paprika-master\src\paprika\metrics\NumberOfInstructions.java,paprika.metrics.NumberOfInstructions,"createNumberOfInstructions/2[paprika.entities.PaprikaMethod,int]",false,34,3,3,1,2,1,1,5,1,1,2,1,0,0,0,0,0,0,0,0,1,0,0,0,0,0,8,9,0,false
C:\Users\Madhu\Downloads\paprika-master\src\paprika\metrics\NumberOfInstructions.java,paprika.metrics.NumberOfInstructions,"NumberOfInstructions/2[paprika.entities.PaprikaMethod,int]",true,28,1,1,1,0,1,0,5,0,0,2,0,0,0,0,0,0,0,1,0,3,0,0,0,0,0,7,2,0,false
C:\Users\Madhu\Downloads\paprika-master\src\paprika\neo4j\FuzzyQuery.java,paprika.neo4j.FuzzyQuery,FuzzyQuery/1[paprika.neo4j.QueryEngine],true,31,1,0,0,0,1,0,3,0,0,1,0,0,0,0,0,0,0,0,0,0,0,0,0,0,0,4,1,0,false
C:\Users\Madhu\Downloads\paprika-master\src\paprika\neo4j\FuzzyQuery.java,paprika.neo4j.FuzzyQuery,executeFuzzy/1[boolean],false,35,0,0,0,0,1,0,1,0,0,1,0,0,0,0,0,0,0,0,0,0,0,0,0,0,0,6,1025,0,false
C:\Users\Madhu\Downloads\paprika-master\src\paprika\metrics\IsSetter.java,paprika.metrics.IsSetter,"IsSetter/2[paprika.entities.PaprikaMethod,boolean]",true,29,1,1,1,0,1,0,5,0,0,2,0,0,0,0,0,0,0,1,0,3,0,0,0,0,0,6,2,0,false
C:\Users\Madhu\Downloads\paprika-master\src\paprika\metrics\IsSetter.java,paprika.metrics.IsSetter,"createIsSetter/2[paprika.entities.PaprikaMethod,boolean]",false,35,3,3,1,2,1,1,5,1,1,2,1,0,0,0,0,0,0,0,0,1,0,0,0,0,0,7,9,0,false
C:\Users\Madhu\Downloads\paprika-master\src\paprika\metrics\NumberOfClasses.java,paprika.metrics.NumberOfClasses,"createNumberOfClasses/2[paprika.entities.PaprikaApp,int]",false,34,3,3,1,2,1,1,5,1,1,2,1,0,0,0,0,0,0,0,0,1,0,0,0,0,0,8,9,0,false
C:\Users\Madhu\Downloads\paprika-master\src\paprika\metrics\NumberOfClasses.java,paprika.metrics.NumberOfClasses,"NumberOfClasses/2[paprika.entities.PaprikaApp,int]",true,28,1,1,1,0,1,0,5,0,0,2,0,0,0,0,0,0,0,1,0,3,0,0,0,0,0,7,2,0,false
C:\Users\Madhu\Downloads\paprika-master\src\paprika\analyzer\SootAnalyzer.java,paprika.analyzer.SootAnalyzer$Anonymous2,"internalTransform/3[paprika.analyzer.Body,java.lang.String,java.util.Map]",false,131,2,1,0,1,1,2,3,0,0,3,2,0,0,0,0,0,0,1,0,0,0,0,0,0,0,8,4,0,false
C:\Users\Madhu\Downloads\paprika-master\src\paprika\Main.java,paprika.Main,computeSha256/1[java.lang.String],false,43,1,1,1,0,4,8,17,1,7,1,8,0,0,2,0,1,1,1,8,7,1,3,0,0,0,25,10,0,false
C:\Users\Madhu\Downloads\paprika-master\src\paprika\Main.java,paprika.Main,main/1[java.lang.String[]],false,64,5,2,0,2,5,16,47,0,5,1,16,2,3,0,0,1,0,90,0,5,0,2,0,0,0,55,9,0,false
C:\Users\Madhu\Downloads\paprika-master\src\paprika\Main.java,paprika.Main,runAnalysis/1[paprika.Namespace],false,121,5,8,1,7,2,13,13,0,2,1,13,1,2,0,1,0,0,23,0,2,1,1,0,0,0,17,9,0,false
C:\Users\Madhu\Downloads\paprika-master\src\paprika\Main.java,paprika.Main,checkArgs/1[paprika.Namespace],false,111,2,2,1,1,4,5,9,0,1,1,5,1,1,0,0,0,0,6,0,1,0,1,0,0,0,21,9,0,false
C:\Users\Madhu\Downloads\paprika-master\src\paprika\Main.java,paprika.Main,queryMode/1[paprika.Namespace],false,139,22,71,1,70,33,73,165,0,7,1,73,0,0,0,1,0,0,47,1,7,4,2,0,0,0,27,9,0,false
C:\Users\Madhu\Downloads\paprika-master\src\paprika\metrics\IsBroadcastReceiver.java,paprika.metrics.IsBroadcastReceiver,"IsBroadcastReceiver/2[paprika.entities.PaprikaClass,boolean]",true,29,1,1,1,0,1,0,5,0,0,2,0,0,0,0,0,0,0,1,0,3,0,0,0,0,0,7,2,0,false
C:\Users\Madhu\Downloads\paprika-master\src\paprika\metrics\IsBroadcastReceiver.java,paprika.metrics.IsBroadcastReceiver,"createIsBroadcastReceiver/2[paprika.entities.PaprikaClass,boolean]",false,35,3,3,1,2,1,1,5,1,1,2,1,0,0,0,0,0,0,0,0,1,0,0,0,0,0,8,9,0,false
C:\Users\Madhu\Downloads\paprika-master\src\paprika\metrics\UnaryMetric.java,paprika.metrics.UnaryMetric,updateEntity/0,false,41,1,2,1,1,1,1,3,0,0,0,1,0,0,0,0,0,0,0,0,0,0,0,0,0,0,2,4,0,false
C:\Users\Madhu\Downloads\paprika-master\src\paprika\metrics\UnaryMetric.java,paprika.metrics.UnaryMetric,toString/0,false,37,0,0,0,0,1,0,3,1,0,0,0,0,0,0,0,0,0,2,0,0,1,0,0,0,0,2,1,0,false
C:\Users\Madhu\Downloads\paprika-master\src\paprika\metrics\UnaryMetric.java,paprika.metrics.UnaryMetric,getEntity/0,false,29,1,0,0,0,1,0,3,1,0,0,0,0,0,0,0,0,0,0,0,0,0,0,0,0,0,3,1,0,false
C:\Users\Madhu\Downloads\paprika-master\src\paprika\metrics\UnaryMetric.java,paprika.metrics.UnaryMetric,setEntity/1[paprika.entities.Entity],false,33,1,0,0,0,1,0,3,0,0,1,0,0,0,0,0,0,0,0,0,1,0,0,0,0,0,3,4,0,false
C:\Users\Madhu\Downloads\paprika-master\src\paprika\neo4j\UnsuitedLRUCacheSizeQuery.java,paprika.neo4j.UnsuitedLRUCacheSizeQuery,UnsuitedLRUCacheSizeQuery/1[paprika.neo4j.QueryEngine],true,32,1,1,1,0,1,0,3,0,0,1,0,0,0,0,0,0,0,0,0,0,0,0,0,0,0,9,2,0,false
C:\Users\Madhu\Downloads\paprika-master\src\paprika\neo4j\UnsuitedLRUCacheSizeQuery.java,paprika.neo4j.UnsuitedLRUCacheSizeQuery,execute/1[boolean],false,41,2,2,1,1,2,3,13,0,3,1,3,0,0,0,0,1,0,4,0,5,0,2,0,0,0,18,1,0,false
C:\Users\Madhu\Downloads\paprika-master\src\paprika\neo4j\UnsuitedLRUCacheSizeQuery.java,paprika.neo4j.UnsuitedLRUCacheSizeQuery,createUnsuitedLRUCacheSizeQuery/1[paprika.neo4j.QueryEngine],false,36,2,2,1,1,1,0,3,1,0,1,0,0,0,0,0,0,0,0,0,0,0,0,0,0,0,10,9,0,false
C:\Users\Madhu\Downloads\paprika-master\src\paprika\neo4j\HeavyServiceStartQuery.java,paprika.neo4j.HeavyServiceStartQuery,HeavyServiceStartQuery/1[paprika.neo4j.QueryEngine],true,45,1,1,1,0,1,0,4,0,0,1,0,0,0,0,0,0,0,1,0,1,0,0,0,0,0,8,2,0,false
C:\Users\Madhu\Downloads\paprika-master\src\paprika\neo4j\HeavyServiceStartQuery.java,paprika.neo4j.HeavyServiceStartQuery,executeFuzzy/1[boolean],false,69,4,2,1,1,7,20,39,0,11,1,20,0,0,1,0,1,0,13,1,13,1,3,0,0,0,41,1,0,false
C:\Users\Madhu\Downloads\paprika-master\src\paprika\neo4j\HeavyServiceStartQuery.java,paprika.neo4j.HeavyServiceStartQuery,createHeavyServiceStartQuery/1[paprika.neo4j.QueryEngine],false,50,2,2,1,1,1,0,3,1,0,1,0,0,0,0,0,0,0,0,0,0,0,0,0,0,0,7,9,0,false
C:\Users\Madhu\Downloads\paprika-master\src\paprika\neo4j\HeavyServiceStartQuery.java,paprika.neo4j.HeavyServiceStartQuery,execute/1[boolean],false,55,2,2,1,1,2,3,14,0,3,1,3,0,0,0,0,1,0,6,0,5,1,2,0,0,0,23,1,0,false
C:\Users\Madhu\Downloads\paprika-master\src\paprika\metrics\NumberOfArgb8888.java,paprika.metrics.NumberOfArgb8888,"createNumberOfArgb8888/2[paprika.entities.PaprikaApp,int]",false,34,3,3,1,2,1,1,5,1,1,2,1,0,0,0,0,0,0,0,0,1,0,0,0,0,0,8,9,0,false
C:\Users\Madhu\Downloads\paprika-master\src\paprika\metrics\NumberOfArgb8888.java,paprika.metrics.NumberOfArgb8888,"NumberOfArgb8888/2[paprika.entities.PaprikaApp,int]",true,28,1,1,1,0,1,0,5,0,0,2,0,0,0,0,0,0,0,1,0,3,0,0,0,0,0,7,2,0,false
C:\Users\Madhu\Downloads\paprika-master\src\paprika\neo4j\QueryEngine.java,paprika.neo4j.QueryEngine,getGraphDatabaseService/0,false,49,1,2,2,0,1,0,3,1,0,0,0,0,0,0,0,0,0,0,0,0,0,0,0,0,0,5,1,0,false
C:\Users\Madhu\Downloads\paprika-master\src\paprika\neo4j\QueryEngine.java,paprika.neo4j.QueryEngine,"resultToCSV/2[paprika.neo4j.Result,java.lang.String]",false,99,1,26,26,0,6,12,32,0,8,2,12,0,0,3,2,0,0,0,3,10,2,3,0,0,0,25,1,0,false
C:\Users\Madhu\Downloads\paprika-master\src\paprika\neo4j\QueryEngine.java,paprika.neo4j.QueryEngine,countVariables/0,false,310,2,2,1,1,1,3,7,0,2,0,3,1,1,0,0,1,0,2,0,2,0,1,0,0,0,15,1,0,false
C:\Users\Madhu\Downloads\paprika-master\src\paprika\neo4j\QueryEngine.java,paprika.neo4j.QueryEngine,deleteExternalClasses/1[java.lang.String],false,189,1,2,1,1,1,1,3,0,0,1,1,1,1,0,0,0,0,3,0,0,0,0,0,0,0,7,2,0,false
C:\Users\Madhu\Downloads\paprika-master\src\paprika\neo4j\QueryEngine.java,paprika.neo4j.QueryEngine,deleteExternalMethods/1[java.lang.String],false,193,1,2,1,1,1,1,3,0,0,1,1,1,1,0,0,0,0,3,0,0,0,0,0,0,0,7,2,0,false
C:\Users\Madhu\Downloads\paprika-master\src\paprika\neo4j\QueryEngine.java,paprika.neo4j.QueryEngine,setCsvPrefix/1[java.lang.String],false,45,0,1,1,0,1,0,3,0,0,1,0,0,0,0,0,0,0,0,0,1,0,0,0,0,0,4,1,0,false
C:\Users\Madhu\Downloads\paprika-master\src\paprika\neo4j\QueryEngine.java,paprika.neo4j.QueryEngine,getAllLCOM/0,false,82,1,2,1,1,1,1,3,0,0,0,1,1,2,0,0,0,0,3,0,0,0,0,0,0,0,11,1,0,false
C:\Users\Madhu\Downloads\paprika-master\src\paprika\neo4j\QueryEngine.java,paprika.neo4j.QueryEngine,findKeysFromPackageName/1[java.lang.String],false,288,1,1,1,0,2,6,11,1,4,1,6,0,0,1,0,1,0,3,0,4,1,2,0,0,0,23,1,0,false
C:\Users\Madhu\Downloads\paprika-master\src\paprika\neo4j\QueryEngine.java,paprika.neo4j.QueryEngine,getAllCyclomaticComplexity/0,false,94,1,2,1,1,1,1,3,0,0,0,1,1,2,0,0,0,0,3,0,0,0,0,0,0,0,10,1,0,false
C:\Users\Madhu\Downloads\paprika-master\src\paprika\neo4j\QueryEngine.java,paprika.neo4j.QueryEngine,deleteArguments/1[java.lang.String],false,213,1,2,1,1,1,1,3,0,0,1,1,1,1,0,0,0,0,3,0,0,0,0,0,0,0,6,2,0,false
C:\Users\Madhu\Downloads\paprika-master\src\paprika\neo4j\QueryEngine.java,paprika.neo4j.QueryEngine,countInnerClasses/0,false,318,2,2,1,1,1,3,7,0,2,0,3,1,1,0,0,1,0,2,0,2,0,1,0,0,0,21,1,0,false
C:\Users\Madhu\Downloads\paprika-master\src\paprika\neo4j\QueryEngine.java,paprika.neo4j.QueryEngine,getAllClassComplexity/0,false,86,1,2,1,1,1,1,3,0,0,0,1,1,2,0,0,0,0,3,0,0,0,0,0,0,0,10,1,0,false
C:\Users\Madhu\Downloads\paprika-master\src\paprika\neo4j\QueryEngine.java,paprika.neo4j.QueryEngine,getAllNumberOfMethods/0,false,90,1,2,1,1,1,1,3,0,0,0,1,1,2,0,0,0,0,3,0,0,0,0,0,0,0,11,1,0,false
C:\Users\Madhu\Downloads\paprika-master\src\paprika\neo4j\QueryEngine.java,paprika.neo4j.QueryEngine,"deleteEntityOut/4[java.lang.String,java.lang.String,java.lang.String,java.lang.String]",false,262,1,1,1,0,1,6,10,0,3,4,6,0,0,0,0,1,0,6,0,3,1,1,0,0,0,18,2,0,false
C:\Users\Madhu\Downloads\paprika-master\src\paprika\neo4j\QueryEngine.java,paprika.neo4j.QueryEngine,"deleteEntityIn/4[java.lang.String,java.lang.String,java.lang.String,java.lang.String]",false,251,1,5,5,0,1,6,10,0,3,4,6,0,0,0,0,1,0,6,0,3,1,1,0,0,0,18,2,0,false
C:\Users\Madhu\Downloads\paprika-master\src\paprika\neo4j\QueryEngine.java,paprika.neo4j.QueryEngine,"statsToCSV/2[java.util.Map<java.lang.String,java.lang.Double>,java.lang.String]",false,162,0,8,8,0,3,8,17,0,4,2,8,0,0,2,0,0,0,0,0,4,1,1,0,0,0,19,1,0,false
C:\Users\Madhu\Downloads\paprika-master\src\paprika\neo4j\QueryEngine.java,paprika.neo4j.QueryEngine,getCsvPrefix/0,false,41,0,0,0,0,1,0,3,1,0,0,0,0,0,0,0,0,0,0,0,0,0,0,0,0,0,4,1,0,false
C:\Users\Madhu\Downloads\paprika-master\src\paprika\neo4j\QueryEngine.java,paprika.neo4j.QueryEngine,"deleteRelations/4[java.lang.String,java.lang.String,java.lang.String,java.lang.String]",false,240,1,4,4,0,1,6,10,0,3,4,6,0,0,0,0,1,0,6,0,3,1,1,0,0,0,17,2,0,false
C:\Users\Madhu\Downloads\paprika-master\src\paprika\neo4j\QueryEngine.java,paprika.neo4j.QueryEngine,deleteImplements/1[java.lang.String],false,221,1,2,1,1,1,1,3,0,0,1,1,1,1,0,0,0,0,3,0,0,0,0,0,0,0,5,2,0,false
C:\Users\Madhu\Downloads\paprika-master\src\paprika\neo4j\QueryEngine.java,paprika.neo4j.QueryEngine,"getPropertyForAllApk/3[java.lang.String,java.lang.String,java.lang.String]",false,73,2,5,4,1,1,3,8,0,3,3,3,1,1,0,0,1,0,3,0,3,1,1,0,0,0,27,1,0,false
C:\Users\Madhu\Downloads\paprika-master\src\paprika\neo4j\QueryEngine.java,paprika.neo4j.QueryEngine,AnalyzedAppQuery/0,false,65,2,2,1,1,1,3,7,0,2,0,3,1,1,0,0,1,0,2,0,2,0,1,0,0,0,20,1,0,false
C:\Users\Madhu\Downloads\paprika-master\src\paprika\neo4j\QueryEngine.java,paprika.neo4j.QueryEngine,deleteQuery/1[java.lang.String],false,180,1,1,1,0,1,5,8,0,2,1,5,0,0,0,0,1,0,2,0,2,1,1,0,0,0,16,1,0,false
C:\Users\Madhu\Downloads\paprika-master\src\paprika\neo4j\QueryEngine.java,paprika.neo4j.QueryEngine,deleteVariables/1[java.lang.String],false,209,1,2,1,1,1,1,3,0,0,1,1,1,1,0,0,0,0,3,0,0,0,0,0,0,0,6,2,0,false
C:\Users\Madhu\Downloads\paprika-master\src\paprika\neo4j\QueryEngine.java,paprika.neo4j.QueryEngine,countAsyncClasses/0,false,326,2,2,1,1,1,3,7,0,2,0,3,1,1,0,0,1,0,2,0,2,0,1,0,0,0,16,1,0,false
C:\Users\Madhu\Downloads\paprika-master\src\paprika\neo4j\QueryEngine.java,paprika.neo4j.QueryEngine,deleteEntireApp/1[java.lang.String],false,273,1,13,2,11,1,11,13,0,0,1,11,11,11,0,0,0,0,0,0,0,0,0,0,0,0,14,1,0,false
C:\Users\Madhu\Downloads\paprika-master\src\paprika\neo4j\QueryEngine.java,paprika.neo4j.QueryEngine,executeRequest/1[java.lang.String],false,342,2,2,1,1,1,3,7,0,2,1,3,1,1,0,0,1,0,1,0,2,0,1,0,0,0,14,1,0,false
C:\Users\Madhu\Downloads\paprika-master\src\paprika\neo4j\QueryEngine.java,paprika.neo4j.QueryEngine,"resultToCSV/3[java.util.List<java.util.Map>,java.util.List<java.lang.String>,java.lang.String]",false,132,0,7,7,0,6,9,30,0,6,3,9,0,0,3,2,0,0,0,3,8,2,3,0,0,0,25,1,0,false
C:\Users\Madhu\Downloads\paprika-master\src\paprika\neo4j\QueryEngine.java,paprika.neo4j.QueryEngine,deleteExtends/1[java.lang.String],false,225,1,2,1,1,1,1,3,0,0,1,1,1,1,0,0,0,0,3,0,0,0,0,0,0,0,5,2,0,false
C:\Users\Madhu\Downloads\paprika-master\src\paprika\neo4j\QueryEngine.java,paprika.neo4j.QueryEngine,shutDown/0,false,61,1,2,1,1,1,1,3,0,0,0,1,0,0,0,0,0,0,0,0,0,0,0,0,0,0,2,1,0,false
C:\Users\Madhu\Downloads\paprika-master\src\paprika\neo4j\QueryEngine.java,paprika.neo4j.QueryEngine,countViews/0,false,334,2,2,1,1,1,3,7,0,2,0,3,1,1,0,0,1,0,2,0,2,0,1,0,0,0,15,1,0,false
C:\Users\Madhu\Downloads\paprika-master\src\paprika\neo4j\QueryEngine.java,paprika.neo4j.QueryEngine,deleteEntireAppFromPackage/1[java.lang.String],false,301,1,3,1,2,2,3,8,0,1,1,3,2,12,1,0,0,0,2,0,1,2,1,0,0,0,16,1,0,false
C:\Users\Madhu\Downloads\paprika-master\src\paprika\neo4j\QueryEngine.java,paprika.neo4j.QueryEngine,deleteUses/1[java.lang.String],false,217,1,2,1,1,1,1,3,0,0,1,1,1,1,0,0,0,0,3,0,0,0,0,0,0,0,5,2,0,false
C:\Users\Madhu\Downloads\paprika-master\src\paprika\neo4j\QueryEngine.java,paprika.neo4j.QueryEngine,deleteClasses/1[java.lang.String],false,205,1,2,1,1,1,1,3,0,0,1,1,1,1,0,0,0,0,3,0,0,0,0,0,0,0,6,2,0,false
C:\Users\Madhu\Downloads\paprika-master\src\paprika\neo4j\QueryEngine.java,paprika.neo4j.QueryEngine,QueryEngine/1[java.lang.String],true,54,1,4,1,3,1,2,6,0,0,1,2,0,0,0,0,0,0,1,0,3,0,0,0,0,0,9,1,0,false
C:\Users\Madhu\Downloads\paprika-master\src\paprika\neo4j\QueryEngine.java,paprika.neo4j.QueryEngine,deleteMethods/1[java.lang.String],false,201,1,2,1,1,1,1,3,0,0,1,1,1,1,0,0,0,0,3,0,0,0,0,0,0,0,6,2,0,false
C:\Users\Madhu\Downloads\paprika-master\src\paprika\neo4j\QueryEngine.java,paprika.neo4j.QueryEngine,deleteCalls/1[java.lang.String],false,197,1,2,1,1,1,1,3,0,0,1,1,1,1,0,0,0,0,3,0,0,0,0,0,0,0,5,2,0,false
C:\Users\Madhu\Downloads\paprika-master\src\paprika\neo4j\QueryEngine.java,paprika.neo4j.QueryEngine,deleteApp/1[java.lang.String],false,229,1,1,1,0,1,6,10,0,3,1,6,0,0,0,0,1,0,2,0,3,1,1,0,0,0,13,2,0,false
C:\Users\Madhu\Downloads\paprika-master\src\paprika\entities\Entity.java,paprika.entities.Entity,setMetrics/1[java.util.List<paprika.metrics.Metric>],false,46,1,0,0,0,1,0,3,0,0,1,0,0,0,0,0,0,0,0,0,1,0,0,0,0,0,3,1,0,false
C:\Users\Madhu\Downloads\paprika-master\src\paprika\entities\Entity.java,paprika.entities.Entity,getMetrics/0,false,42,1,7,7,0,1,0,3,1,0,0,0,0,0,0,0,0,0,0,0,0,0,0,0,0,0,3,1,0,false
C:\Users\Madhu\Downloads\paprika-master\src\paprika\entities\Entity.java,paprika.entities.Entity,addMetric/1[paprika.metrics.UnaryMetric],false,50,1,1,1,0,1,1,3,0,0,1,1,0,0,0,0,0,0,0,0,0,0,0,0,0,0,4,1,0,false
C:\Users\Madhu\Downloads\paprika-master\src\paprika\entities\Entity.java,paprika.entities.Entity,toString/0,false,55,0,0,0,0,1,0,3,1,0,0,0,0,0,0,0,0,0,0,0,0,0,0,0,0,0,3,1,0,false
C:\Users\Madhu\Downloads\paprika-master\src\paprika\entities\Entity.java,paprika.entities.Entity,getName/0,false,34,0,12,12,0,1,0,3,1,0,0,0,0,0,0,0,0,0,0,0,0,0,0,0,0,0,3,1,0,false
C:\Users\Madhu\Downloads\paprika-master\src\paprika\entities\Entity.java,paprika.entities.Entity,setName/1[java.lang.String],false,38,0,4,4,0,1,0,3,0,0,1,0,0,0,0,0,0,0,0,0,1,0,0,0,0,0,3,1,0,false
C:\Users\Madhu\Downloads\paprika-master\src\paprika\metrics\BinaryMetric.java,paprika.metrics.BinaryMetric,getSource/0,false,38,1,0,0,0,1,0,3,1,0,0,0,0,0,0,0,0,0,0,0,0,0,0,0,0,0,4,1,0,false
C:\Users\Madhu\Downloads\paprika-master\src\paprika\metrics\BinaryMetric.java,paprika.metrics.BinaryMetric,setTarget/1[paprika.entities.Entity],false,34,1,0,0,0,1,0,3,0,0,1,0,0,0,0,0,0,0,0,0,1,0,0,0,0,0,4,1,0,false
C:\Users\Madhu\Downloads\paprika-master\src\paprika\metrics\BinaryMetric.java,paprika.metrics.BinaryMetric,getTarget/0,false,30,1,0,0,0,1,0,3,1,0,0,0,0,0,0,0,0,0,0,0,0,0,0,0,0,0,4,1,0,false
C:\Users\Madhu\Downloads\paprika-master\src\paprika\metrics\BinaryMetric.java,paprika.metrics.BinaryMetric,setSource/1[paprika.entities.Entity],false,42,1,0,0,0,1,0,3,0,0,1,0,0,0,0,0,0,0,0,0,1,0,0,0,0,0,4,1,0,false
C:\Users\Madhu\Downloads\paprika-master\src\paprika\metrics\NumberOfBroadcastReceivers.java,paprika.metrics.NumberOfBroadcastReceivers,"createNumberOfBroadcastReceivers/2[paprika.entities.PaprikaApp,int]",false,34,3,3,1,2,1,1,5,1,1,2,1,0,0,0,0,0,0,0,0,1,0,0,0,0,0,9,9,0,false
C:\Users\Madhu\Downloads\paprika-master\src\paprika\metrics\NumberOfBroadcastReceivers.java,paprika.metrics.NumberOfBroadcastReceivers,"NumberOfBroadcastReceivers/2[paprika.entities.PaprikaApp,int]",true,28,1,1,1,0,1,0,5,0,0,2,0,0,0,0,0,0,0,1,0,3,0,0,0,0,0,8,2,0,false
C:\Users\Madhu\Downloads\paprika-master\src\paprika\metrics\NumberOfCallers.java,paprika.metrics.NumberOfCallers,"NumberOfCallers/2[paprika.entities.PaprikaMethod,int]",true,28,1,1,1,0,1,0,5,0,0,2,0,0,0,0,0,0,0,1,0,3,0,0,0,0,0,7,2,0,false
C:\Users\Madhu\Downloads\paprika-master\src\paprika\metrics\NumberOfCallers.java,paprika.metrics.NumberOfCallers,"createNumberOfCallers/2[paprika.entities.PaprikaMethod,int]",false,34,3,3,1,2,1,1,5,1,1,2,1,0,0,0,0,0,0,0,0,1,0,0,0,0,0,8,9,0,false
C:\Users\Madhu\Downloads\paprika-master\src\paprika\neo4j\HashMapUsageQuery.java,paprika.neo4j.HashMapUsageQuery,execute/1[boolean],false,41,2,2,1,1,2,3,14,0,3,1,3,0,0,0,0,1,0,4,0,5,0,2,0,0,0,13,1,0,false
C:\Users\Madhu\Downloads\paprika-master\src\paprika\neo4j\HashMapUsageQuery.java,paprika.neo4j.HashMapUsageQuery,HashMapUsageQuery/1[paprika.neo4j.QueryEngine],true,32,1,1,1,0,1,0,3,0,0,1,0,0,0,0,0,0,0,0,0,0,0,0,0,0,0,6,2,0,false
C:\Users\Madhu\Downloads\paprika-master\src\paprika\neo4j\HashMapUsageQuery.java,paprika.neo4j.HashMapUsageQuery,createHashMapUsageQuery/1[paprika.neo4j.QueryEngine],false,36,2,2,1,1,1,0,3,1,0,1,0,0,0,0,0,0,0,0,0,0,0,0,0,0,0,7,9,0,false
C:\Users\Madhu\Downloads\paprika-master\src\paprika\neo4j\UnsupportedHardwareAccelerationQuery.java,paprika.neo4j.UnsupportedHardwareAccelerationQuery,execute/1[boolean],false,41,2,2,1,1,3,3,19,0,5,1,3,0,0,1,0,1,0,18,2,9,2,1,0,0,0,18,1,0,false
C:\Users\Madhu\Downloads\paprika-master\src\paprika\neo4j\UnsupportedHardwareAccelerationQuery.java,paprika.neo4j.UnsupportedHardwareAccelerationQuery,createUnsupportedHardwareAccelerationQuery/1[paprika.neo4j.QueryEngine],false,36,2,2,1,1,1,0,3,1,0,1,0,0,0,0,0,0,0,0,0,0,0,0,0,0,0,7,9,0,false
C:\Users\Madhu\Downloads\paprika-master\src\paprika\neo4j\UnsupportedHardwareAccelerationQuery.java,paprika.neo4j.UnsupportedHardwareAccelerationQuery,UnsupportedHardwareAccelerationQuery/1[paprika.neo4j.QueryEngine],true,32,1,1,1,0,1,0,3,0,0,1,0,0,0,0,0,0,0,0,0,0,0,0,0,0,0,6,2,0,false
C:\Users\Madhu\Downloads\paprika-master\src\paprika\metrics\IsActivity.java,paprika.metrics.IsActivity,"IsActivity/2[paprika.entities.PaprikaClass,boolean]",true,29,1,1,1,0,1,0,5,0,0,2,0,0,0,0,0,0,0,1,0,3,0,0,0,0,0,6,2,0,false
C:\Users\Madhu\Downloads\paprika-master\src\paprika\metrics\IsActivity.java,paprika.metrics.IsActivity,"createIsActivity/2[paprika.entities.PaprikaClass,boolean]",false,35,3,3,1,2,1,1,5,1,1,2,1,0,0,0,0,0,0,0,0,1,0,0,0,0,0,7,9,0,false
C:\Users\Madhu\Downloads\paprika-master\src\paprika\neo4j\NLMRQuery.java,paprika.neo4j.NLMRQuery,execute/1[boolean],false,41,2,2,1,1,2,3,13,0,3,1,3,0,0,0,0,1,0,4,0,5,0,2,0,0,0,22,1,0,false
C:\Users\Madhu\Downloads\paprika-master\src\paprika\neo4j\NLMRQuery.java,paprika.neo4j.NLMRQuery,createNLMRQuery/1[paprika.neo4j.QueryEngine],false,36,2,2,1,1,1,0,3,1,0,1,0,0,0,0,0,0,0,0,0,0,0,0,0,0,0,8,9,0,false
C:\Users\Madhu\Downloads\paprika-master\src\paprika\neo4j\NLMRQuery.java,paprika.neo4j.NLMRQuery,NLMRQuery/1[paprika.neo4j.QueryEngine],true,32,1,1,1,0,1,0,3,0,0,1,0,0,0,0,0,0,0,0,0,0,0,0,0,0,0,7,2,0,false
C:\Users\Madhu\Downloads\paprika-master\src\paprika\metrics\IsSynchronized.java,paprika.metrics.IsSynchronized,"createIsSynchronized/2[paprika.entities.PaprikaMethod,boolean]",false,35,3,3,1,2,1,1,5,1,1,2,1,0,0,0,0,0,0,0,0,1,0,0,0,0,0,7,9,0,false
C:\Users\Madhu\Downloads\paprika-master\src\paprika\metrics\IsSynchronized.java,paprika.metrics.IsSynchronized,"IsSynchronized/2[paprika.entities.PaprikaMethod,boolean]",true,29,1,1,1,0,1,0,5,0,0,2,0,0,0,0,0,0,0,1,0,3,0,0,0,0,0,6,2,0,false
C:\Users\Madhu\Downloads\paprika-master\src\paprika\metrics\NumberOfAsyncTasks.java,paprika.metrics.NumberOfAsyncTasks,"NumberOfAsyncTasks/2[paprika.entities.PaprikaApp,int]",true,28,1,1,1,0,1,0,5,0,0,2,0,0,0,0,0,0,0,1,0,3,0,0,0,0,0,8,2,0,false
C:\Users\Madhu\Downloads\paprika-master\src\paprika\metrics\NumberOfAsyncTasks.java,paprika.metrics.NumberOfAsyncTasks,"createNumberOfAsyncTasks/2[paprika.entities.PaprikaApp,int]",false,34,3,3,1,2,1,1,5,1,1,2,1,0,0,0,0,0,0,0,0,1,0,0,0,0,0,9,9,0,false
C:\Users\Madhu\Downloads\paprika-master\src\paprika\neo4j\HeavyBroadcastReceiverQuery.java,paprika.neo4j.HeavyBroadcastReceiverQuery,HeavyBroadcastReceiverQuery/1[paprika.neo4j.QueryEngine],true,43,1,1,1,0,1,0,4,0,0,1,0,0,0,0,0,0,0,1,0,1,0,0,0,0,0,8,2,0,false
C:\Users\Madhu\Downloads\paprika-master\src\paprika\neo4j\HeavyBroadcastReceiverQuery.java,paprika.neo4j.HeavyBroadcastReceiverQuery,executeFuzzy/1[boolean],false,67,4,2,1,1,7,20,39,0,11,1,20,0,0,1,0,1,0,13,1,13,1,3,0,0,0,41,1,0,false
C:\Users\Madhu\Downloads\paprika-master\src\paprika\neo4j\HeavyBroadcastReceiverQuery.java,paprika.neo4j.HeavyBroadcastReceiverQuery,createHeavyBroadcastReceiverQuery/1[paprika.neo4j.QueryEngine],false,48,2,2,1,1,1,0,3,1,0,1,0,0,0,0,0,0,0,0,0,0,0,0,0,0,0,7,9,0,false
C:\Users\Madhu\Downloads\paprika-master\src\paprika\neo4j\HeavyBroadcastReceiverQuery.java,paprika.neo4j.HeavyBroadcastReceiverQuery,execute/1[boolean],false,53,2,2,1,1,2,3,14,0,3,1,3,0,0,0,0,1,0,6,0,5,1,2,0,0,0,23,1,0,false
C:\Users\Madhu\Downloads\paprika-master\src\paprika\metrics\IsAbstract.java,paprika.metrics.IsAbstract,"createIsAbstract/2[paprika.entities.Entity,boolean]",false,35,3,4,2,2,1,1,5,1,1,2,1,0,0,0,0,0,0,0,0,1,0,0,0,0,0,7,9,0,false
C:\Users\Madhu\Downloads\paprika-master\src\paprika\metrics\IsAbstract.java,paprika.metrics.IsAbstract,"IsAbstract/2[paprika.entities.Entity,boolean]",true,29,1,1,1,0,1,0,5,0,0,2,0,0,0,0,0,0,0,1,0,3,0,0,0,0,0,5,2,0,false
C:\Users\Madhu\Downloads\paprika-master\src\paprika\metrics\IsOverride.java,paprika.metrics.IsOverride,"createIsOverride/2[paprika.entities.PaprikaMethod,boolean]",false,35,3,3,1,2,1,1,5,1,1,2,1,0,0,0,0,0,0,0,0,1,0,0,0,0,0,7,9,0,false
C:\Users\Madhu\Downloads\paprika-master\src\paprika\metrics\IsOverride.java,paprika.metrics.IsOverride,"IsOverride/2[paprika.entities.PaprikaMethod,boolean]",true,29,1,1,1,0,1,0,5,0,0,2,0,0,0,0,0,0,0,1,0,3,0,0,0,0,0,6,2,0,false
C:\Users\Madhu\Downloads\paprika-master\src\paprika\metrics\Metric.java,paprika.metrics.Metric,setValue/1[java.lang.Object],false,32,0,0,0,0,1,0,3,0,0,1,0,0,0,0,0,0,0,0,0,1,0,0,0,0,0,4,1,0,false
C:\Users\Madhu\Downloads\paprika-master\src\paprika\metrics\Metric.java,paprika.metrics.Metric,getName/0,false,36,0,1,1,0,1,0,3,1,0,0,0,0,0,0,0,0,0,0,0,0,0,0,0,0,0,3,1,0,false
C:\Users\Madhu\Downloads\paprika-master\src\paprika\metrics\Metric.java,paprika.metrics.Metric,getValue/0,false,28,0,1,1,0,1,0,3,1,0,0,0,0,0,0,0,0,0,0,0,0,0,0,0,0,0,4,1,0,false
C:\Users\Madhu\Downloads\paprika-master\src\paprika\metrics\NumberOfAttributes.java,paprika.metrics.NumberOfAttributes,"NumberOfAttributes/2[paprika.entities.PaprikaClass,int]",true,28,1,1,1,0,1,0,5,0,0,2,0,0,0,0,0,0,0,1,0,3,0,0,0,0,0,7,2,0,false
C:\Users\Madhu\Downloads\paprika-master\src\paprika\metrics\NumberOfAttributes.java,paprika.metrics.NumberOfAttributes,"createNumberOfAttributes/2[paprika.entities.PaprikaClass,int]",false,34,3,3,1,2,1,1,5,1,1,2,1,0,0,0,0,0,0,0,0,1,0,0,0,0,0,8,9,0,false
C:\Users\Madhu\Downloads\paprika-master\src\paprika\neo4j\TrackingHardwareIdQuery.java,paprika.neo4j.TrackingHardwareIdQuery,execute/1[boolean],false,41,2,2,1,1,2,3,13,0,3,1,3,0,0,0,0,1,0,4,0,5,0,2,0,0,0,17,1,0,false
C:\Users\Madhu\Downloads\paprika-master\src\paprika\neo4j\TrackingHardwareIdQuery.java,paprika.neo4j.TrackingHardwareIdQuery,createTrackingHardwareIdQuery/1[paprika.neo4j.QueryEngine],false,36,2,2,1,1,1,0,3,1,0,1,0,0,0,0,0,0,0,0,0,0,0,0,0,0,0,7,9,0,false
C:\Users\Madhu\Downloads\paprika-master\src\paprika\neo4j\TrackingHardwareIdQuery.java,paprika.neo4j.TrackingHardwareIdQuery,TrackingHardwareIdQuery/1[paprika.neo4j.QueryEngine],true,32,1,1,1,0,1,0,3,0,0,1,0,0,0,0,0,0,0,0,0,0,0,0,0,0,0,6,2,0,false
C:\Users\Madhu\Downloads\paprika-master\src\paprika\analyzer\Analyzer.java,paprika.analyzer.Analyzer,runAnalysis/0,false,30,0,1,1,0,1,0,1,0,0,0,0,0,0,0,0,0,0,0,0,0,0,0,0,0,0,2,1025,0,false
C:\Users\Madhu\Downloads\paprika-master\src\paprika\analyzer\Analyzer.java,paprika.analyzer.Analyzer,init/0,false,29,0,1,1,0,1,0,1,0,0,0,0,0,0,0,0,0,0,0,0,0,0,0,0,0,0,1,1025,0,false
C:\Users\Madhu\Downloads\paprika-master\src\paprika\analyzer\Analyzer.java,paprika.analyzer.Analyzer,getPaprikaApp/0,false,31,1,1,1,0,1,0,1,0,0,0,0,0,0,0,0,0,0,0,0,0,0,0,0,0,0,3,1025,0,false
C:\Users\Madhu\Downloads\paprika-master\src\paprika\metrics\IsInnerClass.java,paprika.metrics.IsInnerClass,"IsInnerClass/2[paprika.entities.PaprikaClass,boolean]",true,29,1,1,1,0,1,0,5,0,0,2,0,0,0,0,0,0,0,1,0,3,0,0,0,0,0,6,2,0,false
C:\Users\Madhu\Downloads\paprika-master\src\paprika\metrics\IsInnerClass.java,paprika.metrics.IsInnerClass,"createIsInnerClass/2[paprika.entities.PaprikaClass,boolean]",false,35,3,3,1,2,1,1,5,1,1,2,1,0,0,0,0,0,0,0,0,1,0,0,0,0,0,7,9,0,false
C:\Users\Madhu\Downloads\paprika-master\src\paprika\metrics\IsInterface.java,paprika.metrics.IsInterface,"createIsInterface/2[paprika.entities.PaprikaClass,boolean]",false,35,3,3,1,2,1,1,5,1,1,2,1,0,0,0,0,0,0,0,0,1,0,0,0,0,0,7,9,0,false
C:\Users\Madhu\Downloads\paprika-master\src\paprika\metrics\IsInterface.java,paprika.metrics.IsInterface,"IsInterface/2[paprika.entities.PaprikaClass,boolean]",true,29,1,1,1,0,1,0,5,0,0,2,0,0,0,0,0,0,0,1,0,3,0,0,0,0,0,6,2,0,false
C:\Users\Madhu\Downloads\paprika-master\src\paprika\metrics\NumberOfViews.java,paprika.metrics.NumberOfViews,"createNumberOfViews/2[paprika.entities.PaprikaApp,int]",false,34,3,3,1,2,1,1,5,1,1,2,1,0,0,0,0,0,0,0,0,1,0,0,0,0,0,8,9,0,false
C:\Users\Madhu\Downloads\paprika-master\src\paprika\metrics\NumberOfViews.java,paprika.metrics.NumberOfViews,"NumberOfViews/2[paprika.entities.PaprikaApp,int]",true,28,1,1,1,0,1,0,5,0,0,2,0,0,0,0,0,0,0,1,0,3,0,0,0,0,0,7,2,0,false
C:\Users\Madhu\Downloads\paprika-master\src\paprika\metrics\NumberOfInterfaces.java,paprika.metrics.NumberOfInterfaces,"NumberOfInterfaces/2[paprika.entities.PaprikaApp,int]",true,28,1,1,1,0,1,0,5,0,0,2,0,0,0,0,0,0,0,1,0,3,0,0,0,0,0,7,2,0,false
C:\Users\Madhu\Downloads\paprika-master\src\paprika\metrics\NumberOfInterfaces.java,paprika.metrics.NumberOfInterfaces,"createNumberOfInterfaces/2[paprika.entities.PaprikaApp,int]",false,34,3,3,1,2,1,1,5,1,1,2,1,0,0,0,0,0,0,0,0,1,0,0,0,0,0,8,9,0,false
C:\Users\Madhu\Downloads\paprika-master\src\paprika\entities\PaprikaClass.java,paprika.entities.PaprikaClass,getCouplingValue/0,false,116,0,1,1,0,1,1,3,1,0,0,1,0,0,0,0,0,0,0,0,0,0,0,0,0,0,3,1,0,false
C:\Users\Madhu\Downloads\paprika-master\src\paprika\entities\PaprikaClass.java,paprika.entities.PaprikaClass,setParent/1[paprika.entities.PaprikaClass],false,84,1,1,1,0,1,0,3,0,0,1,0,0,0,0,0,0,0,0,0,1,0,0,0,0,0,5,1,0,false
C:\Users\Madhu\Downloads\paprika-master\src\paprika\entities\PaprikaClass.java,paprika.entities.PaprikaClass,addPaprikaVariable/1[paprika.entities.PaprikaVariable],false,144,1,1,1,0,1,1,3,0,0,1,1,0,0,0,0,0,0,0,0,0,0,0,0,0,0,4,1,0,false
C:\Users\Madhu\Downloads\paprika-master\src\paprika\entities\PaprikaClass.java,paprika.entities.PaprikaClass,addPaprikaMethod/1[paprika.entities.PaprikaMethod],false,88,1,1,1,0,1,1,3,0,0,1,1,0,0,0,0,0,0,0,0,0,0,0,0,0,0,4,1,0,false
C:\Users\Madhu\Downloads\paprika-master\src\paprika\entities\PaprikaClass.java,paprika.entities.PaprikaClass,setPaprikaApp/1[paprika.entities.PaprikaApp],false,96,1,0,0,0,1,0,3,0,0,1,0,0,0,0,0,0,0,0,0,1,0,0,0,0,0,4,1,0,false
C:\Users\Madhu\Downloads\paprika-master\src\paprika\entities\PaprikaClass.java,paprika.entities.PaprikaClass,getPaprikaApp/0,false,92,1,0,0,0,1,0,3,1,0,0,0,0,0,0,0,0,0,0,0,0,0,0,0,0,0,4,1,0,false
C:\Users\Madhu\Downloads\paprika-master\src\paprika\entities\PaprikaClass.java,paprika.entities.PaprikaClass,getModifier/0,false,40,1,1,1,0,1,0,3,1,0,0,0,0,0,0,0,0,0,0,0,0,0,0,0,0,0,5,1,0,false
C:\Users\Madhu\Downloads\paprika-master\src\paprika\entities\PaprikaClass.java,paprika.entities.PaprikaClass,getComplexity/0,false,106,0,2,2,0,1,0,3,1,0,0,0,0,0,0,0,0,0,0,0,0,0,0,0,0,0,3,1,0,false
C:\Users\Madhu\Downloads\paprika-master\src\paprika\entities\PaprikaClass.java,paprika.entities.PaprikaClass,getInterfaces/0,false,82,1,1,1,0,1,0,3,1,0,0,0,0,0,0,0,0,0,0,0,0,0,0,0,0,0,3,1,0,false
C:\Users\Madhu\Downloads\paprika-master\src\paprika\entities\PaprikaClass.java,paprika.entities.PaprikaClass,getPaprikaMethods/0,false,48,1,2,2,0,1,0,3,1,0,0,0,0,0,0,0,0,0,0,0,0,0,0,0,0,0,4,1,0,false
C:\Users\Madhu\Downloads\paprika-master\src\paprika\entities\PaprikaClass.java,paprika.entities.PaprikaClass,computeNPathComplexity/0,false,140,1,2,1,1,1,2,3,1,0,0,2,1,1,0,0,0,0,0,1,0,0,0,0,0,0,16,1,0,true
C:\Users\Madhu\Downloads\paprika-master\src\paprika\entities\PaprikaClass.java,paprika.entities.PaprikaClass,addComplexity/1[int],false,100,0,1,1,0,1,0,3,0,0,1,0,0,0,0,0,0,0,0,0,1,0,0,0,0,0,4,1,0,false
C:\Users\Madhu\Downloads\paprika-master\src\paprika\entities\PaprikaClass.java,paprika.entities.PaprikaClass,computeLCOM/0,false,118,1,2,1,1,5,2,18,1,7,0,2,0,0,2,0,0,1,0,6,7,2,3,0,0,0,17,1,0,false
C:\Users\Madhu\Downloads\paprika-master\src\paprika\entities\PaprikaClass.java,paprika.entities.PaprikaClass,"createPaprikaClass/3[java.lang.String,paprika.entities.PaprikaApp,paprika.entities.PaprikaModifiers]",false,72,3,3,1,2,1,1,5,1,1,3,1,0,0,0,0,0,0,0,0,1,0,0,0,0,0,5,9,0,false
C:\Users\Madhu\Downloads\paprika-master\src\paprika\entities\PaprikaClass.java,paprika.entities.PaprikaClass,getPaprikaVariables/0,false,44,1,1,1,0,1,0,3,1,0,0,0,0,0,0,0,0,0,0,0,0,0,0,0,0,0,4,1,0,false
C:\Users\Madhu\Downloads\paprika-master\src\paprika\entities\PaprikaClass.java,paprika.entities.PaprikaClass,getParentName/0,false,52,0,1,1,0,1,0,3,1,0,0,0,0,0,0,0,0,0,0,0,0,0,0,0,0,0,4,1,0,false
C:\Users\Madhu\Downloads\paprika-master\src\paprika\entities\PaprikaClass.java,paprika.entities.PaprikaClass,coupledTo/1[paprika.entities.PaprikaClass],false,112,1,1,1,0,1,1,3,0,0,1,1,0,0,0,0,0,0,0,0,0,0,0,0,0,0,5,1,0,false
C:\Users\Madhu\Downloads\paprika-master\src\paprika\entities\PaprikaClass.java,paprika.entities.PaprikaClass,"PaprikaClass/3[java.lang.String,paprika.entities.PaprikaApp,paprika.entities.PaprikaModifiers]",true,60,6,2,1,1,1,1,11,0,0,3,1,0,0,0,0,0,0,0,2,8,0,0,0,0,0,6,2,0,false
C:\Users\Madhu\Downloads\paprika-master\src\paprika\entities\PaprikaClass.java,paprika.entities.PaprikaClass,implement/1[paprika.entities.PaprikaClass],false,114,1,1,1,0,1,1,3,0,0,1,1,0,0,0,0,0,0,0,0,0,0,0,0,0,0,4,1,0,false
C:\Users\Madhu\Downloads\paprika-master\src\paprika\entities\PaprikaClass.java,paprika.entities.PaprikaClass,setParentName/1[java.lang.String],false,56,0,1,1,0,1,0,3,0,0,1,0,0,0,0,0,0,0,0,0,1,0,0,0,0,0,4,1,0,false
C:\Users\Madhu\Downloads\paprika-master\src\paprika\entities\PaprikaClass.java,paprika.entities.PaprikaClass,getParent/0,false,78,1,1,1,0,1,0,3,1,0,0,0,0,0,0,0,0,0,0,0,0,0,0,0,0,0,5,1,0,false
C:\Users\Madhu\Downloads\paprika-master\src\paprika\entities\PaprikaClass.java,paprika.entities.PaprikaClass,getChildren/0,false,110,0,1,1,0,1,0,3,1,0,0,0,0,0,0,0,0,0,0,0,0,0,0,0,0,0,3,1,0,false
C:\Users\Madhu\Downloads\paprika-master\src\paprika\entities\PaprikaClass.java,paprika.entities.PaprikaClass,addChildren/0,false,104,0,0,0,0,1,0,3,0,0,0,0,0,0,0,0,0,0,0,1,1,0,0,0,0,0,3,1,0,false
C:\Users\Madhu\Downloads\paprika-master\src\paprika\entities\PaprikaClass.java,paprika.entities.PaprikaClass,findVariable/1[java.lang.String],false,148,2,2,1,1,3,2,6,2,0,1,2,0,0,1,0,0,0,0,0,0,0,2,0,0,0,7,1,0,false
C:\Users\Madhu\Downloads\paprika-master\src\paprika\entities\PaprikaExternalArgument.java,paprika.entities.PaprikaExternalArgument,"PaprikaExternalArgument/3[java.lang.String,int,paprika.entities.PaprikaExternalMethod]",true,28,1,1,1,0,1,0,5,0,0,3,0,0,0,0,0,0,0,0,0,3,0,0,0,0,0,7,2,0,false
C:\Users\Madhu\Downloads\paprika-master\src\paprika\entities\PaprikaExternalArgument.java,paprika.entities.PaprikaExternalArgument,getPosition/0,false,40,0,1,1,0,1,0,3,1,0,0,0,0,0,0,0,0,0,0,0,0,0,0,0,0,0,3,1,0,false
C:\Users\Madhu\Downloads\paprika-master\src\paprika\entities\PaprikaExternalArgument.java,paprika.entities.PaprikaExternalArgument,"createPaprikaExternalArgument/3[java.lang.String,int,paprika.entities.PaprikaExternalMethod]",false,34,2,3,1,2,1,1,5,1,1,3,1,0,0,0,0,0,0,0,0,1,0,0,0,0,0,6,9,0,false
C:\Users\Madhu\Downloads\paprika-master\src\paprika\metrics\IsBitmap.java,paprika.metrics.IsBitmap,"createIsBitmap/2[paprika.entities.PaprikaClass,boolean]",false,34,3,2,0,2,1,1,5,1,1,2,1,0,0,0,0,0,0,0,0,1,0,0,0,0,0,7,9,0,false
C:\Users\Madhu\Downloads\paprika-master\src\paprika\metrics\IsBitmap.java,paprika.metrics.IsBitmap,"IsBitmap/2[paprika.entities.PaprikaClass,boolean]",true,28,1,1,1,0,1,0,5,0,0,2,0,0,0,0,0,0,0,1,0,3,0,0,0,0,0,6,2,0,false
C:\Users\Madhu\Downloads\paprika-master\src\paprika\neo4j\InvalidateWithoutRectQuery.java,paprika.neo4j.InvalidateWithoutRectQuery,execute/1[boolean],false,41,2,2,1,1,2,3,14,0,3,1,3,0,0,0,0,1,0,4,0,5,0,2,0,0,0,19,1,0,false
C:\Users\Madhu\Downloads\paprika-master\src\paprika\neo4j\InvalidateWithoutRectQuery.java,paprika.neo4j.InvalidateWithoutRectQuery,InvalidateWithoutRectQuery/1[paprika.neo4j.QueryEngine],true,32,1,1,1,0,1,0,3,0,0,1,0,0,0,0,0,0,0,0,0,0,0,0,0,0,0,6,2,0,false
C:\Users\Madhu\Downloads\paprika-master\src\paprika\neo4j\InvalidateWithoutRectQuery.java,paprika.neo4j.InvalidateWithoutRectQuery,createInvalidateWithoutRectQuery/1[paprika.neo4j.QueryEngine],false,36,2,2,1,1,1,0,3,1,0,1,0,0,0,0,0,0,0,0,0,0,0,0,0,0,0,7,9,0,false
