file,class,method,variable,usage
C:\Users\Madhu\Downloads\Project_DA_Java_EN_Come_to_the_Rescue_of_a_Java_Application-master\Project02Eclipse\src\com\hemebiotech\analytics\ReadSymptomDataFromFile.java,com.hemebiotech.analytics.ReadSymptomDataFromFile,GetSymptoms/0,filepath,2
C:\Users\Madhu\Downloads\Project_DA_Java_EN_Come_to_the_Rescue_of_a_Java_Application-master\Project02Eclipse\src\com\hemebiotech\analytics\ReadSymptomDataFromFile.java,com.hemebiotech.analytics.ReadSymptomDataFromFile,ReadSymptomDataFromFile/1[java.lang.String],filepath,4
C:\Users\Madhu\Downloads\Project_DA_Java_EN_Come_to_the_Rescue_of_a_Java_Application-master\Project02Eclipse\src\com\hemebiotech\analytics\AnalyticsCounter.java,com.hemebiotech.analytics.AnalyticsCounter,main/1[java.lang.String[]],headacheCount,1
C:\Users\Madhu\Downloads\Project_DA_Java_EN_Come_to_the_Rescue_of_a_Java_Application-master\Project02Eclipse\src\com\hemebiotech\analytics\AnalyticsCounter.java,com.hemebiotech.analytics.AnalyticsCounter,main/1[java.lang.String[]],pupilCount,2
C:\Users\Madhu\Downloads\Project_DA_Java_EN_Come_to_the_Rescue_of_a_Java_Application-master\Project02Eclipse\src\com\hemebiotech\analytics\AnalyticsCounter.java,com.hemebiotech.analytics.AnalyticsCounter,main/1[java.lang.String[]],rashCount,2
