file,class,method,constructor,line,cbo,cboModified,fanin,fanout,wmc,rfc,loc,returnsQty,variablesQty,parametersQty,methodsInvokedQty,methodsInvokedLocalQty,methodsInvokedIndirectLocalQty,loopQty,comparisonsQty,tryCatchQty,parenthesizedExpsQty,stringLiteralsQty,numbersQty,assignmentsQty,mathOperationsQty,maxNestedBlocksQty,anonymousClassesQty,innerClassesQty,lambdasQty,uniqueWordsQty,modifiers,logStatementsQty,hasJavaDoc
C:\Users\Madhu\Downloads\Project_DA_Java_EN_Come_to_the_Rescue_of_a_Java_Application-master\Project02Eclipse\src\com\hemebiotech\analytics\ReadSymptomDataFromFile.java,com.hemebiotech.analytics.ReadSymptomDataFromFile,GetSymptoms/0,false,26,0,0,0,0,4,4,18,1,3,0,4,0,0,1,2,1,0,0,0,4,0,3,0,0,0,14,1,0,false
C:\Users\Madhu\Downloads\Project_DA_Java_EN_Come_to_the_Rescue_of_a_Java_Application-master\Project02Eclipse\src\com\hemebiotech\analytics\ReadSymptomDataFromFile.java,com.hemebiotech.analytics.ReadSymptomDataFromFile,ReadSymptomDataFromFile/1[java.lang.String],true,21,0,0,0,0,1,0,3,0,0,1,0,0,0,0,0,0,0,0,0,1,0,0,0,0,0,20,1,0,true
C:\Users\Madhu\Downloads\Project_DA_Java_EN_Come_to_the_Rescue_of_a_Java_Application-master\Project02Eclipse\src\com\hemebiotech\analytics\ISymptomReader.java,com.hemebiotech.analytics.ISymptomReader,GetSymptoms/0,false,14,0,0,0,0,1,0,1,0,0,0,0,0,0,0,0,0,0,0,0,0,0,0,0,0,0,20,0,0,true
C:\Users\Madhu\Downloads\Project_DA_Java_EN_Come_to_the_Rescue_of_a_Java_Application-master\Project02Eclipse\src\com\hemebiotech\analytics\AnalyticsCounter.java,com.hemebiotech.analytics.AnalyticsCounter,main/1[java.lang.String[]],false,12,0,0,0,0,5,6,26,0,5,1,6,0,0,1,1,0,0,13,2,6,5,2,0,0,0,18,9,0,false
