file,class,method,variable,usage
C:\Users\Madhu\Downloads\Project_DA_Java_EN_Come_to_the_Rescue_of_a_Java_Application-master\Project02Eclipse\src\com\hemebiotech\analytics\ReadSymptomDataFromFile.java,com.hemebiotech.analytics.ReadSymptomDataFromFile,GetSymptoms/0,result,2
C:\Users\Madhu\Downloads\Project_DA_Java_EN_Come_to_the_Rescue_of_a_Java_Application-master\Project02Eclipse\src\com\hemebiotech\analytics\ReadSymptomDataFromFile.java,com.hemebiotech.analytics.ReadSymptomDataFromFile,GetSymptoms/0,e,1
C:\Users\Madhu\Downloads\Project_DA_Java_EN_Come_to_the_Rescue_of_a_Java_Application-master\Project02Eclipse\src\com\hemebiotech\analytics\ReadSymptomDataFromFile.java,com.hemebiotech.analytics.ReadSymptomDataFromFile,GetSymptoms/0,reader,3
C:\Users\Madhu\Downloads\Project_DA_Java_EN_Come_to_the_Rescue_of_a_Java_Application-master\Project02Eclipse\src\com\hemebiotech\analytics\ReadSymptomDataFromFile.java,com.hemebiotech.analytics.ReadSymptomDataFromFile,GetSymptoms/0,line,3
C:\Users\Madhu\Downloads\Project_DA_Java_EN_Come_to_the_Rescue_of_a_Java_Application-master\Project02Eclipse\src\com\hemebiotech\analytics\ReadSymptomDataFromFile.java,com.hemebiotech.analytics.ReadSymptomDataFromFile,ReadSymptomDataFromFile/1[java.lang.String],filepath,2
C:\Users\Madhu\Downloads\Project_DA_Java_EN_Come_to_the_Rescue_of_a_Java_Application-master\Project02Eclipse\src\com\hemebiotech\analytics\AnalyticsCounter.java,com.hemebiotech.analytics.AnalyticsCounter,main/1[java.lang.String[]],args,0
C:\Users\Madhu\Downloads\Project_DA_Java_EN_Come_to_the_Rescue_of_a_Java_Application-master\Project02Eclipse\src\com\hemebiotech\analytics\AnalyticsCounter.java,com.hemebiotech.analytics.AnalyticsCounter,main/1[java.lang.String[]],reader,2
C:\Users\Madhu\Downloads\Project_DA_Java_EN_Come_to_the_Rescue_of_a_Java_Application-master\Project02Eclipse\src\com\hemebiotech\analytics\AnalyticsCounter.java,com.hemebiotech.analytics.AnalyticsCounter,main/1[java.lang.String[]],line,6
C:\Users\Madhu\Downloads\Project_DA_Java_EN_Come_to_the_Rescue_of_a_Java_Application-master\Project02Eclipse\src\com\hemebiotech\analytics\AnalyticsCounter.java,com.hemebiotech.analytics.AnalyticsCounter,main/1[java.lang.String[]],headCount,2
C:\Users\Madhu\Downloads\Project_DA_Java_EN_Come_to_the_Rescue_of_a_Java_Application-master\Project02Eclipse\src\com\hemebiotech\analytics\AnalyticsCounter.java,com.hemebiotech.analytics.AnalyticsCounter,main/1[java.lang.String[]],i,1
C:\Users\Madhu\Downloads\Project_DA_Java_EN_Come_to_the_Rescue_of_a_Java_Application-master\Project02Eclipse\src\com\hemebiotech\analytics\AnalyticsCounter.java,com.hemebiotech.analytics.AnalyticsCounter,main/1[java.lang.String[]],writer,4
