file,class,type,cbo,cboModified,fanin,fanout,wmc,dit,noc,rfc,lcom,lcom*,tcc,lcc,totalMethodsQty,staticMethodsQty,publicMethodsQty,privateMethodsQty,protectedMethodsQty,defaultMethodsQty,visibleMethodsQty,abstractMethodsQty,finalMethodsQty,synchronizedMethodsQty,totalFieldsQty,staticFieldsQty,publicFieldsQty,privateFieldsQty,protectedFieldsQty,defaultFieldsQty,finalFieldsQty,synchronizedFieldsQty,nosi,loc,returnQty,loopQty,comparisonsQty,tryCatchQty,parenthesizedExpsQty,stringLiteralsQty,numbersQty,assignmentsQty,mathOperationsQty,variablesQty,maxNestedBlocksQty,anonymousClassesQty,innerClassesQty,lambdasQty,uniqueWordsQty,modifiers,logStatementsQty
C:\Users\Madhu\Downloads\E-Learning-System-Java-GUI-Application-main\src\javasemesterproject\Teacher\TeacherDeleteAccount.java,javasemesterproject.Teacher.TeacherDeleteAccount,class,2,4,2,2,5,1,0,4,1,0.5,0.0,0.0,2,1,2,0,0,0,2,0,0,0,1,0,0,0,0,1,0,0,3,25,0,0,2,1,0,6,2,4,1,4,3,0,0,0,24,1,0
C:\Users\Madhu\Downloads\E-Learning-System-Java-GUI-Application-main\src\javasemesterproject\Admin\AdminDeleteAccount.java,javasemesterproject.Admin.AdminDeleteAccount,class,2,4,2,2,5,1,0,4,1,0.5,0.0,0.0,2,1,2,0,0,0,2,0,0,0,1,0,0,0,0,1,0,0,3,25,0,0,2,1,0,6,2,4,1,4,3,0,0,0,23,1,0
C:\Users\Madhu\Downloads\E-Learning-System-Java-GUI-Application-main\src\javasemesterproject\Student\StudentDeleteAccount.java,javasemesterproject.Student.StudentDeleteAccount,class,2,4,2,2,5,1,0,4,1,0.5,0.0,0.0,2,1,2,0,0,0,2,0,0,0,1,0,0,0,0,1,0,0,3,25,0,0,2,1,0,6,2,4,1,4,3,0,0,0,24,1,0
C:\Users\Madhu\Downloads\E-Learning-System-Java-GUI-Application-main\src\javasemesterproject\DBConnection.java,javasemesterproject.DBConnection,class,1,45,44,1,4,1,0,8,0,0.25,1.0,1.0,2,0,2,0,0,0,2,0,0,0,2,0,2,0,0,0,0,0,3,22,0,0,0,2,0,4,0,2,0,2,1,0,0,0,16,1,0
C:\Users\Madhu\Downloads\E-Learning-System-Java-GUI-Application-main\src\javasemesterproject\Main.java,javasemesterproject.Main$Anonymous1,anonymous,0,0,0,0,1,1,0,4,0,0.0,NaN,NaN,1,0,1,0,0,0,1,0,0,0,0,0,0,0,0,0,0,0,1,7,0,0,0,0,0,1,0,2,0,2,0,0,0,0,13,-1,0
C:\Users\Madhu\Downloads\E-Learning-System-Java-GUI-Application-main\src\javasemesterproject\LoadingScreen.java,javasemesterproject.LoadingScreen,class,2,3,1,2,11,6,0,25,1,0.52380955,0.33333334,0.33333334,3,1,3,0,0,0,3,0,0,0,3,0,0,0,0,3,0,0,5,85,0,1,6,1,0,13,39,9,1,9,3,0,0,0,49,1,0
C:\Users\Madhu\Downloads\E-Learning-System-Java-GUI-Application-main\src\javasemesterproject\Admin\AdminManageAccount.java,javasemesterproject.Admin.AdminManageAccount,class,5,7,2,5,11,6,0,27,1,0.4814815,0.33333334,0.33333334,3,1,3,0,0,0,3,0,0,0,5,0,0,0,0,5,0,0,3,97,0,0,6,2,0,10,12,26,0,18,3,0,0,0,85,1,0
C:\Users\Madhu\Downloads\E-Learning-System-Java-GUI-Application-main\src\javasemesterproject\Student\StudentChangeName.java,javasemesterproject.Student.StudentChangeName,class,2,4,2,2,6,6,0,18,1,0.4666667,0.33333334,0.33333334,3,1,3,0,0,0,3,0,0,0,5,0,0,0,0,5,0,0,4,62,0,0,2,1,0,14,31,10,1,10,3,0,0,0,54,1,0
C:\Users\Madhu\Downloads\E-Learning-System-Java-GUI-Application-main\src\javasemesterproject\Teacher\TeacherAccountDetails.java,javasemesterproject.Teacher.TeacherAccountDetails,class,2,4,2,2,6,6,0,22,1,0.625,0.33333334,0.33333334,3,1,3,0,0,0,3,0,0,0,3,0,0,0,0,3,0,0,1,113,0,0,1,1,0,31,77,30,1,24,2,0,0,0,75,1,0
C:\Users\Madhu\Downloads\E-Learning-System-Java-GUI-Application-main\src\javasemesterproject\Student\SentBox.java,javasemesterproject.Student.SentBox,class,3,5,2,3,16,6,0,43,0,0.64285713,0.5,0.5,5,1,4,1,0,0,4,0,0,0,10,0,0,0,0,10,0,0,7,149,0,4,5,2,0,37,52,41,11,34,3,0,0,0,109,1,0
C:\Users\Madhu\Downloads\E-Learning-System-Java-GUI-Application-main\src\javasemesterproject\Student\StudyCourse.java,javasemesterproject.Student.StudyCourse,class,2,4,2,2,9,6,0,33,4,0.71875,0.33333334,0.33333334,4,1,3,1,0,0,3,0,0,0,5,0,0,0,0,5,0,0,0,90,1,2,1,2,0,12,26,21,3,20,2,0,0,0,73,1,0
C:\Users\Madhu\Downloads\E-Learning-System-Java-GUI-Application-main\src\javasemesterproject\Admin\AdminLogin.java,javasemesterproject.Admin.AdminLogin,class,3,6,3,3,7,6,0,27,1,0.47619048,0.33333334,0.33333334,3,1,3,0,0,0,3,0,0,0,5,1,1,0,0,4,0,0,5,78,0,0,2,1,0,14,36,16,1,16,3,0,0,0,66,1,0
C:\Users\Madhu\Downloads\E-Learning-System-Java-GUI-Application-main\src\javasemesterproject\Admin\AdminChangePassword.java,javasemesterproject.Admin.AdminChangePassword,class,2,4,2,2,6,6,0,19,1,0.44444445,0.33333334,0.33333334,3,1,3,0,0,0,3,0,0,0,3,0,0,0,0,3,0,0,4,49,0,0,2,1,0,10,20,7,1,7,3,0,0,0,48,1,0
C:\Users\Madhu\Downloads\E-Learning-System-Java-GUI-Application-main\src\javasemesterproject\Signup.java,javasemesterproject.Signup,class,3,5,2,3,5,6,0,22,1,0.5,0.33333334,0.33333334,3,1,3,0,0,0,3,0,0,0,3,0,0,0,0,3,0,0,1,48,0,0,2,0,0,5,13,5,0,5,1,0,0,0,40,1,0
C:\Users\Madhu\Downloads\E-Learning-System-Java-GUI-Application-main\src\javasemesterproject\Student\StudentLogin.java,javasemesterproject.Student.StudentLogin,class,3,6,3,3,7,6,0,27,1,0.47619048,0.33333334,0.33333334,3,1,3,0,0,0,3,0,0,0,5,1,1,0,0,4,0,0,5,78,0,0,2,1,0,14,36,16,1,16,3,0,0,0,66,1,0
C:\Users\Madhu\Downloads\E-Learning-System-Java-GUI-Application-main\src\javasemesterproject\Teacher\UpdateCourses.java,javasemesterproject.Teacher.UpdateCourses,class,2,4,2,2,12,6,0,38,4,0.625,0.33333334,0.33333334,4,1,3,1,0,0,3,0,0,0,6,0,0,0,0,6,0,0,3,125,1,2,3,3,0,22,32,30,4,28,3,0,0,0,84,1,0
C:\Users\Madhu\Downloads\E-Learning-System-Java-GUI-Application-main\src\javasemesterproject\Admin\DeleteSubject.java,javasemesterproject.Admin.DeleteSubject,class,2,4,2,2,11,6,0,35,4,0.7083333,0.33333334,0.33333334,4,1,3,1,0,0,3,0,0,0,4,0,0,0,0,4,0,0,3,90,1,2,3,2,0,13,20,19,2,18,4,0,0,0,76,1,0
C:\Users\Madhu\Downloads\E-Learning-System-Java-GUI-Application-main\src\javasemesterproject\AboutProject.java,javasemesterproject.AboutProject,class,1,3,2,1,2,6,0,19,1,0.5,0.0,0.0,2,1,2,0,0,0,2,0,0,0,2,0,0,0,0,2,0,0,1,34,0,0,0,0,0,9,7,4,1,4,0,0,0,0,69,1,0
C:\Users\Madhu\Downloads\E-Learning-System-Java-GUI-Application-main\src\javasemesterproject\Admin\AdminChangeEmail.java,javasemesterproject.Admin.AdminChangeEmail,class,2,4,2,2,6,6,0,18,1,0.44444445,0.33333334,0.33333334,3,1,3,0,0,0,3,0,0,0,3,0,0,0,0,3,0,0,3,49,0,0,2,1,0,10,20,7,1,7,3,0,0,0,50,1,0
C:\Users\Madhu\Downloads\E-Learning-System-Java-GUI-Application-main\src\javasemesterproject\Student\Message.java,javasemesterproject.Student.Message,class,1,4,3,1,7,6,0,27,0,0.2857143,1.0,1.0,2,0,2,0,0,0,2,0,0,0,6,0,0,0,0,6,0,0,2,72,0,0,4,1,0,24,12,21,6,21,3,0,0,0,82,1,0
C:\Users\Madhu\Downloads\E-Learning-System-Java-GUI-Application-main\src\javasemesterproject\Admin\ViewStudents.java,javasemesterproject.Admin.ViewStudents,class,4,6,2,4,16,6,0,48,6,0.6333334,0.33333334,0.33333334,5,1,3,2,0,0,3,0,0,0,6,0,0,0,0,6,0,0,4,132,1,4,3,3,0,12,20,34,1,29,4,1,0,0,97,1,0
C:\Users\Madhu\Downloads\E-Learning-System-Java-GUI-Application-main\src\javasemesterproject\Student\StudentManageAccount.java,javasemesterproject.Student.StudentManageAccount,class,5,7,2,5,11,6,0,26,1,0.4814815,0.33333334,0.33333334,3,1,3,0,0,0,3,0,0,0,5,0,0,0,0,5,0,0,3,94,0,0,6,2,0,10,12,26,0,18,3,0,0,0,86,1,0
C:\Users\Madhu\Downloads\E-Learning-System-Java-GUI-Application-main\src\javasemesterproject\Admin\ViewTeachers.java,javasemesterproject.Admin.ViewTeachers,class,4,6,2,4,16,6,0,48,6,0.6333334,0.33333334,0.33333334,5,1,3,2,0,0,3,0,0,0,6,0,0,0,0,6,0,0,4,132,1,4,3,3,0,12,20,34,1,29,4,1,0,0,97,1,0
C:\Users\Madhu\Downloads\E-Learning-System-Java-GUI-Application-main\src\javasemesterproject\Student\ViewParticipants.java,javasemesterproject.Student.ViewParticipants$Anonymous1,anonymous,0,0,0,0,2,1,0,4,0,0.0,NaN,NaN,1,0,1,0,0,0,1,0,0,0,0,0,0,0,0,0,0,0,0,7,0,0,1,0,0,1,1,1,0,1,1,0,0,0,9,-1,0
C:\Users\Madhu\Downloads\E-Learning-System-Java-GUI-Application-main\src\javasemesterproject\Teacher\TeacherManageAccount.java,javasemesterproject.Teacher.TeacherManageAccount,class,5,7,2,5,11,6,0,26,1,0.4814815,0.33333334,0.33333334,3,1,3,0,0,0,3,0,0,0,5,0,0,0,0,5,0,0,3,94,0,0,6,2,0,10,12,26,0,18,3,0,0,0,86,1,0
C:\Users\Madhu\Downloads\E-Learning-System-Java-GUI-Application-main\src\javasemesterproject\Admin\AdminAccountDetails.java,javasemesterproject.Admin.AdminAccountDetails,class,2,4,2,2,6,6,0,22,1,0.625,0.33333334,0.33333334,3,1,3,0,0,0,3,0,0,0,3,0,0,0,0,3,0,0,1,113,0,0,1,1,0,31,77,30,1,24,2,0,0,0,75,1,0
C:\Users\Madhu\Downloads\E-Learning-System-Java-GUI-Application-main\src\javasemesterproject\Admin\AddSubject.java,javasemesterproject.Admin.AddSubject,class,2,4,2,2,6,6,0,25,1,0.5333333,0.33333334,0.33333334,3,1,3,0,0,0,3,0,0,0,4,0,0,0,0,4,0,0,2,60,0,0,2,1,0,10,16,9,2,9,3,0,0,0,58,1,0
C:\Users\Madhu\Downloads\E-Learning-System-Java-GUI-Application-main\src\javasemesterproject\Admin\ViewTeachers.java,javasemesterproject.Admin.ViewTeachers$Anonymous1,anonymous,0,0,0,0,2,1,0,0,0,0.0,NaN,NaN,1,0,1,0,0,0,1,0,0,0,0,0,0,0,0,0,0,0,0,10,2,0,0,0,0,0,1,0,0,0,1,0,0,0,4,-1,0
C:\Users\Madhu\Downloads\E-Learning-System-Java-GUI-Application-main\src\javasemesterproject\Student\Student.java,javasemesterproject.Student.Student,class,14,16,2,14,25,6,0,53,0,0.5147059,0.8333333,1.0,4,0,4,0,0,0,4,0,0,0,5,0,0,0,0,5,0,0,16,249,1,0,15,3,2,43,100,48,7,43,3,0,0,0,140,1,0
C:\Users\Madhu\Downloads\E-Learning-System-Java-GUI-Application-main\src\javasemesterproject\Admin\AdminSignup.java,javasemesterproject.Admin.AdminSignup,class,3,5,2,3,40,6,0,52,3,0.59649116,0.4,0.4,6,1,6,0,0,0,6,0,0,0,9,0,0,0,0,9,0,0,8,250,1,0,13,3,0,57,119,58,3,54,5,0,0,0,137,1,0
C:\Users\Madhu\Downloads\E-Learning-System-Java-GUI-Application-main\src\javasemesterproject\Student\Inbox.java,javasemesterproject.Student.Inbox,class,3,5,2,3,16,6,0,43,0,0.64285713,0.5,0.5,5,1,4,1,0,0,4,0,0,0,10,0,0,0,0,10,0,0,7,148,0,4,5,2,0,36,51,40,11,34,3,0,0,0,108,1,0
C:\Users\Madhu\Downloads\E-Learning-System-Java-GUI-Application-main\src\javasemesterproject\Teacher\TeacherChangeEmail.java,javasemesterproject.Teacher.TeacherChangeEmail,class,2,4,2,2,6,6,0,18,1,0.44444445,0.33333334,0.33333334,3,1,3,0,0,0,3,0,0,0,3,0,0,0,0,3,0,0,3,49,0,0,2,1,0,10,20,7,1,7,3,0,0,0,50,1,0
C:\Users\Madhu\Downloads\E-Learning-System-Java-GUI-Application-main\src\javasemesterproject\Teacher\TeacherChangeName.java,javasemesterproject.Teacher.TeacherChangeName,class,2,4,2,2,6,6,0,18,1,0.4666667,0.33333334,0.33333334,3,1,3,0,0,0,3,0,0,0,5,0,0,0,0,5,0,0,4,62,0,0,2,1,0,14,31,10,1,10,3,0,0,0,54,1,0
C:\Users\Madhu\Downloads\E-Learning-System-Java-GUI-Application-main\src\javasemesterproject\Teacher\ViewMyCourses.java,javasemesterproject.Teacher.ViewMyCourses,class,2,4,2,2,13,6,0,40,2,0.60714287,0.33333334,0.33333334,4,1,3,1,0,0,3,0,0,0,7,0,0,0,0,7,0,0,2,98,0,4,3,2,0,10,20,25,2,24,4,0,0,0,84,1,0
C:\Users\Madhu\Downloads\E-Learning-System-Java-GUI-Application-main\src\javasemesterproject\Login.java,javasemesterproject.Login,class,4,6,2,4,6,6,0,22,1,0.46666664,0.33333334,0.33333334,3,1,3,0,0,0,3,0,0,0,3,0,0,0,0,3,0,0,1,57,0,0,3,0,0,6,17,6,0,6,1,0,0,0,40,1,0
C:\Users\Madhu\Downloads\E-Learning-System-Java-GUI-Application-main\src\javasemesterproject\Admin\Admin.java,javasemesterproject.Admin.Admin,class,13,19,6,13,24,6,0,49,0,0.6125,0.8333333,1.0,4,0,4,0,0,0,4,0,0,0,6,0,0,0,0,6,0,0,16,230,1,0,15,2,2,35,89,41,3,39,2,0,0,0,129,1,0
C:\Users\Madhu\Downloads\E-Learning-System-Java-GUI-Application-main\src\javasemesterproject\Teacher\AddCourse.java,javasemesterproject.Teacher.AddCourse,class,2,4,2,2,10,6,0,41,2,0.64285713,0.33333334,0.33333334,4,1,3,1,0,0,3,0,0,0,8,0,0,0,0,8,0,0,3,131,0,2,2,2,0,22,47,30,3,29,3,0,0,0,89,1,0
C:\Users\Madhu\Downloads\E-Learning-System-Java-GUI-Application-main\src\javasemesterproject\Student\StudentSignup.java,javasemesterproject.Student.StudentSignup,class,3,5,2,3,40,6,0,52,3,0.59649116,0.4,0.4,6,1,6,0,0,0,6,0,0,0,9,0,0,0,0,9,0,0,8,248,1,0,13,3,0,57,120,59,3,55,5,0,0,0,139,1,0
C:\Users\Madhu\Downloads\E-Learning-System-Java-GUI-Application-main\src\javasemesterproject\Teacher\TeacherChangePassword.java,javasemesterproject.Teacher.TeacherChangePassword,class,2,4,2,2,6,6,0,19,1,0.44444445,0.33333334,0.33333334,3,1,3,0,0,0,3,0,0,0,3,0,0,0,0,3,0,0,4,49,0,0,2,1,0,10,20,7,1,7,3,0,0,0,49,1,0
C:\Users\Madhu\Downloads\E-Learning-System-Java-GUI-Application-main\src\javasemesterproject\Student\WithdrawCourse.java,javasemesterproject.Student.WithdrawCourse,class,2,4,2,2,11,6,0,34,4,0.65,0.33333334,0.33333334,4,1,3,1,0,0,3,0,0,0,4,0,0,0,0,4,0,0,3,87,1,2,3,2,0,17,20,19,3,17,4,0,0,0,83,1,0
C:\Users\Madhu\Downloads\E-Learning-System-Java-GUI-Application-main\src\javasemesterproject\Student\StudentChangeEmail.java,javasemesterproject.Student.StudentChangeEmail,class,2,4,2,2,6,6,0,18,1,0.44444445,0.33333334,0.33333334,3,1,3,0,0,0,3,0,0,0,3,0,0,0,0,3,0,0,3,49,0,0,2,1,0,10,20,7,1,7,3,0,0,0,50,1,0
C:\Users\Madhu\Downloads\E-Learning-System-Java-GUI-Application-main\src\javasemesterproject\Admin\ViewCourses.java,javasemesterproject.Admin.ViewCourses,class,2,4,2,2,17,6,0,42,4,0.65000004,0.33333334,0.33333334,5,1,3,2,0,0,3,0,0,0,7,0,0,0,0,7,0,0,0,122,1,8,1,2,0,17,36,37,5,31,3,0,0,0,96,1,0
C:\Users\Madhu\Downloads\E-Learning-System-Java-GUI-Application-main\src\javasemesterproject\Student\EnrollCourse.java,javasemesterproject.Student.EnrollCourse,class,2,4,2,2,20,6,0,44,4,0.70000005,0.33333334,0.33333334,5,1,3,2,0,0,3,0,0,0,6,0,0,0,0,6,0,0,3,176,1,5,5,5,0,29,41,47,6,44,3,0,0,0,94,1,0
C:\Users\Madhu\Downloads\E-Learning-System-Java-GUI-Application-main\src\javasemesterproject\Student\StudentAccountDetails.java,javasemesterproject.Student.StudentAccountDetails,class,2,4,2,2,6,6,0,22,1,0.625,0.33333334,0.33333334,3,1,3,0,0,0,3,0,0,0,3,0,0,0,0,3,0,0,1,113,0,0,1,1,0,31,77,30,1,24,2,0,0,0,76,1,0
C:\Users\Madhu\Downloads\E-Learning-System-Java-GUI-Application-main\src\javasemesterproject\Student\ViewParticipants.java,javasemesterproject.Student.ViewParticipants,class,3,5,2,3,16,6,0,44,4,0.65625,0.33333334,0.33333334,4,1,3,1,0,0,3,0,0,0,7,0,0,0,0,7,0,0,1,143,1,6,4,2,0,31,62,49,8,38,3,1,0,0,105,1,0
C:\Users\Madhu\Downloads\E-Learning-System-Java-GUI-Application-main\src\javasemesterproject\Admin\ViewStudents.java,javasemesterproject.Admin.ViewStudents$Anonymous1,anonymous,0,0,0,0,2,1,0,0,0,0.0,NaN,NaN,1,0,1,0,0,0,1,0,0,0,0,0,0,0,0,0,0,0,0,10,2,0,0,0,0,0,1,0,0,0,1,0,0,0,4,-1,0
C:\Users\Madhu\Downloads\E-Learning-System-Java-GUI-Application-main\src\javasemesterproject\Teacher\Teacher.java,javasemesterproject.Teacher.Teacher,class,12,14,2,12,23,6,0,50,0,0.578125,0.8333333,1.0,4,0,4,0,0,0,4,0,0,0,6,0,0,0,0,6,0,0,14,221,1,0,13,3,2,39,82,46,5,42,3,0,0,0,136,1,0
C:\Users\Madhu\Downloads\E-Learning-System-Java-GUI-Application-main\src\javasemesterproject\Teacher\TeacherSignup.java,javasemesterproject.Teacher.TeacherSignup,class,3,5,2,3,40,6,0,52,3,0.59649116,0.4,0.4,6,1,6,0,0,0,6,0,0,0,9,0,0,0,0,9,0,0,8,248,1,0,13,3,0,57,120,59,3,55,5,0,0,0,139,1,0
C:\Users\Madhu\Downloads\E-Learning-System-Java-GUI-Application-main\src\javasemesterproject\Student\StudentChangePassword.java,javasemesterproject.Student.StudentChangePassword,class,2,4,2,2,6,6,0,19,1,0.44444445,0.33333334,0.33333334,3,1,3,0,0,0,3,0,0,0,3,0,0,0,0,3,0,0,4,49,0,0,2,1,0,10,20,7,1,7,3,0,0,0,49,1,0
C:\Users\Madhu\Downloads\E-Learning-System-Java-GUI-Application-main\src\javasemesterproject\AboutDevelopers.java,javasemesterproject.AboutDevelopers,class,1,3,2,1,2,6,0,19,1,0.6666667,0.0,0.0,2,1,2,0,0,0,2,0,0,0,3,0,0,0,0,3,0,0,1,39,0,0,0,0,0,15,13,7,0,8,0,0,0,0,43,1,0
C:\Users\Madhu\Downloads\E-Learning-System-Java-GUI-Application-main\src\javasemesterproject\Teacher\TeacherLogin.java,javasemesterproject.Teacher.TeacherLogin,class,3,6,3,3,7,6,0,27,1,0.47619048,0.33333334,0.33333334,3,1,3,0,0,0,3,0,0,0,5,1,1,0,0,4,0,0,5,78,0,0,2,1,0,14,36,16,1,16,3,0,0,0,72,1,0
C:\Users\Madhu\Downloads\E-Learning-System-Java-GUI-Application-main\src\javasemesterproject\Admin\AdminChangeName.java,javasemesterproject.Admin.AdminChangeName,class,2,4,2,2,6,6,0,18,1,0.4666667,0.33333334,0.33333334,3,1,3,0,0,0,3,0,0,0,3,0,0,0,0,3,0,0,4,60,0,0,2,1,0,14,31,10,1,10,3,0,0,0,53,1,0
C:\Users\Madhu\Downloads\E-Learning-System-Java-GUI-Application-main\src\javasemesterproject\Main.java,javasemesterproject.Main,class,5,10,5,5,8,6,0,38,0,0.53333336,0.6666667,1.0,3,1,3,0,0,0,3,0,0,0,7,1,1,0,0,6,0,0,10,127,0,0,5,0,0,15,41,36,0,36,1,1,0,0,82,1,0
C:\Users\Madhu\Downloads\E-Learning-System-Java-GUI-Application-main\src\javasemesterproject\Teacher\ViewMyStudents.java,javasemesterproject.Teacher.ViewMyStudents,class,2,4,2,2,15,6,0,38,4,0.71428573,0.33333334,0.33333334,4,1,3,1,0,0,3,0,0,0,6,0,0,0,0,6,0,0,0,110,1,8,1,2,0,11,30,34,3,31,4,0,0,0,93,1,0
