file,class,method,constructor,line,cbo,cboModified,fanin,fanout,wmc,rfc,loc,returnsQty,variablesQty,parametersQty,methodsInvokedQty,methodsInvokedLocalQty,methodsInvokedIndirectLocalQty,loopQty,comparisonsQty,tryCatchQty,parenthesizedExpsQty,stringLiteralsQty,numbersQty,assignmentsQty,mathOperationsQty,maxNestedBlocksQty,anonymousClassesQty,innerClassesQty,lambdasQty,uniqueWordsQty,modifiers,logStatementsQty,hasJavaDoc
C:\Users\Madhu\Downloads\E-Learning-System-Java-GUI-Application-main\src\javasemesterproject\Teacher\TeacherDeleteAccount.java,javasemesterproject.Teacher.TeacherDeleteAccount,TeacherDeleteAccount/0,true,8,1,3,2,1,4,4,19,0,3,0,4,0,0,0,2,1,0,6,2,4,1,3,0,0,0,22,1,0,false
C:\Users\Madhu\Downloads\E-Learning-System-Java-GUI-Application-main\src\javasemesterproject\Teacher\TeacherDeleteAccount.java,javasemesterproject.Teacher.TeacherDeleteAccount,main/1[java.lang.String[]],false,32,1,1,0,1,1,0,3,0,0,1,0,0,0,0,0,0,0,0,0,0,0,0,0,0,0,5,9,0,false
C:\Users\Madhu\Downloads\E-Learning-System-Java-GUI-Application-main\src\javasemesterproject\Admin\AdminDeleteAccount.java,javasemesterproject.Admin.AdminDeleteAccount,main/1[java.lang.String[]],false,31,1,1,0,1,1,0,3,0,0,1,0,0,0,0,0,0,0,0,0,0,0,0,0,0,0,5,9,0,false
C:\Users\Madhu\Downloads\E-Learning-System-Java-GUI-Application-main\src\javasemesterproject\Admin\AdminDeleteAccount.java,javasemesterproject.Admin.AdminDeleteAccount,AdminDeleteAccount/0,true,8,1,3,2,1,4,4,19,0,3,0,4,0,0,0,2,1,0,6,2,4,1,3,0,0,0,21,1,0,false
C:\Users\Madhu\Downloads\E-Learning-System-Java-GUI-Application-main\src\javasemesterproject\Student\StudentDeleteAccount.java,javasemesterproject.Student.StudentDeleteAccount,main/1[java.lang.String[]],false,32,1,1,0,1,1,0,3,0,0,1,0,0,0,0,0,0,0,0,0,0,0,0,0,0,0,5,9,0,false
C:\Users\Madhu\Downloads\E-Learning-System-Java-GUI-Application-main\src\javasemesterproject\Student\StudentDeleteAccount.java,javasemesterproject.Student.StudentDeleteAccount,StudentDeleteAccount/0,true,8,1,3,2,1,4,4,19,0,3,0,4,0,0,0,2,1,0,6,2,4,1,3,0,0,0,22,1,0,false
C:\Users\Madhu\Downloads\E-Learning-System-Java-GUI-Application-main\src\javasemesterproject\DBConnection.java,javasemesterproject.DBConnection,DBConnection/0,true,9,0,60,60,0,2,4,10,0,0,0,4,0,0,0,0,1,0,4,0,2,0,1,0,0,0,13,1,0,false
C:\Users\Madhu\Downloads\E-Learning-System-Java-GUI-Application-main\src\javasemesterproject\DBConnection.java,javasemesterproject.DBConnection,Close/0,false,20,1,8,8,0,2,4,8,0,0,0,4,0,0,0,0,1,0,0,0,0,0,1,0,0,0,6,1,0,false
C:\Users\Madhu\Downloads\E-Learning-System-Java-GUI-Application-main\src\javasemesterproject\Main.java,javasemesterproject.Main$Anonymous1,actionPerformed/1[java.awt.event.ActionEvent],false,94,0,0,0,0,1,4,5,0,2,1,4,0,0,0,0,0,0,1,0,2,0,0,0,0,0,13,1,0,false
C:\Users\Madhu\Downloads\E-Learning-System-Java-GUI-Application-main\src\javasemesterproject\LoadingScreen.java,javasemesterproject.LoadingScreen,main/1[java.lang.String[]],false,111,1,1,0,1,1,0,3,0,0,1,0,0,0,0,0,0,0,0,0,0,0,0,0,0,0,4,9,0,false
C:\Users\Madhu\Downloads\E-Learning-System-Java-GUI-Application-main\src\javasemesterproject\LoadingScreen.java,javasemesterproject.LoadingScreen,Run/0,false,79,1,2,1,1,9,5,31,0,1,0,5,0,0,1,6,1,0,6,9,1,1,3,0,0,0,9,1,0,false
C:\Users\Madhu\Downloads\E-Learning-System-Java-GUI-Application-main\src\javasemesterproject\LoadingScreen.java,javasemesterproject.LoadingScreen,LoadingScreen/0,true,19,1,2,1,1,1,21,46,0,1,0,21,1,1,0,0,0,0,7,30,8,0,0,0,0,0,39,1,0,false
C:\Users\Madhu\Downloads\E-Learning-System-Java-GUI-Application-main\src\javasemesterproject\Admin\AdminManageAccount.java,javasemesterproject.Admin.AdminManageAccount,main/1[java.lang.String[]],false,125,1,1,0,1,1,0,3,0,0,1,0,0,0,0,0,0,0,0,0,0,0,0,0,0,0,5,9,0,false
C:\Users\Madhu\Downloads\E-Learning-System-Java-GUI-Application-main\src\javasemesterproject\Admin\AdminManageAccount.java,javasemesterproject.Admin.AdminManageAccount,AdminManageAccount/0,true,31,0,2,2,0,1,10,37,0,2,0,10,0,0,0,0,0,0,7,9,14,0,0,0,0,0,38,1,0,false
C:\Users\Madhu\Downloads\E-Learning-System-Java-GUI-Application-main\src\javasemesterproject\Admin\AdminManageAccount.java,javasemesterproject.Admin.AdminManageAccount,actionPerformed/1[java.awt.event.ActionEvent],false,77,5,5,0,5,9,18,50,0,7,1,18,0,0,0,6,2,0,3,3,10,0,3,0,0,0,55,1,0,false
C:\Users\Madhu\Downloads\E-Learning-System-Java-GUI-Application-main\src\javasemesterproject\Student\StudentChangeName.java,javasemesterproject.Student.StudentChangeName,StudentChangeName/0,true,21,0,2,2,0,1,13,31,0,0,0,13,0,0,0,0,0,0,7,30,5,0,0,0,0,0,27,1,0,false
C:\Users\Madhu\Downloads\E-Learning-System-Java-GUI-Application-main\src\javasemesterproject\Student\StudentChangeName.java,javasemesterproject.Student.StudentChangeName,actionPerformed/1[java.awt.event.ActionEvent],false,61,1,1,0,1,4,6,21,0,5,1,6,0,0,0,2,1,0,7,1,5,1,3,0,0,0,31,1,0,false
C:\Users\Madhu\Downloads\E-Learning-System-Java-GUI-Application-main\src\javasemesterproject\Student\StudentChangeName.java,javasemesterproject.Student.StudentChangeName,main/1[java.lang.String[]],false,83,1,1,0,1,1,0,3,0,0,1,0,0,0,0,0,0,0,0,0,0,0,0,0,0,0,5,9,0,false
C:\Users\Madhu\Downloads\E-Learning-System-Java-GUI-Application-main\src\javasemesterproject\Teacher\TeacherAccountDetails.java,javasemesterproject.Teacher.TeacherAccountDetails,actionPerformed/1[java.awt.event.ActionEvent],false,143,0,0,0,0,2,2,5,0,0,1,2,0,0,0,1,0,0,0,0,0,0,1,0,0,0,8,1,0,false
C:\Users\Madhu\Downloads\E-Learning-System-Java-GUI-Application-main\src\javasemesterproject\Teacher\TeacherAccountDetails.java,javasemesterproject.Teacher.TeacherAccountDetails,main/1[java.lang.String[]],false,149,1,1,0,1,1,0,3,0,0,1,0,0,0,0,0,0,0,0,0,0,0,0,0,0,0,5,9,0,false
C:\Users\Madhu\Downloads\E-Learning-System-Java-GUI-Application-main\src\javasemesterproject\Teacher\TeacherAccountDetails.java,javasemesterproject.Teacher.TeacherAccountDetails,TeacherAccountDetails/0,true,22,1,3,2,1,3,20,100,0,16,0,20,0,0,0,0,1,0,31,77,30,1,2,0,0,0,67,1,0,false
C:\Users\Madhu\Downloads\E-Learning-System-Java-GUI-Application-main\src\javasemesterproject\Student\SentBox.java,javasemesterproject.Student.SentBox,loadMessages/0,false,98,1,2,1,1,5,9,40,0,12,0,9,0,0,3,0,1,0,22,16,20,8,2,0,0,0,49,2,0,false
C:\Users\Madhu\Downloads\E-Learning-System-Java-GUI-Application-main\src\javasemesterproject\Student\SentBox.java,javasemesterproject.Student.SentBox,main/1[java.lang.String[]],false,190,1,1,0,1,1,0,3,0,0,1,0,0,0,0,0,0,0,0,0,0,0,0,0,0,0,4,9,0,false
C:\Users\Madhu\Downloads\E-Learning-System-Java-GUI-Application-main\src\javasemesterproject\Student\SentBox.java,javasemesterproject.Student.SentBox,SentBox/0,true,37,1,4,3,1,1,27,52,0,0,0,27,1,1,0,0,0,0,5,29,10,0,0,0,0,0,38,1,0,false
C:\Users\Madhu\Downloads\E-Learning-System-Java-GUI-Application-main\src\javasemesterproject\Student\SentBox.java,javasemesterproject.Student.SentBox,actionPerformed/1[java.awt.event.ActionEvent],false,145,3,3,0,3,6,7,29,0,6,1,7,0,0,0,4,1,0,10,1,6,3,3,0,0,0,40,1,0,false
C:\Users\Madhu\Downloads\E-Learning-System-Java-GUI-Application-main\src\javasemesterproject\Student\SentBox.java,javasemesterproject.Student.SentBox,valueChanged/1[javax.swing.event.ListSelectionEvent],false,177,0,0,0,0,3,4,13,0,2,1,4,0,0,1,1,0,0,0,6,5,0,2,0,0,0,16,1,0,false
C:\Users\Madhu\Downloads\E-Learning-System-Java-GUI-Application-main\src\javasemesterproject\Student\StudyCourse.java,javasemesterproject.Student.StudyCourse,StudyCourse/0,true,24,1,3,2,1,1,24,41,0,0,0,24,1,1,0,0,0,0,4,24,7,0,0,0,0,0,34,1,0,false
C:\Users\Madhu\Downloads\E-Learning-System-Java-GUI-Application-main\src\javasemesterproject\Student\StudyCourse.java,javasemesterproject.Student.StudyCourse,main/1[java.lang.String[]],false,120,1,1,0,1,1,0,3,0,0,1,0,0,0,0,0,0,0,0,0,0,0,0,0,0,0,4,9,0,false
C:\Users\Madhu\Downloads\E-Learning-System-Java-GUI-Application-main\src\javasemesterproject\Student\StudyCourse.java,javasemesterproject.Student.StudyCourse,getCourses/0,false,77,1,2,1,1,4,5,21,1,6,0,5,0,0,2,0,1,0,5,2,8,2,2,0,0,0,27,2,0,false
C:\Users\Madhu\Downloads\E-Learning-System-Java-GUI-Application-main\src\javasemesterproject\Student\StudyCourse.java,javasemesterproject.Student.StudyCourse,actionPerformed/1[java.awt.event.ActionEvent],false,102,1,1,0,1,3,8,18,0,6,1,8,0,0,0,1,1,0,3,0,6,1,2,0,0,0,26,1,0,false
C:\Users\Madhu\Downloads\E-Learning-System-Java-GUI-Application-main\src\javasemesterproject\Admin\AdminLogin.java,javasemesterproject.Admin.AdminLogin,AdminLogin/0,true,25,0,3,3,0,1,16,41,0,4,0,16,0,0,0,0,0,0,8,36,10,0,0,0,0,0,36,1,0,false
C:\Users\Madhu\Downloads\E-Learning-System-Java-GUI-Application-main\src\javasemesterproject\Admin\AdminLogin.java,javasemesterproject.Admin.AdminLogin,actionPerformed/1[java.awt.event.ActionEvent],false,77,2,2,0,2,5,12,27,0,5,1,12,0,0,0,2,1,0,6,0,6,1,3,0,0,0,31,1,0,false
C:\Users\Madhu\Downloads\E-Learning-System-Java-GUI-Application-main\src\javasemesterproject\Admin\AdminLogin.java,javasemesterproject.Admin.AdminLogin,main/1[java.lang.String[]],false,104,1,1,0,1,1,0,3,0,0,1,0,0,0,0,0,0,0,0,0,0,0,0,0,0,0,4,9,0,false
C:\Users\Madhu\Downloads\E-Learning-System-Java-GUI-Application-main\src\javasemesterproject\Admin\AdminChangePassword.java,javasemesterproject.Admin.AdminChangePassword,main/1[java.lang.String[]],false,67,1,1,0,1,1,0,3,0,0,1,0,0,0,0,0,0,0,0,0,0,0,0,0,0,0,5,9,0,false
C:\Users\Madhu\Downloads\E-Learning-System-Java-GUI-Application-main\src\javasemesterproject\Admin\AdminChangePassword.java,javasemesterproject.Admin.AdminChangePassword,actionPerformed/1[java.awt.event.ActionEvent],false,46,1,1,0,1,4,7,20,0,4,1,7,0,0,0,2,1,0,6,1,4,1,3,0,0,0,27,1,0,false
C:\Users\Madhu\Downloads\E-Learning-System-Java-GUI-Application-main\src\javasemesterproject\Admin\AdminChangePassword.java,javasemesterproject.Admin.AdminChangePassword,AdminChangePassword/0,true,19,0,2,2,0,1,13,21,0,0,0,13,0,0,0,0,0,0,4,19,3,0,0,0,0,0,25,1,0,false
C:\Users\Madhu\Downloads\E-Learning-System-Java-GUI-Application-main\src\javasemesterproject\Signup.java,javasemesterproject.Signup,actionPerformed/1[java.awt.event.ActionEvent],false,64,2,2,0,2,3,2,10,0,0,1,2,0,0,0,2,0,0,0,0,0,0,1,0,0,0,16,1,0,false
C:\Users\Madhu\Downloads\E-Learning-System-Java-GUI-Application-main\src\javasemesterproject\Signup.java,javasemesterproject.Signup,Signup/0,true,19,0,2,2,0,1,21,30,0,1,0,21,0,0,0,0,0,0,5,13,5,0,0,0,0,0,31,1,0,false
C:\Users\Madhu\Downloads\E-Learning-System-Java-GUI-Application-main\src\javasemesterproject\Signup.java,javasemesterproject.Signup,main/1[java.lang.String[]],false,74,1,1,0,1,1,0,3,0,0,1,0,0,0,0,0,0,0,0,0,0,0,0,0,0,0,3,9,0,false
C:\Users\Madhu\Downloads\E-Learning-System-Java-GUI-Application-main\src\javasemesterproject\Student\StudentLogin.java,javasemesterproject.Student.StudentLogin,StudentLogin/0,true,25,0,3,3,0,1,16,41,0,4,0,16,0,0,0,0,0,0,8,36,10,0,0,0,0,0,36,1,0,false
C:\Users\Madhu\Downloads\E-Learning-System-Java-GUI-Application-main\src\javasemesterproject\Student\StudentLogin.java,javasemesterproject.Student.StudentLogin,actionPerformed/1[java.awt.event.ActionEvent],false,78,2,2,0,2,5,12,27,0,5,1,12,0,0,0,2,1,0,6,0,6,1,3,0,0,0,31,1,0,false
C:\Users\Madhu\Downloads\E-Learning-System-Java-GUI-Application-main\src\javasemesterproject\Student\StudentLogin.java,javasemesterproject.Student.StudentLogin,main/1[java.lang.String[]],false,105,1,1,0,1,1,0,3,0,0,1,0,0,0,0,0,0,0,0,0,0,0,0,0,0,0,4,9,0,false
C:\Users\Madhu\Downloads\E-Learning-System-Java-GUI-Application-main\src\javasemesterproject\Teacher\UpdateCourses.java,javasemesterproject.Teacher.UpdateCourses,main/1[java.lang.String[]],false,157,1,1,0,1,1,0,3,0,0,1,0,0,0,0,0,0,0,0,0,0,0,0,0,0,0,4,9,0,false
C:\Users\Madhu\Downloads\E-Learning-System-Java-GUI-Application-main\src\javasemesterproject\Teacher\UpdateCourses.java,javasemesterproject.Teacher.UpdateCourses,UpdateCourses/0,true,28,1,3,2,1,1,26,54,0,2,0,26,1,1,0,0,0,0,5,29,10,0,0,0,0,0,38,1,0,false
C:\Users\Madhu\Downloads\E-Learning-System-Java-GUI-Application-main\src\javasemesterproject\Teacher\UpdateCourses.java,javasemesterproject.Teacher.UpdateCourses,getMyCourses/0,false,94,1,2,1,1,4,5,21,1,6,0,5,0,0,2,0,1,0,3,2,8,1,2,0,0,0,22,2,0,false
C:\Users\Madhu\Downloads\E-Learning-System-Java-GUI-Application-main\src\javasemesterproject\Teacher\UpdateCourses.java,javasemesterproject.Teacher.UpdateCourses,actionPerformed/1[java.awt.event.ActionEvent],false,117,1,1,0,1,6,12,39,0,12,1,12,0,0,0,3,2,0,14,1,12,3,3,0,0,0,45,1,0,false
C:\Users\Madhu\Downloads\E-Learning-System-Java-GUI-Application-main\src\javasemesterproject\Admin\DeleteSubject.java,javasemesterproject.Admin.DeleteSubject,main/1[java.lang.String[]],false,115,1,1,0,1,1,0,3,0,0,1,0,0,0,0,0,0,0,0,0,0,0,0,0,0,0,4,9,0,false
C:\Users\Madhu\Downloads\E-Learning-System-Java-GUI-Application-main\src\javasemesterproject\Admin\DeleteSubject.java,javasemesterproject.Admin.DeleteSubject,DeleteSubject/0,true,23,1,3,2,1,1,22,33,0,0,0,22,1,1,0,0,0,0,4,16,5,0,0,0,0,0,31,1,0,false
C:\Users\Madhu\Downloads\E-Learning-System-Java-GUI-Application-main\src\javasemesterproject\Admin\DeleteSubject.java,javasemesterproject.Admin.DeleteSubject,actionPerformed/1[java.awt.event.ActionEvent],false,87,1,2,0,2,5,9,27,0,6,1,9,0,0,0,3,1,0,7,2,6,2,4,0,0,0,35,1,0,false
C:\Users\Madhu\Downloads\E-Learning-System-Java-GUI-Application-main\src\javasemesterproject\Admin\DeleteSubject.java,javasemesterproject.Admin.DeleteSubject,getSubjects/0,false,63,1,2,1,1,4,5,21,1,6,0,5,0,0,2,0,1,0,2,2,8,0,2,0,0,0,19,2,0,false
C:\Users\Madhu\Downloads\E-Learning-System-Java-GUI-Application-main\src\javasemesterproject\AboutProject.java,javasemesterproject.AboutProject,AboutProject/0,true,15,0,2,2,0,1,19,27,0,2,0,19,0,0,0,0,0,0,9,7,4,1,0,0,0,0,66,1,0,false
C:\Users\Madhu\Downloads\E-Learning-System-Java-GUI-Application-main\src\javasemesterproject\AboutProject.java,javasemesterproject.AboutProject,main/1[java.lang.String[]],false,53,1,1,0,1,1,0,3,0,0,1,0,0,0,0,0,0,0,0,0,0,0,0,0,0,0,4,9,0,false
C:\Users\Madhu\Downloads\E-Learning-System-Java-GUI-Application-main\src\javasemesterproject\Admin\AdminChangeEmail.java,javasemesterproject.Admin.AdminChangeEmail,main/1[java.lang.String[]],false,67,1,1,0,1,1,0,3,0,0,1,0,0,0,0,0,0,0,0,0,0,0,0,0,0,0,5,9,0,false
C:\Users\Madhu\Downloads\E-Learning-System-Java-GUI-Application-main\src\javasemesterproject\Admin\AdminChangeEmail.java,javasemesterproject.Admin.AdminChangeEmail,actionPerformed/1[java.awt.event.ActionEvent],false,46,1,1,0,1,4,6,20,0,4,1,6,0,0,0,2,1,0,6,1,4,1,3,0,0,0,28,1,0,false
C:\Users\Madhu\Downloads\E-Learning-System-Java-GUI-Application-main\src\javasemesterproject\Admin\AdminChangeEmail.java,javasemesterproject.Admin.AdminChangeEmail,AdminChangeEmail/0,true,19,0,2,2,0,1,13,21,0,0,0,13,0,0,0,0,0,0,4,19,3,0,0,0,0,0,26,1,0,false
C:\Users\Madhu\Downloads\E-Learning-System-Java-GUI-Application-main\src\javasemesterproject\Student\Message.java,javasemesterproject.Student.Message,actionPerformed/1[java.awt.event.ActionEvent],false,67,1,1,0,1,6,10,31,0,14,1,10,0,0,0,4,1,0,20,3,14,6,3,0,0,0,50,1,0,false
C:\Users\Madhu\Downloads\E-Learning-System-Java-GUI-Application-main\src\javasemesterproject\Student\Message.java,javasemesterproject.Student.Message,"Message/3[int,java.lang.String,int]",true,28,0,3,3,0,1,17,33,0,0,3,17,0,0,0,0,0,0,4,9,7,0,0,0,0,0,38,1,0,false
C:\Users\Madhu\Downloads\E-Learning-System-Java-GUI-Application-main\src\javasemesterproject\Admin\ViewStudents.java,javasemesterproject.Admin.ViewStudents,actionPerformed/1[java.awt.event.ActionEvent],false,139,2,3,0,3,5,9,27,0,5,1,9,0,0,0,3,1,0,4,3,5,1,4,0,0,0,31,1,0,false
C:\Users\Madhu\Downloads\E-Learning-System-Java-GUI-Application-main\src\javasemesterproject\Admin\ViewStudents.java,javasemesterproject.Admin.ViewStudents,ViewStudents/0,true,39,1,5,3,2,1,23,43,0,2,0,23,1,2,0,0,0,0,6,10,6,0,0,1,0,0,36,1,0,false
C:\Users\Madhu\Downloads\E-Learning-System-Java-GUI-Application-main\src\javasemesterproject\Admin\ViewStudents.java,javasemesterproject.Admin.ViewStudents,getImageIcon/1[byte[]],false,124,2,1,1,0,2,6,14,1,5,1,6,0,0,0,0,1,0,0,2,6,0,1,0,0,0,19,2,0,false
C:\Users\Madhu\Downloads\E-Learning-System-Java-GUI-Application-main\src\javasemesterproject\Admin\ViewStudents.java,javasemesterproject.Admin.ViewStudents,main/1[java.lang.String[]],false,168,1,1,0,1,1,0,3,0,0,1,0,0,0,0,0,0,0,0,0,0,0,0,0,0,0,4,9,0,false
C:\Users\Madhu\Downloads\E-Learning-System-Java-GUI-Application-main\src\javasemesterproject\Admin\ViewStudents.java,javasemesterproject.Admin.ViewStudents,getStudents/0,false,84,3,4,1,3,7,12,37,0,11,0,12,1,1,4,0,1,0,2,5,17,0,4,0,0,0,32,2,0,false
C:\Users\Madhu\Downloads\E-Learning-System-Java-GUI-Application-main\src\javasemesterproject\Student\StudentManageAccount.java,javasemesterproject.Student.StudentManageAccount,actionPerformed/1[java.awt.event.ActionEvent],false,77,5,4,0,4,9,16,47,0,7,1,16,0,0,0,6,2,0,3,3,10,0,3,0,0,0,53,1,0,false
C:\Users\Madhu\Downloads\E-Learning-System-Java-GUI-Application-main\src\javasemesterproject\Student\StudentManageAccount.java,javasemesterproject.Student.StudentManageAccount,StudentManageAccount/0,true,31,0,2,2,0,1,10,37,0,2,0,10,0,0,0,0,0,0,7,9,14,0,0,0,0,0,38,1,0,false
C:\Users\Madhu\Downloads\E-Learning-System-Java-GUI-Application-main\src\javasemesterproject\Student\StudentManageAccount.java,javasemesterproject.Student.StudentManageAccount,main/1[java.lang.String[]],false,123,1,1,0,1,1,0,3,0,0,1,0,0,0,0,0,0,0,0,0,0,0,0,0,0,0,5,9,0,false
C:\Users\Madhu\Downloads\E-Learning-System-Java-GUI-Application-main\src\javasemesterproject\Admin\ViewTeachers.java,javasemesterproject.Admin.ViewTeachers,actionPerformed/1[java.awt.event.ActionEvent],false,139,2,3,0,3,5,9,27,0,5,1,9,0,0,0,3,1,0,4,3,5,1,4,0,0,0,31,1,0,false
C:\Users\Madhu\Downloads\E-Learning-System-Java-GUI-Application-main\src\javasemesterproject\Admin\ViewTeachers.java,javasemesterproject.Admin.ViewTeachers,ViewTeachers/0,true,39,1,5,3,2,1,23,43,0,2,0,23,1,2,0,0,0,0,6,10,6,0,0,1,0,0,36,1,0,false
C:\Users\Madhu\Downloads\E-Learning-System-Java-GUI-Application-main\src\javasemesterproject\Admin\ViewTeachers.java,javasemesterproject.Admin.ViewTeachers,getImageIcon/1[byte[]],false,124,2,1,1,0,2,6,14,1,5,1,6,0,0,0,0,1,0,0,2,6,0,1,0,0,0,19,2,0,false
C:\Users\Madhu\Downloads\E-Learning-System-Java-GUI-Application-main\src\javasemesterproject\Admin\ViewTeachers.java,javasemesterproject.Admin.ViewTeachers,main/1[java.lang.String[]],false,168,1,1,0,1,1,0,3,0,0,1,0,0,0,0,0,0,0,0,0,0,0,0,0,0,0,4,9,0,false
C:\Users\Madhu\Downloads\E-Learning-System-Java-GUI-Application-main\src\javasemesterproject\Admin\ViewTeachers.java,javasemesterproject.Admin.ViewTeachers,getTeachers/0,false,84,3,4,1,3,7,12,37,0,11,0,12,1,1,4,0,1,0,2,5,17,0,4,0,0,0,32,2,0,false
C:\Users\Madhu\Downloads\E-Learning-System-Java-GUI-Application-main\src\javasemesterproject\Student\ViewParticipants.java,javasemesterproject.Student.ViewParticipants$Anonymous1,valueChanged/1[javax.swing.event.ListSelectionEvent],false,69,0,0,0,0,2,4,5,0,1,1,4,0,0,0,1,0,0,1,1,1,0,1,0,0,0,9,1,0,false
C:\Users\Madhu\Downloads\E-Learning-System-Java-GUI-Application-main\src\javasemesterproject\Teacher\TeacherManageAccount.java,javasemesterproject.Teacher.TeacherManageAccount,actionPerformed/1[java.awt.event.ActionEvent],false,77,5,4,0,4,9,16,47,0,7,1,16,0,0,0,6,2,0,3,3,10,0,3,0,0,0,53,1,0,false
C:\Users\Madhu\Downloads\E-Learning-System-Java-GUI-Application-main\src\javasemesterproject\Teacher\TeacherManageAccount.java,javasemesterproject.Teacher.TeacherManageAccount,TeacherManageAccount/0,true,31,0,2,2,0,1,10,37,0,2,0,10,0,0,0,0,0,0,7,9,14,0,0,0,0,0,38,1,0,false
C:\Users\Madhu\Downloads\E-Learning-System-Java-GUI-Application-main\src\javasemesterproject\Teacher\TeacherManageAccount.java,javasemesterproject.Teacher.TeacherManageAccount,main/1[java.lang.String[]],false,124,1,1,0,1,1,0,3,0,0,1,0,0,0,0,0,0,0,0,0,0,0,0,0,0,0,5,9,0,false
C:\Users\Madhu\Downloads\E-Learning-System-Java-GUI-Application-main\src\javasemesterproject\Admin\AdminAccountDetails.java,javasemesterproject.Admin.AdminAccountDetails,actionPerformed/1[java.awt.event.ActionEvent],false,143,0,0,0,0,2,2,5,0,0,1,2,0,0,0,1,0,0,0,0,0,0,1,0,0,0,8,1,0,false
C:\Users\Madhu\Downloads\E-Learning-System-Java-GUI-Application-main\src\javasemesterproject\Admin\AdminAccountDetails.java,javasemesterproject.Admin.AdminAccountDetails,main/1[java.lang.String[]],false,149,1,1,0,1,1,0,3,0,0,1,0,0,0,0,0,0,0,0,0,0,0,0,0,0,0,5,9,0,false
C:\Users\Madhu\Downloads\E-Learning-System-Java-GUI-Application-main\src\javasemesterproject\Admin\AdminAccountDetails.java,javasemesterproject.Admin.AdminAccountDetails,AdminAccountDetails/0,true,23,1,3,2,1,3,20,100,0,16,0,20,0,0,0,0,1,0,31,77,30,1,2,0,0,0,67,1,0,false
C:\Users\Madhu\Downloads\E-Learning-System-Java-GUI-Application-main\src\javasemesterproject\Admin\AddSubject.java,javasemesterproject.Admin.AddSubject,AddSubject/0,true,21,0,2,2,0,1,19,31,0,0,0,19,0,0,0,0,0,0,4,15,5,0,0,0,0,0,30,1,0,false
C:\Users\Madhu\Downloads\E-Learning-System-Java-GUI-Application-main\src\javasemesterproject\Admin\AddSubject.java,javasemesterproject.Admin.AddSubject,main/1[java.lang.String[]],false,83,1,1,0,1,1,0,3,0,0,1,0,0,0,0,0,0,0,0,0,0,0,0,0,0,0,4,9,0,false
C:\Users\Madhu\Downloads\E-Learning-System-Java-GUI-Application-main\src\javasemesterproject\Admin\AddSubject.java,javasemesterproject.Admin.AddSubject,actionPerformed/1[java.awt.event.ActionEvent],false,62,1,1,0,1,4,6,20,0,4,1,6,0,0,0,2,1,0,6,1,4,2,3,0,0,0,29,1,0,false
C:\Users\Madhu\Downloads\E-Learning-System-Java-GUI-Application-main\src\javasemesterproject\Admin\ViewTeachers.java,javasemesterproject.Admin.ViewTeachers$Anonymous1,getColumnClass/1[int],false,53,0,0,0,0,2,0,8,2,0,1,0,0,0,0,0,0,0,0,1,0,0,1,0,0,0,4,1,0,false
C:\Users\Madhu\Downloads\E-Learning-System-Java-GUI-Application-main\src\javasemesterproject\Student\Student.java,javasemesterproject.Student.Student,resizeImage/1[java.awt.image.BufferedImage],false,245,0,1,1,0,1,6,11,1,6,1,6,0,0,0,0,0,0,0,6,6,0,0,0,0,0,14,1,0,false
C:\Users\Madhu\Downloads\E-Learning-System-Java-GUI-Application-main\src\javasemesterproject\Student\Student.java,javasemesterproject.Student.Student,Student/0,true,46,4,3,1,2,4,39,162,0,13,0,39,1,1,0,0,2,0,34,80,34,2,2,0,0,0,97,1,0,false
C:\Users\Madhu\Downloads\E-Learning-System-Java-GUI-Application-main\src\javasemesterproject\Student\Student.java,javasemesterproject.Student.Student,actionPerformed/1[java.awt.event.ActionEvent],false,257,11,11,0,11,15,7,57,0,7,1,7,0,0,0,13,1,0,9,2,7,2,3,0,0,0,60,1,0,false
C:\Users\Madhu\Downloads\E-Learning-System-Java-GUI-Application-main\src\javasemesterproject\Student\Student.java,javasemesterproject.Student.Student,windowStateChanged/1[java.awt.event.WindowEvent],false,318,0,0,0,0,5,4,12,0,0,1,4,0,0,0,2,0,2,0,12,0,3,1,0,0,0,6,1,0,false
C:\Users\Madhu\Downloads\E-Learning-System-Java-GUI-Application-main\src\javasemesterproject\Admin\AdminSignup.java,javasemesterproject.Admin.AdminSignup,AdminSignup/0,true,44,0,2,2,0,1,19,101,0,6,0,19,0,0,0,0,0,0,27,105,22,0,0,0,0,0,61,1,0,false
C:\Users\Madhu\Downloads\E-Learning-System-Java-GUI-Application-main\src\javasemesterproject\Admin\AdminSignup.java,javasemesterproject.Admin.AdminSignup,actionPerformed/1[java.awt.event.ActionEvent],false,185,3,4,0,4,18,23,65,0,14,1,23,1,1,0,5,2,0,10,8,18,3,5,0,0,0,66,1,0,false
C:\Users\Madhu\Downloads\E-Learning-System-Java-GUI-Application-main\src\javasemesterproject\Admin\AdminSignup.java,javasemesterproject.Admin.AdminSignup,focusLost/1[java.awt.event.FocusEvent],false,268,0,0,0,0,13,5,46,0,8,1,5,0,0,0,4,0,0,16,0,8,0,3,0,0,0,19,1,0,false
C:\Users\Madhu\Downloads\E-Learning-System-Java-GUI-Application-main\src\javasemesterproject\Admin\AdminSignup.java,javasemesterproject.Admin.AdminSignup,resizeImage/1[java.lang.String],false,166,1,1,1,0,2,10,18,1,7,1,10,0,0,0,0,1,0,0,6,8,0,1,0,0,0,22,1,0,false
C:\Users\Madhu\Downloads\E-Learning-System-Java-GUI-Application-main\src\javasemesterproject\Admin\AdminSignup.java,javasemesterproject.Admin.AdminSignup,focusGained/1[java.awt.event.FocusEvent],false,256,0,0,0,0,5,2,6,0,0,1,2,0,0,0,4,0,0,4,0,0,0,4,0,0,0,9,1,0,false
C:\Users\Madhu\Downloads\E-Learning-System-Java-GUI-Application-main\src\javasemesterproject\Admin\AdminSignup.java,javasemesterproject.Admin.AdminSignup,main/1[java.lang.String[]],false,322,1,1,0,1,1,0,3,0,0,1,0,0,0,0,0,0,0,0,0,0,0,0,0,0,0,4,9,0,false
C:\Users\Madhu\Downloads\E-Learning-System-Java-GUI-Application-main\src\javasemesterproject\Student\Inbox.java,javasemesterproject.Student.Inbox,loadMessages/0,false,98,1,2,1,1,5,9,39,0,12,0,9,0,0,3,0,1,0,21,15,19,8,2,0,0,0,49,2,0,false
C:\Users\Madhu\Downloads\E-Learning-System-Java-GUI-Application-main\src\javasemesterproject\Student\Inbox.java,javasemesterproject.Student.Inbox,main/1[java.lang.String[]],false,190,1,1,0,1,1,0,3,0,0,1,0,0,0,0,0,0,0,0,0,0,0,0,0,0,0,3,9,0,false
C:\Users\Madhu\Downloads\E-Learning-System-Java-GUI-Application-main\src\javasemesterproject\Student\Inbox.java,javasemesterproject.Student.Inbox,actionPerformed/1[java.awt.event.ActionEvent],false,145,3,3,0,3,6,7,29,0,6,1,7,0,0,0,4,1,0,10,1,6,3,3,0,0,0,39,1,0,false
C:\Users\Madhu\Downloads\E-Learning-System-Java-GUI-Application-main\src\javasemesterproject\Student\Inbox.java,javasemesterproject.Student.Inbox,valueChanged/1[javax.swing.event.ListSelectionEvent],false,177,0,0,0,0,3,4,13,0,2,1,4,0,0,1,1,0,0,0,6,5,0,2,0,0,0,16,1,0,false
C:\Users\Madhu\Downloads\E-Learning-System-Java-GUI-Application-main\src\javasemesterproject\Student\Inbox.java,javasemesterproject.Student.Inbox,Inbox/0,true,37,1,4,3,1,1,27,52,0,0,0,27,1,1,0,0,0,0,5,29,10,0,0,0,0,0,38,1,0,false
C:\Users\Madhu\Downloads\E-Learning-System-Java-GUI-Application-main\src\javasemesterproject\Teacher\TeacherChangeEmail.java,javasemesterproject.Teacher.TeacherChangeEmail,actionPerformed/1[java.awt.event.ActionEvent],false,47,1,1,0,1,4,6,20,0,4,1,6,0,0,0,2,1,0,6,1,4,1,3,0,0,0,28,1,0,false
C:\Users\Madhu\Downloads\E-Learning-System-Java-GUI-Application-main\src\javasemesterproject\Teacher\TeacherChangeEmail.java,javasemesterproject.Teacher.TeacherChangeEmail,main/1[java.lang.String[]],false,68,1,1,0,1,1,0,3,0,0,1,0,0,0,0,0,0,0,0,0,0,0,0,0,0,0,5,9,0,false
C:\Users\Madhu\Downloads\E-Learning-System-Java-GUI-Application-main\src\javasemesterproject\Teacher\TeacherChangeEmail.java,javasemesterproject.Teacher.TeacherChangeEmail,TeacherChangeEmail/0,true,20,0,2,2,0,1,13,21,0,0,0,13,0,0,0,0,0,0,4,19,3,0,0,0,0,0,26,1,0,false
C:\Users\Madhu\Downloads\E-Learning-System-Java-GUI-Application-main\src\javasemesterproject\Teacher\TeacherChangeName.java,javasemesterproject.Teacher.TeacherChangeName,actionPerformed/1[java.awt.event.ActionEvent],false,61,1,1,0,1,4,6,21,0,5,1,6,0,0,0,2,1,0,7,1,5,1,3,0,0,0,31,1,0,false
C:\Users\Madhu\Downloads\E-Learning-System-Java-GUI-Application-main\src\javasemesterproject\Teacher\TeacherChangeName.java,javasemesterproject.Teacher.TeacherChangeName,main/1[java.lang.String[]],false,83,1,1,0,1,1,0,3,0,0,1,0,0,0,0,0,0,0,0,0,0,0,0,0,0,0,5,9,0,false
C:\Users\Madhu\Downloads\E-Learning-System-Java-GUI-Application-main\src\javasemesterproject\Teacher\TeacherChangeName.java,javasemesterproject.Teacher.TeacherChangeName,TeacherChangeName/0,true,21,0,2,2,0,1,13,31,0,0,0,13,0,0,0,0,0,0,7,30,5,0,0,0,0,0,27,1,0,false
C:\Users\Madhu\Downloads\E-Learning-System-Java-GUI-Application-main\src\javasemesterproject\Teacher\ViewMyCourses.java,javasemesterproject.Teacher.ViewMyCourses,ViewMyCourses/0,true,30,1,4,3,1,1,25,33,0,2,0,25,1,1,0,0,0,0,4,12,6,0,0,0,0,0,34,1,0,false
C:\Users\Madhu\Downloads\E-Learning-System-Java-GUI-Application-main\src\javasemesterproject\Teacher\ViewMyCourses.java,javasemesterproject.Teacher.ViewMyCourses,main/1[java.lang.String[]],false,127,1,1,0,1,1,0,3,0,0,1,0,0,0,0,0,0,0,0,0,0,0,0,0,0,0,5,9,0,false
C:\Users\Madhu\Downloads\E-Learning-System-Java-GUI-Application-main\src\javasemesterproject\Teacher\ViewMyCourses.java,javasemesterproject.Teacher.ViewMyCourses,getMyCourses/0,false,69,1,2,1,1,6,8,29,0,10,0,8,0,0,4,0,1,0,2,5,14,1,3,0,0,0,30,2,0,false
C:\Users\Madhu\Downloads\E-Learning-System-Java-GUI-Application-main\src\javasemesterproject\Teacher\ViewMyCourses.java,javasemesterproject.Teacher.ViewMyCourses,actionPerformed/1[java.awt.event.ActionEvent],false,101,2,2,0,2,5,8,24,0,5,1,8,0,0,0,3,1,0,4,3,5,1,4,0,0,0,32,1,0,false
C:\Users\Madhu\Downloads\E-Learning-System-Java-GUI-Application-main\src\javasemesterproject\Login.java,javasemesterproject.Login,main/1[java.lang.String[]],false,82,1,1,0,1,1,0,3,0,0,1,0,0,0,0,0,0,0,0,0,0,0,0,0,0,0,3,9,0,false
C:\Users\Madhu\Downloads\E-Learning-System-Java-GUI-Application-main\src\javasemesterproject\Login.java,javasemesterproject.Login,Login/0,true,21,0,2,2,0,1,21,35,0,1,0,21,0,0,0,0,0,0,6,17,6,0,0,0,0,0,30,1,0,false
C:\Users\Madhu\Downloads\E-Learning-System-Java-GUI-Application-main\src\javasemesterproject\Login.java,javasemesterproject.Login,actionPerformed/1[java.awt.event.ActionEvent],false,68,3,3,0,3,4,2,14,0,0,1,2,0,0,0,3,0,0,0,0,0,0,1,0,0,0,16,1,0,false
C:\Users\Madhu\Downloads\E-Learning-System-Java-GUI-Application-main\src\javasemesterproject\Admin\Admin.java,javasemesterproject.Admin.Admin,windowStateChanged/1[java.awt.event.WindowEvent],false,299,0,0,0,0,5,3,8,0,0,1,3,0,0,0,2,0,2,0,4,0,1,1,0,0,0,6,1,0,false
C:\Users\Madhu\Downloads\E-Learning-System-Java-GUI-Application-main\src\javasemesterproject\Admin\Admin.java,javasemesterproject.Admin.Admin,actionPerformed/1[java.awt.event.ActionEvent],false,256,10,10,0,10,13,4,41,0,1,1,4,0,0,0,12,0,0,2,1,1,0,2,0,0,0,36,1,0,false
C:\Users\Madhu\Downloads\E-Learning-System-Java-GUI-Application-main\src\javasemesterproject\Admin\Admin.java,javasemesterproject.Admin.Admin,Admin/0,true,42,3,3,1,2,5,38,162,0,12,0,38,1,1,0,1,2,0,33,78,33,2,2,0,0,0,96,1,0,false
C:\Users\Madhu\Downloads\E-Learning-System-Java-GUI-Application-main\src\javasemesterproject\Admin\Admin.java,javasemesterproject.Admin.Admin,resizeImage/1[java.awt.image.BufferedImage],false,244,0,1,1,0,1,6,11,1,6,1,6,0,0,0,0,0,0,0,6,6,0,0,0,0,0,14,1,0,false
C:\Users\Madhu\Downloads\E-Learning-System-Java-GUI-Application-main\src\javasemesterproject\Teacher\AddCourse.java,javasemesterproject.Teacher.AddCourse,actionPerformed/1[java.awt.event.ActionEvent],false,139,1,1,0,1,4,11,29,0,10,1,11,0,0,0,2,1,0,13,1,10,3,3,0,0,0,46,1,0,false
C:\Users\Madhu\Downloads\E-Learning-System-Java-GUI-Application-main\src\javasemesterproject\Teacher\AddCourse.java,javasemesterproject.Teacher.AddCourse,AddCourse/0,true,30,1,3,2,1,1,28,70,0,0,0,28,1,1,0,0,0,0,7,44,13,0,0,0,0,0,43,1,0,false
C:\Users\Madhu\Downloads\E-Learning-System-Java-GUI-Application-main\src\javasemesterproject\Teacher\AddCourse.java,javasemesterproject.Teacher.AddCourse,getSubjects/0,false,117,1,2,1,1,4,5,19,0,5,0,5,0,0,2,0,1,0,2,2,7,0,2,0,0,0,17,2,0,false
C:\Users\Madhu\Downloads\E-Learning-System-Java-GUI-Application-main\src\javasemesterproject\Teacher\AddCourse.java,javasemesterproject.Teacher.AddCourse,main/1[java.lang.String[]],false,170,1,1,0,1,1,0,3,0,0,1,0,0,0,0,0,0,0,0,0,0,0,0,0,0,0,4,9,0,false
C:\Users\Madhu\Downloads\E-Learning-System-Java-GUI-Application-main\src\javasemesterproject\Student\StudentSignup.java,javasemesterproject.Student.StudentSignup,StudentSignup/0,true,44,0,2,2,0,1,19,101,0,6,0,19,0,0,0,0,0,0,27,105,22,0,0,0,0,0,61,1,0,false
C:\Users\Madhu\Downloads\E-Learning-System-Java-GUI-Application-main\src\javasemesterproject\Student\StudentSignup.java,javasemesterproject.Student.StudentSignup,focusLost/1[java.awt.event.FocusEvent],false,267,0,0,0,0,13,5,46,0,8,1,5,0,0,0,4,0,0,16,0,8,0,3,0,0,0,19,1,0,false
C:\Users\Madhu\Downloads\E-Learning-System-Java-GUI-Application-main\src\javasemesterproject\Student\StudentSignup.java,javasemesterproject.Student.StudentSignup,focusGained/1[java.awt.event.FocusEvent],false,255,0,0,0,0,5,2,6,0,0,1,2,0,0,0,4,0,0,4,0,0,0,4,0,0,0,9,1,0,false
C:\Users\Madhu\Downloads\E-Learning-System-Java-GUI-Application-main\src\javasemesterproject\Student\StudentSignup.java,javasemesterproject.Student.StudentSignup,main/1[java.lang.String[]],false,321,1,1,0,1,1,0,3,0,0,1,0,0,0,0,0,0,0,0,0,0,0,0,0,0,0,4,9,0,false
C:\Users\Madhu\Downloads\E-Learning-System-Java-GUI-Application-main\src\javasemesterproject\Student\StudentSignup.java,javasemesterproject.Student.StudentSignup,resizeImage/1[java.lang.String],false,166,1,1,1,0,2,10,18,1,7,1,10,0,0,0,0,1,0,0,6,8,0,1,0,0,0,22,1,0,false
C:\Users\Madhu\Downloads\E-Learning-System-Java-GUI-Application-main\src\javasemesterproject\Student\StudentSignup.java,javasemesterproject.Student.StudentSignup,actionPerformed/1[java.awt.event.ActionEvent],false,184,3,3,0,3,18,23,63,0,15,1,23,1,1,0,5,2,0,10,9,19,3,5,0,0,0,68,1,0,false
C:\Users\Madhu\Downloads\E-Learning-System-Java-GUI-Application-main\src\javasemesterproject\Teacher\TeacherChangePassword.java,javasemesterproject.Teacher.TeacherChangePassword,main/1[java.lang.String[]],false,67,1,1,0,1,1,0,3,0,0,1,0,0,0,0,0,0,0,0,0,0,0,0,0,0,0,5,9,0,false
C:\Users\Madhu\Downloads\E-Learning-System-Java-GUI-Application-main\src\javasemesterproject\Teacher\TeacherChangePassword.java,javasemesterproject.Teacher.TeacherChangePassword,actionPerformed/1[java.awt.event.ActionEvent],false,46,1,1,0,1,4,7,20,0,4,1,7,0,0,0,2,1,0,6,1,4,1,3,0,0,0,28,1,0,false
C:\Users\Madhu\Downloads\E-Learning-System-Java-GUI-Application-main\src\javasemesterproject\Teacher\TeacherChangePassword.java,javasemesterproject.Teacher.TeacherChangePassword,TeacherChangePassword/0,true,19,0,2,2,0,1,13,21,0,0,0,13,0,0,0,0,0,0,4,19,3,0,0,0,0,0,25,1,0,false
C:\Users\Madhu\Downloads\E-Learning-System-Java-GUI-Application-main\src\javasemesterproject\Student\WithdrawCourse.java,javasemesterproject.Student.WithdrawCourse,main/1[java.lang.String[]],false,114,1,1,0,1,1,0,3,0,0,1,0,0,0,0,0,0,0,0,0,0,0,0,0,0,0,4,9,0,false
C:\Users\Madhu\Downloads\E-Learning-System-Java-GUI-Application-main\src\javasemesterproject\Student\WithdrawCourse.java,javasemesterproject.Student.WithdrawCourse,getCourses/0,false,62,1,2,1,1,4,5,21,1,6,0,5,0,0,2,0,1,0,5,2,8,2,2,0,0,0,27,2,0,false
C:\Users\Madhu\Downloads\E-Learning-System-Java-GUI-Application-main\src\javasemesterproject\Student\WithdrawCourse.java,javasemesterproject.Student.WithdrawCourse,WithdrawCourse/0,true,22,1,3,2,1,1,22,33,0,0,0,22,1,1,0,0,0,0,4,16,5,0,0,0,0,0,30,1,0,false
C:\Users\Madhu\Downloads\E-Learning-System-Java-GUI-Application-main\src\javasemesterproject\Student\WithdrawCourse.java,javasemesterproject.Student.WithdrawCourse,actionPerformed/1[java.awt.event.ActionEvent],false,88,1,1,0,1,5,8,24,0,6,1,8,0,0,0,3,1,0,8,2,6,1,4,0,0,0,38,1,0,false
C:\Users\Madhu\Downloads\E-Learning-System-Java-GUI-Application-main\src\javasemesterproject\Student\StudentChangeEmail.java,javasemesterproject.Student.StudentChangeEmail,StudentChangeEmail/0,true,19,0,2,2,0,1,13,21,0,0,0,13,0,0,0,0,0,0,4,19,3,0,0,0,0,0,26,1,0,false
C:\Users\Madhu\Downloads\E-Learning-System-Java-GUI-Application-main\src\javasemesterproject\Student\StudentChangeEmail.java,javasemesterproject.Student.StudentChangeEmail,main/1[java.lang.String[]],false,67,1,1,0,1,1,0,3,0,0,1,0,0,0,0,0,0,0,0,0,0,0,0,0,0,0,5,9,0,false
C:\Users\Madhu\Downloads\E-Learning-System-Java-GUI-Application-main\src\javasemesterproject\Student\StudentChangeEmail.java,javasemesterproject.Student.StudentChangeEmail,actionPerformed/1[java.awt.event.ActionEvent],false,46,1,1,0,1,4,6,20,0,4,1,6,0,0,0,2,1,0,6,1,4,1,3,0,0,0,28,1,0,false
C:\Users\Madhu\Downloads\E-Learning-System-Java-GUI-Application-main\src\javasemesterproject\Admin\ViewCourses.java,javasemesterproject.Admin.ViewCourses,ViewCourses/0,true,29,1,4,2,2,1,24,40,0,2,0,24,2,1,0,0,0,0,6,21,8,0,0,0,0,0,39,1,0,false
C:\Users\Madhu\Downloads\E-Learning-System-Java-GUI-Application-main\src\javasemesterproject\Admin\ViewCourses.java,javasemesterproject.Admin.ViewCourses,main/1[java.lang.String[]],false,164,1,1,0,1,1,0,3,0,0,1,0,0,0,0,0,0,0,0,0,0,0,0,0,0,0,4,9,0,false
C:\Users\Madhu\Downloads\E-Learning-System-Java-GUI-Application-main\src\javasemesterproject\Admin\ViewCourses.java,javasemesterproject.Admin.ViewCourses,getCourses/1[java.lang.String],false,102,1,4,2,2,7,10,37,0,11,1,10,0,0,4,0,1,0,8,7,16,4,3,0,0,0,46,2,0,false
C:\Users\Madhu\Downloads\E-Learning-System-Java-GUI-Application-main\src\javasemesterproject\Admin\ViewCourses.java,javasemesterproject.Admin.ViewCourses,getSubjects/0,false,78,1,2,1,1,4,5,22,1,6,0,5,0,0,2,0,1,0,3,4,9,1,2,0,0,0,21,2,0,false
C:\Users\Madhu\Downloads\E-Learning-System-Java-GUI-Application-main\src\javasemesterproject\Admin\ViewCourses.java,javasemesterproject.Admin.ViewCourses,actionPerformed/1[java.awt.event.ActionEvent],false,149,1,1,0,1,4,8,11,0,4,1,8,1,1,2,1,0,0,0,4,4,0,2,0,0,0,15,1,0,false
C:\Users\Madhu\Downloads\E-Learning-System-Java-GUI-Application-main\src\javasemesterproject\Student\EnrollCourse.java,javasemesterproject.Student.EnrollCourse,actionPerformed/1[java.awt.event.ActionEvent],false,144,2,2,0,2,9,16,67,0,21,1,16,1,1,0,5,3,0,18,1,21,5,3,0,0,0,54,1,0,false
C:\Users\Madhu\Downloads\E-Learning-System-Java-GUI-Application-main\src\javasemesterproject\Student\EnrollCourse.java,javasemesterproject.Student.EnrollCourse,main/1[java.lang.String[]],false,212,1,1,0,1,1,0,3,0,0,1,0,0,0,0,0,0,0,0,0,0,0,0,0,0,0,4,9,0,false
C:\Users\Madhu\Downloads\E-Learning-System-Java-GUI-Application-main\src\javasemesterproject\Student\EnrollCourse.java,javasemesterproject.Student.EnrollCourse,getSetCourses/1[int],false,120,1,2,1,1,5,6,21,0,7,1,6,0,0,3,0,1,0,3,3,8,1,2,0,0,0,24,2,0,false
C:\Users\Madhu\Downloads\E-Learning-System-Java-GUI-Application-main\src\javasemesterproject\Student\EnrollCourse.java,javasemesterproject.Student.EnrollCourse,getSubjects/0,false,97,1,2,1,1,4,5,21,1,6,0,5,0,0,2,0,1,0,2,2,8,0,2,0,0,0,19,2,0,false
C:\Users\Madhu\Downloads\E-Learning-System-Java-GUI-Application-main\src\javasemesterproject\Student\EnrollCourse.java,javasemesterproject.Student.EnrollCourse,EnrollCourse/0,true,27,1,3,2,1,1,26,56,0,0,0,26,1,1,0,0,0,0,6,35,10,0,0,0,0,0,39,1,0,false
C:\Users\Madhu\Downloads\E-Learning-System-Java-GUI-Application-main\src\javasemesterproject\Student\StudentAccountDetails.java,javasemesterproject.Student.StudentAccountDetails,StudentAccountDetails/0,true,22,1,3,2,1,3,20,100,0,16,0,20,0,0,0,0,1,0,31,77,30,1,2,0,0,0,68,1,0,false
C:\Users\Madhu\Downloads\E-Learning-System-Java-GUI-Application-main\src\javasemesterproject\Student\StudentAccountDetails.java,javasemesterproject.Student.StudentAccountDetails,actionPerformed/1[java.awt.event.ActionEvent],false,142,0,0,0,0,2,2,5,0,0,1,2,0,0,0,1,0,0,0,0,0,0,1,0,0,0,8,1,0,false
C:\Users\Madhu\Downloads\E-Learning-System-Java-GUI-Application-main\src\javasemesterproject\Student\StudentAccountDetails.java,javasemesterproject.Student.StudentAccountDetails,main/1[java.lang.String[]],false,148,1,1,0,1,1,0,3,0,0,1,0,0,0,0,0,0,0,0,0,0,0,0,0,0,0,5,9,0,false
C:\Users\Madhu\Downloads\E-Learning-System-Java-GUI-Application-main\src\javasemesterproject\Student\ViewParticipants.java,javasemesterproject.Student.ViewParticipants,ViewParticipants/0,true,31,1,4,2,2,1,28,50,0,2,0,28,1,1,0,0,0,0,5,21,9,0,0,1,0,0,53,1,0,false
C:\Users\Madhu\Downloads\E-Learning-System-Java-GUI-Application-main\src\javasemesterproject\Student\ViewParticipants.java,javasemesterproject.Student.ViewParticipants,getMyCourses/0,false,92,1,2,1,1,4,5,21,1,6,0,5,0,0,2,0,1,0,5,2,8,2,2,0,0,0,29,2,0,false
C:\Users\Madhu\Downloads\E-Learning-System-Java-GUI-Application-main\src\javasemesterproject\Student\ViewParticipants.java,javasemesterproject.Student.ViewParticipants,main/1[java.lang.String[]],false,196,1,1,0,1,1,0,3,0,0,1,0,0,0,0,0,0,0,0,0,0,0,0,0,0,0,4,9,0,false
C:\Users\Madhu\Downloads\E-Learning-System-Java-GUI-Application-main\src\javasemesterproject\Student\ViewParticipants.java,javasemesterproject.Student.ViewParticipants,actionPerformed/1[java.awt.event.ActionEvent],false,117,2,2,0,2,10,15,60,0,22,1,15,0,0,4,4,1,0,21,39,32,6,3,0,0,0,58,1,0,false
C:\Users\Madhu\Downloads\E-Learning-System-Java-GUI-Application-main\src\javasemesterproject\Admin\ViewStudents.java,javasemesterproject.Admin.ViewStudents$Anonymous1,getColumnClass/1[int],false,53,0,0,0,0,2,0,8,2,0,1,0,0,0,0,0,0,0,0,1,0,0,1,0,0,0,4,1,0,false
C:\Users\Madhu\Downloads\E-Learning-System-Java-GUI-Application-main\src\javasemesterproject\Teacher\Teacher.java,javasemesterproject.Teacher.Teacher,Teacher/0,true,46,4,3,1,2,4,37,143,0,13,0,37,1,1,0,0,2,0,30,70,32,2,2,0,0,0,95,1,0,false
C:\Users\Madhu\Downloads\E-Learning-System-Java-GUI-Application-main\src\javasemesterproject\Teacher\Teacher.java,javasemesterproject.Teacher.Teacher,resizeImage/1[java.awt.image.BufferedImage],false,219,0,1,1,0,1,6,11,1,6,1,6,0,0,0,0,0,0,0,6,6,0,0,0,0,0,14,1,0,false
C:\Users\Madhu\Downloads\E-Learning-System-Java-GUI-Application-main\src\javasemesterproject\Teacher\Teacher.java,javasemesterproject.Teacher.Teacher,actionPerformed/1[java.awt.event.ActionEvent],false,231,9,9,0,9,13,7,51,0,7,1,7,0,0,0,11,1,0,9,2,7,2,3,0,0,0,56,1,0,false
C:\Users\Madhu\Downloads\E-Learning-System-Java-GUI-Application-main\src\javasemesterproject\Teacher\Teacher.java,javasemesterproject.Teacher.Teacher,windowStateChanged/1[java.awt.event.WindowEvent],false,284,0,0,0,0,5,3,8,0,0,1,3,0,0,0,2,0,2,0,4,0,1,1,0,0,0,6,1,0,false
C:\Users\Madhu\Downloads\E-Learning-System-Java-GUI-Application-main\src\javasemesterproject\Teacher\TeacherSignup.java,javasemesterproject.Teacher.TeacherSignup,TeacherSignup/0,true,44,0,2,2,0,1,19,101,0,6,0,19,0,0,0,0,0,0,27,105,22,0,0,0,0,0,61,1,0,false
C:\Users\Madhu\Downloads\E-Learning-System-Java-GUI-Application-main\src\javasemesterproject\Teacher\TeacherSignup.java,javasemesterproject.Teacher.TeacherSignup,actionPerformed/1[java.awt.event.ActionEvent],false,185,3,3,0,3,18,23,63,0,15,1,23,1,1,0,5,2,0,10,9,19,3,5,0,0,0,68,1,0,false
C:\Users\Madhu\Downloads\E-Learning-System-Java-GUI-Application-main\src\javasemesterproject\Teacher\TeacherSignup.java,javasemesterproject.Teacher.TeacherSignup,focusLost/1[java.awt.event.FocusEvent],false,268,0,0,0,0,13,5,46,0,8,1,5,0,0,0,4,0,0,16,0,8,0,3,0,0,0,19,1,0,false
C:\Users\Madhu\Downloads\E-Learning-System-Java-GUI-Application-main\src\javasemesterproject\Teacher\TeacherSignup.java,javasemesterproject.Teacher.TeacherSignup,focusGained/1[java.awt.event.FocusEvent],false,256,0,0,0,0,5,2,6,0,0,1,2,0,0,0,4,0,0,4,0,0,0,4,0,0,0,9,1,0,false
C:\Users\Madhu\Downloads\E-Learning-System-Java-GUI-Application-main\src\javasemesterproject\Teacher\TeacherSignup.java,javasemesterproject.Teacher.TeacherSignup,main/1[java.lang.String[]],false,322,1,1,0,1,1,0,3,0,0,1,0,0,0,0,0,0,0,0,0,0,0,0,0,0,0,4,9,0,false
C:\Users\Madhu\Downloads\E-Learning-System-Java-GUI-Application-main\src\javasemesterproject\Teacher\TeacherSignup.java,javasemesterproject.Teacher.TeacherSignup,resizeImage/1[java.lang.String],false,167,1,1,1,0,2,10,18,1,7,1,10,0,0,0,0,1,0,0,6,8,0,1,0,0,0,22,1,0,false
C:\Users\Madhu\Downloads\E-Learning-System-Java-GUI-Application-main\src\javasemesterproject\Student\StudentChangePassword.java,javasemesterproject.Student.StudentChangePassword,StudentChangePassword/0,true,19,0,2,2,0,1,13,21,0,0,0,13,0,0,0,0,0,0,4,19,3,0,0,0,0,0,25,1,0,false
C:\Users\Madhu\Downloads\E-Learning-System-Java-GUI-Application-main\src\javasemesterproject\Student\StudentChangePassword.java,javasemesterproject.Student.StudentChangePassword,main/1[java.lang.String[]],false,67,1,1,0,1,1,0,3,0,0,1,0,0,0,0,0,0,0,0,0,0,0,0,0,0,0,5,9,0,false
C:\Users\Madhu\Downloads\E-Learning-System-Java-GUI-Application-main\src\javasemesterproject\Student\StudentChangePassword.java,javasemesterproject.Student.StudentChangePassword,actionPerformed/1[java.awt.event.ActionEvent],false,46,1,1,0,1,4,7,20,0,4,1,7,0,0,0,2,1,0,6,1,4,1,3,0,0,0,28,1,0,false
C:\Users\Madhu\Downloads\E-Learning-System-Java-GUI-Application-main\src\javasemesterproject\AboutDevelopers.java,javasemesterproject.AboutDevelopers,AboutDevelopers/0,true,17,0,2,2,0,1,19,31,0,5,0,19,0,0,0,0,0,0,15,13,7,0,0,0,0,0,38,1,0,false
C:\Users\Madhu\Downloads\E-Learning-System-Java-GUI-Application-main\src\javasemesterproject\AboutDevelopers.java,javasemesterproject.AboutDevelopers,main/1[java.lang.String[]],false,56,1,1,0,1,1,0,3,0,0,1,0,0,0,0,0,0,0,0,0,0,0,0,0,0,0,4,9,0,false
C:\Users\Madhu\Downloads\E-Learning-System-Java-GUI-Application-main\src\javasemesterproject\Teacher\TeacherLogin.java,javasemesterproject.Teacher.TeacherLogin,actionPerformed/1[java.awt.event.ActionEvent],false,81,2,2,0,2,5,12,27,0,5,1,12,0,0,0,2,1,0,6,0,6,1,3,0,0,0,37,1,0,false
C:\Users\Madhu\Downloads\E-Learning-System-Java-GUI-Application-main\src\javasemesterproject\Teacher\TeacherLogin.java,javasemesterproject.Teacher.TeacherLogin,TeacherLogin/0,true,28,0,3,3,0,1,16,41,0,4,0,16,0,0,0,0,0,0,8,36,10,0,0,0,0,0,36,1,0,false
C:\Users\Madhu\Downloads\E-Learning-System-Java-GUI-Application-main\src\javasemesterproject\Teacher\TeacherLogin.java,javasemesterproject.Teacher.TeacherLogin,main/1[java.lang.String[]],false,108,1,1,0,1,1,0,3,0,0,1,0,0,0,0,0,0,0,0,0,0,0,0,0,0,0,4,9,0,false
C:\Users\Madhu\Downloads\E-Learning-System-Java-GUI-Application-main\src\javasemesterproject\Admin\AdminChangeName.java,javasemesterproject.Admin.AdminChangeName,actionPerformed/1[java.awt.event.ActionEvent],false,59,1,1,0,1,4,6,21,0,5,1,6,0,0,0,2,1,0,7,1,5,1,3,0,0,0,30,1,0,false
C:\Users\Madhu\Downloads\E-Learning-System-Java-GUI-Application-main\src\javasemesterproject\Admin\AdminChangeName.java,javasemesterproject.Admin.AdminChangeName,main/1[java.lang.String[]],false,81,1,1,0,1,1,0,3,0,0,1,0,0,0,0,0,0,0,0,0,0,0,0,0,0,0,5,9,0,false
C:\Users\Madhu\Downloads\E-Learning-System-Java-GUI-Application-main\src\javasemesterproject\Admin\AdminChangeName.java,javasemesterproject.Admin.AdminChangeName,AdminChangeName/0,true,19,0,2,2,0,1,13,31,0,0,0,13,0,0,0,0,0,0,7,30,5,0,0,0,0,0,27,1,0,false
C:\Users\Madhu\Downloads\E-Learning-System-Java-GUI-Application-main\src\javasemesterproject\Main.java,javasemesterproject.Main,main/1[java.lang.String[]],false,176,1,1,0,1,1,0,3,0,0,1,0,0,0,0,0,0,0,0,0,0,0,0,0,0,0,3,9,0,false
C:\Users\Madhu\Downloads\E-Learning-System-Java-GUI-Application-main\src\javasemesterproject\Main.java,javasemesterproject.Main,actionPerformed/1[java.awt.event.ActionEvent],false,159,4,4,0,4,6,2,17,0,0,1,2,0,0,0,5,0,0,0,1,0,0,1,0,0,0,13,1,0,false
C:\Users\Madhu\Downloads\E-Learning-System-Java-GUI-Application-main\src\javasemesterproject\Main.java,javasemesterproject.Main,Main/0,true,33,0,6,5,1,1,36,98,0,21,0,36,0,0,0,0,0,0,15,40,36,0,0,1,0,0,79,1,0,false
C:\Users\Madhu\Downloads\E-Learning-System-Java-GUI-Application-main\src\javasemesterproject\Teacher\ViewMyStudents.java,javasemesterproject.Teacher.ViewMyStudents,getMyCourses/0,false,74,1,2,1,1,4,5,21,1,6,0,5,0,0,2,0,1,0,3,2,8,1,2,0,0,0,25,2,0,false
C:\Users\Madhu\Downloads\E-Learning-System-Java-GUI-Application-main\src\javasemesterproject\Teacher\ViewMyStudents.java,javasemesterproject.Teacher.ViewMyStudents,main/1[java.lang.String[]],false,145,1,1,0,1,1,0,3,0,0,1,0,0,0,0,0,0,0,0,0,0,0,0,0,0,0,5,9,0,false
C:\Users\Madhu\Downloads\E-Learning-System-Java-GUI-Application-main\src\javasemesterproject\Teacher\ViewMyStudents.java,javasemesterproject.Teacher.ViewMyStudents,actionPerformed/1[java.awt.event.ActionEvent],false,96,1,1,0,1,9,15,41,0,16,1,15,0,0,6,1,1,0,5,9,18,2,4,0,0,0,48,1,0,false
C:\Users\Madhu\Downloads\E-Learning-System-Java-GUI-Application-main\src\javasemesterproject\Teacher\ViewMyStudents.java,javasemesterproject.Teacher.ViewMyStudents,ViewMyStudents/0,true,27,1,3,2,1,1,23,37,0,2,0,23,1,1,0,0,0,0,3,19,8,0,0,0,0,0,38,1,0,false
