file,class,type,cbo,cboModified,fanin,fanout,wmc,dit,noc,rfc,lcom,lcom*,tcc,lcc,totalMethodsQty,staticMethodsQty,publicMethodsQty,privateMethodsQty,protectedMethodsQty,defaultMethodsQty,visibleMethodsQty,abstractMethodsQty,finalMethodsQty,synchronizedMethodsQty,totalFieldsQty,staticFieldsQty,publicFieldsQty,privateFieldsQty,protectedFieldsQty,defaultFieldsQty,finalFieldsQty,synchronizedFieldsQty,nosi,loc,returnQty,loopQty,comparisonsQty,tryCatchQty,parenthesizedExpsQty,stringLiteralsQty,numbersQty,assignmentsQty,mathOperationsQty,variablesQty,maxNestedBlocksQty,anonymousClassesQty,innerClassesQty,lambdasQty,uniqueWordsQty,modifiers,logStatementsQty
C:\Users\Madhu\Downloads\FloorIsJava-master\src\PrimtiveObsession\PrimitiveObsession.java,PrimtiveObsession.PrimitiveObsession$Anonymous1,anonymous,1,1,0,1,1,1,0,1,0,0.0,NaN,NaN,1,0,1,0,0,0,1,0,0,0,0,0,0,0,0,0,0,0,0,5,0,0,0,0,0,0,0,0,0,0,0,0,0,0,6,-1,0
C:\Users\Madhu\Downloads\FloorIsJava-master\src\LazyClass\LazyClass.java,LazyClass.LazyClass,class,1,2,1,1,3,6,0,1,3,0.0,0.0,0.0,3,0,3,0,0,0,3,0,0,0,0,0,0,0,0,0,0,0,0,13,0,0,0,0,0,0,0,0,0,0,0,1,0,0,12,1,0
C:\Users\Madhu\Downloads\FloorIsJava-master\src\Utilities\ClassVariable.java,Utilities.ClassVariable,class,3,4,1,3,5,1,0,2,0,0.4,0.6,1.0,5,0,5,0,0,0,5,0,0,0,2,0,0,2,0,0,0,0,0,20,2,0,0,0,0,0,0,2,0,2,0,0,0,0,7,1,0
C:\Users\Madhu\Downloads\FloorIsJava-master\src\BloatedClass\BloatedClass.java,BloatedClass.BloatedClass,class,5,8,3,5,36,6,0,23,41,0.8714286,0.044444446,0.06666667,10,0,10,0,0,0,10,0,0,0,7,1,1,6,0,0,0,0,3,115,8,5,2,3,3,4,13,21,2,12,8,1,0,0,60,1,0
C:\Users\Madhu\Downloads\FloorIsJava-master\src\GodComplex\GodComplex.java,GodComplex.GodComplex$Anonymous1,anonymous,1,1,0,1,1,1,0,1,0,0.0,NaN,NaN,1,0,1,0,0,0,1,0,0,0,0,0,0,0,0,0,0,0,0,5,0,0,0,0,0,0,0,0,0,0,0,0,0,0,6,-1,0
C:\Users\Madhu\Downloads\FloorIsJava-master\src\Run\Main.java,Run.Main,class,2,2,0,2,1,1,0,8,0,0.0,NaN,NaN,1,1,1,0,0,0,1,0,0,0,3,3,3,0,0,0,0,0,0,23,0,0,0,0,0,2,10,3,0,3,0,1,0,0,17,1,0
C:\Users\Madhu\Downloads\FloorIsJava-master\src\InappropriateIntimacy\InappropriateIntimacy.java,InappropriateIntimacy.InappropriateIntimacy$Anonymous1,anonymous,1,1,0,1,1,1,0,1,0,0.0,NaN,NaN,1,0,1,0,0,0,1,0,0,0,0,0,0,0,0,0,0,0,0,5,0,0,0,0,0,0,0,0,0,0,0,0,0,0,6,-1,0
C:\Users\Madhu\Downloads\FloorIsJava-master\src\PrimtiveObsession\PrimitiveObsession.java,PrimtiveObsession.PrimitiveObsession,class,2,5,3,2,31,6,0,10,17,0.82142866,0.0952381,0.14285715,7,0,7,0,0,0,7,0,0,0,4,1,0,4,0,0,1,0,0,77,1,3,1,1,2,4,3,8,3,7,4,1,0,0,45,1,0
C:\Users\Madhu\Downloads\FloorIsJava-master\src\DuplicatedCode\DuplicatedCode.java,DuplicatedCode.DuplicatedCode,class,2,5,3,2,83,6,0,34,24,0.8333334,0.0,0.0,9,0,3,6,0,0,3,0,0,0,14,0,5,8,0,1,0,0,0,324,8,22,5,1,1,40,64,104,34,55,10,1,0,0,70,1,0
C:\Users\Madhu\Downloads\FloorIsJava-master\src\Utilities\SuperSub.java,Utilities.SuperSub,class,3,6,3,3,5,1,0,2,0,0.4,0.6,1.0,5,0,5,0,0,0,5,0,0,0,2,0,0,2,0,0,0,0,0,20,2,0,0,0,0,0,0,2,0,2,0,0,0,0,8,1,0
C:\Users\Madhu\Downloads\FloorIsJava-master\src\Utilities\Literals.java,Utilities.Literals,class,0,0,0,0,0,1,0,0,0,NaN,-1.0,-1.0,0,0,0,0,0,0,0,0,0,0,10,10,10,0,0,0,10,0,0,12,0,0,0,0,0,10,0,10,0,10,0,0,0,0,22,1,0
C:\Users\Madhu\Downloads\FloorIsJava-master\src\FileProcessing\FileHandler.java,FileProcessing.FileHandler,class,2,8,6,2,9,1,0,11,13,0.8333333,0.06666667,0.06666667,6,6,6,0,0,0,6,0,0,0,3,3,3,0,0,0,0,0,1,32,6,1,0,0,0,8,2,6,0,6,2,0,0,0,30,1,0
C:\Users\Madhu\Downloads\FloorIsJava-master\src\Utilities\ClassMethod.java,Utilities.ClassMethod,class,3,7,4,3,5,1,0,2,0,0.4,0.6,1.0,5,0,5,0,0,0,5,0,0,0,2,0,0,2,0,0,0,0,0,20,2,0,0,0,0,0,0,2,0,2,0,0,0,0,7,1,0
C:\Users\Madhu\Downloads\FloorIsJava-master\src\DataOnlyClass\DataOnlyClass.java,DataOnlyClass.DataOnlyClass,class,1,2,1,1,3,6,0,1,3,0.0,0.0,0.0,3,0,3,0,0,0,3,0,0,0,0,0,0,0,0,0,0,0,0,13,0,0,0,0,0,0,0,0,0,0,0,1,0,0,13,1,0
C:\Users\Madhu\Downloads\FloorIsJava-master\src\InappropriateIntimacy\InappropriateIntimacy.java,InappropriateIntimacy.InappropriateIntimacy,class,6,10,4,6,62,6,0,34,52,0.80769235,0.14285715,0.35714287,13,0,8,5,0,0,8,0,0,0,6,1,0,6,0,0,1,0,21,146,6,12,3,3,6,7,3,18,5,18,9,1,0,0,55,1,0
C:\Users\Madhu\Downloads\FloorIsJava-master\src\FileProcessing\pdfConverter.java,FileProcessing.pdfConverter,class,0,0,0,0,0,1,0,0,0,0.0,-1.0,-1.0,0,0,0,0,0,0,0,0,0,0,0,0,0,0,0,0,0,0,0,2,0,0,0,0,0,0,0,0,0,0,0,0,0,0,2,1,0
C:\Users\Madhu\Downloads\FloorIsJava-master\src\TooManyLiterals\TooManyLiterals.java,TooManyLiterals.TooManyLiterals,class,1,2,1,1,3,6,0,1,3,0.0,0.0,0.0,3,0,3,0,0,0,3,0,0,0,0,0,0,0,0,0,0,0,0,13,0,0,0,0,0,0,0,0,0,0,0,1,0,0,13,1,0
C:\Users\Madhu\Downloads\FloorIsJava-master\src\Utilities\FileParser.java,Utilities.FileParser,class,0,2,2,0,17,1,0,12,15,0.0,0.0,0.0,6,6,6,0,0,0,6,0,0,0,0,0,0,0,0,0,0,0,2,54,9,3,1,1,1,7,7,10,4,9,3,0,0,0,31,1,0
C:\Users\Madhu\Downloads\FloorIsJava-master\src\Utilities\ClassObjectTuple.java,Utilities.ClassObjectTuple,class,3,5,2,3,10,1,0,5,4,0.59259266,0.44444445,1.0,9,0,9,0,0,0,9,0,0,0,3,0,0,3,0,0,0,0,0,37,6,0,0,0,0,0,0,3,0,3,1,0,0,0,17,1,0
C:\Users\Madhu\Downloads\FloorIsJava-master\src\DeadCode\DeadCode.java,DeadCode.DeadCode$Anonymous1,anonymous,1,1,0,1,1,1,0,1,0,0.0,NaN,NaN,1,0,1,0,0,0,1,0,0,0,0,0,0,0,0,0,0,0,0,5,0,0,0,0,0,0,0,0,0,0,0,0,0,0,6,-1,0
C:\Users\Madhu\Downloads\FloorIsJava-master\src\Utilities\Smells.java,Utilities.Smells,interface,0,7,7,0,2,1,0,0,1,0.0,0.0,0.0,2,0,2,0,0,0,2,0,0,0,0,0,0,0,0,0,0,0,0,4,0,0,0,0,0,0,0,0,0,0,0,0,0,0,4,1,0
C:\Users\Madhu\Downloads\FloorIsJava-master\src\DeadCode\DeadCode.java,DeadCode.DeadCode,class,5,8,3,5,151,6,0,31,78,0.9230769,0.0,0.0,13,0,3,10,0,0,3,0,0,0,1,0,1,0,0,0,0,0,11,446,6,34,13,13,11,65,33,121,13,79,8,1,0,0,73,1,0
C:\Users\Madhu\Downloads\FloorIsJava-master\src\DuplicatedCode\DuplicatedCode.java,DuplicatedCode.DuplicatedCode$Anonymous1,anonymous,1,1,0,1,1,1,0,2,0,0.0,NaN,NaN,1,0,1,0,0,0,1,0,0,0,0,0,0,0,0,0,0,0,0,5,0,0,0,0,0,0,0,0,0,0,0,0,0,0,6,-1,0
C:\Users\Madhu\Downloads\FloorIsJava-master\src\PrimtiveObsession\PrimtiveDataTypes.java,PrimtiveObsession.PrimtiveDataTypes,class,0,0,0,0,0,1,0,0,0,NaN,-1.0,-1.0,0,0,0,0,0,0,0,0,0,0,8,8,8,0,0,0,8,0,0,10,0,0,0,0,0,8,0,8,0,8,0,0,0,0,20,1,0
C:\Users\Madhu\Downloads\FloorIsJava-master\src\Run\Main.java,Run.Main$Anonymous1,anonymous,0,0,0,0,1,1,0,1,0,0.0,NaN,NaN,1,0,1,0,0,0,1,0,0,0,0,0,0,0,0,0,0,0,1,5,0,0,0,0,0,0,1,0,0,0,0,0,0,0,5,-1,0
C:\Users\Madhu\Downloads\FloorIsJava-master\src\TooManyLiterals\TooManyLiterals.java,TooManyLiterals.TooManyLiterals$Anonymous1,anonymous,0,0,0,0,1,1,0,0,0,0.0,NaN,NaN,1,0,1,0,0,0,1,0,0,0,0,0,0,0,0,0,0,0,0,4,0,0,0,0,0,0,0,0,0,0,0,0,0,0,5,-1,0
C:\Users\Madhu\Downloads\FloorIsJava-master\src\BloatedClass\BloatedClass.java,BloatedClass.BloatedClass$Anonymous1,anonymous,1,1,0,1,1,1,0,1,0,0.0,NaN,NaN,1,0,1,0,0,0,1,0,0,0,0,0,0,0,0,0,0,0,0,5,0,0,0,0,0,0,0,0,0,0,0,0,0,0,6,-1,0
C:\Users\Madhu\Downloads\FloorIsJava-master\src\DataOnlyClass\DataOnlyClass.java,DataOnlyClass.DataOnlyClass$Anonymous1,anonymous,0,0,0,0,1,1,0,0,0,0.0,NaN,NaN,1,0,1,0,0,0,1,0,0,0,0,0,0,0,0,0,0,0,0,4,0,0,0,0,0,0,0,0,0,0,0,0,0,0,5,-1,0
C:\Users\Madhu\Downloads\FloorIsJava-master\src\GUI\JSmellChooser.java,GUI.JSmellChooser,class,9,10,1,9,1,5,0,3,0,0.0,NaN,NaN,1,0,1,0,0,0,1,0,0,0,9,0,0,9,0,0,0,0,0,41,0,0,0,0,0,9,2,9,0,9,0,0,0,0,31,1,0
C:\Users\Madhu\Downloads\FloorIsJava-master\src\LazyClass\LazyClass.java,LazyClass.LazyClass$Anonymous1,anonymous,0,0,0,0,1,1,0,0,0,0.0,NaN,NaN,1,0,1,0,0,0,1,0,0,0,0,0,0,0,0,0,0,0,0,4,0,0,0,0,0,0,0,0,0,0,0,0,0,0,5,-1,0
C:\Users\Madhu\Downloads\FloorIsJava-master\src\GUI\JFileChooserUploader.java,GUI.JFileChooserUploader,class,2,3,1,2,12,5,0,26,3,0.75000006,0.0,0.0,3,0,3,0,0,0,3,0,0,0,4,1,0,1,0,3,1,0,6,55,1,3,2,2,1,7,5,8,2,8,6,0,0,0,43,1,0
C:\Users\Madhu\Downloads\FloorIsJava-master\src\GodComplex\GodComplex.java,GodComplex.GodComplex,class,3,6,3,3,19,6,0,9,5,0.5833334,0.33333334,0.4,6,0,6,0,0,0,6,0,0,0,4,0,0,4,0,0,0,0,1,60,0,2,1,1,1,16,6,17,5,6,5,1,0,0,55,1,0
