file,class,method,variable,usage
C:\Users\Madhu\Downloads\FloorIsJava-master\src\Utilities\ClassVariable.java,Utilities.ClassVariable,setClassName/1[Class],className,3
C:\Users\Madhu\Downloads\FloorIsJava-master\src\Utilities\ClassVariable.java,Utilities.ClassVariable,"ClassVariable/2[Class,Variable]",variableName,2
C:\Users\Madhu\Downloads\FloorIsJava-master\src\Utilities\ClassVariable.java,Utilities.ClassVariable,"ClassVariable/2[Class,Variable]",className,2
C:\Users\Madhu\Downloads\FloorIsJava-master\src\Utilities\ClassVariable.java,Utilities.ClassVariable,getVariableName/0,variableName,1
C:\Users\Madhu\Downloads\FloorIsJava-master\src\Utilities\ClassVariable.java,Utilities.ClassVariable,getClassName/0,className,1
C:\Users\Madhu\Downloads\FloorIsJava-master\src\Utilities\ClassVariable.java,Utilities.ClassVariable,setVariableName/1[Variable],variableName,3
C:\Users\Madhu\Downloads\FloorIsJava-master\src\BloatedClass\BloatedClass.java,BloatedClass.BloatedClass,lookForBloatedMethods/0,numberOfMethods,3
C:\Users\Madhu\Downloads\FloorIsJava-master\src\BloatedClass\BloatedClass.java,BloatedClass.BloatedClass,lookForBloatedMethods/0,method,2
C:\Users\Madhu\Downloads\FloorIsJava-master\src\BloatedClass\BloatedClass.java,BloatedClass.BloatedClass,lookForBloatedMethods/0,methodLineStart,3
C:\Users\Madhu\Downloads\FloorIsJava-master\src\BloatedClass\BloatedClass.java,BloatedClass.BloatedClass,lookForBloatedMethods/0,linesInFile,4
C:\Users\Madhu\Downloads\FloorIsJava-master\src\BloatedClass\BloatedClass.java,BloatedClass.BloatedClass,lookForBloatedMethods/0,unused,1
C:\Users\Madhu\Downloads\FloorIsJava-master\src\BloatedClass\BloatedClass.java,BloatedClass.BloatedClass,lookForBloatedMethods/0,methodLineFinish,3
C:\Users\Madhu\Downloads\FloorIsJava-master\src\BloatedClass\BloatedClass.java,BloatedClass.BloatedClass,printReport/0,output,2
C:\Users\Madhu\Downloads\FloorIsJava-master\src\BloatedClass\BloatedClass.java,BloatedClass.BloatedClass,printReport/0,unused,1
C:\Users\Madhu\Downloads\FloorIsJava-master\src\BloatedClass\BloatedClass.java,BloatedClass.BloatedClass,numberOfMethods/0,numberOfMethods,2
C:\Users\Madhu\Downloads\FloorIsJava-master\src\Run\Main.java,Run.Main,main/1[java.lang.String[]],smells,3
C:\Users\Madhu\Downloads\FloorIsJava-master\src\Run\Main.java,Run.Main,main/1[java.lang.String[]],panel,3
C:\Users\Madhu\Downloads\FloorIsJava-master\src\Run\Main.java,Run.Main,main/1[java.lang.String[]],frame,7
C:\Users\Madhu\Downloads\FloorIsJava-master\src\PrimtiveObsession\PrimitiveObsession.java,PrimtiveObsession.PrimitiveObsession,countPDT/0,primitiveDataTypes,1
C:\Users\Madhu\Downloads\FloorIsJava-master\src\PrimtiveObsession\PrimitiveObsession.java,PrimtiveObsession.PrimitiveObsession,classCheck/1[java.lang.String],classes,1
C:\Users\Madhu\Downloads\FloorIsJava-master\src\PrimtiveObsession\PrimitiveObsession.java,PrimtiveObsession.PrimitiveObsession,countCO/0,classObjects,1
C:\Users\Madhu\Downloads\FloorIsJava-master\src\PrimtiveObsession\PrimitiveObsession.java,PrimtiveObsession.PrimitiveObsession,report/0,primitiveDataTypes,1
C:\Users\Madhu\Downloads\FloorIsJava-master\src\PrimtiveObsession\PrimitiveObsession.java,PrimtiveObsession.PrimitiveObsession,report/0,classObjects,1
C:\Users\Madhu\Downloads\FloorIsJava-master\src\DuplicatedCode\DuplicatedCode.java,DuplicatedCode.DuplicatedCode,"addDuplicateLinesToWarningArray/3[int,java.util.ArrayList<java.lang.Integer>,java.util.ArrayList<java.lang.Integer>]",currentWarningLines,3
C:\Users\Madhu\Downloads\FloorIsJava-master\src\DuplicatedCode\DuplicatedCode.java,DuplicatedCode.DuplicatedCode,convertActualToTotalLineNum/1[int],blankLines,2
C:\Users\Madhu\Downloads\FloorIsJava-master\src\DuplicatedCode\DuplicatedCode.java,DuplicatedCode.DuplicatedCode,convertActualToTotalLineNum/1[int],curlyLines,2
C:\Users\Madhu\Downloads\FloorIsJava-master\src\DuplicatedCode\DuplicatedCode.java,DuplicatedCode.DuplicatedCode,convertActualToTotalLineNum/1[int],commentedLines,2
C:\Users\Madhu\Downloads\FloorIsJava-master\src\DuplicatedCode\DuplicatedCode.java,DuplicatedCode.DuplicatedCode,report/0,currentWarningLines,5
C:\Users\Madhu\Downloads\FloorIsJava-master\src\DuplicatedCode\DuplicatedCode.java,DuplicatedCode.DuplicatedCode,report/0,allBadLines,2
C:\Users\Madhu\Downloads\FloorIsJava-master\src\DuplicatedCode\DuplicatedCode.java,DuplicatedCode.DuplicatedCode,report/0,currentConsecutiveLines,5
C:\Users\Madhu\Downloads\FloorIsJava-master\src\DuplicatedCode\DuplicatedCode.java,DuplicatedCode.DuplicatedCode,report/0,allWarningLines,2
C:\Users\Madhu\Downloads\FloorIsJava-master\src\DuplicatedCode\DuplicatedCode.java,DuplicatedCode.DuplicatedCode,report/0,allHazardLines,2
C:\Users\Madhu\Downloads\FloorIsJava-master\src\DuplicatedCode\DuplicatedCode.java,DuplicatedCode.DuplicatedCode,report/0,file,32
C:\Users\Madhu\Downloads\FloorIsJava-master\src\DuplicatedCode\DuplicatedCode.java,DuplicatedCode.DuplicatedCode,report/0,currentBadLines,5
C:\Users\Madhu\Downloads\FloorIsJava-master\src\DuplicatedCode\DuplicatedCode.java,DuplicatedCode.DuplicatedCode,report/0,allFilesAllLines,8
C:\Users\Madhu\Downloads\FloorIsJava-master\src\DuplicatedCode\DuplicatedCode.java,DuplicatedCode.DuplicatedCode,report/0,currentHazardLines,5
C:\Users\Madhu\Downloads\FloorIsJava-master\src\DuplicatedCode\DuplicatedCode.java,DuplicatedCode.DuplicatedCode,report/0,blankLines,2
C:\Users\Madhu\Downloads\FloorIsJava-master\src\DuplicatedCode\DuplicatedCode.java,DuplicatedCode.DuplicatedCode,report/0,allConsecutiveLines,2
C:\Users\Madhu\Downloads\FloorIsJava-master\src\DuplicatedCode\DuplicatedCode.java,DuplicatedCode.DuplicatedCode,report/0,curlyLines,2
C:\Users\Madhu\Downloads\FloorIsJava-master\src\DuplicatedCode\DuplicatedCode.java,DuplicatedCode.DuplicatedCode,report/0,commentedLines,3
C:\Users\Madhu\Downloads\FloorIsJava-master\src\DuplicatedCode\DuplicatedCode.java,DuplicatedCode.DuplicatedCode,"addDuplicateLinesToBadArray/3[int,java.util.ArrayList<java.lang.Integer>,java.util.ArrayList<java.lang.Integer>]",currentBadLines,3
C:\Users\Madhu\Downloads\FloorIsJava-master\src\DuplicatedCode\DuplicatedCode.java,DuplicatedCode.DuplicatedCode,addConsecutiveLinesToConsecutiveArray/1[java.util.ArrayList<java.lang.Integer>],currentConsecutiveLines,2
C:\Users\Madhu\Downloads\FloorIsJava-master\src\DuplicatedCode\DuplicatedCode.java,DuplicatedCode.DuplicatedCode,"exitLoop/2[int,java.util.ArrayList<java.lang.String>]",file,2
C:\Users\Madhu\Downloads\FloorIsJava-master\src\DuplicatedCode\DuplicatedCode.java,DuplicatedCode.DuplicatedCode,"addDuplicateLinesToHazardArray/3[int,java.util.ArrayList<java.lang.Integer>,java.util.ArrayList<java.lang.Integer>]",currentHazardLines,3
C:\Users\Madhu\Downloads\FloorIsJava-master\src\Utilities\SuperSub.java,Utilities.SuperSub,setSuperClassName/1[SuperClass],superClassName,3
C:\Users\Madhu\Downloads\FloorIsJava-master\src\Utilities\SuperSub.java,Utilities.SuperSub,"SuperSub/2[SuperClass,SubClass]",subClassName,2
C:\Users\Madhu\Downloads\FloorIsJava-master\src\Utilities\SuperSub.java,Utilities.SuperSub,"SuperSub/2[SuperClass,SubClass]",superClassName,2
C:\Users\Madhu\Downloads\FloorIsJava-master\src\Utilities\SuperSub.java,Utilities.SuperSub,getSuperClassName/0,superClassName,1
C:\Users\Madhu\Downloads\FloorIsJava-master\src\Utilities\SuperSub.java,Utilities.SuperSub,setSubClassName/1[SubClass],subClassName,3
C:\Users\Madhu\Downloads\FloorIsJava-master\src\Utilities\SuperSub.java,Utilities.SuperSub,getSubClassName/0,subClassName,1
C:\Users\Madhu\Downloads\FloorIsJava-master\src\FileProcessing\FileHandler.java,FileProcessing.FileHandler,addNewFile/1[java.nio.file.Path],uploadedFiles,1
C:\Users\Madhu\Downloads\FloorIsJava-master\src\FileProcessing\FileHandler.java,FileProcessing.FileHandler,getClasses/0,uploadedFiles,1
C:\Users\Madhu\Downloads\FloorIsJava-master\src\FileProcessing\FileHandler.java,FileProcessing.FileHandler,getClasses/0,classes,2
C:\Users\Madhu\Downloads\FloorIsJava-master\src\Utilities\ClassMethod.java,Utilities.ClassMethod,setMethodName/1[Method],methodName,3
C:\Users\Madhu\Downloads\FloorIsJava-master\src\Utilities\ClassMethod.java,Utilities.ClassMethod,setClassName/1[Class],className,3
C:\Users\Madhu\Downloads\FloorIsJava-master\src\Utilities\ClassMethod.java,Utilities.ClassMethod,getMethodName/0,methodName,1
C:\Users\Madhu\Downloads\FloorIsJava-master\src\Utilities\ClassMethod.java,Utilities.ClassMethod,"ClassMethod/2[Class,Method]",methodName,2
C:\Users\Madhu\Downloads\FloorIsJava-master\src\Utilities\ClassMethod.java,Utilities.ClassMethod,"ClassMethod/2[Class,Method]",className,2
C:\Users\Madhu\Downloads\FloorIsJava-master\src\Utilities\ClassMethod.java,Utilities.ClassMethod,getClassName/0,className,1
C:\Users\Madhu\Downloads\FloorIsJava-master\src\InappropriateIntimacy\InappropriateIntimacy.java,InappropriateIntimacy.InappropriateIntimacy,getUnusedPublicMethods/0,unusedPublicMethods,1
C:\Users\Madhu\Downloads\FloorIsJava-master\src\InappropriateIntimacy\InappropriateIntimacy.java,InappropriateIntimacy.InappropriateIntimacy,checkPublicMethods/0,unusedPublicMethods,2
C:\Users\Madhu\Downloads\FloorIsJava-master\src\InappropriateIntimacy\InappropriateIntimacy.java,InappropriateIntimacy.InappropriateIntimacy,checkPublicMethods/0,unusedProtectedMethods,2
C:\Users\Madhu\Downloads\FloorIsJava-master\src\InappropriateIntimacy\InappropriateIntimacy.java,InappropriateIntimacy.InappropriateIntimacy,print/0,unusedPublicVariables,1
C:\Users\Madhu\Downloads\FloorIsJava-master\src\InappropriateIntimacy\InappropriateIntimacy.java,InappropriateIntimacy.InappropriateIntimacy,print/0,unusedProtectedVariables,1
C:\Users\Madhu\Downloads\FloorIsJava-master\src\InappropriateIntimacy\InappropriateIntimacy.java,InappropriateIntimacy.InappropriateIntimacy,print/0,unusedPublicMethods,1
C:\Users\Madhu\Downloads\FloorIsJava-master\src\InappropriateIntimacy\InappropriateIntimacy.java,InappropriateIntimacy.InappropriateIntimacy,print/0,unusedProtectedMethods,1
C:\Users\Madhu\Downloads\FloorIsJava-master\src\InappropriateIntimacy\InappropriateIntimacy.java,InappropriateIntimacy.InappropriateIntimacy,lookForObjects/0,cml,2
C:\Users\Madhu\Downloads\FloorIsJava-master\src\InappropriateIntimacy\InappropriateIntimacy.java,InappropriateIntimacy.InappropriateIntimacy,getUnusedPublicVariables/0,unusedPublicVariables,1
C:\Users\Madhu\Downloads\FloorIsJava-master\src\InappropriateIntimacy\InappropriateIntimacy.java,InappropriateIntimacy.InappropriateIntimacy,getUnusedProtectedMethods/0,unusedProtectedMethods,1
C:\Users\Madhu\Downloads\FloorIsJava-master\src\InappropriateIntimacy\InappropriateIntimacy.java,InappropriateIntimacy.InappropriateIntimacy,"getObject/2[java.lang.String,java.lang.String]",cml,1
C:\Users\Madhu\Downloads\FloorIsJava-master\src\InappropriateIntimacy\InappropriateIntimacy.java,InappropriateIntimacy.InappropriateIntimacy,"isUsed/2[java.lang.String,java.lang.String]",cml,1
C:\Users\Madhu\Downloads\FloorIsJava-master\src\InappropriateIntimacy\InappropriateIntimacy.java,InappropriateIntimacy.InappropriateIntimacy,getUnusedProtectedVariables/0,unusedProtectedVariables,1
C:\Users\Madhu\Downloads\FloorIsJava-master\src\InappropriateIntimacy\InappropriateIntimacy.java,InappropriateIntimacy.InappropriateIntimacy,checkPublicVariables/0,unusedPublicVariables,2
C:\Users\Madhu\Downloads\FloorIsJava-master\src\InappropriateIntimacy\InappropriateIntimacy.java,InappropriateIntimacy.InappropriateIntimacy,checkPublicVariables/0,unusedProtectedVariables,2
C:\Users\Madhu\Downloads\FloorIsJava-master\src\Utilities\ClassObjectTuple.java,Utilities.ClassObjectTuple,methodExists/1[java.lang.String],methods,1
C:\Users\Madhu\Downloads\FloorIsJava-master\src\Utilities\ClassObjectTuple.java,Utilities.ClassObjectTuple,getObjectName/0,objectName,1
C:\Users\Madhu\Downloads\FloorIsJava-master\src\Utilities\ClassObjectTuple.java,Utilities.ClassObjectTuple,addMethodName/1[java.lang.String],methods,1
C:\Users\Madhu\Downloads\FloorIsJava-master\src\Utilities\ClassObjectTuple.java,Utilities.ClassObjectTuple,setObjectName/1[ObjectName],objectName,3
C:\Users\Madhu\Downloads\FloorIsJava-master\src\Utilities\ClassObjectTuple.java,Utilities.ClassObjectTuple,getMethods/0,methods,1
C:\Users\Madhu\Downloads\FloorIsJava-master\src\Utilities\ClassObjectTuple.java,Utilities.ClassObjectTuple,"ClassObjectTuple/2[ClassName,ObjectName]",methods,1
C:\Users\Madhu\Downloads\FloorIsJava-master\src\Utilities\ClassObjectTuple.java,Utilities.ClassObjectTuple,"ClassObjectTuple/2[ClassName,ObjectName]",objectName,2
C:\Users\Madhu\Downloads\FloorIsJava-master\src\Utilities\ClassObjectTuple.java,Utilities.ClassObjectTuple,"ClassObjectTuple/2[ClassName,ObjectName]",className,2
C:\Users\Madhu\Downloads\FloorIsJava-master\src\Utilities\ClassObjectTuple.java,Utilities.ClassObjectTuple,getMethodsList/0,methods,1
C:\Users\Madhu\Downloads\FloorIsJava-master\src\Utilities\ClassObjectTuple.java,Utilities.ClassObjectTuple,getClassName/0,className,1
C:\Users\Madhu\Downloads\FloorIsJava-master\src\Utilities\ClassObjectTuple.java,Utilities.ClassObjectTuple,setClassName/1[ClassName],className,3
C:\Users\Madhu\Downloads\FloorIsJava-master\src\GUI\JSmellChooser.java,GUI.JSmellChooser,JSmellChooser/0,deadCodeButton,3
C:\Users\Madhu\Downloads\FloorIsJava-master\src\GUI\JSmellChooser.java,GUI.JSmellChooser,JSmellChooser/0,duplicatedCodeButton,3
C:\Users\Madhu\Downloads\FloorIsJava-master\src\GUI\JSmellChooser.java,GUI.JSmellChooser,JSmellChooser/0,dataOnlyClassButton,3
C:\Users\Madhu\Downloads\FloorIsJava-master\src\GUI\JSmellChooser.java,GUI.JSmellChooser,JSmellChooser/0,godComplexButton,3
C:\Users\Madhu\Downloads\FloorIsJava-master\src\GUI\JSmellChooser.java,GUI.JSmellChooser,JSmellChooser/0,lazyClassButton,3
C:\Users\Madhu\Downloads\FloorIsJava-master\src\GUI\JSmellChooser.java,GUI.JSmellChooser,JSmellChooser/0,tooManyLiteralsButton,3
C:\Users\Madhu\Downloads\FloorIsJava-master\src\GUI\JSmellChooser.java,GUI.JSmellChooser,JSmellChooser/0,primitiveObsessionButton,3
C:\Users\Madhu\Downloads\FloorIsJava-master\src\GUI\JSmellChooser.java,GUI.JSmellChooser,JSmellChooser/0,bloatedClassButton,3
C:\Users\Madhu\Downloads\FloorIsJava-master\src\GUI\JSmellChooser.java,GUI.JSmellChooser,JSmellChooser/0,inappropriateIntimacyButton,3
C:\Users\Madhu\Downloads\FloorIsJava-master\src\GUI\JFileChooserUploader.java,GUI.JFileChooserUploader,actionPerformed/1[java.awt.event.ActionEvent],choosertitle,1
C:\Users\Madhu\Downloads\FloorIsJava-master\src\GUI\JFileChooserUploader.java,GUI.JFileChooserUploader,actionPerformed/1[java.awt.event.ActionEvent],chooser,9
C:\Users\Madhu\Downloads\FloorIsJava-master\src\GUI\JFileChooserUploader.java,GUI.JFileChooserUploader,JFileChooserUploader/0,go,3
C:\Users\Madhu\Downloads\FloorIsJava-master\src\GodComplex\GodComplex.java,GodComplex.GodComplex,printResult/1[java.lang.String],output,6
C:\Users\Madhu\Downloads\FloorIsJava-master\src\GodComplex\GodComplex.java,GodComplex.GodComplex,printResult/1[java.lang.String],fileName,3
C:\Users\Madhu\Downloads\FloorIsJava-master\src\GodComplex\GodComplex.java,GodComplex.GodComplex,printResult/1[java.lang.String],numberOfMethods,3
C:\Users\Madhu\Downloads\FloorIsJava-master\src\GodComplex\GodComplex.java,GodComplex.GodComplex,printResult/1[java.lang.String],numberOfLines,3
C:\Users\Madhu\Downloads\FloorIsJava-master\src\GodComplex\GodComplex.java,GodComplex.GodComplex,countNumberOfLines/0,numberOfLines,1
C:\Users\Madhu\Downloads\FloorIsJava-master\src\GodComplex\GodComplex.java,GodComplex.GodComplex,report/0,output,1
C:\Users\Madhu\Downloads\FloorIsJava-master\src\GodComplex\GodComplex.java,GodComplex.GodComplex,report/0,fileName,3
C:\Users\Madhu\Downloads\FloorIsJava-master\src\GodComplex\GodComplex.java,GodComplex.GodComplex,report/0,numberOfMethods,1
C:\Users\Madhu\Downloads\FloorIsJava-master\src\GodComplex\GodComplex.java,GodComplex.GodComplex,report/0,numberOfLines,1
C:\Users\Madhu\Downloads\FloorIsJava-master\src\GodComplex\GodComplex.java,GodComplex.GodComplex,countNumberOfMethods/0,numberOfMethods,1
