file,class,method,constructor,line,cbo,cboModified,fanin,fanout,wmc,rfc,loc,returnsQty,variablesQty,parametersQty,methodsInvokedQty,methodsInvokedLocalQty,methodsInvokedIndirectLocalQty,loopQty,comparisonsQty,tryCatchQty,parenthesizedExpsQty,stringLiteralsQty,numbersQty,assignmentsQty,mathOperationsQty,maxNestedBlocksQty,anonymousClassesQty,innerClassesQty,lambdasQty,uniqueWordsQty,modifiers,logStatementsQty,hasJavaDoc
C:\Users\Madhu\Downloads\FloorIsJava-master\src\PrimtiveObsession\PrimitiveObsession.java,PrimtiveObsession.PrimitiveObsession$Anonymous1,actionPerformed/1[java.awt.event.ActionEvent],false,28,1,6,0,6,1,1,3,0,0,1,1,0,0,0,0,0,0,0,0,0,0,0,0,0,0,6,1,0,false
C:\Users\Madhu\Downloads\FloorIsJava-master\src\LazyClass\LazyClass.java,LazyClass.LazyClass,LazyClass/0,true,12,0,2,1,1,1,1,7,0,0,0,1,0,0,0,0,0,0,0,0,0,0,0,1,0,0,8,1,0,false
C:\Users\Madhu\Downloads\FloorIsJava-master\src\LazyClass\LazyClass.java,LazyClass.LazyClass,report/0,false,26,0,0,0,0,1,0,2,0,0,0,0,0,0,0,0,0,0,0,0,0,0,0,0,0,0,1,1,0,false
C:\Users\Madhu\Downloads\FloorIsJava-master\src\LazyClass\LazyClass.java,LazyClass.LazyClass,actionPerformed/1[java.awt.event.ActionEvent],false,21,0,0,0,0,1,0,2,0,0,1,0,0,0,0,0,0,0,0,0,0,0,0,0,0,0,5,1,0,false
C:\Users\Madhu\Downloads\FloorIsJava-master\src\Utilities\ClassVariable.java,Utilities.ClassVariable,setClassName/1[Class],false,25,1,0,0,0,1,0,3,0,0,1,0,0,0,0,0,0,0,0,0,1,0,0,0,0,0,4,1,0,false
C:\Users\Madhu\Downloads\FloorIsJava-master\src\Utilities\ClassVariable.java,Utilities.ClassVariable,"ClassVariable/2[Class,Variable]",true,8,3,2,0,2,1,2,4,0,0,2,2,0,0,0,0,0,0,0,0,0,0,0,0,0,0,5,1,0,false
C:\Users\Madhu\Downloads\FloorIsJava-master\src\Utilities\ClassVariable.java,Utilities.ClassVariable,getVariableName/0,false,13,1,0,0,0,1,0,3,1,0,0,0,0,0,0,0,0,0,0,0,0,0,0,0,0,0,4,1,0,false
C:\Users\Madhu\Downloads\FloorIsJava-master\src\Utilities\ClassVariable.java,Utilities.ClassVariable,getClassName/0,false,21,1,0,0,0,1,0,3,1,0,0,0,0,0,0,0,0,0,0,0,0,0,0,0,0,0,4,1,0,false
C:\Users\Madhu\Downloads\FloorIsJava-master\src\Utilities\ClassVariable.java,Utilities.ClassVariable,setVariableName/1[Variable],false,17,1,0,0,0,1,0,3,0,0,1,0,0,0,0,0,0,0,0,0,1,0,0,0,0,0,4,1,0,false
C:\Users\Madhu\Downloads\FloorIsJava-master\src\BloatedClass\BloatedClass.java,BloatedClass.BloatedClass,checkLineForClosingCurlyBracket/1[java.lang.String],false,178,0,1,1,0,2,1,6,2,0,1,1,0,0,0,0,0,0,0,0,0,0,1,0,0,0,9,1,0,false
C:\Users\Madhu\Downloads\FloorIsJava-master\src\BloatedClass\BloatedClass.java,BloatedClass.BloatedClass,"checkSizeOfMethod/2[int,int]",false,192,0,1,1,0,2,0,8,2,1,2,0,0,0,0,0,0,0,0,2,2,1,1,0,0,0,9,1,0,false
C:\Users\Madhu\Downloads\FloorIsJava-master\src\BloatedClass\BloatedClass.java,BloatedClass.BloatedClass,lookForBloatedMethods/0,false,63,4,10,1,9,20,17,57,0,4,0,17,5,1,4,2,3,3,0,7,11,0,8,0,0,0,37,1,0,false
C:\Users\Madhu\Downloads\FloorIsJava-master\src\BloatedClass\BloatedClass.java,BloatedClass.BloatedClass,printReport/0,false,203,1,3,1,2,2,3,6,0,0,0,3,0,0,1,0,0,0,2,0,1,1,1,0,0,0,5,1,0,false
C:\Users\Madhu\Downloads\FloorIsJava-master\src\BloatedClass\BloatedClass.java,BloatedClass.BloatedClass,numberOfMethods/0,false,215,0,1,1,0,1,0,3,0,0,0,0,0,0,0,0,0,0,0,0,0,0,0,0,0,0,3,1,0,false
C:\Users\Madhu\Downloads\FloorIsJava-master\src\BloatedClass\BloatedClass.java,BloatedClass.BloatedClass,actionPerformed/1[java.awt.event.ActionEvent],false,52,0,0,0,0,1,0,2,0,0,1,0,0,0,0,0,0,0,0,0,0,0,0,0,0,0,5,1,0,false
C:\Users\Madhu\Downloads\FloorIsJava-master\src\BloatedClass\BloatedClass.java,BloatedClass.BloatedClass,report/0,false,56,1,3,1,2,1,2,4,0,0,0,2,2,2,0,0,0,0,0,0,0,0,0,0,0,0,7,1,0,false
C:\Users\Madhu\Downloads\FloorIsJava-master\src\BloatedClass\BloatedClass.java,BloatedClass.BloatedClass,checkLineForOpeningCurlyBracket/1[java.lang.String],false,171,0,1,1,0,2,1,6,2,0,1,1,0,0,0,0,0,0,0,0,0,0,1,0,0,0,9,1,0,false
C:\Users\Madhu\Downloads\FloorIsJava-master\src\BloatedClass\BloatedClass.java,BloatedClass.BloatedClass,checkAccessSpecifier/1[java.lang.String],false,185,0,1,1,0,4,1,6,2,0,1,1,0,0,0,0,0,0,0,0,0,0,1,0,0,0,6,1,0,false
C:\Users\Madhu\Downloads\FloorIsJava-master\src\BloatedClass\BloatedClass.java,BloatedClass.BloatedClass,BloatedClass/0,true,41,0,2,1,1,1,1,8,0,0,0,1,0,0,0,0,0,0,0,0,0,0,0,1,0,0,9,1,0,false
C:\Users\Madhu\Downloads\FloorIsJava-master\src\GodComplex\GodComplex.java,GodComplex.GodComplex$Anonymous1,actionPerformed/1[java.awt.event.ActionEvent],false,29,1,6,0,6,1,1,3,0,0,1,1,0,0,0,0,0,0,0,0,0,0,0,0,0,0,6,1,0,false
C:\Users\Madhu\Downloads\FloorIsJava-master\src\Run\Main.java,Run.Main,main/1[java.lang.String[]],false,16,2,3,0,3,1,8,18,0,0,1,8,0,0,0,0,0,0,2,10,3,0,0,1,0,0,20,9,0,false
C:\Users\Madhu\Downloads\FloorIsJava-master\src\InappropriateIntimacy\InappropriateIntimacy.java,InappropriateIntimacy.InappropriateIntimacy$Anonymous1,actionPerformed/1[java.awt.event.ActionEvent],false,30,1,6,0,6,1,1,3,0,0,1,1,0,0,0,0,0,0,0,0,0,0,0,0,0,0,6,1,0,false
C:\Users\Madhu\Downloads\FloorIsJava-master\src\PrimtiveObsession\PrimitiveObsession.java,PrimtiveObsession.PrimitiveObsession,countPDT/0,false,45,0,1,1,0,1,0,3,0,0,0,0,0,0,0,0,0,0,0,0,0,0,0,0,0,0,7,1,0,false
C:\Users\Madhu\Downloads\FloorIsJava-master\src\PrimtiveObsession\PrimitiveObsession.java,PrimtiveObsession.PrimitiveObsession,classCheck/1[java.lang.String],false,90,0,1,1,0,5,1,10,1,1,1,1,0,0,1,0,0,1,1,0,2,1,2,0,0,0,9,1,0,false
C:\Users\Madhu\Downloads\FloorIsJava-master\src\PrimtiveObsession\PrimitiveObsession.java,PrimtiveObsession.PrimitiveObsession,PrimitiveObsession/0,true,25,0,2,1,1,1,1,8,0,0,0,1,0,0,0,0,0,0,0,0,0,0,0,1,0,0,9,1,0,false
C:\Users\Madhu\Downloads\FloorIsJava-master\src\PrimtiveObsession\PrimitiveObsession.java,PrimtiveObsession.PrimitiveObsession,countCO/0,false,48,0,1,1,0,1,0,3,0,0,0,0,0,0,0,0,0,0,0,0,0,0,0,0,0,0,5,1,0,false
C:\Users\Madhu\Downloads\FloorIsJava-master\src\PrimtiveObsession\PrimitiveObsession.java,PrimtiveObsession.PrimitiveObsession,actionPerformed/1[java.awt.event.ActionEvent],false,34,1,1,0,1,1,1,3,0,0,1,1,1,3,0,0,0,0,0,0,0,0,0,0,0,0,6,1,0,false
C:\Users\Madhu\Downloads\FloorIsJava-master\src\PrimtiveObsession\PrimitiveObsession.java,PrimtiveObsession.PrimitiveObsession,report/0,false,38,1,3,2,1,1,2,6,0,0,0,2,1,2,0,0,0,0,3,0,0,2,0,0,0,0,9,1,0,false
C:\Users\Madhu\Downloads\FloorIsJava-master\src\PrimtiveObsession\PrimitiveObsession.java,PrimtiveObsession.PrimitiveObsession,checkLines/0,false,52,1,4,1,3,21,6,38,0,2,0,6,3,1,2,1,1,1,0,0,2,0,4,0,0,0,20,1,0,false
C:\Users\Madhu\Downloads\FloorIsJava-master\src\DuplicatedCode\DuplicatedCode.java,DuplicatedCode.DuplicatedCode,DuplicatedCode/0,true,30,0,2,1,1,1,1,8,0,0,0,1,0,0,0,0,0,0,0,0,0,0,0,1,0,0,9,1,0,false
C:\Users\Madhu\Downloads\FloorIsJava-master\src\DuplicatedCode\DuplicatedCode.java,DuplicatedCode.DuplicatedCode,"addDuplicateLinesToWarningArray/3[int,java.util.ArrayList<java.lang.Integer>,java.util.ArrayList<java.lang.Integer>]",false,332,2,2,1,1,5,3,11,1,2,3,3,1,1,2,0,0,0,0,4,4,0,2,0,0,0,14,2,0,false
C:\Users\Madhu\Downloads\FloorIsJava-master\src\DuplicatedCode\DuplicatedCode.java,DuplicatedCode.DuplicatedCode,convertActualToTotalLineNum/1[int],false,383,0,4,4,0,8,2,22,1,4,1,2,0,0,1,3,0,0,0,4,4,0,2,0,0,0,13,2,0,false
C:\Users\Madhu\Downloads\FloorIsJava-master\src\DuplicatedCode\DuplicatedCode.java,DuplicatedCode.DuplicatedCode,report/0,false,47,2,6,1,5,55,31,227,1,29,0,31,5,5,14,2,1,1,39,47,84,34,10,0,0,0,56,1,0,false
C:\Users\Madhu\Downloads\FloorIsJava-master\src\DuplicatedCode\DuplicatedCode.java,DuplicatedCode.DuplicatedCode,"addDuplicateLinesToBadArray/3[int,java.util.ArrayList<java.lang.Integer>,java.util.ArrayList<java.lang.Integer>]",false,344,2,2,1,1,5,3,11,1,2,3,3,1,1,2,0,0,0,0,4,4,0,2,0,0,0,14,2,0,false
C:\Users\Madhu\Downloads\FloorIsJava-master\src\DuplicatedCode\DuplicatedCode.java,DuplicatedCode.DuplicatedCode,addConsecutiveLinesToConsecutiveArray/1[java.util.ArrayList<java.lang.Integer>],false,367,2,2,1,1,2,3,6,1,1,1,3,1,1,1,0,0,0,0,1,2,0,1,0,0,0,11,2,0,false
C:\Users\Madhu\Downloads\FloorIsJava-master\src\DuplicatedCode\DuplicatedCode.java,DuplicatedCode.DuplicatedCode,actionPerformed/1[java.awt.event.ActionEvent],false,40,0,0,0,0,1,0,6,0,1,1,0,0,0,0,0,0,0,0,1,1,0,0,0,0,0,6,1,0,false
C:\Users\Madhu\Downloads\FloorIsJava-master\src\DuplicatedCode\DuplicatedCode.java,DuplicatedCode.DuplicatedCode,"exitLoop/2[int,java.util.ArrayList<java.lang.String>]",false,375,0,1,1,0,2,1,6,2,0,2,1,0,0,0,0,0,0,0,0,0,0,1,0,0,0,7,2,0,false
C:\Users\Madhu\Downloads\FloorIsJava-master\src\DuplicatedCode\DuplicatedCode.java,DuplicatedCode.DuplicatedCode,"addDuplicateLinesToHazardArray/3[int,java.util.ArrayList<java.lang.Integer>,java.util.ArrayList<java.lang.Integer>]",false,356,2,2,1,1,4,3,11,1,2,3,3,1,1,2,0,0,0,0,3,4,0,2,0,0,0,14,2,0,false
C:\Users\Madhu\Downloads\FloorIsJava-master\src\Utilities\SuperSub.java,Utilities.SuperSub,setSuperClassName/1[SuperClass],false,16,1,0,0,0,1,0,3,0,0,1,0,0,0,0,0,0,0,0,0,1,0,0,0,0,0,5,1,0,false
C:\Users\Madhu\Downloads\FloorIsJava-master\src\Utilities\SuperSub.java,Utilities.SuperSub,"SuperSub/2[SuperClass,SubClass]",true,7,3,2,0,2,1,2,4,0,0,2,2,0,0,0,0,0,0,0,0,0,0,0,0,0,0,6,1,0,false
C:\Users\Madhu\Downloads\FloorIsJava-master\src\Utilities\SuperSub.java,Utilities.SuperSub,getSuperClassName/0,false,12,1,0,0,0,1,0,3,1,0,0,0,0,0,0,0,0,0,0,0,0,0,0,0,0,0,5,1,0,false
C:\Users\Madhu\Downloads\FloorIsJava-master\src\Utilities\SuperSub.java,Utilities.SuperSub,setSubClassName/1[SubClass],false,24,1,0,0,0,1,0,3,0,0,1,0,0,0,0,0,0,0,0,0,1,0,0,0,0,0,5,1,0,false
C:\Users\Madhu\Downloads\FloorIsJava-master\src\Utilities\SuperSub.java,Utilities.SuperSub,getSubClassName/0,false,20,1,0,0,0,1,0,3,1,0,0,0,0,0,0,0,0,0,0,0,0,0,0,0,0,0,5,1,0,false
C:\Users\Madhu\Downloads\FloorIsJava-master\src\FileProcessing\FileHandler.java,FileProcessing.FileHandler,addNewFile/1[java.nio.file.Path],false,17,1,2,1,1,2,3,3,0,0,1,3,1,1,0,0,0,0,0,0,0,0,1,0,0,0,8,9,0,false
C:\Users\Madhu\Downloads\FloorIsJava-master\src\FileProcessing\FileHandler.java,FileProcessing.FileHandler,removeExtension/1[java.lang.String],false,37,0,13,13,0,1,2,3,1,0,1,2,0,0,0,0,0,0,2,0,0,0,0,0,0,0,4,9,0,false
C:\Users\Madhu\Downloads\FloorIsJava-master\src\FileProcessing\FileHandler.java,FileProcessing.FileHandler,isFileTypeJava/1[java.lang.String],false,21,0,1,1,0,2,1,6,2,0,1,1,0,0,0,0,0,0,1,0,0,0,2,0,0,0,7,9,0,false
C:\Users\Madhu\Downloads\FloorIsJava-master\src\FileProcessing\FileHandler.java,FileProcessing.FileHandler,getClasses/0,false,28,0,1,1,0,2,4,7,1,1,0,4,0,0,1,0,0,0,2,0,1,0,1,0,0,0,8,9,0,false
C:\Users\Madhu\Downloads\FloorIsJava-master\src\FileProcessing\FileHandler.java,FileProcessing.FileHandler,"getClassObject/2[java.lang.String,java.lang.String]",false,41,0,0,0,0,1,4,4,1,1,2,4,0,0,0,0,0,0,1,1,1,0,0,0,0,0,7,9,0,false
C:\Users\Madhu\Downloads\FloorIsJava-master\src\FileProcessing\FileHandler.java,FileProcessing.FileHandler,getSuperclass/1[java.lang.String],false,46,0,1,1,0,1,4,4,1,1,1,4,0,0,0,0,0,0,2,1,1,0,0,0,0,0,5,9,0,false
C:\Users\Madhu\Downloads\FloorIsJava-master\src\Utilities\ClassMethod.java,Utilities.ClassMethod,setMethodName/1[Method],false,17,1,0,0,0,1,0,3,0,0,1,0,0,0,0,0,0,0,0,0,1,0,0,0,0,0,4,1,0,false
C:\Users\Madhu\Downloads\FloorIsJava-master\src\Utilities\ClassMethod.java,Utilities.ClassMethod,setClassName/1[Class],false,25,1,0,0,0,1,0,3,0,0,1,0,0,0,0,0,0,0,0,0,1,0,0,0,0,0,4,1,0,false
C:\Users\Madhu\Downloads\FloorIsJava-master\src\Utilities\ClassMethod.java,Utilities.ClassMethod,getMethodName/0,false,13,1,0,0,0,1,0,3,1,0,0,0,0,0,0,0,0,0,0,0,0,0,0,0,0,0,4,1,0,false
C:\Users\Madhu\Downloads\FloorIsJava-master\src\Utilities\ClassMethod.java,Utilities.ClassMethod,"ClassMethod/2[Class,Method]",true,8,3,2,0,2,1,2,4,0,0,2,2,0,0,0,0,0,0,0,0,0,0,0,0,0,0,5,1,0,false
C:\Users\Madhu\Downloads\FloorIsJava-master\src\Utilities\ClassMethod.java,Utilities.ClassMethod,getClassName/0,false,21,1,0,0,0,1,0,3,1,0,0,0,0,0,0,0,0,0,0,0,0,0,0,0,0,0,4,1,0,false
C:\Users\Madhu\Downloads\FloorIsJava-master\src\DataOnlyClass\DataOnlyClass.java,DataOnlyClass.DataOnlyClass,report/0,false,26,0,0,0,0,1,0,2,0,0,0,0,0,0,0,0,0,0,0,0,0,0,0,0,0,0,1,1,0,false
C:\Users\Madhu\Downloads\FloorIsJava-master\src\DataOnlyClass\DataOnlyClass.java,DataOnlyClass.DataOnlyClass,DataOnlyClass/0,true,12,0,2,1,1,1,1,7,0,0,0,1,0,0,0,0,0,0,0,0,0,0,0,1,0,0,9,1,0,false
C:\Users\Madhu\Downloads\FloorIsJava-master\src\DataOnlyClass\DataOnlyClass.java,DataOnlyClass.DataOnlyClass,actionPerformed/1[java.awt.event.ActionEvent],false,21,0,0,0,0,1,0,2,0,0,1,0,0,0,0,0,0,0,0,0,0,0,0,0,0,0,5,1,0,false
C:\Users\Madhu\Downloads\FloorIsJava-master\src\InappropriateIntimacy\InappropriateIntimacy.java,InappropriateIntimacy.InappropriateIntimacy,getUnusedPublicMethods/0,false,52,2,2,1,1,1,1,4,1,0,0,1,1,5,0,0,0,0,0,0,0,0,0,0,0,0,6,1,0,false
C:\Users\Madhu\Downloads\FloorIsJava-master\src\InappropriateIntimacy\InappropriateIntimacy.java,InappropriateIntimacy.InappropriateIntimacy,actionPerformed/1[java.awt.event.ActionEvent],false,36,1,1,0,1,1,1,3,0,0,1,1,1,5,0,0,0,0,0,0,0,0,0,0,0,0,6,1,0,false
C:\Users\Madhu\Downloads\FloorIsJava-master\src\InappropriateIntimacy\InappropriateIntimacy.java,InappropriateIntimacy.InappropriateIntimacy,checkPublicMethods/0,false,132,4,7,1,6,16,14,22,0,3,0,14,1,1,2,1,1,2,0,0,3,0,8,0,0,0,17,2,0,false
C:\Users\Madhu\Downloads\FloorIsJava-master\src\InappropriateIntimacy\InappropriateIntimacy.java,InappropriateIntimacy.InappropriateIntimacy,print/0,false,67,2,4,1,3,5,4,15,0,0,0,4,1,5,4,0,0,0,4,0,0,4,1,0,0,0,8,1,0,false
C:\Users\Madhu\Downloads\FloorIsJava-master\src\InappropriateIntimacy\InappropriateIntimacy.java,InappropriateIntimacy.InappropriateIntimacy,lookForObjects/0,false,84,4,12,1,11,11,17,30,0,4,0,17,1,1,3,1,1,1,1,0,4,1,9,0,0,0,21,2,0,false
C:\Users\Madhu\Downloads\FloorIsJava-master\src\InappropriateIntimacy\InappropriateIntimacy.java,InappropriateIntimacy.InappropriateIntimacy,getUnusedPublicVariables/0,false,62,2,2,1,1,1,1,4,1,0,0,1,1,5,0,0,0,0,0,0,0,0,0,0,0,0,6,1,0,false
C:\Users\Madhu\Downloads\FloorIsJava-master\src\InappropriateIntimacy\InappropriateIntimacy.java,InappropriateIntimacy.InappropriateIntimacy,getUnusedProtectedMethods/0,false,48,2,2,1,1,1,1,4,1,0,0,1,1,5,0,0,0,0,0,0,0,0,0,0,0,0,6,1,0,false
C:\Users\Madhu\Downloads\FloorIsJava-master\src\InappropriateIntimacy\InappropriateIntimacy.java,InappropriateIntimacy.InappropriateIntimacy,"getObject/2[java.lang.String,java.lang.String]",false,124,1,2,1,1,2,4,7,0,2,2,4,0,0,0,0,0,0,2,2,2,0,1,0,0,0,6,2,0,false
C:\Users\Madhu\Downloads\FloorIsJava-master\src\InappropriateIntimacy\InappropriateIntimacy.java,InappropriateIntimacy.InappropriateIntimacy,"isUsed/2[java.lang.String,java.lang.String]",false,190,1,4,2,2,4,4,10,2,0,2,4,0,0,1,0,0,0,0,0,0,0,3,0,0,0,10,2,0,false
C:\Users\Madhu\Downloads\FloorIsJava-master\src\InappropriateIntimacy\InappropriateIntimacy.java,InappropriateIntimacy.InappropriateIntimacy,getUnusedProtectedVariables/0,false,57,2,2,1,1,1,1,4,1,0,0,1,1,5,0,0,0,0,0,0,0,0,0,0,0,0,6,1,0,false
C:\Users\Madhu\Downloads\FloorIsJava-master\src\InappropriateIntimacy\InappropriateIntimacy.java,InappropriateIntimacy.InappropriateIntimacy,InappropriateIntimacy/0,true,27,0,3,2,1,1,1,8,0,0,0,1,0,0,0,0,0,0,0,0,0,0,0,1,0,0,9,1,0,false
C:\Users\Madhu\Downloads\FloorIsJava-master\src\InappropriateIntimacy\InappropriateIntimacy.java,InappropriateIntimacy.InappropriateIntimacy,checkPublicVariables/0,false,162,4,7,1,6,17,14,22,0,3,0,14,1,1,2,1,1,3,0,0,3,0,8,0,0,0,17,2,0,false
C:\Users\Madhu\Downloads\FloorIsJava-master\src\InappropriateIntimacy\InappropriateIntimacy.java,InappropriateIntimacy.InappropriateIntimacy,report/0,false,41,1,10,7,3,1,3,5,0,0,0,3,3,4,0,0,0,0,0,0,0,0,0,0,0,0,8,1,0,false
C:\Users\Madhu\Downloads\FloorIsJava-master\src\TooManyLiterals\TooManyLiterals.java,TooManyLiterals.TooManyLiterals,TooManyLiterals/0,true,12,0,2,1,1,1,1,7,0,0,0,1,0,0,0,0,0,0,0,0,0,0,0,1,0,0,9,1,0,false
C:\Users\Madhu\Downloads\FloorIsJava-master\src\TooManyLiterals\TooManyLiterals.java,TooManyLiterals.TooManyLiterals,report/0,false,26,0,0,0,0,1,0,2,0,0,0,0,0,0,0,0,0,0,0,0,0,0,0,0,0,0,1,1,0,false
C:\Users\Madhu\Downloads\FloorIsJava-master\src\TooManyLiterals\TooManyLiterals.java,TooManyLiterals.TooManyLiterals,actionPerformed/1[java.awt.event.ActionEvent],false,21,0,0,0,0,1,0,2,0,0,1,0,0,0,0,0,0,0,0,0,0,0,0,0,0,0,5,1,0,false
C:\Users\Madhu\Downloads\FloorIsJava-master\src\Utilities\FileParser.java,Utilities.FileParser,isClassDef/1[java.lang.String],false,31,0,1,1,0,5,1,8,2,0,1,1,0,0,1,0,0,0,1,0,0,0,2,0,0,0,8,9,0,false
C:\Users\Madhu\Downloads\FloorIsJava-master\src\Utilities\FileParser.java,Utilities.FileParser,getMethodDef/1[java.lang.String],false,12,0,2,2,0,1,4,5,1,2,1,4,0,0,0,0,0,0,1,2,2,1,0,0,0,0,6,9,0,false
C:\Users\Madhu\Downloads\FloorIsJava-master\src\Utilities\FileParser.java,Utilities.FileParser,isInterface/1[java.io.File],false,18,0,3,3,0,4,3,13,2,2,1,3,0,0,1,1,1,1,1,0,2,0,3,0,0,0,15,9,0,false
C:\Users\Madhu\Downloads\FloorIsJava-master\src\Utilities\FileParser.java,Utilities.FileParser,getVariableDef/1[java.lang.String],false,61,0,1,1,0,1,4,5,1,2,1,4,0,0,0,0,0,0,1,2,2,1,0,0,0,0,6,9,0,false
C:\Users\Madhu\Downloads\FloorIsJava-master\src\Utilities\FileParser.java,Utilities.FileParser,isComment/1[java.lang.String],false,54,0,4,4,0,2,2,6,2,0,1,2,0,0,0,0,0,0,1,0,0,0,1,0,0,0,5,9,0,false
C:\Users\Madhu\Downloads\FloorIsJava-master\src\Utilities\FileParser.java,Utilities.FileParser,"getMethodCall/2[java.lang.String,java.lang.String]",false,40,0,1,1,0,4,6,15,1,3,2,6,0,0,1,0,0,0,2,3,4,2,2,0,0,0,10,9,0,false
C:\Users\Madhu\Downloads\FloorIsJava-master\src\Utilities\ClassObjectTuple.java,Utilities.ClassObjectTuple,methodExists/1[java.lang.String],false,47,0,0,0,0,2,1,6,2,0,1,1,0,0,0,0,0,0,0,0,0,0,1,0,0,0,5,1,0,false
C:\Users\Madhu\Downloads\FloorIsJava-master\src\Utilities\ClassObjectTuple.java,Utilities.ClassObjectTuple,getObjectName/0,false,32,1,0,0,0,1,0,3,1,0,0,0,0,0,0,0,0,0,0,0,0,0,0,0,0,0,4,1,0,false
C:\Users\Madhu\Downloads\FloorIsJava-master\src\Utilities\ClassObjectTuple.java,Utilities.ClassObjectTuple,addMethodName/1[java.lang.String],false,17,0,0,0,0,1,1,3,0,0,1,1,0,0,0,0,0,0,0,0,0,0,0,0,0,0,4,1,0,false
C:\Users\Madhu\Downloads\FloorIsJava-master\src\Utilities\ClassObjectTuple.java,Utilities.ClassObjectTuple,setObjectName/1[ObjectName],false,36,1,0,0,0,1,0,3,0,0,1,0,0,0,0,0,0,0,0,0,1,0,0,0,0,0,4,1,0,false
C:\Users\Madhu\Downloads\FloorIsJava-master\src\Utilities\ClassObjectTuple.java,Utilities.ClassObjectTuple,getMethods/0,false,40,0,0,0,0,1,1,3,1,0,0,1,0,0,0,0,0,0,0,0,0,0,0,0,0,0,2,1,0,false
C:\Users\Madhu\Downloads\FloorIsJava-master\src\Utilities\ClassObjectTuple.java,Utilities.ClassObjectTuple,"ClassObjectTuple/2[ClassName,ObjectName]",true,11,3,2,0,2,1,2,5,0,0,2,2,0,0,0,0,0,0,0,0,1,0,0,0,0,0,6,1,0,false
C:\Users\Madhu\Downloads\FloorIsJava-master\src\Utilities\ClassObjectTuple.java,Utilities.ClassObjectTuple,getMethodsList/0,false,43,0,0,0,0,1,0,3,1,0,0,0,0,0,0,0,0,0,0,0,0,0,0,0,0,0,4,1,0,false
C:\Users\Madhu\Downloads\FloorIsJava-master\src\Utilities\ClassObjectTuple.java,Utilities.ClassObjectTuple,getClassName/0,false,22,1,0,0,0,1,0,3,1,0,0,0,0,0,0,0,0,0,0,0,0,0,0,0,0,0,4,1,0,false
C:\Users\Madhu\Downloads\FloorIsJava-master\src\Utilities\ClassObjectTuple.java,Utilities.ClassObjectTuple,setClassName/1[ClassName],false,26,1,0,0,0,1,0,3,0,0,1,0,0,0,0,0,0,0,0,0,1,0,0,0,0,0,4,1,0,false
C:\Users\Madhu\Downloads\FloorIsJava-master\src\DeadCode\DeadCode.java,DeadCode.DeadCode$Anonymous1,actionPerformed/1[java.awt.event.ActionEvent],false,23,1,6,0,6,1,1,3,0,0,1,1,0,0,0,0,0,0,0,0,0,0,0,0,0,0,6,1,0,false
C:\Users\Madhu\Downloads\FloorIsJava-master\src\Utilities\Smells.java,Utilities.Smells,toString/0,false,7,0,0,0,0,1,0,1,0,0,0,0,0,0,0,0,0,0,0,0,0,0,0,0,0,0,2,1,0,false
C:\Users\Madhu\Downloads\FloorIsJava-master\src\Utilities\Smells.java,Utilities.Smells,report/0,false,8,0,0,0,0,1,0,1,0,0,0,0,0,0,0,0,0,0,0,0,0,0,0,0,0,0,1,1,0,false
C:\Users\Madhu\Downloads\FloorIsJava-master\src\DeadCode\DeadCode.java,DeadCode.DeadCode,report/0,false,34,3,8,1,7,1,7,20,1,2,0,7,1,2,0,0,0,0,13,0,14,6,0,0,0,0,21,1,0,false
C:\Users\Madhu\Downloads\FloorIsJava-master\src\DeadCode\DeadCode.java,DeadCode.DeadCode,checkPrivateVariables/0,false,314,4,7,0,7,21,16,55,0,11,0,16,3,1,5,2,2,2,4,4,14,0,8,0,0,0,34,2,0,false
C:\Users\Madhu\Downloads\FloorIsJava-master\src\DeadCode\DeadCode.java,DeadCode.DeadCode,getMethodDef/1[java.lang.String],false,508,0,3,3,0,1,4,5,1,2,1,4,0,0,0,0,0,0,1,2,2,1,0,0,0,0,6,2,0,false
C:\Users\Madhu\Downloads\FloorIsJava-master\src\DeadCode\DeadCode.java,DeadCode.DeadCode,actionPerformed/1[java.awt.event.ActionEvent],false,29,0,0,0,0,1,0,2,0,0,1,0,0,0,0,0,0,0,0,0,0,0,0,0,0,0,5,1,0,false
C:\Users\Madhu\Downloads\FloorIsJava-master\src\DeadCode\DeadCode.java,DeadCode.DeadCode,"checkProtectedMethods/1[java.util.List<Utilities.ClassMethod<java.lang.String,java.lang.String>>]",false,373,4,4,0,4,15,14,42,0,8,1,14,1,1,4,1,1,1,7,4,11,0,7,0,0,0,32,2,0,false
C:\Users\Madhu\Downloads\FloorIsJava-master\src\DeadCode\DeadCode.java,DeadCode.DeadCode,"checkIfMethodIsCalledInClass/3[java.util.List<Utilities.ClassMethod<java.lang.String,java.lang.String>>,java.lang.String,boolean]",false,64,4,7,1,6,36,16,93,1,13,3,16,2,1,6,4,3,2,14,6,22,4,8,0,0,0,42,2,0,false
C:\Users\Madhu\Downloads\FloorIsJava-master\src\DeadCode\DeadCode.java,DeadCode.DeadCode,"printDeadCodeLines/3[java.io.File,boolean[],java.lang.String]",false,468,1,7,7,0,6,4,24,1,5,3,4,0,0,1,0,1,0,4,1,9,2,4,0,0,0,20,2,0,false
C:\Users\Madhu\Downloads\FloorIsJava-master\src\DeadCode\DeadCode.java,DeadCode.DeadCode,isInterface/1[java.io.File],false,494,0,2,2,0,4,3,13,2,2,1,3,0,0,1,1,1,1,1,0,2,0,3,0,0,0,15,2,0,false
C:\Users\Madhu\Downloads\FloorIsJava-master\src\DeadCode\DeadCode.java,DeadCode.DeadCode,checkPrivateMethods/0,false,258,4,7,0,7,22,17,55,0,11,0,17,3,1,5,2,2,2,8,4,14,0,8,0,0,0,34,2,0,false
C:\Users\Madhu\Downloads\FloorIsJava-master\src\DeadCode\DeadCode.java,DeadCode.DeadCode,"checkPublicMethods/1[java.util.List<Utilities.ClassMethod<java.lang.String,java.lang.String>>]",false,169,4,4,0,4,15,14,42,0,8,1,14,1,1,4,1,1,1,7,4,11,0,7,0,0,0,32,2,0,false
C:\Users\Madhu\Downloads\FloorIsJava-master\src\DeadCode\DeadCode.java,DeadCode.DeadCode,"checkProtectedVariables/1[java.util.List<Utilities.ClassMethod<java.lang.String,java.lang.String>>]",false,417,4,4,0,4,14,13,42,0,8,1,13,1,1,4,1,1,1,3,4,11,0,7,0,0,0,32,2,0,false
C:\Users\Madhu\Downloads\FloorIsJava-master\src\DeadCode\DeadCode.java,DeadCode.DeadCode,DeadCode/0,true,20,0,2,1,1,1,1,8,0,0,0,1,0,0,0,0,0,0,0,0,0,0,0,1,0,0,9,1,0,false
C:\Users\Madhu\Downloads\FloorIsJava-master\src\DeadCode\DeadCode.java,DeadCode.DeadCode,"checkPublicVariables/1[java.util.List<Utilities.ClassMethod<java.lang.String,java.lang.String>>]",false,213,4,3,0,3,14,12,42,0,8,1,12,1,1,4,1,1,1,3,4,11,0,7,0,0,0,32,2,0,false
C:\Users\Madhu\Downloads\FloorIsJava-master\src\DuplicatedCode\DuplicatedCode.java,DuplicatedCode.DuplicatedCode$Anonymous1,actionPerformed/1[java.awt.event.ActionEvent],false,33,1,6,0,6,1,2,3,0,0,1,2,0,0,0,0,0,0,0,0,0,0,0,0,0,0,6,1,0,false
C:\Users\Madhu\Downloads\FloorIsJava-master\src\Run\Main.java,Run.Main$Anonymous1,windowClosing/1[java.awt.event.WindowEvent],false,24,0,0,0,0,1,1,3,0,0,1,1,0,0,0,0,0,0,0,1,0,0,0,0,0,0,5,1,0,false
C:\Users\Madhu\Downloads\FloorIsJava-master\src\TooManyLiterals\TooManyLiterals.java,TooManyLiterals.TooManyLiterals$Anonymous1,actionPerformed/1[java.awt.event.ActionEvent],false,15,0,6,0,6,1,0,2,0,0,1,0,0,0,0,0,0,0,0,0,0,0,0,0,0,0,5,1,0,false
C:\Users\Madhu\Downloads\FloorIsJava-master\src\BloatedClass\BloatedClass.java,BloatedClass.BloatedClass$Anonymous1,actionPerformed/1[java.awt.event.ActionEvent],false,44,1,6,0,6,1,1,3,0,0,1,1,0,0,0,0,0,0,0,0,0,0,0,0,0,0,6,1,0,false
C:\Users\Madhu\Downloads\FloorIsJava-master\src\DataOnlyClass\DataOnlyClass.java,DataOnlyClass.DataOnlyClass$Anonymous1,actionPerformed/1[java.awt.event.ActionEvent],false,15,0,6,0,6,1,0,2,0,0,1,0,0,0,0,0,0,0,0,0,0,0,0,0,0,0,5,1,0,false
C:\Users\Madhu\Downloads\FloorIsJava-master\src\GUI\JSmellChooser.java,GUI.JSmellChooser,JSmellChooser/0,true,29,9,10,1,9,1,3,30,0,0,0,3,0,0,0,0,0,0,9,2,9,0,0,0,0,0,30,1,0,false
C:\Users\Madhu\Downloads\FloorIsJava-master\src\LazyClass\LazyClass.java,LazyClass.LazyClass$Anonymous1,actionPerformed/1[java.awt.event.ActionEvent],false,15,0,6,0,6,1,0,2,0,0,1,0,0,0,0,0,0,0,0,0,0,0,0,0,0,0,5,1,0,false
C:\Users\Madhu\Downloads\FloorIsJava-master\src\GUI\JFileChooserUploader.java,GUI.JFileChooserUploader,actionPerformed/1[java.awt.event.ActionEvent],false,43,2,5,0,5,10,23,40,0,4,1,23,0,0,3,2,2,1,6,0,6,2,6,0,0,0,28,1,0,false
C:\Users\Madhu\Downloads\FloorIsJava-master\src\GUI\JFileChooserUploader.java,GUI.JFileChooserUploader,getPreferredSize/0,false,108,0,0,0,0,1,0,3,1,0,0,0,0,0,0,0,0,0,0,2,0,0,0,0,0,0,4,1,0,false
C:\Users\Madhu\Downloads\FloorIsJava-master\src\GUI\JFileChooserUploader.java,GUI.JFileChooserUploader,JFileChooserUploader/0,true,36,0,1,1,0,1,3,6,0,0,0,3,0,0,0,0,0,0,1,2,1,0,0,0,0,0,6,1,0,false
C:\Users\Madhu\Downloads\FloorIsJava-master\src\GodComplex\GodComplex.java,GodComplex.GodComplex,printResult/1[java.lang.String],false,40,0,1,1,0,3,0,12,0,0,1,0,0,0,0,0,0,0,10,2,6,4,1,0,0,0,28,1,0,false
C:\Users\Madhu\Downloads\FloorIsJava-master\src\GodComplex\GodComplex.java,GodComplex.GodComplex,countNumberOfLines/0,false,119,0,1,1,0,1,0,3,0,0,0,0,0,0,0,0,0,0,0,0,0,0,0,0,0,0,5,1,0,false
C:\Users\Madhu\Downloads\FloorIsJava-master\src\GodComplex\GodComplex.java,GodComplex.GodComplex,GodComplex/0,true,26,0,2,1,1,1,1,8,0,0,0,1,0,0,0,0,0,0,0,0,0,0,0,1,0,0,9,1,0,false
C:\Users\Madhu\Downloads\FloorIsJava-master\src\GodComplex\GodComplex.java,GodComplex.GodComplex,report/0,false,60,2,5,1,4,12,8,26,0,2,0,8,3,1,2,1,1,1,4,2,7,1,5,0,0,0,25,1,0,false
C:\Users\Madhu\Downloads\FloorIsJava-master\src\GodComplex\GodComplex.java,GodComplex.GodComplex,actionPerformed/1[java.awt.event.ActionEvent],false,126,0,0,0,0,1,0,2,0,0,1,0,0,0,0,0,0,0,0,0,0,0,0,0,0,0,5,1,0,false
C:\Users\Madhu\Downloads\FloorIsJava-master\src\GodComplex\GodComplex.java,GodComplex.GodComplex,countNumberOfMethods/0,false,113,0,1,1,0,1,0,3,0,0,0,0,0,0,0,0,0,0,0,0,0,0,0,0,0,0,5,1,0,false
