file,class,method,variable,usage
C:\Users\Madhu\Downloads\FloorIsJava-master\src\PrimtiveObsession\PrimitiveObsession.java,PrimtiveObsession.PrimitiveObsession$Anonymous1,actionPerformed/1[java.awt.event.ActionEvent],e,0
C:\Users\Madhu\Downloads\FloorIsJava-master\src\LazyClass\LazyClass.java,LazyClass.LazyClass,actionPerformed/1[java.awt.event.ActionEvent],e,0
C:\Users\Madhu\Downloads\FloorIsJava-master\src\Utilities\ClassVariable.java,Utilities.ClassVariable,setClassName/1[Class],className,2
C:\Users\Madhu\Downloads\FloorIsJava-master\src\Utilities\ClassVariable.java,Utilities.ClassVariable,"ClassVariable/2[Class,Variable]",variableName,1
C:\Users\Madhu\Downloads\FloorIsJava-master\src\Utilities\ClassVariable.java,Utilities.ClassVariable,"ClassVariable/2[Class,Variable]",className,1
C:\Users\Madhu\Downloads\FloorIsJava-master\src\Utilities\ClassVariable.java,Utilities.ClassVariable,setVariableName/1[Variable],variableName,2
C:\Users\Madhu\Downloads\FloorIsJava-master\src\BloatedClass\BloatedClass.java,BloatedClass.BloatedClass,checkLineForClosingCurlyBracket/1[java.lang.String],line,1
C:\Users\Madhu\Downloads\FloorIsJava-master\src\BloatedClass\BloatedClass.java,BloatedClass.BloatedClass,"checkSizeOfMethod/2[int,int]",sizeOfMethod,2
C:\Users\Madhu\Downloads\FloorIsJava-master\src\BloatedClass\BloatedClass.java,BloatedClass.BloatedClass,"checkSizeOfMethod/2[int,int]",start,1
C:\Users\Madhu\Downloads\FloorIsJava-master\src\BloatedClass\BloatedClass.java,BloatedClass.BloatedClass,"checkSizeOfMethod/2[int,int]",finish,1
C:\Users\Madhu\Downloads\FloorIsJava-master\src\BloatedClass\BloatedClass.java,BloatedClass.BloatedClass,lookForBloatedMethods/0,br,1
C:\Users\Madhu\Downloads\FloorIsJava-master\src\BloatedClass\BloatedClass.java,BloatedClass.BloatedClass,lookForBloatedMethods/0,e,3
C:\Users\Madhu\Downloads\FloorIsJava-master\src\BloatedClass\BloatedClass.java,BloatedClass.BloatedClass,lookForBloatedMethods/0,f,2
C:\Users\Madhu\Downloads\FloorIsJava-master\src\BloatedClass\BloatedClass.java,BloatedClass.BloatedClass,lookForBloatedMethods/0,openingBrackets,5
C:\Users\Madhu\Downloads\FloorIsJava-master\src\BloatedClass\BloatedClass.java,BloatedClass.BloatedClass,lookForBloatedMethods/0,line,9
C:\Users\Madhu\Downloads\FloorIsJava-master\src\BloatedClass\BloatedClass.java,BloatedClass.BloatedClass,lookForBloatedMethods/0,closingBrackets,5
C:\Users\Madhu\Downloads\FloorIsJava-master\src\BloatedClass\BloatedClass.java,BloatedClass.BloatedClass,printReport/0,cm,2
C:\Users\Madhu\Downloads\FloorIsJava-master\src\BloatedClass\BloatedClass.java,BloatedClass.BloatedClass,actionPerformed/1[java.awt.event.ActionEvent],e,0
C:\Users\Madhu\Downloads\FloorIsJava-master\src\BloatedClass\BloatedClass.java,BloatedClass.BloatedClass,checkLineForOpeningCurlyBracket/1[java.lang.String],line,1
C:\Users\Madhu\Downloads\FloorIsJava-master\src\BloatedClass\BloatedClass.java,BloatedClass.BloatedClass,checkAccessSpecifier/1[java.lang.String],line,3
C:\Users\Madhu\Downloads\FloorIsJava-master\src\GodComplex\GodComplex.java,GodComplex.GodComplex$Anonymous1,actionPerformed/1[java.awt.event.ActionEvent],e,0
C:\Users\Madhu\Downloads\FloorIsJava-master\src\Run\Main.java,Run.Main,main/1[java.lang.String[]],args,0
C:\Users\Madhu\Downloads\FloorIsJava-master\src\InappropriateIntimacy\InappropriateIntimacy.java,InappropriateIntimacy.InappropriateIntimacy$Anonymous1,actionPerformed/1[java.awt.event.ActionEvent],e,0
C:\Users\Madhu\Downloads\FloorIsJava-master\src\PrimtiveObsession\PrimitiveObsession.java,PrimtiveObsession.PrimitiveObsession,classCheck/1[java.lang.String],cd,2
C:\Users\Madhu\Downloads\FloorIsJava-master\src\PrimtiveObsession\PrimitiveObsession.java,PrimtiveObsession.PrimitiveObsession,classCheck/1[java.lang.String],line,3
C:\Users\Madhu\Downloads\FloorIsJava-master\src\PrimtiveObsession\PrimitiveObsession.java,PrimtiveObsession.PrimitiveObsession,classCheck/1[java.lang.String],classDefFound,2
C:\Users\Madhu\Downloads\FloorIsJava-master\src\PrimtiveObsession\PrimitiveObsession.java,PrimtiveObsession.PrimitiveObsession,actionPerformed/1[java.awt.event.ActionEvent],e,0
C:\Users\Madhu\Downloads\FloorIsJava-master\src\PrimtiveObsession\PrimitiveObsession.java,PrimtiveObsession.PrimitiveObsession,checkLines/0,br,1
C:\Users\Madhu\Downloads\FloorIsJava-master\src\PrimtiveObsession\PrimitiveObsession.java,PrimtiveObsession.PrimitiveObsession,checkLines/0,e,1
C:\Users\Madhu\Downloads\FloorIsJava-master\src\PrimtiveObsession\PrimitiveObsession.java,PrimtiveObsession.PrimitiveObsession,checkLines/0,f,1
C:\Users\Madhu\Downloads\FloorIsJava-master\src\PrimtiveObsession\PrimitiveObsession.java,PrimtiveObsession.PrimitiveObsession,checkLines/0,line,18
C:\Users\Madhu\Downloads\FloorIsJava-master\src\DuplicatedCode\DuplicatedCode.java,DuplicatedCode.DuplicatedCode,"addDuplicateLinesToWarningArray/3[int,java.util.ArrayList<java.lang.Integer>,java.util.ArrayList<java.lang.Integer>]",currentLineNums,2
C:\Users\Madhu\Downloads\FloorIsJava-master\src\DuplicatedCode\DuplicatedCode.java,DuplicatedCode.DuplicatedCode,"addDuplicateLinesToWarningArray/3[int,java.util.ArrayList<java.lang.Integer>,java.util.ArrayList<java.lang.Integer>]",duplicateSeparatedLineNums,2
C:\Users\Madhu\Downloads\FloorIsJava-master\src\DuplicatedCode\DuplicatedCode.java,DuplicatedCode.DuplicatedCode,"addDuplicateLinesToWarningArray/3[int,java.util.ArrayList<java.lang.Integer>,java.util.ArrayList<java.lang.Integer>]",currentLinesSize,2
C:\Users\Madhu\Downloads\FloorIsJava-master\src\DuplicatedCode\DuplicatedCode.java,DuplicatedCode.DuplicatedCode,"addDuplicateLinesToWarningArray/3[int,java.util.ArrayList<java.lang.Integer>,java.util.ArrayList<java.lang.Integer>]",i,7
C:\Users\Madhu\Downloads\FloorIsJava-master\src\DuplicatedCode\DuplicatedCode.java,DuplicatedCode.DuplicatedCode,convertActualToTotalLineNum/1[int],curlyLinesIndex,2
C:\Users\Madhu\Downloads\FloorIsJava-master\src\DuplicatedCode\DuplicatedCode.java,DuplicatedCode.DuplicatedCode,convertActualToTotalLineNum/1[int],commentedLinesIndex,3
C:\Users\Madhu\Downloads\FloorIsJava-master\src\DuplicatedCode\DuplicatedCode.java,DuplicatedCode.DuplicatedCode,convertActualToTotalLineNum/1[int],lineNum,5
C:\Users\Madhu\Downloads\FloorIsJava-master\src\DuplicatedCode\DuplicatedCode.java,DuplicatedCode.DuplicatedCode,convertActualToTotalLineNum/1[int],blankLinesIndex,4
C:\Users\Madhu\Downloads\FloorIsJava-master\src\DuplicatedCode\DuplicatedCode.java,DuplicatedCode.DuplicatedCode,convertActualToTotalLineNum/1[int],k,5
C:\Users\Madhu\Downloads\FloorIsJava-master\src\DuplicatedCode\DuplicatedCode.java,DuplicatedCode.DuplicatedCode,report/0,currConsecutive,2
C:\Users\Madhu\Downloads\FloorIsJava-master\src\DuplicatedCode\DuplicatedCode.java,DuplicatedCode.DuplicatedCode,report/0,currHazard,2
C:\Users\Madhu\Downloads\FloorIsJava-master\src\DuplicatedCode\DuplicatedCode.java,DuplicatedCode.DuplicatedCode,report/0,line,53
C:\Users\Madhu\Downloads\FloorIsJava-master\src\DuplicatedCode\DuplicatedCode.java,DuplicatedCode.DuplicatedCode,report/0,duplicateSeparatedLineNums,7
C:\Users\Madhu\Downloads\FloorIsJava-master\src\DuplicatedCode\DuplicatedCode.java,DuplicatedCode.DuplicatedCode,report/0,currLineFileIndex,4
C:\Users\Madhu\Downloads\FloorIsJava-master\src\DuplicatedCode\DuplicatedCode.java,DuplicatedCode.DuplicatedCode,report/0,duplicateSeparatedLines,5
C:\Users\Madhu\Downloads\FloorIsJava-master\src\DuplicatedCode\DuplicatedCode.java,DuplicatedCode.DuplicatedCode,report/0,br,2
C:\Users\Madhu\Downloads\FloorIsJava-master\src\DuplicatedCode\DuplicatedCode.java,DuplicatedCode.DuplicatedCode,report/0,totalNumLines,12
C:\Users\Madhu\Downloads\FloorIsJava-master\src\DuplicatedCode\DuplicatedCode.java,DuplicatedCode.DuplicatedCode,report/0,occurenceNum,5
C:\Users\Madhu\Downloads\FloorIsJava-master\src\DuplicatedCode\DuplicatedCode.java,DuplicatedCode.DuplicatedCode,report/0,resetIndex,1
C:\Users\Madhu\Downloads\FloorIsJava-master\src\DuplicatedCode\DuplicatedCode.java,DuplicatedCode.DuplicatedCode,report/0,currBad,1
C:\Users\Madhu\Downloads\FloorIsJava-master\src\DuplicatedCode\DuplicatedCode.java,DuplicatedCode.DuplicatedCode,report/0,currentFile,12
C:\Users\Madhu\Downloads\FloorIsJava-master\src\DuplicatedCode\DuplicatedCode.java,DuplicatedCode.DuplicatedCode,report/0,duplicateConsecutiveLines,5
C:\Users\Madhu\Downloads\FloorIsJava-master\src\DuplicatedCode\DuplicatedCode.java,DuplicatedCode.DuplicatedCode,report/0,fileLinesIndex,38
C:\Users\Madhu\Downloads\FloorIsJava-master\src\DuplicatedCode\DuplicatedCode.java,DuplicatedCode.DuplicatedCode,report/0,br0,4
C:\Users\Madhu\Downloads\FloorIsJava-master\src\DuplicatedCode\DuplicatedCode.java,DuplicatedCode.DuplicatedCode,report/0,fileNum,3
C:\Users\Madhu\Downloads\FloorIsJava-master\src\DuplicatedCode\DuplicatedCode.java,DuplicatedCode.DuplicatedCode,report/0,numLinesApart,3
C:\Users\Madhu\Downloads\FloorIsJava-master\src\DuplicatedCode\DuplicatedCode.java,DuplicatedCode.DuplicatedCode,report/0,e,1
C:\Users\Madhu\Downloads\FloorIsJava-master\src\DuplicatedCode\DuplicatedCode.java,DuplicatedCode.DuplicatedCode,report/0,f,3
C:\Users\Madhu\Downloads\FloorIsJava-master\src\DuplicatedCode\DuplicatedCode.java,DuplicatedCode.DuplicatedCode,report/0,actualNumLines,3
C:\Users\Madhu\Downloads\FloorIsJava-master\src\DuplicatedCode\DuplicatedCode.java,DuplicatedCode.DuplicatedCode,report/0,i,19
C:\Users\Madhu\Downloads\FloorIsJava-master\src\DuplicatedCode\DuplicatedCode.java,DuplicatedCode.DuplicatedCode,report/0,j,11
C:\Users\Madhu\Downloads\FloorIsJava-master\src\DuplicatedCode\DuplicatedCode.java,DuplicatedCode.DuplicatedCode,report/0,currentLineNums,12
C:\Users\Madhu\Downloads\FloorIsJava-master\src\DuplicatedCode\DuplicatedCode.java,DuplicatedCode.DuplicatedCode,report/0,currWarning,3
C:\Users\Madhu\Downloads\FloorIsJava-master\src\DuplicatedCode\DuplicatedCode.java,DuplicatedCode.DuplicatedCode,report/0,duplicateConsecutiveLineNums,4
C:\Users\Madhu\Downloads\FloorIsJava-master\src\DuplicatedCode\DuplicatedCode.java,DuplicatedCode.DuplicatedCode,report/0,currentLines,21
C:\Users\Madhu\Downloads\FloorIsJava-master\src\DuplicatedCode\DuplicatedCode.java,DuplicatedCode.DuplicatedCode,report/0,currLineIndex,7
C:\Users\Madhu\Downloads\FloorIsJava-master\src\DuplicatedCode\DuplicatedCode.java,DuplicatedCode.DuplicatedCode,"addDuplicateLinesToBadArray/3[int,java.util.ArrayList<java.lang.Integer>,java.util.ArrayList<java.lang.Integer>]",currentLineNums,2
C:\Users\Madhu\Downloads\FloorIsJava-master\src\DuplicatedCode\DuplicatedCode.java,DuplicatedCode.DuplicatedCode,"addDuplicateLinesToBadArray/3[int,java.util.ArrayList<java.lang.Integer>,java.util.ArrayList<java.lang.Integer>]",duplicateSeparatedLineNums,2
C:\Users\Madhu\Downloads\FloorIsJava-master\src\DuplicatedCode\DuplicatedCode.java,DuplicatedCode.DuplicatedCode,"addDuplicateLinesToBadArray/3[int,java.util.ArrayList<java.lang.Integer>,java.util.ArrayList<java.lang.Integer>]",currentLinesSize,2
C:\Users\Madhu\Downloads\FloorIsJava-master\src\DuplicatedCode\DuplicatedCode.java,DuplicatedCode.DuplicatedCode,"addDuplicateLinesToBadArray/3[int,java.util.ArrayList<java.lang.Integer>,java.util.ArrayList<java.lang.Integer>]",i,7
C:\Users\Madhu\Downloads\FloorIsJava-master\src\DuplicatedCode\DuplicatedCode.java,DuplicatedCode.DuplicatedCode,addConsecutiveLinesToConsecutiveArray/1[java.util.ArrayList<java.lang.Integer>],i,3
C:\Users\Madhu\Downloads\FloorIsJava-master\src\DuplicatedCode\DuplicatedCode.java,DuplicatedCode.DuplicatedCode,addConsecutiveLinesToConsecutiveArray/1[java.util.ArrayList<java.lang.Integer>],duplicateConsecutiveLineNums,2
C:\Users\Madhu\Downloads\FloorIsJava-master\src\DuplicatedCode\DuplicatedCode.java,DuplicatedCode.DuplicatedCode,actionPerformed/1[java.awt.event.ActionEvent],e,0
C:\Users\Madhu\Downloads\FloorIsJava-master\src\DuplicatedCode\DuplicatedCode.java,DuplicatedCode.DuplicatedCode,actionPerformed/1[java.awt.event.ActionEvent],k,3
C:\Users\Madhu\Downloads\FloorIsJava-master\src\DuplicatedCode\DuplicatedCode.java,DuplicatedCode.DuplicatedCode,"exitLoop/2[int,java.util.ArrayList<java.lang.String>]",file,1
C:\Users\Madhu\Downloads\FloorIsJava-master\src\DuplicatedCode\DuplicatedCode.java,DuplicatedCode.DuplicatedCode,"exitLoop/2[int,java.util.ArrayList<java.lang.String>]",lineNum,1
C:\Users\Madhu\Downloads\FloorIsJava-master\src\DuplicatedCode\DuplicatedCode.java,DuplicatedCode.DuplicatedCode,"addDuplicateLinesToHazardArray/3[int,java.util.ArrayList<java.lang.Integer>,java.util.ArrayList<java.lang.Integer>]",currentLineNums,2
C:\Users\Madhu\Downloads\FloorIsJava-master\src\DuplicatedCode\DuplicatedCode.java,DuplicatedCode.DuplicatedCode,"addDuplicateLinesToHazardArray/3[int,java.util.ArrayList<java.lang.Integer>,java.util.ArrayList<java.lang.Integer>]",duplicateSeparatedLineNums,2
C:\Users\Madhu\Downloads\FloorIsJava-master\src\DuplicatedCode\DuplicatedCode.java,DuplicatedCode.DuplicatedCode,"addDuplicateLinesToHazardArray/3[int,java.util.ArrayList<java.lang.Integer>,java.util.ArrayList<java.lang.Integer>]",currentLinesSize,1
C:\Users\Madhu\Downloads\FloorIsJava-master\src\DuplicatedCode\DuplicatedCode.java,DuplicatedCode.DuplicatedCode,"addDuplicateLinesToHazardArray/3[int,java.util.ArrayList<java.lang.Integer>,java.util.ArrayList<java.lang.Integer>]",i,7
C:\Users\Madhu\Downloads\FloorIsJava-master\src\Utilities\SuperSub.java,Utilities.SuperSub,setSuperClassName/1[SuperClass],superClassName,2
C:\Users\Madhu\Downloads\FloorIsJava-master\src\Utilities\SuperSub.java,Utilities.SuperSub,"SuperSub/2[SuperClass,SubClass]",subClassName,1
C:\Users\Madhu\Downloads\FloorIsJava-master\src\Utilities\SuperSub.java,Utilities.SuperSub,"SuperSub/2[SuperClass,SubClass]",superClassName,1
C:\Users\Madhu\Downloads\FloorIsJava-master\src\Utilities\SuperSub.java,Utilities.SuperSub,setSubClassName/1[SubClass],subClassName,2
C:\Users\Madhu\Downloads\FloorIsJava-master\src\FileProcessing\FileHandler.java,FileProcessing.FileHandler,addNewFile/1[java.nio.file.Path],path,2
C:\Users\Madhu\Downloads\FloorIsJava-master\src\FileProcessing\FileHandler.java,FileProcessing.FileHandler,removeExtension/1[java.lang.String],fileName,1
C:\Users\Madhu\Downloads\FloorIsJava-master\src\FileProcessing\FileHandler.java,FileProcessing.FileHandler,isFileTypeJava/1[java.lang.String],path,1
C:\Users\Madhu\Downloads\FloorIsJava-master\src\FileProcessing\FileHandler.java,FileProcessing.FileHandler,getClasses/0,path,1
C:\Users\Madhu\Downloads\FloorIsJava-master\src\FileProcessing\FileHandler.java,FileProcessing.FileHandler,getClasses/0,file,1
C:\Users\Madhu\Downloads\FloorIsJava-master\src\FileProcessing\FileHandler.java,FileProcessing.FileHandler,"getClassObject/2[java.lang.String,java.lang.String]",strArr,1
C:\Users\Madhu\Downloads\FloorIsJava-master\src\FileProcessing\FileHandler.java,FileProcessing.FileHandler,"getClassObject/2[java.lang.String,java.lang.String]",line,2
C:\Users\Madhu\Downloads\FloorIsJava-master\src\FileProcessing\FileHandler.java,FileProcessing.FileHandler,"getClassObject/2[java.lang.String,java.lang.String]",className,1
C:\Users\Madhu\Downloads\FloorIsJava-master\src\FileProcessing\FileHandler.java,FileProcessing.FileHandler,getSuperclass/1[java.lang.String],startIndex,1
C:\Users\Madhu\Downloads\FloorIsJava-master\src\FileProcessing\FileHandler.java,FileProcessing.FileHandler,getSuperclass/1[java.lang.String],line,2
C:\Users\Madhu\Downloads\FloorIsJava-master\src\Utilities\ClassMethod.java,Utilities.ClassMethod,setMethodName/1[Method],methodName,2
C:\Users\Madhu\Downloads\FloorIsJava-master\src\Utilities\ClassMethod.java,Utilities.ClassMethod,setClassName/1[Class],className,2
C:\Users\Madhu\Downloads\FloorIsJava-master\src\Utilities\ClassMethod.java,Utilities.ClassMethod,"ClassMethod/2[Class,Method]",methodName,1
C:\Users\Madhu\Downloads\FloorIsJava-master\src\Utilities\ClassMethod.java,Utilities.ClassMethod,"ClassMethod/2[Class,Method]",className,1
C:\Users\Madhu\Downloads\FloorIsJava-master\src\DataOnlyClass\DataOnlyClass.java,DataOnlyClass.DataOnlyClass,actionPerformed/1[java.awt.event.ActionEvent],e,0
C:\Users\Madhu\Downloads\FloorIsJava-master\src\InappropriateIntimacy\InappropriateIntimacy.java,InappropriateIntimacy.InappropriateIntimacy,actionPerformed/1[java.awt.event.ActionEvent],e,0
C:\Users\Madhu\Downloads\FloorIsJava-master\src\InappropriateIntimacy\InappropriateIntimacy.java,InappropriateIntimacy.InappropriateIntimacy,checkPublicMethods/0,br,1
C:\Users\Madhu\Downloads\FloorIsJava-master\src\InappropriateIntimacy\InappropriateIntimacy.java,InappropriateIntimacy.InappropriateIntimacy,checkPublicMethods/0,method,6
C:\Users\Madhu\Downloads\FloorIsJava-master\src\InappropriateIntimacy\InappropriateIntimacy.java,InappropriateIntimacy.InappropriateIntimacy,checkPublicMethods/0,e,1
C:\Users\Madhu\Downloads\FloorIsJava-master\src\InappropriateIntimacy\InappropriateIntimacy.java,InappropriateIntimacy.InappropriateIntimacy,checkPublicMethods/0,f,6
C:\Users\Madhu\Downloads\FloorIsJava-master\src\InappropriateIntimacy\InappropriateIntimacy.java,InappropriateIntimacy.InappropriateIntimacy,checkPublicMethods/0,line,9
C:\Users\Madhu\Downloads\FloorIsJava-master\src\InappropriateIntimacy\InappropriateIntimacy.java,InappropriateIntimacy.InappropriateIntimacy,print/0,cm,11
C:\Users\Madhu\Downloads\FloorIsJava-master\src\InappropriateIntimacy\InappropriateIntimacy.java,InappropriateIntimacy.InappropriateIntimacy,lookForObjects/0,br,1
C:\Users\Madhu\Downloads\FloorIsJava-master\src\InappropriateIntimacy\InappropriateIntimacy.java,InappropriateIntimacy.InappropriateIntimacy,lookForObjects/0,e,1
C:\Users\Madhu\Downloads\FloorIsJava-master\src\InappropriateIntimacy\InappropriateIntimacy.java,InappropriateIntimacy.InappropriateIntimacy,lookForObjects/0,f,5
C:\Users\Madhu\Downloads\FloorIsJava-master\src\InappropriateIntimacy\InappropriateIntimacy.java,InappropriateIntimacy.InappropriateIntimacy,lookForObjects/0,line,6
C:\Users\Madhu\Downloads\FloorIsJava-master\src\InappropriateIntimacy\InappropriateIntimacy.java,InappropriateIntimacy.InappropriateIntimacy,lookForObjects/0,cot,5
C:\Users\Madhu\Downloads\FloorIsJava-master\src\InappropriateIntimacy\InappropriateIntimacy.java,InappropriateIntimacy.InappropriateIntimacy,lookForObjects/0,methodName,2
C:\Users\Madhu\Downloads\FloorIsJava-master\src\InappropriateIntimacy\InappropriateIntimacy.java,InappropriateIntimacy.InappropriateIntimacy,lookForObjects/0,className,2
C:\Users\Madhu\Downloads\FloorIsJava-master\src\InappropriateIntimacy\InappropriateIntimacy.java,InappropriateIntimacy.InappropriateIntimacy,"getObject/2[java.lang.String,java.lang.String]",fileName,1
C:\Users\Madhu\Downloads\FloorIsJava-master\src\InappropriateIntimacy\InappropriateIntimacy.java,InappropriateIntimacy.InappropriateIntimacy,"getObject/2[java.lang.String,java.lang.String]",line,2
C:\Users\Madhu\Downloads\FloorIsJava-master\src\InappropriateIntimacy\InappropriateIntimacy.java,InappropriateIntimacy.InappropriateIntimacy,"getObject/2[java.lang.String,java.lang.String]",objectName,1
C:\Users\Madhu\Downloads\FloorIsJava-master\src\InappropriateIntimacy\InappropriateIntimacy.java,InappropriateIntimacy.InappropriateIntimacy,"getObject/2[java.lang.String,java.lang.String]",className,2
C:\Users\Madhu\Downloads\FloorIsJava-master\src\InappropriateIntimacy\InappropriateIntimacy.java,InappropriateIntimacy.InappropriateIntimacy,"isUsed/2[java.lang.String,java.lang.String]",cot,2
C:\Users\Madhu\Downloads\FloorIsJava-master\src\InappropriateIntimacy\InappropriateIntimacy.java,InappropriateIntimacy.InappropriateIntimacy,"isUsed/2[java.lang.String,java.lang.String]",className,1
C:\Users\Madhu\Downloads\FloorIsJava-master\src\InappropriateIntimacy\InappropriateIntimacy.java,InappropriateIntimacy.InappropriateIntimacy,"isUsed/2[java.lang.String,java.lang.String]",methodDef,1
C:\Users\Madhu\Downloads\FloorIsJava-master\src\InappropriateIntimacy\InappropriateIntimacy.java,InappropriateIntimacy.InappropriateIntimacy,checkPublicVariables/0,br,1
C:\Users\Madhu\Downloads\FloorIsJava-master\src\InappropriateIntimacy\InappropriateIntimacy.java,InappropriateIntimacy.InappropriateIntimacy,checkPublicVariables/0,e,1
C:\Users\Madhu\Downloads\FloorIsJava-master\src\InappropriateIntimacy\InappropriateIntimacy.java,InappropriateIntimacy.InappropriateIntimacy,checkPublicVariables/0,f,6
C:\Users\Madhu\Downloads\FloorIsJava-master\src\InappropriateIntimacy\InappropriateIntimacy.java,InappropriateIntimacy.InappropriateIntimacy,checkPublicVariables/0,line,10
C:\Users\Madhu\Downloads\FloorIsJava-master\src\InappropriateIntimacy\InappropriateIntimacy.java,InappropriateIntimacy.InappropriateIntimacy,checkPublicVariables/0,variable,6
C:\Users\Madhu\Downloads\FloorIsJava-master\src\TooManyLiterals\TooManyLiterals.java,TooManyLiterals.TooManyLiterals,actionPerformed/1[java.awt.event.ActionEvent],e,0
C:\Users\Madhu\Downloads\FloorIsJava-master\src\Utilities\FileParser.java,Utilities.FileParser,isClassDef/1[java.lang.String],line,3
C:\Users\Madhu\Downloads\FloorIsJava-master\src\Utilities\FileParser.java,Utilities.FileParser,isClassDef/1[java.lang.String],cName,1
C:\Users\Madhu\Downloads\FloorIsJava-master\src\Utilities\FileParser.java,Utilities.FileParser,getMethodDef/1[java.lang.String],cut,1
C:\Users\Madhu\Downloads\FloorIsJava-master\src\Utilities\FileParser.java,Utilities.FileParser,getMethodDef/1[java.lang.String],line,2
C:\Users\Madhu\Downloads\FloorIsJava-master\src\Utilities\FileParser.java,Utilities.FileParser,getMethodDef/1[java.lang.String],cutSplit,2
C:\Users\Madhu\Downloads\FloorIsJava-master\src\Utilities\FileParser.java,Utilities.FileParser,isInterface/1[java.io.File],br,1
C:\Users\Madhu\Downloads\FloorIsJava-master\src\Utilities\FileParser.java,Utilities.FileParser,isInterface/1[java.io.File],e,1
C:\Users\Madhu\Downloads\FloorIsJava-master\src\Utilities\FileParser.java,Utilities.FileParser,isInterface/1[java.io.File],f,1
C:\Users\Madhu\Downloads\FloorIsJava-master\src\Utilities\FileParser.java,Utilities.FileParser,isInterface/1[java.io.File],line,2
C:\Users\Madhu\Downloads\FloorIsJava-master\src\Utilities\FileParser.java,Utilities.FileParser,getVariableDef/1[java.lang.String],cut,1
C:\Users\Madhu\Downloads\FloorIsJava-master\src\Utilities\FileParser.java,Utilities.FileParser,getVariableDef/1[java.lang.String],line,2
C:\Users\Madhu\Downloads\FloorIsJava-master\src\Utilities\FileParser.java,Utilities.FileParser,getVariableDef/1[java.lang.String],cutSplit,2
C:\Users\Madhu\Downloads\FloorIsJava-master\src\Utilities\FileParser.java,Utilities.FileParser,isComment/1[java.lang.String],line,1
C:\Users\Madhu\Downloads\FloorIsJava-master\src\Utilities\FileParser.java,Utilities.FileParser,"getMethodCall/2[java.lang.String,java.lang.String]",startIndex,1
C:\Users\Madhu\Downloads\FloorIsJava-master\src\Utilities\FileParser.java,Utilities.FileParser,"getMethodCall/2[java.lang.String,java.lang.String]",cut,5
C:\Users\Madhu\Downloads\FloorIsJava-master\src\Utilities\FileParser.java,Utilities.FileParser,"getMethodCall/2[java.lang.String,java.lang.String]",c,2
C:\Users\Madhu\Downloads\FloorIsJava-master\src\Utilities\FileParser.java,Utilities.FileParser,"getMethodCall/2[java.lang.String,java.lang.String]",line,2
C:\Users\Madhu\Downloads\FloorIsJava-master\src\Utilities\FileParser.java,Utilities.FileParser,"getMethodCall/2[java.lang.String,java.lang.String]",objectName,1
C:\Users\Madhu\Downloads\FloorIsJava-master\src\Utilities\FileParser.java,Utilities.FileParser,"getMethodCall/2[java.lang.String,java.lang.String]",index,2
C:\Users\Madhu\Downloads\FloorIsJava-master\src\Utilities\ClassObjectTuple.java,Utilities.ClassObjectTuple,methodExists/1[java.lang.String],methodName,1
C:\Users\Madhu\Downloads\FloorIsJava-master\src\Utilities\ClassObjectTuple.java,Utilities.ClassObjectTuple,addMethodName/1[java.lang.String],methodName,1
C:\Users\Madhu\Downloads\FloorIsJava-master\src\Utilities\ClassObjectTuple.java,Utilities.ClassObjectTuple,setObjectName/1[ObjectName],objectName,2
C:\Users\Madhu\Downloads\FloorIsJava-master\src\Utilities\ClassObjectTuple.java,Utilities.ClassObjectTuple,"ClassObjectTuple/2[ClassName,ObjectName]",objectName,1
C:\Users\Madhu\Downloads\FloorIsJava-master\src\Utilities\ClassObjectTuple.java,Utilities.ClassObjectTuple,"ClassObjectTuple/2[ClassName,ObjectName]",className,1
C:\Users\Madhu\Downloads\FloorIsJava-master\src\Utilities\ClassObjectTuple.java,Utilities.ClassObjectTuple,setClassName/1[ClassName],className,2
C:\Users\Madhu\Downloads\FloorIsJava-master\src\DeadCode\DeadCode.java,DeadCode.DeadCode$Anonymous1,actionPerformed/1[java.awt.event.ActionEvent],e,0
C:\Users\Madhu\Downloads\FloorIsJava-master\src\DeadCode\DeadCode.java,DeadCode.DeadCode,report/0,II,5
C:\Users\Madhu\Downloads\FloorIsJava-master\src\DeadCode\DeadCode.java,DeadCode.DeadCode,report/0,output,14
C:\Users\Madhu\Downloads\FloorIsJava-master\src\DeadCode\DeadCode.java,DeadCode.DeadCode,checkPrivateVariables/0,br,3
C:\Users\Madhu\Downloads\FloorIsJava-master\src\DeadCode\DeadCode.java,DeadCode.DeadCode,checkPrivateVariables/0,definiteDeadCodeArray,2
C:\Users\Madhu\Downloads\FloorIsJava-master\src\DeadCode\DeadCode.java,DeadCode.DeadCode,checkPrivateVariables/0,variables,2
C:\Users\Madhu\Downloads\FloorIsJava-master\src\DeadCode\DeadCode.java,DeadCode.DeadCode,checkPrivateVariables/0,cv,2
C:\Users\Madhu\Downloads\FloorIsJava-master\src\DeadCode\DeadCode.java,DeadCode.DeadCode,checkPrivateVariables/0,e,3
C:\Users\Madhu\Downloads\FloorIsJava-master\src\DeadCode\DeadCode.java,DeadCode.DeadCode,checkPrivateVariables/0,f,9
C:\Users\Madhu\Downloads\FloorIsJava-master\src\DeadCode\DeadCode.java,DeadCode.DeadCode,checkPrivateVariables/0,line,13
C:\Users\Madhu\Downloads\FloorIsJava-master\src\DeadCode\DeadCode.java,DeadCode.DeadCode,checkPrivateVariables/0,possibleOccurenceLineNums,5
C:\Users\Madhu\Downloads\FloorIsJava-master\src\DeadCode\DeadCode.java,DeadCode.DeadCode,checkPrivateVariables/0,lineIndex,2
C:\Users\Madhu\Downloads\FloorIsJava-master\src\DeadCode\DeadCode.java,DeadCode.DeadCode,checkPrivateVariables/0,i,3
C:\Users\Madhu\Downloads\FloorIsJava-master\src\DeadCode\DeadCode.java,DeadCode.DeadCode,checkPrivateVariables/0,possibleOccurenceArray,2
C:\Users\Madhu\Downloads\FloorIsJava-master\src\DeadCode\DeadCode.java,DeadCode.DeadCode,checkPrivateVariables/0,definiteOccurence,2
C:\Users\Madhu\Downloads\FloorIsJava-master\src\DeadCode\DeadCode.java,DeadCode.DeadCode,getMethodDef/1[java.lang.String],cut,1
C:\Users\Madhu\Downloads\FloorIsJava-master\src\DeadCode\DeadCode.java,DeadCode.DeadCode,getMethodDef/1[java.lang.String],line,2
C:\Users\Madhu\Downloads\FloorIsJava-master\src\DeadCode\DeadCode.java,DeadCode.DeadCode,getMethodDef/1[java.lang.String],cutSplit,2
C:\Users\Madhu\Downloads\FloorIsJava-master\src\DeadCode\DeadCode.java,DeadCode.DeadCode,actionPerformed/1[java.awt.event.ActionEvent],e,0
C:\Users\Madhu\Downloads\FloorIsJava-master\src\DeadCode\DeadCode.java,DeadCode.DeadCode,"checkProtectedMethods/1[java.util.List<Utilities.ClassMethod<java.lang.String,java.lang.String>>]",br,1
C:\Users\Madhu\Downloads\FloorIsJava-master\src\DeadCode\DeadCode.java,DeadCode.DeadCode,"checkProtectedMethods/1[java.util.List<Utilities.ClassMethod<java.lang.String,java.lang.String>>]",definiteDeadCodeArray,2
C:\Users\Madhu\Downloads\FloorIsJava-master\src\DeadCode\DeadCode.java,DeadCode.DeadCode,"checkProtectedMethods/1[java.util.List<Utilities.ClassMethod<java.lang.String,java.lang.String>>]",e,1
C:\Users\Madhu\Downloads\FloorIsJava-master\src\DeadCode\DeadCode.java,DeadCode.DeadCode,"checkProtectedMethods/1[java.util.List<Utilities.ClassMethod<java.lang.String,java.lang.String>>]",f,6
C:\Users\Madhu\Downloads\FloorIsJava-master\src\DeadCode\DeadCode.java,DeadCode.DeadCode,"checkProtectedMethods/1[java.util.List<Utilities.ClassMethod<java.lang.String,java.lang.String>>]",line,7
C:\Users\Madhu\Downloads\FloorIsJava-master\src\DeadCode\DeadCode.java,DeadCode.DeadCode,"checkProtectedMethods/1[java.util.List<Utilities.ClassMethod<java.lang.String,java.lang.String>>]",possibleOccurenceLineNums,5
C:\Users\Madhu\Downloads\FloorIsJava-master\src\DeadCode\DeadCode.java,DeadCode.DeadCode,"checkProtectedMethods/1[java.util.List<Utilities.ClassMethod<java.lang.String,java.lang.String>>]",lineIndex,2
C:\Users\Madhu\Downloads\FloorIsJava-master\src\DeadCode\DeadCode.java,DeadCode.DeadCode,"checkProtectedMethods/1[java.util.List<Utilities.ClassMethod<java.lang.String,java.lang.String>>]",i,3
C:\Users\Madhu\Downloads\FloorIsJava-master\src\DeadCode\DeadCode.java,DeadCode.DeadCode,"checkProtectedMethods/1[java.util.List<Utilities.ClassMethod<java.lang.String,java.lang.String>>]",unused,1
C:\Users\Madhu\Downloads\FloorIsJava-master\src\DeadCode\DeadCode.java,DeadCode.DeadCode,"checkProtectedMethods/1[java.util.List<Utilities.ClassMethod<java.lang.String,java.lang.String>>]",cm,3
C:\Users\Madhu\Downloads\FloorIsJava-master\src\DeadCode\DeadCode.java,DeadCode.DeadCode,"checkProtectedMethods/1[java.util.List<Utilities.ClassMethod<java.lang.String,java.lang.String>>]",possibleOccurenceArray,2
C:\Users\Madhu\Downloads\FloorIsJava-master\src\DeadCode\DeadCode.java,DeadCode.DeadCode,"checkProtectedMethods/1[java.util.List<Utilities.ClassMethod<java.lang.String,java.lang.String>>]",definiteOccurence,2
C:\Users\Madhu\Downloads\FloorIsJava-master\src\DeadCode\DeadCode.java,DeadCode.DeadCode,"checkIfMethodIsCalledInClass/3[java.util.List<Utilities.ClassMethod<java.lang.String,java.lang.String>>,java.lang.String,boolean]",e,5
C:\Users\Madhu\Downloads\FloorIsJava-master\src\DeadCode\DeadCode.java,DeadCode.DeadCode,"checkIfMethodIsCalledInClass/3[java.util.List<Utilities.ClassMethod<java.lang.String,java.lang.String>>,java.lang.String,boolean]",f,14
C:\Users\Madhu\Downloads\FloorIsJava-master\src\DeadCode\DeadCode.java,DeadCode.DeadCode,"checkIfMethodIsCalledInClass/3[java.util.List<Utilities.ClassMethod<java.lang.String,java.lang.String>>,java.lang.String,boolean]",line,23
C:\Users\Madhu\Downloads\FloorIsJava-master\src\DeadCode\DeadCode.java,DeadCode.DeadCode,"checkIfMethodIsCalledInClass/3[java.util.List<Utilities.ClassMethod<java.lang.String,java.lang.String>>,java.lang.String,boolean]",possibleOccurenceLineNums,6
C:\Users\Madhu\Downloads\FloorIsJava-master\src\DeadCode\DeadCode.java,DeadCode.DeadCode,"checkIfMethodIsCalledInClass/3[java.util.List<Utilities.ClassMethod<java.lang.String,java.lang.String>>,java.lang.String,boolean]",lineIndex,4
C:\Users\Madhu\Downloads\FloorIsJava-master\src\DeadCode\DeadCode.java,DeadCode.DeadCode,"checkIfMethodIsCalledInClass/3[java.util.List<Utilities.ClassMethod<java.lang.String,java.lang.String>>,java.lang.String,boolean]",i,3
C:\Users\Madhu\Downloads\FloorIsJava-master\src\DeadCode\DeadCode.java,DeadCode.DeadCode,"checkIfMethodIsCalledInClass/3[java.util.List<Utilities.ClassMethod<java.lang.String,java.lang.String>>,java.lang.String,boolean]",cm,3
C:\Users\Madhu\Downloads\FloorIsJava-master\src\DeadCode\DeadCode.java,DeadCode.DeadCode,"checkIfMethodIsCalledInClass/3[java.util.List<Utilities.ClassMethod<java.lang.String,java.lang.String>>,java.lang.String,boolean]",possibleOccurenceArray,3
C:\Users\Madhu\Downloads\FloorIsJava-master\src\DeadCode\DeadCode.java,DeadCode.DeadCode,"checkIfMethodIsCalledInClass/3[java.util.List<Utilities.ClassMethod<java.lang.String,java.lang.String>>,java.lang.String,boolean]",accessSpecifier,9
C:\Users\Madhu\Downloads\FloorIsJava-master\src\DeadCode\DeadCode.java,DeadCode.DeadCode,"checkIfMethodIsCalledInClass/3[java.util.List<Utilities.ClassMethod<java.lang.String,java.lang.String>>,java.lang.String,boolean]",definiteOccurence,3
C:\Users\Madhu\Downloads\FloorIsJava-master\src\DeadCode\DeadCode.java,DeadCode.DeadCode,"checkIfMethodIsCalledInClass/3[java.util.List<Utilities.ClassMethod<java.lang.String,java.lang.String>>,java.lang.String,boolean]",str,5
C:\Users\Madhu\Downloads\FloorIsJava-master\src\DeadCode\DeadCode.java,DeadCode.DeadCode,"checkIfMethodIsCalledInClass/3[java.util.List<Utilities.ClassMethod<java.lang.String,java.lang.String>>,java.lang.String,boolean]",br,5
C:\Users\Madhu\Downloads\FloorIsJava-master\src\DeadCode\DeadCode.java,DeadCode.DeadCode,"checkIfMethodIsCalledInClass/3[java.util.List<Utilities.ClassMethod<java.lang.String,java.lang.String>>,java.lang.String,boolean]",definiteDeadCodeArray,3
C:\Users\Madhu\Downloads\FloorIsJava-master\src\DeadCode\DeadCode.java,DeadCode.DeadCode,"checkIfMethodIsCalledInClass/3[java.util.List<Utilities.ClassMethod<java.lang.String,java.lang.String>>,java.lang.String,boolean]",isMethod,3
C:\Users\Madhu\Downloads\FloorIsJava-master\src\DeadCode\DeadCode.java,DeadCode.DeadCode,"checkIfMethodIsCalledInClass/3[java.util.List<Utilities.ClassMethod<java.lang.String,java.lang.String>>,java.lang.String,boolean]",unused,4
C:\Users\Madhu\Downloads\FloorIsJava-master\src\DeadCode\DeadCode.java,DeadCode.DeadCode,"checkIfMethodIsCalledInClass/3[java.util.List<Utilities.ClassMethod<java.lang.String,java.lang.String>>,java.lang.String,boolean]",fileLength,3
C:\Users\Madhu\Downloads\FloorIsJava-master\src\DeadCode\DeadCode.java,DeadCode.DeadCode,"printDeadCodeLines/3[java.io.File,boolean[],java.lang.String]",str,4
C:\Users\Madhu\Downloads\FloorIsJava-master\src\DeadCode\DeadCode.java,DeadCode.DeadCode,"printDeadCodeLines/3[java.io.File,boolean[],java.lang.String]",br,2
C:\Users\Madhu\Downloads\FloorIsJava-master\src\DeadCode\DeadCode.java,DeadCode.DeadCode,"printDeadCodeLines/3[java.io.File,boolean[],java.lang.String]",DeadCodeArray,2
C:\Users\Madhu\Downloads\FloorIsJava-master\src\DeadCode\DeadCode.java,DeadCode.DeadCode,"printDeadCodeLines/3[java.io.File,boolean[],java.lang.String]",e,1
C:\Users\Madhu\Downloads\FloorIsJava-master\src\DeadCode\DeadCode.java,DeadCode.DeadCode,"printDeadCodeLines/3[java.io.File,boolean[],java.lang.String]",f,1
C:\Users\Madhu\Downloads\FloorIsJava-master\src\DeadCode\DeadCode.java,DeadCode.DeadCode,"printDeadCodeLines/3[java.io.File,boolean[],java.lang.String]",line,2
C:\Users\Madhu\Downloads\FloorIsJava-master\src\DeadCode\DeadCode.java,DeadCode.DeadCode,"printDeadCodeLines/3[java.io.File,boolean[],java.lang.String]",printMessage,3
C:\Users\Madhu\Downloads\FloorIsJava-master\src\DeadCode\DeadCode.java,DeadCode.DeadCode,"printDeadCodeLines/3[java.io.File,boolean[],java.lang.String]",i,3
C:\Users\Madhu\Downloads\FloorIsJava-master\src\DeadCode\DeadCode.java,DeadCode.DeadCode,"printDeadCodeLines/3[java.io.File,boolean[],java.lang.String]",message,1
C:\Users\Madhu\Downloads\FloorIsJava-master\src\DeadCode\DeadCode.java,DeadCode.DeadCode,isInterface/1[java.io.File],br,1
C:\Users\Madhu\Downloads\FloorIsJava-master\src\DeadCode\DeadCode.java,DeadCode.DeadCode,isInterface/1[java.io.File],e,1
C:\Users\Madhu\Downloads\FloorIsJava-master\src\DeadCode\DeadCode.java,DeadCode.DeadCode,isInterface/1[java.io.File],f,1
C:\Users\Madhu\Downloads\FloorIsJava-master\src\DeadCode\DeadCode.java,DeadCode.DeadCode,isInterface/1[java.io.File],line,2
C:\Users\Madhu\Downloads\FloorIsJava-master\src\DeadCode\DeadCode.java,DeadCode.DeadCode,checkPrivateMethods/0,br,3
C:\Users\Madhu\Downloads\FloorIsJava-master\src\DeadCode\DeadCode.java,DeadCode.DeadCode,checkPrivateMethods/0,definiteDeadCodeArray,2
C:\Users\Madhu\Downloads\FloorIsJava-master\src\DeadCode\DeadCode.java,DeadCode.DeadCode,checkPrivateMethods/0,e,3
C:\Users\Madhu\Downloads\FloorIsJava-master\src\DeadCode\DeadCode.java,DeadCode.DeadCode,checkPrivateMethods/0,f,9
C:\Users\Madhu\Downloads\FloorIsJava-master\src\DeadCode\DeadCode.java,DeadCode.DeadCode,checkPrivateMethods/0,methods,2
C:\Users\Madhu\Downloads\FloorIsJava-master\src\DeadCode\DeadCode.java,DeadCode.DeadCode,checkPrivateMethods/0,line,14
C:\Users\Madhu\Downloads\FloorIsJava-master\src\DeadCode\DeadCode.java,DeadCode.DeadCode,checkPrivateMethods/0,possibleOccurenceLineNums,5
C:\Users\Madhu\Downloads\FloorIsJava-master\src\DeadCode\DeadCode.java,DeadCode.DeadCode,checkPrivateMethods/0,lineIndex,2
C:\Users\Madhu\Downloads\FloorIsJava-master\src\DeadCode\DeadCode.java,DeadCode.DeadCode,checkPrivateMethods/0,i,3
C:\Users\Madhu\Downloads\FloorIsJava-master\src\DeadCode\DeadCode.java,DeadCode.DeadCode,checkPrivateMethods/0,cm,3
C:\Users\Madhu\Downloads\FloorIsJava-master\src\DeadCode\DeadCode.java,DeadCode.DeadCode,checkPrivateMethods/0,possibleOccurenceArray,2
C:\Users\Madhu\Downloads\FloorIsJava-master\src\DeadCode\DeadCode.java,DeadCode.DeadCode,checkPrivateMethods/0,definiteOccurence,2
C:\Users\Madhu\Downloads\FloorIsJava-master\src\DeadCode\DeadCode.java,DeadCode.DeadCode,"checkPublicMethods/1[java.util.List<Utilities.ClassMethod<java.lang.String,java.lang.String>>]",br,1
C:\Users\Madhu\Downloads\FloorIsJava-master\src\DeadCode\DeadCode.java,DeadCode.DeadCode,"checkPublicMethods/1[java.util.List<Utilities.ClassMethod<java.lang.String,java.lang.String>>]",definiteDeadCodeArray,2
C:\Users\Madhu\Downloads\FloorIsJava-master\src\DeadCode\DeadCode.java,DeadCode.DeadCode,"checkPublicMethods/1[java.util.List<Utilities.ClassMethod<java.lang.String,java.lang.String>>]",e,1
C:\Users\Madhu\Downloads\FloorIsJava-master\src\DeadCode\DeadCode.java,DeadCode.DeadCode,"checkPublicMethods/1[java.util.List<Utilities.ClassMethod<java.lang.String,java.lang.String>>]",f,6
C:\Users\Madhu\Downloads\FloorIsJava-master\src\DeadCode\DeadCode.java,DeadCode.DeadCode,"checkPublicMethods/1[java.util.List<Utilities.ClassMethod<java.lang.String,java.lang.String>>]",line,7
C:\Users\Madhu\Downloads\FloorIsJava-master\src\DeadCode\DeadCode.java,DeadCode.DeadCode,"checkPublicMethods/1[java.util.List<Utilities.ClassMethod<java.lang.String,java.lang.String>>]",possibleOccurenceLineNums,5
C:\Users\Madhu\Downloads\FloorIsJava-master\src\DeadCode\DeadCode.java,DeadCode.DeadCode,"checkPublicMethods/1[java.util.List<Utilities.ClassMethod<java.lang.String,java.lang.String>>]",lineIndex,2
C:\Users\Madhu\Downloads\FloorIsJava-master\src\DeadCode\DeadCode.java,DeadCode.DeadCode,"checkPublicMethods/1[java.util.List<Utilities.ClassMethod<java.lang.String,java.lang.String>>]",i,3
C:\Users\Madhu\Downloads\FloorIsJava-master\src\DeadCode\DeadCode.java,DeadCode.DeadCode,"checkPublicMethods/1[java.util.List<Utilities.ClassMethod<java.lang.String,java.lang.String>>]",unused,1
C:\Users\Madhu\Downloads\FloorIsJava-master\src\DeadCode\DeadCode.java,DeadCode.DeadCode,"checkPublicMethods/1[java.util.List<Utilities.ClassMethod<java.lang.String,java.lang.String>>]",cm,3
C:\Users\Madhu\Downloads\FloorIsJava-master\src\DeadCode\DeadCode.java,DeadCode.DeadCode,"checkPublicMethods/1[java.util.List<Utilities.ClassMethod<java.lang.String,java.lang.String>>]",possibleOccurenceArray,2
C:\Users\Madhu\Downloads\FloorIsJava-master\src\DeadCode\DeadCode.java,DeadCode.DeadCode,"checkPublicMethods/1[java.util.List<Utilities.ClassMethod<java.lang.String,java.lang.String>>]",definiteOccurence,2
C:\Users\Madhu\Downloads\FloorIsJava-master\src\DeadCode\DeadCode.java,DeadCode.DeadCode,"checkProtectedVariables/1[java.util.List<Utilities.ClassMethod<java.lang.String,java.lang.String>>]",br,1
C:\Users\Madhu\Downloads\FloorIsJava-master\src\DeadCode\DeadCode.java,DeadCode.DeadCode,"checkProtectedVariables/1[java.util.List<Utilities.ClassMethod<java.lang.String,java.lang.String>>]",definiteDeadCodeArray,2
C:\Users\Madhu\Downloads\FloorIsJava-master\src\DeadCode\DeadCode.java,DeadCode.DeadCode,"checkProtectedVariables/1[java.util.List<Utilities.ClassMethod<java.lang.String,java.lang.String>>]",cv,2
C:\Users\Madhu\Downloads\FloorIsJava-master\src\DeadCode\DeadCode.java,DeadCode.DeadCode,"checkProtectedVariables/1[java.util.List<Utilities.ClassMethod<java.lang.String,java.lang.String>>]",e,1
C:\Users\Madhu\Downloads\FloorIsJava-master\src\DeadCode\DeadCode.java,DeadCode.DeadCode,"checkProtectedVariables/1[java.util.List<Utilities.ClassMethod<java.lang.String,java.lang.String>>]",f,6
C:\Users\Madhu\Downloads\FloorIsJava-master\src\DeadCode\DeadCode.java,DeadCode.DeadCode,"checkProtectedVariables/1[java.util.List<Utilities.ClassMethod<java.lang.String,java.lang.String>>]",line,6
C:\Users\Madhu\Downloads\FloorIsJava-master\src\DeadCode\DeadCode.java,DeadCode.DeadCode,"checkProtectedVariables/1[java.util.List<Utilities.ClassMethod<java.lang.String,java.lang.String>>]",possibleOccurenceLineNums,5
C:\Users\Madhu\Downloads\FloorIsJava-master\src\DeadCode\DeadCode.java,DeadCode.DeadCode,"checkProtectedVariables/1[java.util.List<Utilities.ClassMethod<java.lang.String,java.lang.String>>]",lineIndex,2
C:\Users\Madhu\Downloads\FloorIsJava-master\src\DeadCode\DeadCode.java,DeadCode.DeadCode,"checkProtectedVariables/1[java.util.List<Utilities.ClassMethod<java.lang.String,java.lang.String>>]",i,3
C:\Users\Madhu\Downloads\FloorIsJava-master\src\DeadCode\DeadCode.java,DeadCode.DeadCode,"checkProtectedVariables/1[java.util.List<Utilities.ClassMethod<java.lang.String,java.lang.String>>]",unused,1
C:\Users\Madhu\Downloads\FloorIsJava-master\src\DeadCode\DeadCode.java,DeadCode.DeadCode,"checkProtectedVariables/1[java.util.List<Utilities.ClassMethod<java.lang.String,java.lang.String>>]",possibleOccurenceArray,2
C:\Users\Madhu\Downloads\FloorIsJava-master\src\DeadCode\DeadCode.java,DeadCode.DeadCode,"checkProtectedVariables/1[java.util.List<Utilities.ClassMethod<java.lang.String,java.lang.String>>]",definiteOccurence,2
C:\Users\Madhu\Downloads\FloorIsJava-master\src\DeadCode\DeadCode.java,DeadCode.DeadCode,"checkPublicVariables/1[java.util.List<Utilities.ClassMethod<java.lang.String,java.lang.String>>]",br,1
C:\Users\Madhu\Downloads\FloorIsJava-master\src\DeadCode\DeadCode.java,DeadCode.DeadCode,"checkPublicVariables/1[java.util.List<Utilities.ClassMethod<java.lang.String,java.lang.String>>]",definiteDeadCodeArray,2
C:\Users\Madhu\Downloads\FloorIsJava-master\src\DeadCode\DeadCode.java,DeadCode.DeadCode,"checkPublicVariables/1[java.util.List<Utilities.ClassMethod<java.lang.String,java.lang.String>>]",cv,2
C:\Users\Madhu\Downloads\FloorIsJava-master\src\DeadCode\DeadCode.java,DeadCode.DeadCode,"checkPublicVariables/1[java.util.List<Utilities.ClassMethod<java.lang.String,java.lang.String>>]",e,1
C:\Users\Madhu\Downloads\FloorIsJava-master\src\DeadCode\DeadCode.java,DeadCode.DeadCode,"checkPublicVariables/1[java.util.List<Utilities.ClassMethod<java.lang.String,java.lang.String>>]",f,6
C:\Users\Madhu\Downloads\FloorIsJava-master\src\DeadCode\DeadCode.java,DeadCode.DeadCode,"checkPublicVariables/1[java.util.List<Utilities.ClassMethod<java.lang.String,java.lang.String>>]",line,6
C:\Users\Madhu\Downloads\FloorIsJava-master\src\DeadCode\DeadCode.java,DeadCode.DeadCode,"checkPublicVariables/1[java.util.List<Utilities.ClassMethod<java.lang.String,java.lang.String>>]",possibleOccurenceLineNums,5
C:\Users\Madhu\Downloads\FloorIsJava-master\src\DeadCode\DeadCode.java,DeadCode.DeadCode,"checkPublicVariables/1[java.util.List<Utilities.ClassMethod<java.lang.String,java.lang.String>>]",lineIndex,2
C:\Users\Madhu\Downloads\FloorIsJava-master\src\DeadCode\DeadCode.java,DeadCode.DeadCode,"checkPublicVariables/1[java.util.List<Utilities.ClassMethod<java.lang.String,java.lang.String>>]",i,3
C:\Users\Madhu\Downloads\FloorIsJava-master\src\DeadCode\DeadCode.java,DeadCode.DeadCode,"checkPublicVariables/1[java.util.List<Utilities.ClassMethod<java.lang.String,java.lang.String>>]",unused,1
C:\Users\Madhu\Downloads\FloorIsJava-master\src\DeadCode\DeadCode.java,DeadCode.DeadCode,"checkPublicVariables/1[java.util.List<Utilities.ClassMethod<java.lang.String,java.lang.String>>]",possibleOccurenceArray,2
C:\Users\Madhu\Downloads\FloorIsJava-master\src\DeadCode\DeadCode.java,DeadCode.DeadCode,"checkPublicVariables/1[java.util.List<Utilities.ClassMethod<java.lang.String,java.lang.String>>]",definiteOccurence,2
C:\Users\Madhu\Downloads\FloorIsJava-master\src\DuplicatedCode\DuplicatedCode.java,DuplicatedCode.DuplicatedCode$Anonymous1,actionPerformed/1[java.awt.event.ActionEvent],e,0
C:\Users\Madhu\Downloads\FloorIsJava-master\src\Run\Main.java,Run.Main$Anonymous1,windowClosing/1[java.awt.event.WindowEvent],e,0
C:\Users\Madhu\Downloads\FloorIsJava-master\src\TooManyLiterals\TooManyLiterals.java,TooManyLiterals.TooManyLiterals$Anonymous1,actionPerformed/1[java.awt.event.ActionEvent],e,0
C:\Users\Madhu\Downloads\FloorIsJava-master\src\BloatedClass\BloatedClass.java,BloatedClass.BloatedClass$Anonymous1,actionPerformed/1[java.awt.event.ActionEvent],e,0
C:\Users\Madhu\Downloads\FloorIsJava-master\src\DataOnlyClass\DataOnlyClass.java,DataOnlyClass.DataOnlyClass$Anonymous1,actionPerformed/1[java.awt.event.ActionEvent],e,0
C:\Users\Madhu\Downloads\FloorIsJava-master\src\LazyClass\LazyClass.java,LazyClass.LazyClass$Anonymous1,actionPerformed/1[java.awt.event.ActionEvent],e,0
C:\Users\Madhu\Downloads\FloorIsJava-master\src\GUI\JFileChooserUploader.java,GUI.JFileChooserUploader,actionPerformed/1[java.awt.event.ActionEvent],p,1
C:\Users\Madhu\Downloads\FloorIsJava-master\src\GUI\JFileChooserUploader.java,GUI.JFileChooserUploader,actionPerformed/1[java.awt.event.ActionEvent],br,1
C:\Users\Madhu\Downloads\FloorIsJava-master\src\GUI\JFileChooserUploader.java,GUI.JFileChooserUploader,actionPerformed/1[java.awt.event.ActionEvent],e,0
C:\Users\Madhu\Downloads\FloorIsJava-master\src\GUI\JFileChooserUploader.java,GUI.JFileChooserUploader,actionPerformed/1[java.awt.event.ActionEvent],superClass,2
C:\Users\Madhu\Downloads\FloorIsJava-master\src\GUI\JFileChooserUploader.java,GUI.JFileChooserUploader,actionPerformed/1[java.awt.event.ActionEvent],f,2
C:\Users\Madhu\Downloads\FloorIsJava-master\src\GUI\JFileChooserUploader.java,GUI.JFileChooserUploader,actionPerformed/1[java.awt.event.ActionEvent],line,4
C:\Users\Madhu\Downloads\FloorIsJava-master\src\GUI\JFileChooserUploader.java,GUI.JFileChooserUploader,actionPerformed/1[java.awt.event.ActionEvent],pathList,2
C:\Users\Madhu\Downloads\FloorIsJava-master\src\GUI\JFileChooserUploader.java,GUI.JFileChooserUploader,actionPerformed/1[java.awt.event.ActionEvent],e1,3
C:\Users\Madhu\Downloads\FloorIsJava-master\src\GodComplex\GodComplex.java,GodComplex.GodComplex,printResult/1[java.lang.String],fileName,2
C:\Users\Madhu\Downloads\FloorIsJava-master\src\GodComplex\GodComplex.java,GodComplex.GodComplex,report/0,br,1
C:\Users\Madhu\Downloads\FloorIsJava-master\src\GodComplex\GodComplex.java,GodComplex.GodComplex,report/0,e,3
C:\Users\Madhu\Downloads\FloorIsJava-master\src\GodComplex\GodComplex.java,GodComplex.GodComplex,report/0,f,2
C:\Users\Madhu\Downloads\FloorIsJava-master\src\GodComplex\GodComplex.java,GodComplex.GodComplex,report/0,line,8
C:\Users\Madhu\Downloads\FloorIsJava-master\src\GodComplex\GodComplex.java,GodComplex.GodComplex,actionPerformed/1[java.awt.event.ActionEvent],arg0,0
