file,class,type,cbo,cboModified,fanin,fanout,wmc,dit,noc,rfc,lcom,lcom*,tcc,lcc,totalMethodsQty,staticMethodsQty,publicMethodsQty,privateMethodsQty,protectedMethodsQty,defaultMethodsQty,visibleMethodsQty,abstractMethodsQty,finalMethodsQty,synchronizedMethodsQty,totalFieldsQty,staticFieldsQty,publicFieldsQty,privateFieldsQty,protectedFieldsQty,defaultFieldsQty,finalFieldsQty,synchronizedFieldsQty,nosi,loc,returnQty,loopQty,comparisonsQty,tryCatchQty,parenthesizedExpsQty,stringLiteralsQty,numbersQty,assignmentsQty,mathOperationsQty,variablesQty,maxNestedBlocksQty,anonymousClassesQty,innerClassesQty,lambdasQty,uniqueWordsQty,modifiers,logStatementsQty
C:\Users\Madhu\Downloads\netchat-java-master\ChatClient\src\chatclient\ChatClient.java,chatclient.ChatClient,class,1,1,0,1,15,1,0,7,0,0.0,NaN,NaN,1,1,1,0,0,0,1,0,0,0,0,0,0,0,0,0,0,0,8,32,0,0,6,2,18,7,3,8,0,4,2,0,0,0,27,1,0
C:\Users\Madhu\Downloads\netchat-java-master\ChatClient\src\chatclient\Client.java,chatclient.Client$Anonymous12,anonymous,1,1,0,1,1,1,0,1,0,0.0,NaN,NaN,1,0,1,0,0,0,1,0,0,0,0,0,0,0,0,0,0,0,0,5,0,0,0,0,0,0,0,0,0,0,0,0,0,0,7,-1,0
C:\Users\Madhu\Downloads\netchat-java-master\ChatClient\src\chatclient\Client.java,chatclient.Client$Anonymous13,anonymous,0,0,0,0,1,1,0,1,0,0.0,NaN,NaN,1,0,1,0,0,0,1,0,0,0,0,0,0,0,0,0,0,0,0,5,0,0,0,0,0,1,0,0,0,0,0,0,0,0,5,-1,0
C:\Users\Madhu\Downloads\netchat-java-master\ChatClient\src\chatclient\Client.java,chatclient.Client$Anonymous14,anonymous,1,1,0,1,1,1,0,1,0,0.0,NaN,NaN,1,0,1,0,0,0,1,0,0,0,0,0,0,0,0,0,0,0,0,5,0,0,0,0,0,0,0,0,0,0,0,0,0,0,6,-1,0
C:\Users\Madhu\Downloads\netchat-java-master\ChatClient\src\chatclient\Client.java,chatclient.Client,class,3,19,16,3,39,6,0,95,307,0.94871783,NaN,NaN,26,0,1,25,0,0,1,0,0,0,27,0,0,27,0,0,0,0,18,368,2,1,2,7,0,46,15,37,5,36,2,15,0,0,145,1,0
C:\Users\Madhu\Downloads\netchat-java-master\ChatClient\src\chatclient\Client.java,chatclient.Client$Anonymous15,anonymous,1,1,0,1,1,1,0,1,0,0.0,NaN,NaN,1,0,1,0,0,0,1,0,0,0,0,0,0,0,0,0,0,0,0,5,0,0,0,0,0,1,0,0,1,0,0,0,0,0,3,-1,0
C:\Users\Madhu\Downloads\netchat-java-master\ChatServer\src\chat\Server.java,chat.Server$Anonymous1,anonymous,1,1,0,1,1,1,0,1,0,0.0,NaN,NaN,1,0,1,0,0,0,1,0,0,0,0,0,0,0,0,0,0,0,0,5,0,0,0,0,0,0,0,0,0,0,0,0,0,0,5,-1,0
C:\Users\Madhu\Downloads\netchat-java-master\ChatClient\src\chatclient\Client.java,chatclient.Client$Anonymous10,anonymous,1,1,0,1,1,1,0,1,0,0.0,NaN,NaN,1,0,1,0,0,0,1,0,0,0,0,0,0,0,0,0,0,0,0,5,0,0,0,0,0,0,0,0,0,0,0,0,0,0,7,-1,0
C:\Users\Madhu\Downloads\netchat-java-master\ChatClient\src\chatclient\Client.java,chatclient.Client$Anonymous11,anonymous,1,1,0,1,1,1,0,1,0,0.0,NaN,NaN,1,0,1,0,0,0,1,0,0,0,0,0,0,0,0,0,0,0,0,5,0,0,0,0,0,0,0,0,0,0,0,0,0,0,7,-1,0
C:\Users\Madhu\Downloads\netchat-java-master\ChatServer\src\chat\ChatServer.java,chat.ChatServer,class,1,1,0,1,15,1,0,8,0,0.0,NaN,NaN,1,1,1,0,0,0,1,0,0,0,1,1,0,1,0,0,0,0,7,31,0,0,6,2,18,6,3,7,0,3,2,0,0,0,30,1,0
C:\Users\Madhu\Downloads\netchat-java-master\ChatClient\src\chatclient\Client.java,chatclient.Client$Anonymous8,anonymous,1,1,0,1,1,1,0,1,0,0.0,NaN,NaN,1,0,1,0,0,0,1,0,0,0,0,0,0,0,0,0,0,0,0,5,0,0,0,0,0,0,0,0,0,0,0,0,0,0,7,-1,0
C:\Users\Madhu\Downloads\netchat-java-master\ChatClient\src\chatclient\About.java,chatclient.About,class,1,3,2,1,3,6,0,22,1,0.5,NaN,NaN,2,0,1,1,0,0,1,0,0,0,2,0,0,2,0,0,0,0,0,29,0,0,0,1,0,4,2,3,0,3,1,0,0,0,47,1,0
C:\Users\Madhu\Downloads\netchat-java-master\ChatClient\src\chatclient\Client.java,chatclient.Client$Anonymous7,anonymous,1,1,0,1,1,1,0,1,0,0.0,NaN,NaN,1,0,1,0,0,0,1,0,0,0,0,0,0,0,0,0,0,0,0,5,0,0,0,0,0,0,0,0,0,0,0,0,0,0,5,-1,0
C:\Users\Madhu\Downloads\netchat-java-master\ChatClient\src\chatclient\Client.java,chatclient.Client$Anonymous9,anonymous,1,1,0,1,1,1,0,1,0,0.0,NaN,NaN,1,0,1,0,0,0,1,0,0,0,0,0,0,0,0,0,0,0,0,5,0,0,0,0,0,0,0,0,0,0,0,0,0,0,7,-1,0
C:\Users\Madhu\Downloads\netchat-java-master\ChatClient\src\chatclient\Client.java,chatclient.Client$Anonymous4,anonymous,1,1,0,1,1,1,0,1,0,0.0,NaN,NaN,1,0,1,0,0,0,1,0,0,0,0,0,0,0,0,0,0,0,0,5,0,0,0,0,0,0,0,0,0,0,0,0,0,0,5,-1,0
C:\Users\Madhu\Downloads\netchat-java-master\ChatServer\src\chat\Server.java,chat.Server$Anonymous4,anonymous,1,1,0,1,1,1,0,1,0,0.0,NaN,NaN,1,0,1,0,0,0,1,0,0,0,0,0,0,0,0,0,0,0,0,5,0,0,0,0,0,0,0,0,0,0,0,0,0,0,5,-1,0
C:\Users\Madhu\Downloads\netchat-java-master\ChatClient\src\chatclient\Client.java,chatclient.Client$Anonymous3,anonymous,1,1,0,1,1,1,0,1,0,0.0,NaN,NaN,1,0,1,0,0,0,1,0,0,0,0,0,0,0,0,0,0,0,0,5,0,0,0,0,0,0,0,0,0,0,0,0,0,0,6,-1,0
C:\Users\Madhu\Downloads\netchat-java-master\ChatServer\src\chat\Server.java,chat.Server$Anonymous5,anonymous,1,1,0,1,1,1,0,1,0,0.0,NaN,NaN,1,0,1,0,0,0,1,0,0,0,0,0,0,0,0,0,0,0,0,5,0,0,0,0,0,0,0,0,0,0,0,0,0,0,7,-1,0
C:\Users\Madhu\Downloads\netchat-java-master\ChatClient\src\chatclient\Client.java,chatclient.Client$Anonymous6,anonymous,1,1,0,1,1,1,0,1,0,0.0,NaN,NaN,1,0,1,0,0,0,1,0,0,0,0,0,0,0,0,0,0,0,0,5,0,0,0,0,0,0,0,0,0,0,0,0,0,0,5,-1,0
C:\Users\Madhu\Downloads\netchat-java-master\ChatServer\src\chat\Server.java,chat.Server$Anonymous2,anonymous,1,1,0,1,1,1,0,1,0,0.0,NaN,NaN,1,0,1,0,0,0,1,0,0,0,0,0,0,0,0,0,0,0,0,5,0,0,0,0,0,0,0,0,0,0,0,0,0,0,5,-1,0
C:\Users\Madhu\Downloads\netchat-java-master\ChatServer\src\chat\Server.java,chat.Server,class,2,13,11,2,34,6,0,80,190,0.934524,NaN,NaN,21,0,1,20,0,0,1,0,0,0,24,0,0,24,0,0,0,0,9,300,1,2,1,8,0,42,13,34,5,32,3,9,0,0,124,1,0
C:\Users\Madhu\Downloads\netchat-java-master\ChatClient\src\chatclient\Client.java,chatclient.Client$Anonymous5,anonymous,1,1,0,1,1,1,0,1,0,0.0,NaN,NaN,1,0,1,0,0,0,1,0,0,0,0,0,0,0,0,0,0,0,0,5,0,0,0,0,0,0,0,0,0,0,0,0,0,0,5,-1,0
C:\Users\Madhu\Downloads\netchat-java-master\ChatClient\src\chatclient\Theme.java,chatclient.Theme,class,1,3,2,1,15,1,0,9,21,0.85714287,0.0,0.0,7,6,4,3,0,0,4,0,0,0,4,4,4,0,0,0,4,0,16,61,0,0,0,3,0,8,4,5,1,5,1,0,0,0,39,1,0
C:\Users\Madhu\Downloads\netchat-java-master\ChatServer\src\chat\Server.java,chat.Server$Anonymous3,anonymous,1,1,0,1,1,1,0,1,0,0.0,NaN,NaN,1,0,1,0,0,0,1,0,0,0,0,0,0,0,0,0,0,0,0,5,0,0,0,0,0,0,0,0,0,0,0,0,0,0,5,-1,0
C:\Users\Madhu\Downloads\netchat-java-master\ChatServer\src\chat\Theme.java,chat.Theme,class,1,3,2,1,15,1,0,9,21,0.85714287,0.0,0.0,7,6,4,3,0,0,4,0,0,0,4,4,4,0,0,0,4,0,16,61,0,0,0,3,0,8,4,5,1,5,1,0,0,0,39,1,0
C:\Users\Madhu\Downloads\netchat-java-master\ChatServer\src\chat\Server.java,chat.Server$Anonymous8,anonymous,1,1,0,1,1,1,0,1,0,0.0,NaN,NaN,1,0,1,0,0,0,1,0,0,0,0,0,0,0,0,0,0,0,0,5,0,0,0,0,0,0,0,0,0,0,0,0,0,0,7,-1,0
C:\Users\Madhu\Downloads\netchat-java-master\ChatServer\src\chat\Server.java,chat.Server$Anonymous9,anonymous,1,1,0,1,1,1,0,1,0,0.0,NaN,NaN,1,0,1,0,0,0,1,0,0,0,0,0,0,0,0,0,0,0,0,5,0,0,0,0,0,1,0,0,1,0,0,0,0,0,3,-1,0
C:\Users\Madhu\Downloads\netchat-java-master\ChatClient\src\chatclient\Client.java,chatclient.Client$Anonymous2,anonymous,1,1,0,1,1,1,0,1,0,0.0,NaN,NaN,1,0,1,0,0,0,1,0,0,0,0,0,0,0,0,0,0,0,0,5,0,0,0,0,0,0,0,0,0,0,0,0,0,0,6,-1,0
C:\Users\Madhu\Downloads\netchat-java-master\ChatServer\src\chat\Server.java,chat.Server$Anonymous6,anonymous,1,1,0,1,1,1,0,1,0,0.0,NaN,NaN,1,0,1,0,0,0,1,0,0,0,0,0,0,0,0,0,0,0,0,5,0,0,0,0,0,0,0,0,0,0,0,0,0,0,7,-1,0
C:\Users\Madhu\Downloads\netchat-java-master\ChatClient\src\chatclient\Client.java,chatclient.Client$Anonymous1,anonymous,1,1,0,1,1,1,0,1,0,0.0,NaN,NaN,1,0,1,0,0,0,1,0,0,0,0,0,0,0,0,0,0,0,0,5,0,0,0,0,0,0,0,0,0,0,0,0,0,0,5,-1,0
C:\Users\Madhu\Downloads\netchat-java-master\ChatServer\src\chat\Server.java,chat.Server$Anonymous7,anonymous,1,1,0,1,1,1,0,1,0,0.0,NaN,NaN,1,0,1,0,0,0,1,0,0,0,0,0,0,0,0,0,0,0,0,5,0,0,0,0,0,0,0,0,0,0,0,0,0,0,7,-1,0
