file,class,method,variable,usage
C:\Users\Madhu\Downloads\netchat-java-master\ChatClient\src\chatclient\Client.java,chatclient.Client,"Client/3[java.lang.String,java.lang.String,int]",port,3
C:\Users\Madhu\Downloads\netchat-java-master\ChatClient\src\chatclient\Client.java,chatclient.Client,"Client/3[java.lang.String,java.lang.String,int]",ip,1
C:\Users\Madhu\Downloads\netchat-java-master\ChatClient\src\chatclient\Client.java,chatclient.Client,"Client/3[java.lang.String,java.lang.String,int]",name,1
C:\Users\Madhu\Downloads\netchat-java-master\ChatClient\src\chatclient\Client.java,chatclient.Client,start/0,progress,2
C:\Users\Madhu\Downloads\netchat-java-master\ChatClient\src\chatclient\Client.java,chatclient.Client,progress/1[boolean],progress,2
C:\Users\Madhu\Downloads\netchat-java-master\ChatClient\src\chatclient\Client.java,chatclient.Client,initComponents/0,savebutton,7
C:\Users\Madhu\Downloads\netchat-java-master\ChatClient\src\chatclient\Client.java,chatclient.Client,initComponents/0,jMenu1,4
C:\Users\Madhu\Downloads\netchat-java-master\ChatClient\src\chatclient\Client.java,chatclient.Client,initComponents/0,jToolBar1,4
C:\Users\Madhu\Downloads\netchat-java-master\ChatClient\src\chatclient\Client.java,chatclient.Client,initComponents/0,filemenu,4
C:\Users\Madhu\Downloads\netchat-java-master\ChatClient\src\chatclient\Client.java,chatclient.Client,initComponents/0,exitmenuitem,5
C:\Users\Madhu\Downloads\netchat-java-master\ChatClient\src\chatclient\Client.java,chatclient.Client,initComponents/0,sendbutton,5
C:\Users\Madhu\Downloads\netchat-java-master\ChatClient\src\chatclient\Client.java,chatclient.Client,initComponents/0,themeMenu,7
C:\Users\Madhu\Downloads\netchat-java-master\ChatClient\src\chatclient\Client.java,chatclient.Client,initComponents/0,menubar,5
C:\Users\Madhu\Downloads\netchat-java-master\ChatClient\src\chatclient\Client.java,chatclient.Client,initComponents/0,jMenuItem1,5
C:\Users\Madhu\Downloads\netchat-java-master\ChatClient\src\chatclient\Client.java,chatclient.Client,initComponents/0,jMenuItem2,4
C:\Users\Madhu\Downloads\netchat-java-master\ChatClient\src\chatclient\Client.java,chatclient.Client,initComponents/0,jMenuItem3,4
C:\Users\Madhu\Downloads\netchat-java-master\ChatClient\src\chatclient\Client.java,chatclient.Client,initComponents/0,inputpanel,7
C:\Users\Madhu\Downloads\netchat-java-master\ChatClient\src\chatclient\Client.java,chatclient.Client,initComponents/0,scrollpane,3
C:\Users\Madhu\Downloads\netchat-java-master\ChatClient\src\chatclient\Client.java,chatclient.Client,initComponents/0,sendpane,5
C:\Users\Madhu\Downloads\netchat-java-master\ChatClient\src\chatclient\Client.java,chatclient.Client,initComponents/0,printPane,6
C:\Users\Madhu\Downloads\netchat-java-master\ChatClient\src\chatclient\Client.java,chatclient.Client,initComponents/0,progress,3
C:\Users\Madhu\Downloads\netchat-java-master\ChatClient\src\chatclient\Client.java,chatclient.Client,initComponents/0,msglabel,5
C:\Users\Madhu\Downloads\netchat-java-master\ChatClient\src\chatclient\Client.java,chatclient.Client,initComponents/0,jMenuItem4,4
C:\Users\Madhu\Downloads\netchat-java-master\ChatClient\src\chatclient\Client.java,chatclient.Client,initComponents/0,messagebox,5
C:\Users\Madhu\Downloads\netchat-java-master\ChatClient\src\chatclient\Client.java,chatclient.Client,initComponents/0,jMenuItem5,4
C:\Users\Madhu\Downloads\netchat-java-master\ChatClient\src\chatclient\Client.java,chatclient.Client,save/0,printPane,1
C:\Users\Madhu\Downloads\netchat-java-master\ChatClient\src\chatclient\Client.java,chatclient.Client,connectToServer/0,port,1
C:\Users\Madhu\Downloads\netchat-java-master\ChatClient\src\chatclient\Client.java,chatclient.Client,connectToServer/0,ip,1
C:\Users\Madhu\Downloads\netchat-java-master\ChatClient\src\chatclient\Client.java,chatclient.Client,connectToServer/0,progress,1
C:\Users\Madhu\Downloads\netchat-java-master\ChatClient\src\chatclient\Client.java,chatclient.Client,connectToServer/0,connection,2
C:\Users\Madhu\Downloads\netchat-java-master\ChatClient\src\chatclient\Client.java,chatclient.Client,setupStreams/0,output,2
C:\Users\Madhu\Downloads\netchat-java-master\ChatClient\src\chatclient\Client.java,chatclient.Client,setupStreams/0,input,1
C:\Users\Madhu\Downloads\netchat-java-master\ChatClient\src\chatclient\Client.java,chatclient.Client,setupStreams/0,connection,2
C:\Users\Madhu\Downloads\netchat-java-master\ChatClient\src\chatclient\Client.java,chatclient.Client,sendbuttonActionPerformed/1[java.awt.event.ActionEvent],progress,2
C:\Users\Madhu\Downloads\netchat-java-master\ChatClient\src\chatclient\Client.java,chatclient.Client,sendbuttonActionPerformed/1[java.awt.event.ActionEvent],messagebox,2
C:\Users\Madhu\Downloads\netchat-java-master\ChatClient\src\chatclient\Client.java,chatclient.Client,closeCrap/0,output,1
C:\Users\Madhu\Downloads\netchat-java-master\ChatClient\src\chatclient\Client.java,chatclient.Client,closeCrap/0,input,1
C:\Users\Madhu\Downloads\netchat-java-master\ChatClient\src\chatclient\Client.java,chatclient.Client,closeCrap/0,connection,1
C:\Users\Madhu\Downloads\netchat-java-master\ChatClient\src\chatclient\Client.java,chatclient.Client,closeCrap/0,messagebox,1
C:\Users\Madhu\Downloads\netchat-java-master\ChatClient\src\chatclient\Client.java,chatclient.Client,whileChatting/0,input,1
C:\Users\Madhu\Downloads\netchat-java-master\ChatClient\src\chatclient\Client.java,chatclient.Client,whileChatting/0,progress,1
C:\Users\Madhu\Downloads\netchat-java-master\ChatClient\src\chatclient\Client.java,chatclient.Client,whileChatting/0,message,3
C:\Users\Madhu\Downloads\netchat-java-master\ChatClient\src\chatclient\Client.java,chatclient.Client,whileChatting/0,messagebox,1
C:\Users\Madhu\Downloads\netchat-java-master\ChatClient\src\chatclient\Client.java,chatclient.Client,sendMessage/1[java.lang.String],output,2
C:\Users\Madhu\Downloads\netchat-java-master\ChatClient\src\chatclient\Client.java,chatclient.Client,sendMessage/1[java.lang.String],printPane,1
C:\Users\Madhu\Downloads\netchat-java-master\ChatClient\src\chatclient\Client.java,chatclient.Client,sendMessage/1[java.lang.String],name,2
C:\Users\Madhu\Downloads\netchat-java-master\ChatClient\src\chatclient\Client.java,chatclient.Client,messageboxActionPerformed/1[java.awt.event.ActionEvent],progress,2
C:\Users\Madhu\Downloads\netchat-java-master\ChatClient\src\chatclient\Client.java,chatclient.Client,messageboxActionPerformed/1[java.awt.event.ActionEvent],messagebox,1
C:\Users\Madhu\Downloads\netchat-java-master\ChatClient\src\chatclient\Client.java,chatclient.Client,append/1[java.lang.String],printPane,2
C:\Users\Madhu\Downloads\netchat-java-master\ChatServer\src\chat\ChatServer.java,chat.ChatServer,main/1[java.lang.String[]],server,5
C:\Users\Madhu\Downloads\netchat-java-master\ChatClient\src\chatclient\About.java,chatclient.About,initComponents/0,jScrollPane1,4
C:\Users\Madhu\Downloads\netchat-java-master\ChatClient\src\chatclient\About.java,chatclient.About,initComponents/0,jEditorPane1,5
C:\Users\Madhu\Downloads\netchat-java-master\ChatServer\src\chat\Server.java,chat.Server,closeCrap/0,output,1
C:\Users\Madhu\Downloads\netchat-java-master\ChatServer\src\chat\Server.java,chat.Server,closeCrap/0,input,1
C:\Users\Madhu\Downloads\netchat-java-master\ChatServer\src\chat\Server.java,chat.Server,closeCrap/0,connection,1
C:\Users\Madhu\Downloads\netchat-java-master\ChatServer\src\chat\Server.java,chat.Server,closeCrap/0,messagebox,1
C:\Users\Madhu\Downloads\netchat-java-master\ChatServer\src\chat\Server.java,chat.Server,messageboxActionPerformed/1[java.awt.event.ActionEvent],progress,2
C:\Users\Madhu\Downloads\netchat-java-master\ChatServer\src\chat\Server.java,chat.Server,messageboxActionPerformed/1[java.awt.event.ActionEvent],messagebox,1
C:\Users\Madhu\Downloads\netchat-java-master\ChatServer\src\chat\Server.java,chat.Server,waitForConnection/0,server,1
C:\Users\Madhu\Downloads\netchat-java-master\ChatServer\src\chat\Server.java,chat.Server,waitForConnection/0,connection,3
C:\Users\Madhu\Downloads\netchat-java-master\ChatServer\src\chat\Server.java,chat.Server,progress/1[boolean],progress,2
C:\Users\Madhu\Downloads\netchat-java-master\ChatServer\src\chat\Server.java,chat.Server,append/1[java.lang.String],printPane,2
C:\Users\Madhu\Downloads\netchat-java-master\ChatServer\src\chat\Server.java,chat.Server,initComponents/0,savebutton,8
C:\Users\Madhu\Downloads\netchat-java-master\ChatServer\src\chat\Server.java,chat.Server,initComponents/0,jToolBar1,5
C:\Users\Madhu\Downloads\netchat-java-master\ChatServer\src\chat\Server.java,chat.Server,initComponents/0,filemenu,4
C:\Users\Madhu\Downloads\netchat-java-master\ChatServer\src\chat\Server.java,chat.Server,initComponents/0,exitmenuitem,5
C:\Users\Madhu\Downloads\netchat-java-master\ChatServer\src\chat\Server.java,chat.Server,initComponents/0,sendbutton,5
C:\Users\Madhu\Downloads\netchat-java-master\ChatServer\src\chat\Server.java,chat.Server,initComponents/0,themeMenu,7
C:\Users\Madhu\Downloads\netchat-java-master\ChatServer\src\chat\Server.java,chat.Server,initComponents/0,menubar,4
C:\Users\Madhu\Downloads\netchat-java-master\ChatServer\src\chat\Server.java,chat.Server,initComponents/0,jMenuItem1,4
C:\Users\Madhu\Downloads\netchat-java-master\ChatServer\src\chat\Server.java,chat.Server,initComponents/0,jMenuItem2,4
C:\Users\Madhu\Downloads\netchat-java-master\ChatServer\src\chat\Server.java,chat.Server,initComponents/0,jMenuItem3,4
C:\Users\Madhu\Downloads\netchat-java-master\ChatServer\src\chat\Server.java,chat.Server,initComponents/0,inputpanel,7
C:\Users\Madhu\Downloads\netchat-java-master\ChatServer\src\chat\Server.java,chat.Server,initComponents/0,scrollpane,3
C:\Users\Madhu\Downloads\netchat-java-master\ChatServer\src\chat\Server.java,chat.Server,initComponents/0,sendpane,6
C:\Users\Madhu\Downloads\netchat-java-master\ChatServer\src\chat\Server.java,chat.Server,initComponents/0,printPane,4
C:\Users\Madhu\Downloads\netchat-java-master\ChatServer\src\chat\Server.java,chat.Server,initComponents/0,progress,3
C:\Users\Madhu\Downloads\netchat-java-master\ChatServer\src\chat\Server.java,chat.Server,initComponents/0,msglabel,5
C:\Users\Madhu\Downloads\netchat-java-master\ChatServer\src\chat\Server.java,chat.Server,initComponents/0,jMenuItem4,4
C:\Users\Madhu\Downloads\netchat-java-master\ChatServer\src\chat\Server.java,chat.Server,initComponents/0,messagebox,5
C:\Users\Madhu\Downloads\netchat-java-master\ChatServer\src\chat\Server.java,chat.Server,start/0,server,1
C:\Users\Madhu\Downloads\netchat-java-master\ChatServer\src\chat\Server.java,chat.Server,start/0,port,1
C:\Users\Madhu\Downloads\netchat-java-master\ChatServer\src\chat\Server.java,chat.Server,start/0,progress,2
C:\Users\Madhu\Downloads\netchat-java-master\ChatServer\src\chat\Server.java,chat.Server,save/1[java.lang.String],printPane,1
C:\Users\Madhu\Downloads\netchat-java-master\ChatServer\src\chat\Server.java,chat.Server,setupStreams/0,output,2
C:\Users\Madhu\Downloads\netchat-java-master\ChatServer\src\chat\Server.java,chat.Server,setupStreams/0,input,1
C:\Users\Madhu\Downloads\netchat-java-master\ChatServer\src\chat\Server.java,chat.Server,setupStreams/0,connection,2
C:\Users\Madhu\Downloads\netchat-java-master\ChatServer\src\chat\Server.java,chat.Server,"Server/2[java.lang.String,int]",port,3
C:\Users\Madhu\Downloads\netchat-java-master\ChatServer\src\chat\Server.java,chat.Server,"Server/2[java.lang.String,int]",name,3
C:\Users\Madhu\Downloads\netchat-java-master\ChatServer\src\chat\Server.java,chat.Server,sendMessage/1[java.lang.String],output,2
C:\Users\Madhu\Downloads\netchat-java-master\ChatServer\src\chat\Server.java,chat.Server,sendMessage/1[java.lang.String],name,2
C:\Users\Madhu\Downloads\netchat-java-master\ChatServer\src\chat\Server.java,chat.Server,sendbuttonActionPerformed/1[java.awt.event.ActionEvent],progress,2
C:\Users\Madhu\Downloads\netchat-java-master\ChatServer\src\chat\Server.java,chat.Server,sendbuttonActionPerformed/1[java.awt.event.ActionEvent],messagebox,2
C:\Users\Madhu\Downloads\netchat-java-master\ChatServer\src\chat\Server.java,chat.Server,whileChatting/0,input,1
C:\Users\Madhu\Downloads\netchat-java-master\ChatServer\src\chat\Server.java,chat.Server,whileChatting/0,messagebox,1
