file,class,method,constructor,line,cbo,cboModified,fanin,fanout,wmc,rfc,loc,returnsQty,variablesQty,parametersQty,methodsInvokedQty,methodsInvokedLocalQty,methodsInvokedIndirectLocalQty,loopQty,comparisonsQty,tryCatchQty,parenthesizedExpsQty,stringLiteralsQty,numbersQty,assignmentsQty,mathOperationsQty,maxNestedBlocksQty,anonymousClassesQty,innerClassesQty,lambdasQty,uniqueWordsQty,modifiers,logStatementsQty,hasJavaDoc
C:\Users\Madhu\Downloads\netchat-java-master\ChatClient\src\chatclient\ChatClient.java,chatclient.ChatClient,main/1[java.lang.String[]],false,17,1,1,0,1,15,7,30,0,4,1,7,0,0,0,6,2,18,7,3,8,0,2,0,0,0,25,9,0,true
C:\Users\Madhu\Downloads\netchat-java-master\ChatClient\src\chatclient\Client.java,chatclient.Client$Anonymous12,actionPerformed/1[java.awt.event.ActionEvent],false,209,1,18,0,18,1,1,3,0,0,1,1,0,0,0,0,0,0,0,0,0,0,0,0,0,0,7,1,0,false
C:\Users\Madhu\Downloads\netchat-java-master\ChatClient\src\chatclient\Client.java,chatclient.Client$Anonymous13,actionPerformed/1[java.awt.event.ActionEvent],false,315,0,18,0,18,1,1,3,0,0,1,1,0,0,0,0,0,0,1,0,0,0,0,0,0,0,5,1,0,false
C:\Users\Madhu\Downloads\netchat-java-master\ChatClient\src\chatclient\Client.java,chatclient.Client$Anonymous14,actionPerformed/1[java.awt.event.ActionEvent],false,323,1,18,0,18,1,1,3,0,0,1,1,0,0,0,0,0,0,0,0,0,0,0,0,0,0,6,1,0,false
C:\Users\Madhu\Downloads\netchat-java-master\ChatClient\src\chatclient\Client.java,chatclient.Client,"Client/3[java.lang.String,java.lang.String,int]",true,44,1,3,1,2,1,4,9,0,0,3,4,2,6,0,0,0,0,0,2,3,0,0,0,0,0,10,1,0,true
C:\Users\Madhu\Downloads\netchat-java-master\ChatClient\src\chatclient\Client.java,chatclient.Client,start/0,false,348,1,7,1,6,3,7,18,0,0,0,7,6,5,0,0,1,0,1,0,0,0,1,0,0,0,22,2,0,false
C:\Users\Madhu\Downloads\netchat-java-master\ChatClient\src\chatclient\Client.java,chatclient.Client,printPaneMouseClicked/1[java.awt.event.MouseEvent],false,295,1,2,1,1,2,6,6,0,1,1,6,1,1,0,1,0,0,0,1,1,0,1,0,0,0,11,2,0,false
C:\Users\Madhu\Downloads\netchat-java-master\ChatClient\src\chatclient\Client.java,chatclient.Client,jMenuItem4ActionPerformed/1[java.awt.event.ActionEvent],false,272,1,2,1,1,1,2,4,0,0,1,2,0,0,0,0,0,0,0,0,0,0,0,0,0,0,6,2,0,false
C:\Users\Madhu\Downloads\netchat-java-master\ChatClient\src\chatclient\Client.java,chatclient.Client,progress/1[boolean],false,305,0,3,3,0,1,1,3,0,0,1,1,0,0,0,0,0,0,0,0,0,0,0,0,0,0,2,2,0,false
C:\Users\Madhu\Downloads\netchat-java-master\ChatClient\src\chatclient\Client.java,chatclient.Client,initComponents/0,false,56,0,2,1,1,1,34,148,0,0,0,34,0,0,0,0,0,0,23,10,20,0,0,12,0,0,61,2,0,false
C:\Users\Madhu\Downloads\netchat-java-master\ChatClient\src\chatclient\Client.java,chatclient.Client,jMenuItem5ActionPerformed/1[java.awt.event.ActionEvent],false,266,1,2,1,1,1,2,4,0,0,1,2,0,0,0,0,0,0,0,0,0,0,0,0,0,0,6,2,0,false
C:\Users\Madhu\Downloads\netchat-java-master\ChatClient\src\chatclient\Client.java,chatclient.Client,save/0,false,330,1,3,2,1,2,8,14,0,3,0,8,1,1,0,0,1,0,3,0,3,0,1,0,0,0,16,2,0,false
C:\Users\Madhu\Downloads\netchat-java-master\ChatClient\src\chatclient\Client.java,chatclient.Client,connectToServer/0,false,372,1,2,1,1,1,5,6,0,0,0,5,1,1,0,0,0,0,2,0,1,1,0,0,0,0,13,2,0,false
C:\Users\Madhu\Downloads\netchat-java-master\ChatClient\src\chatclient\Client.java,chatclient.Client,jMenuItem3ActionPerformed/1[java.awt.event.ActionEvent],false,260,1,2,1,1,1,2,4,0,0,1,2,0,0,0,0,0,0,0,0,0,0,0,0,0,0,6,2,0,false
C:\Users\Madhu\Downloads\netchat-java-master\ChatClient\src\chatclient\Client.java,chatclient.Client,exitmenuitemActionPerformed/1[java.awt.event.ActionEvent],false,222,0,1,1,0,1,1,3,0,0,1,1,0,0,0,0,0,0,0,1,0,0,0,0,0,0,4,2,0,false
C:\Users\Madhu\Downloads\netchat-java-master\ChatClient\src\chatclient\Client.java,chatclient.Client,setupStreams/0,false,380,1,2,1,1,1,4,6,0,0,0,4,1,1,0,0,0,0,1,0,2,0,0,0,0,0,17,2,0,false
C:\Users\Madhu\Downloads\netchat-java-master\ChatClient\src\chatclient\Client.java,chatclient.Client,getPrintPanePopupMenu/0,false,309,0,2,1,1,1,1,16,1,1,0,1,0,0,0,0,0,0,2,0,1,0,0,2,0,0,14,2,0,false
C:\Users\Madhu\Downloads\netchat-java-master\ChatClient\src\chatclient\Client.java,chatclient.Client,printPaneHyperlinkUpdate/1[javax.swing.event.HyperlinkEvent],false,278,1,2,1,1,2,6,8,0,0,1,6,1,1,0,0,1,0,1,0,0,1,1,0,0,0,17,2,0,false
C:\Users\Madhu\Downloads\netchat-java-master\ChatClient\src\chatclient\Client.java,chatclient.Client,sendbuttonActionPerformed/1[java.awt.event.ActionEvent],false,235,1,3,1,2,1,4,6,0,0,1,4,2,2,0,0,0,0,1,0,0,0,0,0,0,0,9,2,0,false
C:\Users\Madhu\Downloads\netchat-java-master\ChatClient\src\chatclient\Client.java,chatclient.Client,closeCrap/0,false,453,1,3,1,2,2,7,13,0,0,0,7,2,1,0,0,1,0,2,0,0,0,1,0,0,0,11,2,0,false
C:\Users\Madhu\Downloads\netchat-java-master\ChatClient\src\chatclient\Client.java,chatclient.Client,showMessage/1[java.lang.String],false,425,0,7,6,1,1,1,8,0,0,1,1,0,0,0,0,0,0,0,0,0,0,0,1,0,0,6,2,0,false
C:\Users\Madhu\Downloads\netchat-java-master\ChatClient\src\chatclient\Client.java,chatclient.Client,formWindowClosing/1[java.awt.event.WindowEvent],false,290,0,1,1,0,1,1,3,0,0,1,1,0,0,0,0,0,0,0,1,0,0,0,0,0,0,4,2,0,false
C:\Users\Madhu\Downloads\netchat-java-master\ChatClient\src\chatclient\Client.java,chatclient.Client,whileChatting/0,false,388,1,2,1,1,4,6,17,0,0,0,6,1,1,1,0,1,0,2,0,1,0,2,0,0,0,18,2,0,false
C:\Users\Madhu\Downloads\netchat-java-master\ChatClient\src\chatclient\Client.java,chatclient.Client,jMenuItem2ActionPerformed/1[java.awt.event.ActionEvent],false,254,1,2,1,1,1,2,4,0,0,1,2,0,0,0,0,0,0,0,0,0,0,0,0,0,0,6,2,0,false
C:\Users\Madhu\Downloads\netchat-java-master\ChatClient\src\chatclient\Client.java,chatclient.Client,jMenuItem1ActionPerformed/1[java.awt.event.ActionEvent],false,247,1,2,1,1,1,3,5,0,1,1,3,0,0,0,0,0,0,0,0,1,0,0,0,0,0,9,2,0,false
C:\Users\Madhu\Downloads\netchat-java-master\ChatClient\src\chatclient\Client.java,chatclient.Client,sendMessage/1[java.lang.String],false,411,1,3,2,1,2,4,10,0,0,1,4,1,1,0,0,1,0,3,0,0,2,1,0,0,0,8,2,0,false
C:\Users\Madhu\Downloads\netchat-java-master\ChatClient\src\chatclient\Client.java,chatclient.Client,warnUser/1[java.lang.String],false,470,0,4,4,0,1,1,3,0,0,1,1,0,0,0,0,0,0,1,0,0,0,0,0,0,0,3,2,0,false
C:\Users\Madhu\Downloads\netchat-java-master\ChatClient\src\chatclient\Client.java,chatclient.Client,savebuttonActionPerformed/1[java.awt.event.ActionEvent],false,243,1,2,1,1,1,1,3,0,0,1,1,1,2,0,0,0,0,0,0,0,0,0,0,0,0,5,2,0,false
C:\Users\Madhu\Downloads\netchat-java-master\ChatClient\src\chatclient\Client.java,chatclient.Client,messageboxActionPerformed/1[java.awt.event.ActionEvent],false,227,1,3,1,2,1,4,6,0,0,1,4,2,2,0,0,0,0,1,0,0,0,0,0,0,0,9,2,0,false
C:\Users\Madhu\Downloads\netchat-java-master\ChatClient\src\chatclient\Client.java,chatclient.Client,append/1[java.lang.String],false,437,1,2,1,1,4,6,12,1,3,1,6,1,1,0,1,1,0,2,0,3,1,2,0,0,0,20,2,0,false
C:\Users\Madhu\Downloads\netchat-java-master\ChatClient\src\chatclient\Client.java,chatclient.Client$Anonymous15,run/0,false,430,1,2,0,2,1,1,3,0,0,0,1,0,0,0,0,0,0,1,0,0,1,0,0,0,0,3,1,0,false
C:\Users\Madhu\Downloads\netchat-java-master\ChatServer\src\chat\Server.java,chat.Server$Anonymous1,actionPerformed/1[java.awt.event.ActionEvent],false,83,1,18,0,18,1,1,3,0,0,1,1,0,0,0,0,0,0,0,0,0,0,0,0,0,0,5,1,0,false
C:\Users\Madhu\Downloads\netchat-java-master\ChatClient\src\chatclient\Client.java,chatclient.Client$Anonymous10,actionPerformed/1[java.awt.event.ActionEvent],false,188,1,18,0,18,1,1,3,0,0,1,1,0,0,0,0,0,0,0,0,0,0,0,0,0,0,7,1,0,false
C:\Users\Madhu\Downloads\netchat-java-master\ChatClient\src\chatclient\Client.java,chatclient.Client$Anonymous11,actionPerformed/1[java.awt.event.ActionEvent],false,196,1,18,0,18,1,1,3,0,0,1,1,0,0,0,0,0,0,0,0,0,0,0,0,0,0,7,1,0,false
C:\Users\Madhu\Downloads\netchat-java-master\ChatServer\src\chat\ChatServer.java,chat.ChatServer,main/1[java.lang.String[]],false,18,1,1,0,1,15,8,28,0,2,1,8,0,0,0,6,2,18,6,3,7,0,2,0,0,0,28,9,0,true
C:\Users\Madhu\Downloads\netchat-java-master\ChatClient\src\chatclient\Client.java,chatclient.Client$Anonymous8,actionPerformed/1[java.awt.event.ActionEvent],false,172,1,18,0,18,1,1,3,0,0,1,1,0,0,0,0,0,0,0,0,0,0,0,0,0,0,7,1,0,false
C:\Users\Madhu\Downloads\netchat-java-master\ChatClient\src\chatclient\About.java,chatclient.About,"About/2[java.awt.Frame,boolean]",true,16,1,2,1,1,1,1,4,0,0,2,1,1,1,0,0,0,0,0,0,0,0,0,0,0,0,6,1,0,true
C:\Users\Madhu\Downloads\netchat-java-master\ChatClient\src\chatclient\About.java,chatclient.About,initComponents/0,false,28,0,1,1,0,2,21,21,0,1,0,21,0,0,0,0,1,0,4,2,3,0,1,0,0,0,42,2,0,true
C:\Users\Madhu\Downloads\netchat-java-master\ChatClient\src\chatclient\Client.java,chatclient.Client$Anonymous7,actionPerformed/1[java.awt.event.ActionEvent],false,160,1,18,0,18,1,1,3,0,0,1,1,0,0,0,0,0,0,0,0,0,0,0,0,0,0,5,1,0,false
C:\Users\Madhu\Downloads\netchat-java-master\ChatClient\src\chatclient\Client.java,chatclient.Client$Anonymous9,actionPerformed/1[java.awt.event.ActionEvent],false,180,1,18,0,18,1,1,3,0,0,1,1,0,0,0,0,0,0,0,0,0,0,0,0,0,0,7,1,0,false
C:\Users\Madhu\Downloads\netchat-java-master\ChatClient\src\chatclient\Client.java,chatclient.Client$Anonymous4,actionPerformed/1[java.awt.event.ActionEvent],false,123,1,18,0,18,1,1,3,0,0,1,1,0,0,0,0,0,0,0,0,0,0,0,0,0,0,5,1,0,false
C:\Users\Madhu\Downloads\netchat-java-master\ChatServer\src\chat\Server.java,chat.Server$Anonymous4,actionPerformed/1[java.awt.event.ActionEvent],false,128,1,18,0,18,1,1,3,0,0,1,1,0,0,0,0,0,0,0,0,0,0,0,0,0,0,5,1,0,false
C:\Users\Madhu\Downloads\netchat-java-master\ChatClient\src\chatclient\Client.java,chatclient.Client$Anonymous3,hyperlinkUpdate/1[javax.swing.event.HyperlinkEvent],false,103,1,1,0,1,1,1,3,0,0,1,1,0,0,0,0,0,0,0,0,0,0,0,0,0,0,6,1,0,false
C:\Users\Madhu\Downloads\netchat-java-master\ChatServer\src\chat\Server.java,chat.Server$Anonymous5,actionPerformed/1[java.awt.event.ActionEvent],false,140,1,18,0,18,1,1,3,0,0,1,1,0,0,0,0,0,0,0,0,0,0,0,0,0,0,7,1,0,false
C:\Users\Madhu\Downloads\netchat-java-master\ChatClient\src\chatclient\Client.java,chatclient.Client$Anonymous6,actionPerformed/1[java.awt.event.ActionEvent],false,145,1,18,0,18,1,1,3,0,0,1,1,0,0,0,0,0,0,0,0,0,0,0,0,0,0,5,1,0,false
C:\Users\Madhu\Downloads\netchat-java-master\ChatServer\src\chat\Server.java,chat.Server$Anonymous2,actionPerformed/1[java.awt.event.ActionEvent],false,92,1,18,0,18,1,1,3,0,0,1,1,0,0,0,0,0,0,0,0,0,0,0,0,0,0,5,1,0,false
C:\Users\Madhu\Downloads\netchat-java-master\ChatServer\src\chat\Server.java,chat.Server,closeCrap/0,false,356,1,3,1,2,2,7,12,0,0,0,7,2,1,0,0,1,0,1,0,0,0,1,0,0,0,11,2,0,false
C:\Users\Madhu\Downloads\netchat-java-master\ChatServer\src\chat\Server.java,chat.Server,messageboxActionPerformed/1[java.awt.event.ActionEvent],false,203,1,3,1,2,1,4,6,0,0,1,4,2,2,0,0,0,0,1,0,0,0,0,0,0,0,9,2,0,false
C:\Users\Madhu\Downloads\netchat-java-master\ChatServer\src\chat\Server.java,chat.Server,waitForConnection/0,false,317,1,2,1,1,1,5,5,0,0,0,5,1,1,0,0,0,0,4,0,1,1,0,0,0,0,12,2,0,false
C:\Users\Madhu\Downloads\netchat-java-master\ChatServer\src\chat\Server.java,chat.Server,progress/1[boolean],false,252,0,2,2,0,1,1,3,0,0,1,1,0,0,0,0,0,0,0,0,0,0,0,0,0,0,2,2,0,false
C:\Users\Madhu\Downloads\netchat-java-master\ChatServer\src\chat\Server.java,chat.Server,showMessage/1[java.lang.String],false,372,0,7,6,1,1,1,8,0,0,1,1,0,0,0,0,0,0,0,0,0,0,0,1,0,0,6,2,0,false
C:\Users\Madhu\Downloads\netchat-java-master\ChatServer\src\chat\Server.java,chat.Server,append/1[java.lang.String],false,384,1,2,1,1,4,6,12,1,3,1,6,1,1,0,1,1,0,2,0,3,1,2,0,0,0,20,2,0,false
C:\Users\Madhu\Downloads\netchat-java-master\ChatServer\src\chat\Server.java,chat.Server,jMenuItem4ActionPerformed/1[java.awt.event.ActionEvent],false,235,1,2,1,1,1,1,3,0,0,1,1,0,0,0,0,0,0,0,0,0,0,0,0,0,0,6,2,0,false
C:\Users\Madhu\Downloads\netchat-java-master\ChatServer\src\chat\Server.java,chat.Server,initComponents/0,false,47,0,2,1,1,1,37,118,0,1,0,37,0,0,0,0,0,0,20,11,19,0,0,8,0,0,49,2,0,false
C:\Users\Madhu\Downloads\netchat-java-master\ChatServer\src\chat\Server.java,chat.Server,start/0,false,267,1,7,1,6,4,8,23,0,0,0,8,6,6,1,0,2,0,1,1,1,0,3,0,0,0,25,2,0,false
C:\Users\Madhu\Downloads\netchat-java-master\ChatServer\src\chat\Server.java,chat.Server,save/1[java.lang.String],false,256,0,1,1,0,2,4,11,0,2,1,4,0,0,0,0,1,0,0,0,2,0,1,0,0,0,7,2,0,false
C:\Users\Madhu\Downloads\netchat-java-master\ChatServer\src\chat\Server.java,chat.Server,exitmenuitemActionPerformed/1[java.awt.event.ActionEvent],false,198,0,1,1,0,1,1,3,0,0,1,1,0,0,0,0,0,0,0,1,0,0,0,0,0,0,4,2,0,false
C:\Users\Madhu\Downloads\netchat-java-master\ChatServer\src\chat\Server.java,chat.Server,setupStreams/0,false,324,1,2,1,1,1,4,6,0,0,0,4,1,1,0,0,0,0,1,0,2,0,0,0,0,0,15,2,0,false
C:\Users\Madhu\Downloads\netchat-java-master\ChatServer\src\chat\Server.java,chat.Server,jMenuItem1ActionPerformed/1[java.awt.event.ActionEvent],false,230,1,2,1,1,1,1,3,0,0,1,1,0,0,0,0,0,0,0,0,0,0,0,0,0,0,6,2,0,false
C:\Users\Madhu\Downloads\netchat-java-master\ChatServer\src\chat\Server.java,chat.Server,"Server/2[java.lang.String,int]",true,36,1,3,1,2,1,4,8,0,0,2,4,2,7,0,0,0,0,0,0,2,0,0,0,0,0,6,1,0,true
C:\Users\Madhu\Downloads\netchat-java-master\ChatServer\src\chat\Server.java,chat.Server,sendMessage/1[java.lang.String],false,298,1,5,3,2,2,4,10,0,0,1,4,2,1,0,0,1,0,3,0,0,2,1,0,0,0,10,2,0,false
C:\Users\Madhu\Downloads\netchat-java-master\ChatServer\src\chat\Server.java,chat.Server,savebuttonActionPerformed/1[java.awt.event.ActionEvent],false,217,1,3,1,2,2,4,10,0,1,1,4,2,1,0,0,1,0,3,0,1,1,1,0,0,0,14,2,0,false
C:\Users\Madhu\Downloads\netchat-java-master\ChatServer\src\chat\Server.java,chat.Server,jMenuItem2ActionPerformed/1[java.awt.event.ActionEvent],false,240,1,2,1,1,1,1,3,0,0,1,1,0,0,0,0,0,0,0,0,0,0,0,0,0,0,6,2,0,false
C:\Users\Madhu\Downloads\netchat-java-master\ChatServer\src\chat\Server.java,chat.Server,jMenuItem3ActionPerformed/1[java.awt.event.ActionEvent],false,245,1,2,1,1,1,1,3,0,0,1,1,0,0,0,0,0,0,0,0,0,0,0,0,0,0,6,2,0,false
C:\Users\Madhu\Downloads\netchat-java-master\ChatServer\src\chat\Server.java,chat.Server,warnUser/1[java.lang.String],false,312,0,5,5,0,1,1,3,0,0,1,1,0,0,0,0,0,0,1,0,0,0,0,0,0,0,3,2,0,false
C:\Users\Madhu\Downloads\netchat-java-master\ChatServer\src\chat\Server.java,chat.Server,sendbuttonActionPerformed/1[java.awt.event.ActionEvent],false,210,1,3,1,2,1,4,6,0,0,1,4,2,2,0,0,0,0,1,0,0,0,0,0,0,0,9,2,0,false
C:\Users\Madhu\Downloads\netchat-java-master\ChatServer\src\chat\Server.java,chat.Server,whileChatting/0,false,332,1,3,1,2,4,6,18,0,1,0,6,2,2,1,0,1,0,3,0,2,0,2,0,0,0,21,2,0,false
C:\Users\Madhu\Downloads\netchat-java-master\ChatClient\src\chatclient\Client.java,chatclient.Client$Anonymous5,actionPerformed/1[java.awt.event.ActionEvent],false,132,1,18,0,18,1,1,3,0,0,1,1,0,0,0,0,0,0,0,0,0,0,0,0,0,0,5,1,0,false
C:\Users\Madhu\Downloads\netchat-java-master\ChatClient\src\chatclient\Theme.java,chatclient.Theme,warnUser/1[java.lang.String],false,102,0,3,3,0,1,1,3,0,0,1,1,0,0,0,0,0,0,1,0,0,0,0,0,0,0,3,10,0,false
C:\Users\Madhu\Downloads\netchat-java-master\ChatClient\src\chatclient\Theme.java,chatclient.Theme,setTheme/1[int],false,30,1,5,4,1,1,1,3,0,0,1,1,1,3,0,0,0,0,0,0,0,0,0,0,0,0,3,9,0,false
C:\Users\Madhu\Downloads\netchat-java-master\ChatClient\src\chatclient\Theme.java,chatclient.Theme,setRecognisedTheme/1[int],false,65,1,2,1,1,5,2,18,0,0,1,2,1,2,0,0,0,0,3,0,0,0,1,0,0,0,4,10,0,false
C:\Users\Madhu\Downloads\netchat-java-master\ChatClient\src\chatclient\Theme.java,chatclient.Theme,setTheme/1[javax.swing.LookAndFeel],false,51,1,2,1,1,2,2,8,0,0,1,2,1,1,0,0,1,0,1,0,0,0,1,0,0,0,14,9,0,false
C:\Users\Madhu\Downloads\netchat-java-master\ChatClient\src\chatclient\Theme.java,chatclient.Theme,Theme/0,true,23,0,0,0,0,1,0,2,0,0,0,0,0,0,0,0,0,0,0,0,0,0,0,0,0,0,1,2,0,false
C:\Users\Madhu\Downloads\netchat-java-master\ChatClient\src\chatclient\Theme.java,chatclient.Theme,setTheme/1[java.net.URL],false,83,1,2,0,2,3,3,13,0,1,1,3,2,2,0,0,1,0,2,0,1,1,1,0,0,0,24,9,0,false
C:\Users\Madhu\Downloads\netchat-java-master\ChatClient\src\chatclient\Theme.java,chatclient.Theme,setTheme/1[java.lang.String],false,37,1,2,1,1,2,2,8,0,0,1,2,1,1,0,0,1,0,1,0,0,0,1,0,0,0,11,9,0,false
C:\Users\Madhu\Downloads\netchat-java-master\ChatServer\src\chat\Server.java,chat.Server$Anonymous3,actionPerformed/1[java.awt.event.ActionEvent],false,117,1,18,0,18,1,1,3,0,0,1,1,0,0,0,0,0,0,0,0,0,0,0,0,0,0,5,1,0,false
C:\Users\Madhu\Downloads\netchat-java-master\ChatServer\src\chat\Theme.java,chat.Theme,warnUser/1[java.lang.String],false,102,0,3,3,0,1,1,3,0,0,1,1,0,0,0,0,0,0,1,0,0,0,0,0,0,0,3,10,0,false
C:\Users\Madhu\Downloads\netchat-java-master\ChatServer\src\chat\Theme.java,chat.Theme,setTheme/1[int],false,30,1,5,4,1,1,1,3,0,0,1,1,1,3,0,0,0,0,0,0,0,0,0,0,0,0,3,9,0,false
C:\Users\Madhu\Downloads\netchat-java-master\ChatServer\src\chat\Theme.java,chat.Theme,setRecognisedTheme/1[int],false,65,1,2,1,1,5,2,18,0,0,1,2,1,2,0,0,0,0,3,0,0,0,1,0,0,0,4,10,0,false
C:\Users\Madhu\Downloads\netchat-java-master\ChatServer\src\chat\Theme.java,chat.Theme,setTheme/1[javax.swing.LookAndFeel],false,51,1,2,1,1,2,2,8,0,0,1,2,1,1,0,0,1,0,1,0,0,0,1,0,0,0,14,9,0,false
C:\Users\Madhu\Downloads\netchat-java-master\ChatServer\src\chat\Theme.java,chat.Theme,Theme/0,true,23,0,0,0,0,1,0,2,0,0,0,0,0,0,0,0,0,0,0,0,0,0,0,0,0,0,1,2,0,false
C:\Users\Madhu\Downloads\netchat-java-master\ChatServer\src\chat\Theme.java,chat.Theme,setTheme/1[java.net.URL],false,83,1,2,0,2,3,3,13,0,1,1,3,2,2,0,0,1,0,2,0,1,1,1,0,0,0,24,9,0,false
C:\Users\Madhu\Downloads\netchat-java-master\ChatServer\src\chat\Theme.java,chat.Theme,setTheme/1[java.lang.String],false,37,1,2,1,1,2,2,8,0,0,1,2,1,1,0,0,1,0,1,0,0,0,1,0,0,0,11,9,0,false
C:\Users\Madhu\Downloads\netchat-java-master\ChatServer\src\chat\Server.java,chat.Server$Anonymous8,actionPerformed/1[java.awt.event.ActionEvent],false,164,1,18,0,18,1,1,3,0,0,1,1,0,0,0,0,0,0,0,0,0,0,0,0,0,0,7,1,0,false
C:\Users\Madhu\Downloads\netchat-java-master\ChatServer\src\chat\Server.java,chat.Server$Anonymous9,run/0,false,377,1,2,0,2,1,1,3,0,0,0,1,0,0,0,0,0,0,1,0,0,1,0,0,0,0,3,1,0,false
C:\Users\Madhu\Downloads\netchat-java-master\ChatClient\src\chatclient\Client.java,chatclient.Client$Anonymous2,mouseClicked/1[java.awt.event.MouseEvent],false,98,1,1,0,1,1,1,3,0,0,1,1,0,0,0,0,0,0,0,0,0,0,0,0,0,0,6,1,0,false
C:\Users\Madhu\Downloads\netchat-java-master\ChatServer\src\chat\Server.java,chat.Server$Anonymous6,actionPerformed/1[java.awt.event.ActionEvent],false,148,1,18,0,18,1,1,3,0,0,1,1,0,0,0,0,0,0,0,0,0,0,0,0,0,0,7,1,0,false
C:\Users\Madhu\Downloads\netchat-java-master\ChatClient\src\chatclient\Client.java,chatclient.Client$Anonymous1,windowClosing/1[java.awt.event.WindowEvent],false,85,1,1,0,1,1,1,3,0,0,1,1,0,0,0,0,0,0,0,0,0,0,0,0,0,0,5,1,0,false
C:\Users\Madhu\Downloads\netchat-java-master\ChatServer\src\chat\Server.java,chat.Server$Anonymous7,actionPerformed/1[java.awt.event.ActionEvent],false,156,1,18,0,18,1,1,3,0,0,1,1,0,0,0,0,0,0,0,0,0,0,0,0,0,0,7,1,0,false
