file,class,method,variable,usage
C:\Users\Madhu\Downloads\Employee-Payroll-System-master\sources\org\payroll\MainFrame.java,org.payroll.MainFrame,addActionListeners/0,aboutMI,1
C:\Users\Madhu\Downloads\Employee-Payroll-System-master\sources\org\payroll\MainFrame.java,org.payroll.MainFrame,addActionListeners/0,reloadMI,1
C:\Users\Madhu\Downloads\Employee-Payroll-System-master\sources\org\payroll\MainFrame.java,org.payroll.MainFrame,addActionListeners/0,newLoginIdMI,1
C:\Users\Madhu\Downloads\Employee-Payroll-System-master\sources\org\payroll\MainFrame.java,org.payroll.MainFrame,addActionListeners/0,deleteEmployeeMI,1
C:\Users\Madhu\Downloads\Employee-Payroll-System-master\sources\org\payroll\MainFrame.java,org.payroll.MainFrame,addActionListeners/0,newDepartmentMI,1
C:\Users\Madhu\Downloads\Employee-Payroll-System-master\sources\org\payroll\MainFrame.java,org.payroll.MainFrame,addActionListeners/0,modifyDepartmentMI,1
C:\Users\Madhu\Downloads\Employee-Payroll-System-master\sources\org\payroll\MainFrame.java,org.payroll.MainFrame,addActionListeners/0,changePasswordMI,1
C:\Users\Madhu\Downloads\Employee-Payroll-System-master\sources\org\payroll\MainFrame.java,org.payroll.MainFrame,addActionListeners/0,newEmployeeMI,1
C:\Users\Madhu\Downloads\Employee-Payroll-System-master\sources\org\payroll\MainFrame.java,org.payroll.MainFrame,addActionListeners/0,logoutMI,1
C:\Users\Madhu\Downloads\Employee-Payroll-System-master\sources\org\payroll\MainFrame.java,org.payroll.MainFrame,addActionListeners/0,updateEmployeeMI,1
C:\Users\Madhu\Downloads\Employee-Payroll-System-master\sources\org\payroll\MainFrame.java,org.payroll.MainFrame,addActionListeners/0,deleteLoginIdMI,1
C:\Users\Madhu\Downloads\Employee-Payroll-System-master\sources\org\payroll\MainFrame.java,org.payroll.MainFrame,addActionListeners/0,deleteDepartmentMI,1
C:\Users\Madhu\Downloads\Employee-Payroll-System-master\sources\org\payroll\MainFrame.java,org.payroll.MainFrame,addActionListeners/0,exitMI,1
C:\Users\Madhu\Downloads\Employee-Payroll-System-master\sources\org\payroll\MainFrame.java,org.payroll.MainFrame,addComponentsToFrame/0,aboutMI,1
C:\Users\Madhu\Downloads\Employee-Payroll-System-master\sources\org\payroll\MainFrame.java,org.payroll.MainFrame,addComponentsToFrame/0,reloadMI,1
C:\Users\Madhu\Downloads\Employee-Payroll-System-master\sources\org\payroll\MainFrame.java,org.payroll.MainFrame,addComponentsToFrame/0,employeesMenu,4
C:\Users\Madhu\Downloads\Employee-Payroll-System-master\sources\org\payroll\MainFrame.java,org.payroll.MainFrame,addComponentsToFrame/0,newLoginIdMI,1
C:\Users\Madhu\Downloads\Employee-Payroll-System-master\sources\org\payroll\MainFrame.java,org.payroll.MainFrame,addComponentsToFrame/0,deleteEmployeeMI,1
C:\Users\Madhu\Downloads\Employee-Payroll-System-master\sources\org\payroll\MainFrame.java,org.payroll.MainFrame,addComponentsToFrame/0,newDepartmentMI,1
C:\Users\Madhu\Downloads\Employee-Payroll-System-master\sources\org\payroll\MainFrame.java,org.payroll.MainFrame,addComponentsToFrame/0,modifyDepartmentMI,1
C:\Users\Madhu\Downloads\Employee-Payroll-System-master\sources\org\payroll\MainFrame.java,org.payroll.MainFrame,addComponentsToFrame/0,helpMenu,2
C:\Users\Madhu\Downloads\Employee-Payroll-System-master\sources\org\payroll\MainFrame.java,org.payroll.MainFrame,addComponentsToFrame/0,departmentsMenu,4
C:\Users\Madhu\Downloads\Employee-Payroll-System-master\sources\org\payroll\MainFrame.java,org.payroll.MainFrame,addComponentsToFrame/0,changePasswordMI,1
C:\Users\Madhu\Downloads\Employee-Payroll-System-master\sources\org\payroll\MainFrame.java,org.payroll.MainFrame,addComponentsToFrame/0,newEmployeeMI,1
C:\Users\Madhu\Downloads\Employee-Payroll-System-master\sources\org\payroll\MainFrame.java,org.payroll.MainFrame,addComponentsToFrame/0,logoutMI,1
C:\Users\Madhu\Downloads\Employee-Payroll-System-master\sources\org\payroll\MainFrame.java,org.payroll.MainFrame,addComponentsToFrame/0,txt_loggedInAs,1
C:\Users\Madhu\Downloads\Employee-Payroll-System-master\sources\org\payroll\MainFrame.java,org.payroll.MainFrame,addComponentsToFrame/0,preferencesMenu,4
C:\Users\Madhu\Downloads\Employee-Payroll-System-master\sources\org\payroll\MainFrame.java,org.payroll.MainFrame,addComponentsToFrame/0,menubar,7
C:\Users\Madhu\Downloads\Employee-Payroll-System-master\sources\org\payroll\MainFrame.java,org.payroll.MainFrame,addComponentsToFrame/0,updateEmployeeMI,1
C:\Users\Madhu\Downloads\Employee-Payroll-System-master\sources\org\payroll\MainFrame.java,org.payroll.MainFrame,addComponentsToFrame/0,deleteLoginIdMI,1
C:\Users\Madhu\Downloads\Employee-Payroll-System-master\sources\org\payroll\MainFrame.java,org.payroll.MainFrame,addComponentsToFrame/0,scrollpane,1
C:\Users\Madhu\Downloads\Employee-Payroll-System-master\sources\org\payroll\MainFrame.java,org.payroll.MainFrame,addComponentsToFrame/0,tableMenu,2
C:\Users\Madhu\Downloads\Employee-Payroll-System-master\sources\org\payroll\MainFrame.java,org.payroll.MainFrame,addComponentsToFrame/0,deleteDepartmentMI,1
C:\Users\Madhu\Downloads\Employee-Payroll-System-master\sources\org\payroll\MainFrame.java,org.payroll.MainFrame,addComponentsToFrame/0,fileMenu,3
C:\Users\Madhu\Downloads\Employee-Payroll-System-master\sources\org\payroll\MainFrame.java,org.payroll.MainFrame,addComponentsToFrame/0,exitMI,1
C:\Users\Madhu\Downloads\Employee-Payroll-System-master\sources\org\payroll\MainFrame.java,org.payroll.MainFrame,configureComponents/0,table,1
C:\Users\Madhu\Downloads\Employee-Payroll-System-master\sources\org\payroll\MainFrame.java,org.payroll.MainFrame,configureComponents/0,txt_loggedInAs,1
C:\Users\Madhu\Downloads\Employee-Payroll-System-master\sources\org\payroll\MainFrame.java,org.payroll.MainFrame,MainFrame/1[java.lang.String],username,3
C:\Users\Madhu\Downloads\Employee-Payroll-System-master\sources\org\payroll\MainFrame.java,org.payroll.MainFrame,initComponents/0,data,3
C:\Users\Madhu\Downloads\Employee-Payroll-System-master\sources\org\payroll\MainFrame.java,org.payroll.MainFrame,initComponents/0,reloadMI,1
C:\Users\Madhu\Downloads\Employee-Payroll-System-master\sources\org\payroll\MainFrame.java,org.payroll.MainFrame,initComponents/0,columns,1
C:\Users\Madhu\Downloads\Employee-Payroll-System-master\sources\org\payroll\MainFrame.java,org.payroll.MainFrame,initComponents/0,deleteEmployeeMI,1
C:\Users\Madhu\Downloads\Employee-Payroll-System-master\sources\org\payroll\MainFrame.java,org.payroll.MainFrame,initComponents/0,newEmployeeMI,1
C:\Users\Madhu\Downloads\Employee-Payroll-System-master\sources\org\payroll\MainFrame.java,org.payroll.MainFrame,initComponents/0,logoutMI,1
C:\Users\Madhu\Downloads\Employee-Payroll-System-master\sources\org\payroll\MainFrame.java,org.payroll.MainFrame,initComponents/0,deleteDepartmentMI,1
C:\Users\Madhu\Downloads\Employee-Payroll-System-master\sources\org\payroll\MainFrame.java,org.payroll.MainFrame,initComponents/0,fileMenu,1
C:\Users\Madhu\Downloads\Employee-Payroll-System-master\sources\org\payroll\MainFrame.java,org.payroll.MainFrame,initComponents/0,table,3
C:\Users\Madhu\Downloads\Employee-Payroll-System-master\sources\org\payroll\MainFrame.java,org.payroll.MainFrame,initComponents/0,exitMI,1
C:\Users\Madhu\Downloads\Employee-Payroll-System-master\sources\org\payroll\MainFrame.java,org.payroll.MainFrame,initComponents/0,aboutMI,1
C:\Users\Madhu\Downloads\Employee-Payroll-System-master\sources\org\payroll\MainFrame.java,org.payroll.MainFrame,initComponents/0,employeesMenu,1
C:\Users\Madhu\Downloads\Employee-Payroll-System-master\sources\org\payroll\MainFrame.java,org.payroll.MainFrame,initComponents/0,newLoginIdMI,1
C:\Users\Madhu\Downloads\Employee-Payroll-System-master\sources\org\payroll\MainFrame.java,org.payroll.MainFrame,initComponents/0,newDepartmentMI,1
C:\Users\Madhu\Downloads\Employee-Payroll-System-master\sources\org\payroll\MainFrame.java,org.payroll.MainFrame,initComponents/0,modifyDepartmentMI,1
C:\Users\Madhu\Downloads\Employee-Payroll-System-master\sources\org\payroll\MainFrame.java,org.payroll.MainFrame,initComponents/0,helpMenu,1
C:\Users\Madhu\Downloads\Employee-Payroll-System-master\sources\org\payroll\MainFrame.java,org.payroll.MainFrame,initComponents/0,departmentsMenu,1
C:\Users\Madhu\Downloads\Employee-Payroll-System-master\sources\org\payroll\MainFrame.java,org.payroll.MainFrame,initComponents/0,changePasswordMI,1
C:\Users\Madhu\Downloads\Employee-Payroll-System-master\sources\org\payroll\MainFrame.java,org.payroll.MainFrame,initComponents/0,txt_loggedInAs,1
C:\Users\Madhu\Downloads\Employee-Payroll-System-master\sources\org\payroll\MainFrame.java,org.payroll.MainFrame,initComponents/0,preferencesMenu,1
C:\Users\Madhu\Downloads\Employee-Payroll-System-master\sources\org\payroll\MainFrame.java,org.payroll.MainFrame,initComponents/0,menubar,1
C:\Users\Madhu\Downloads\Employee-Payroll-System-master\sources\org\payroll\MainFrame.java,org.payroll.MainFrame,initComponents/0,updateEmployeeMI,1
C:\Users\Madhu\Downloads\Employee-Payroll-System-master\sources\org\payroll\MainFrame.java,org.payroll.MainFrame,initComponents/0,deleteLoginIdMI,1
C:\Users\Madhu\Downloads\Employee-Payroll-System-master\sources\org\payroll\MainFrame.java,org.payroll.MainFrame,initComponents/0,scrollpane,1
C:\Users\Madhu\Downloads\Employee-Payroll-System-master\sources\org\payroll\MainFrame.java,org.payroll.MainFrame,initComponents/0,tableMenu,1
C:\Users\Madhu\Downloads\Employee-Payroll-System-master\sources\org\payroll\MainFrame.java,org.payroll.MainFrame,initComponents/0,username,1
C:\Users\Madhu\Downloads\Employee-Payroll-System-master\sources\org\payroll\employees\DeleteEmployeeFrame.java,org.payroll.employees.DeleteEmployeeFrame,initComponents/0,lbl_id,1
C:\Users\Madhu\Downloads\Employee-Payroll-System-master\sources\org\payroll\employees\DeleteEmployeeFrame.java,org.payroll.employees.DeleteEmployeeFrame,initComponents/0,btn_cancel,1
C:\Users\Madhu\Downloads\Employee-Payroll-System-master\sources\org\payroll\employees\DeleteEmployeeFrame.java,org.payroll.employees.DeleteEmployeeFrame,initComponents/0,txt_id,1
C:\Users\Madhu\Downloads\Employee-Payroll-System-master\sources\org\payroll\employees\DeleteEmployeeFrame.java,org.payroll.employees.DeleteEmployeeFrame,initComponents/0,btn_delete,1
C:\Users\Madhu\Downloads\Employee-Payroll-System-master\sources\org\payroll\employees\DeleteEmployeeFrame.java,org.payroll.employees.DeleteEmployeeFrame,addComponentsToFrame/0,lbl_id,1
C:\Users\Madhu\Downloads\Employee-Payroll-System-master\sources\org\payroll\employees\DeleteEmployeeFrame.java,org.payroll.employees.DeleteEmployeeFrame,addComponentsToFrame/0,btn_cancel,1
C:\Users\Madhu\Downloads\Employee-Payroll-System-master\sources\org\payroll\employees\DeleteEmployeeFrame.java,org.payroll.employees.DeleteEmployeeFrame,addComponentsToFrame/0,txt_id,1
C:\Users\Madhu\Downloads\Employee-Payroll-System-master\sources\org\payroll\employees\DeleteEmployeeFrame.java,org.payroll.employees.DeleteEmployeeFrame,addComponentsToFrame/0,btn_delete,1
C:\Users\Madhu\Downloads\Employee-Payroll-System-master\sources\org\payroll\employees\DeleteEmployeeFrame.java,org.payroll.employees.DeleteEmployeeFrame,addActionListeners/0,btn_cancel,1
C:\Users\Madhu\Downloads\Employee-Payroll-System-master\sources\org\payroll\employees\DeleteEmployeeFrame.java,org.payroll.employees.DeleteEmployeeFrame,addActionListeners/0,btn_delete,1
C:\Users\Madhu\Downloads\Employee-Payroll-System-master\sources\org\payroll\Main.java,org.payroll.Main,main/1[java.lang.String[]],dbManager,1
C:\Users\Madhu\Downloads\Employee-Payroll-System-master\sources\org\payroll\preferences\DeleteLoginIdFrame.java,org.payroll.preferences.DeleteLoginIdFrame,initComponents/0,txt_password,1
C:\Users\Madhu\Downloads\Employee-Payroll-System-master\sources\org\payroll\preferences\DeleteLoginIdFrame.java,org.payroll.preferences.DeleteLoginIdFrame,initComponents/0,btn_cancel,1
C:\Users\Madhu\Downloads\Employee-Payroll-System-master\sources\org\payroll\preferences\DeleteLoginIdFrame.java,org.payroll.preferences.DeleteLoginIdFrame,initComponents/0,lbl_username,1
C:\Users\Madhu\Downloads\Employee-Payroll-System-master\sources\org\payroll\preferences\DeleteLoginIdFrame.java,org.payroll.preferences.DeleteLoginIdFrame,initComponents/0,btn_delete,1
C:\Users\Madhu\Downloads\Employee-Payroll-System-master\sources\org\payroll\preferences\DeleteLoginIdFrame.java,org.payroll.preferences.DeleteLoginIdFrame,initComponents/0,lbl_password,1
C:\Users\Madhu\Downloads\Employee-Payroll-System-master\sources\org\payroll\preferences\DeleteLoginIdFrame.java,org.payroll.preferences.DeleteLoginIdFrame,initComponents/0,txt_username,1
C:\Users\Madhu\Downloads\Employee-Payroll-System-master\sources\org\payroll\preferences\DeleteLoginIdFrame.java,org.payroll.preferences.DeleteLoginIdFrame,addActionListeners/0,btn_cancel,1
C:\Users\Madhu\Downloads\Employee-Payroll-System-master\sources\org\payroll\preferences\DeleteLoginIdFrame.java,org.payroll.preferences.DeleteLoginIdFrame,addActionListeners/0,btn_delete,1
C:\Users\Madhu\Downloads\Employee-Payroll-System-master\sources\org\payroll\preferences\DeleteLoginIdFrame.java,org.payroll.preferences.DeleteLoginIdFrame,addComponentsToFrame/0,txt_password,1
C:\Users\Madhu\Downloads\Employee-Payroll-System-master\sources\org\payroll\preferences\DeleteLoginIdFrame.java,org.payroll.preferences.DeleteLoginIdFrame,addComponentsToFrame/0,btn_cancel,1
C:\Users\Madhu\Downloads\Employee-Payroll-System-master\sources\org\payroll\preferences\DeleteLoginIdFrame.java,org.payroll.preferences.DeleteLoginIdFrame,addComponentsToFrame/0,lbl_username,1
C:\Users\Madhu\Downloads\Employee-Payroll-System-master\sources\org\payroll\preferences\DeleteLoginIdFrame.java,org.payroll.preferences.DeleteLoginIdFrame,addComponentsToFrame/0,btn_delete,1
C:\Users\Madhu\Downloads\Employee-Payroll-System-master\sources\org\payroll\preferences\DeleteLoginIdFrame.java,org.payroll.preferences.DeleteLoginIdFrame,addComponentsToFrame/0,lbl_password,1
C:\Users\Madhu\Downloads\Employee-Payroll-System-master\sources\org\payroll\preferences\DeleteLoginIdFrame.java,org.payroll.preferences.DeleteLoginIdFrame,addComponentsToFrame/0,txt_username,1
C:\Users\Madhu\Downloads\Employee-Payroll-System-master\sources\org\payroll\departments\DeleteDepartmentFrame.java,org.payroll.departments.DeleteDepartmentFrame,addComponentsToFrame/0,lbl_dep_name,1
C:\Users\Madhu\Downloads\Employee-Payroll-System-master\sources\org\payroll\departments\DeleteDepartmentFrame.java,org.payroll.departments.DeleteDepartmentFrame,addComponentsToFrame/0,btn_cancel,1
C:\Users\Madhu\Downloads\Employee-Payroll-System-master\sources\org\payroll\departments\DeleteDepartmentFrame.java,org.payroll.departments.DeleteDepartmentFrame,addComponentsToFrame/0,btn_delete,1
C:\Users\Madhu\Downloads\Employee-Payroll-System-master\sources\org\payroll\departments\DeleteDepartmentFrame.java,org.payroll.departments.DeleteDepartmentFrame,addComponentsToFrame/0,combobox,1
C:\Users\Madhu\Downloads\Employee-Payroll-System-master\sources\org\payroll\departments\DeleteDepartmentFrame.java,org.payroll.departments.DeleteDepartmentFrame,initComponents/0,lbl_dep_name,1
C:\Users\Madhu\Downloads\Employee-Payroll-System-master\sources\org\payroll\departments\DeleteDepartmentFrame.java,org.payroll.departments.DeleteDepartmentFrame,initComponents/0,btn_cancel,1
C:\Users\Madhu\Downloads\Employee-Payroll-System-master\sources\org\payroll\departments\DeleteDepartmentFrame.java,org.payroll.departments.DeleteDepartmentFrame,initComponents/0,btn_delete,1
C:\Users\Madhu\Downloads\Employee-Payroll-System-master\sources\org\payroll\departments\DeleteDepartmentFrame.java,org.payroll.departments.DeleteDepartmentFrame,initComponents/0,departments,2
C:\Users\Madhu\Downloads\Employee-Payroll-System-master\sources\org\payroll\departments\DeleteDepartmentFrame.java,org.payroll.departments.DeleteDepartmentFrame,initComponents/0,combobox,1
C:\Users\Madhu\Downloads\Employee-Payroll-System-master\sources\org\payroll\departments\DeleteDepartmentFrame.java,org.payroll.departments.DeleteDepartmentFrame,addActionListeners/0,btn_cancel,1
C:\Users\Madhu\Downloads\Employee-Payroll-System-master\sources\org\payroll\departments\DeleteDepartmentFrame.java,org.payroll.departments.DeleteDepartmentFrame,addActionListeners/0,btn_delete,1
C:\Users\Madhu\Downloads\Employee-Payroll-System-master\sources\org\payroll\employees\NewEmployeeFrame.java,org.payroll.employees.NewEmployeeFrame,addComponentsToFrame/0,txt_ln,1
C:\Users\Madhu\Downloads\Employee-Payroll-System-master\sources\org\payroll\employees\NewEmployeeFrame.java,org.payroll.employees.NewEmployeeFrame,addComponentsToFrame/0,lbl_fn,1
C:\Users\Madhu\Downloads\Employee-Payroll-System-master\sources\org\payroll\employees\NewEmployeeFrame.java,org.payroll.employees.NewEmployeeFrame,addComponentsToFrame/0,lbl_em,1
C:\Users\Madhu\Downloads\Employee-Payroll-System-master\sources\org\payroll\employees\NewEmployeeFrame.java,org.payroll.employees.NewEmployeeFrame,addComponentsToFrame/0,txt_fn,1
C:\Users\Madhu\Downloads\Employee-Payroll-System-master\sources\org\payroll\employees\NewEmployeeFrame.java,org.payroll.employees.NewEmployeeFrame,addComponentsToFrame/0,txt_em,1
C:\Users\Madhu\Downloads\Employee-Payroll-System-master\sources\org\payroll\employees\NewEmployeeFrame.java,org.payroll.employees.NewEmployeeFrame,addComponentsToFrame/0,txt_department,1
C:\Users\Madhu\Downloads\Employee-Payroll-System-master\sources\org\payroll\employees\NewEmployeeFrame.java,org.payroll.employees.NewEmployeeFrame,addComponentsToFrame/0,btn_cancel,1
C:\Users\Madhu\Downloads\Employee-Payroll-System-master\sources\org\payroll\employees\NewEmployeeFrame.java,org.payroll.employees.NewEmployeeFrame,addComponentsToFrame/0,lbl_ln,1
C:\Users\Madhu\Downloads\Employee-Payroll-System-master\sources\org\payroll\employees\NewEmployeeFrame.java,org.payroll.employees.NewEmployeeFrame,addComponentsToFrame/0,btn_create,1
C:\Users\Madhu\Downloads\Employee-Payroll-System-master\sources\org\payroll\employees\NewEmployeeFrame.java,org.payroll.employees.NewEmployeeFrame,addComponentsToFrame/0,lbl_department,1
C:\Users\Madhu\Downloads\Employee-Payroll-System-master\sources\org\payroll\employees\NewEmployeeFrame.java,org.payroll.employees.NewEmployeeFrame,addActionListeners/0,btn_cancel,1
C:\Users\Madhu\Downloads\Employee-Payroll-System-master\sources\org\payroll\employees\NewEmployeeFrame.java,org.payroll.employees.NewEmployeeFrame,addActionListeners/0,btn_create,1
C:\Users\Madhu\Downloads\Employee-Payroll-System-master\sources\org\payroll\employees\NewEmployeeFrame.java,org.payroll.employees.NewEmployeeFrame,initComponents/0,txt_ln,1
C:\Users\Madhu\Downloads\Employee-Payroll-System-master\sources\org\payroll\employees\NewEmployeeFrame.java,org.payroll.employees.NewEmployeeFrame,initComponents/0,lbl_fn,1
C:\Users\Madhu\Downloads\Employee-Payroll-System-master\sources\org\payroll\employees\NewEmployeeFrame.java,org.payroll.employees.NewEmployeeFrame,initComponents/0,lbl_em,1
C:\Users\Madhu\Downloads\Employee-Payroll-System-master\sources\org\payroll\employees\NewEmployeeFrame.java,org.payroll.employees.NewEmployeeFrame,initComponents/0,txt_fn,1
C:\Users\Madhu\Downloads\Employee-Payroll-System-master\sources\org\payroll\employees\NewEmployeeFrame.java,org.payroll.employees.NewEmployeeFrame,initComponents/0,txt_em,1
C:\Users\Madhu\Downloads\Employee-Payroll-System-master\sources\org\payroll\employees\NewEmployeeFrame.java,org.payroll.employees.NewEmployeeFrame,initComponents/0,txt_department,1
C:\Users\Madhu\Downloads\Employee-Payroll-System-master\sources\org\payroll\employees\NewEmployeeFrame.java,org.payroll.employees.NewEmployeeFrame,initComponents/0,btn_cancel,1
C:\Users\Madhu\Downloads\Employee-Payroll-System-master\sources\org\payroll\employees\NewEmployeeFrame.java,org.payroll.employees.NewEmployeeFrame,initComponents/0,lbl_ln,1
C:\Users\Madhu\Downloads\Employee-Payroll-System-master\sources\org\payroll\employees\NewEmployeeFrame.java,org.payroll.employees.NewEmployeeFrame,initComponents/0,btn_create,1
C:\Users\Madhu\Downloads\Employee-Payroll-System-master\sources\org\payroll\employees\NewEmployeeFrame.java,org.payroll.employees.NewEmployeeFrame,initComponents/0,departments,2
C:\Users\Madhu\Downloads\Employee-Payroll-System-master\sources\org\payroll\employees\NewEmployeeFrame.java,org.payroll.employees.NewEmployeeFrame,initComponents/0,lbl_department,1
C:\Users\Madhu\Downloads\Employee-Payroll-System-master\sources\org\payroll\DatabaseManager.java,org.payroll.DatabaseManager,DatabaseManager/1[java.lang.String],ConnectionString,1
C:\Users\Madhu\Downloads\Employee-Payroll-System-master\sources\org\payroll\DatabaseManager.java,org.payroll.DatabaseManager,"createEmployee/4[java.lang.String,java.lang.String,java.lang.String,java.lang.String]",curs,1
C:\Users\Madhu\Downloads\Employee-Payroll-System-master\sources\org\payroll\DatabaseManager.java,org.payroll.DatabaseManager,initNewDatabase/0,curs,4
C:\Users\Madhu\Downloads\Employee-Payroll-System-master\sources\org\payroll\DatabaseManager.java,org.payroll.DatabaseManager,"verifyLoginId/2[java.lang.String,java.lang.String]",curs,1
C:\Users\Madhu\Downloads\Employee-Payroll-System-master\sources\org\payroll\DatabaseManager.java,org.payroll.DatabaseManager,deleteLoginId/1[java.lang.String],curs,1
C:\Users\Madhu\Downloads\Employee-Payroll-System-master\sources\org\payroll\DatabaseManager.java,org.payroll.DatabaseManager,getSalary/1[java.lang.String],curs,1
C:\Users\Madhu\Downloads\Employee-Payroll-System-master\sources\org\payroll\DatabaseManager.java,org.payroll.DatabaseManager,verifyLoginId/1[java.lang.String],curs,1
C:\Users\Madhu\Downloads\Employee-Payroll-System-master\sources\org\payroll\DatabaseManager.java,org.payroll.DatabaseManager,existsDepartment/1[java.lang.String],curs,1
C:\Users\Madhu\Downloads\Employee-Payroll-System-master\sources\org\payroll\DatabaseManager.java,org.payroll.DatabaseManager,getEmployees/0,curs,1
C:\Users\Madhu\Downloads\Employee-Payroll-System-master\sources\org\payroll\DatabaseManager.java,org.payroll.DatabaseManager,"createLoginId/2[java.lang.String,java.lang.String]",curs,1
C:\Users\Madhu\Downloads\Employee-Payroll-System-master\sources\org\payroll\DatabaseManager.java,org.payroll.DatabaseManager,"newDepartment/5[java.lang.String,int,int,int,int]",curs,1
C:\Users\Madhu\Downloads\Employee-Payroll-System-master\sources\org\payroll\DatabaseManager.java,org.payroll.DatabaseManager,"updateEmployee/5[int,java.lang.String,java.lang.String,java.lang.String,java.lang.String]",curs,1
C:\Users\Madhu\Downloads\Employee-Payroll-System-master\sources\org\payroll\DatabaseManager.java,org.payroll.DatabaseManager,connectToDatabase/0,conn,2
C:\Users\Madhu\Downloads\Employee-Payroll-System-master\sources\org\payroll\DatabaseManager.java,org.payroll.DatabaseManager,connectToDatabase/0,ConnectionString,1
C:\Users\Madhu\Downloads\Employee-Payroll-System-master\sources\org\payroll\DatabaseManager.java,org.payroll.DatabaseManager,connectToDatabase/0,curs,2
C:\Users\Madhu\Downloads\Employee-Payroll-System-master\sources\org\payroll\DatabaseManager.java,org.payroll.DatabaseManager,getListOfDepartments/0,curs,1
C:\Users\Madhu\Downloads\Employee-Payroll-System-master\sources\org\payroll\DatabaseManager.java,org.payroll.DatabaseManager,existsEmployeeID/1[int],curs,1
C:\Users\Madhu\Downloads\Employee-Payroll-System-master\sources\org\payroll\DatabaseManager.java,org.payroll.DatabaseManager,deleteDepartment/1[java.lang.String],curs,2
C:\Users\Madhu\Downloads\Employee-Payroll-System-master\sources\org\payroll\DatabaseManager.java,org.payroll.DatabaseManager,deleteEmployee/1[int],curs,1
C:\Users\Madhu\Downloads\Employee-Payroll-System-master\sources\org\payroll\DatabaseManager.java,org.payroll.DatabaseManager,"changePassword/2[java.lang.String,java.lang.String]",curs,1
C:\Users\Madhu\Downloads\Employee-Payroll-System-master\sources\org\payroll\departments\NewDepartmentFrame.java,org.payroll.departments.NewDepartmentFrame,initComponents/0,lbl_dep_name,1
C:\Users\Madhu\Downloads\Employee-Payroll-System-master\sources\org\payroll\departments\NewDepartmentFrame.java,org.payroll.departments.NewDepartmentFrame,initComponents/0,lbl_da,1
C:\Users\Madhu\Downloads\Employee-Payroll-System-master\sources\org\payroll\departments\NewDepartmentFrame.java,org.payroll.departments.NewDepartmentFrame,initComponents/0,lbl_hra,1
C:\Users\Madhu\Downloads\Employee-Payroll-System-master\sources\org\payroll\departments\NewDepartmentFrame.java,org.payroll.departments.NewDepartmentFrame,initComponents/0,txt_pf,1
C:\Users\Madhu\Downloads\Employee-Payroll-System-master\sources\org\payroll\departments\NewDepartmentFrame.java,org.payroll.departments.NewDepartmentFrame,initComponents/0,btn_cancel,1
C:\Users\Madhu\Downloads\Employee-Payroll-System-master\sources\org\payroll\departments\NewDepartmentFrame.java,org.payroll.departments.NewDepartmentFrame,initComponents/0,lbl_basic_salary,1
C:\Users\Madhu\Downloads\Employee-Payroll-System-master\sources\org\payroll\departments\NewDepartmentFrame.java,org.payroll.departments.NewDepartmentFrame,initComponents/0,btn_create,1
C:\Users\Madhu\Downloads\Employee-Payroll-System-master\sources\org\payroll\departments\NewDepartmentFrame.java,org.payroll.departments.NewDepartmentFrame,initComponents/0,lbl_pf,1
C:\Users\Madhu\Downloads\Employee-Payroll-System-master\sources\org\payroll\departments\NewDepartmentFrame.java,org.payroll.departments.NewDepartmentFrame,initComponents/0,txt_dep_name,1
C:\Users\Madhu\Downloads\Employee-Payroll-System-master\sources\org\payroll\departments\NewDepartmentFrame.java,org.payroll.departments.NewDepartmentFrame,initComponents/0,txt_basic_salary,1
C:\Users\Madhu\Downloads\Employee-Payroll-System-master\sources\org\payroll\departments\NewDepartmentFrame.java,org.payroll.departments.NewDepartmentFrame,initComponents/0,txt_da,1
C:\Users\Madhu\Downloads\Employee-Payroll-System-master\sources\org\payroll\departments\NewDepartmentFrame.java,org.payroll.departments.NewDepartmentFrame,initComponents/0,txt_hra,1
C:\Users\Madhu\Downloads\Employee-Payroll-System-master\sources\org\payroll\departments\NewDepartmentFrame.java,org.payroll.departments.NewDepartmentFrame,configureComponents/0,txt_pf,1
C:\Users\Madhu\Downloads\Employee-Payroll-System-master\sources\org\payroll\departments\NewDepartmentFrame.java,org.payroll.departments.NewDepartmentFrame,configureComponents/0,txt_da,1
C:\Users\Madhu\Downloads\Employee-Payroll-System-master\sources\org\payroll\departments\NewDepartmentFrame.java,org.payroll.departments.NewDepartmentFrame,configureComponents/0,txt_hra,1
C:\Users\Madhu\Downloads\Employee-Payroll-System-master\sources\org\payroll\departments\NewDepartmentFrame.java,org.payroll.departments.NewDepartmentFrame,addActionListeners/0,btn_cancel,1
C:\Users\Madhu\Downloads\Employee-Payroll-System-master\sources\org\payroll\departments\NewDepartmentFrame.java,org.payroll.departments.NewDepartmentFrame,addActionListeners/0,btn_create,1
C:\Users\Madhu\Downloads\Employee-Payroll-System-master\sources\org\payroll\departments\NewDepartmentFrame.java,org.payroll.departments.NewDepartmentFrame,addComponentsToFrame/0,lbl_dep_name,1
C:\Users\Madhu\Downloads\Employee-Payroll-System-master\sources\org\payroll\departments\NewDepartmentFrame.java,org.payroll.departments.NewDepartmentFrame,addComponentsToFrame/0,lbl_da,1
C:\Users\Madhu\Downloads\Employee-Payroll-System-master\sources\org\payroll\departments\NewDepartmentFrame.java,org.payroll.departments.NewDepartmentFrame,addComponentsToFrame/0,lbl_hra,1
C:\Users\Madhu\Downloads\Employee-Payroll-System-master\sources\org\payroll\departments\NewDepartmentFrame.java,org.payroll.departments.NewDepartmentFrame,addComponentsToFrame/0,txt_pf,1
C:\Users\Madhu\Downloads\Employee-Payroll-System-master\sources\org\payroll\departments\NewDepartmentFrame.java,org.payroll.departments.NewDepartmentFrame,addComponentsToFrame/0,btn_cancel,1
C:\Users\Madhu\Downloads\Employee-Payroll-System-master\sources\org\payroll\departments\NewDepartmentFrame.java,org.payroll.departments.NewDepartmentFrame,addComponentsToFrame/0,lbl_basic_salary,1
C:\Users\Madhu\Downloads\Employee-Payroll-System-master\sources\org\payroll\departments\NewDepartmentFrame.java,org.payroll.departments.NewDepartmentFrame,addComponentsToFrame/0,btn_create,1
C:\Users\Madhu\Downloads\Employee-Payroll-System-master\sources\org\payroll\departments\NewDepartmentFrame.java,org.payroll.departments.NewDepartmentFrame,addComponentsToFrame/0,txt_dep_name,1
C:\Users\Madhu\Downloads\Employee-Payroll-System-master\sources\org\payroll\departments\NewDepartmentFrame.java,org.payroll.departments.NewDepartmentFrame,addComponentsToFrame/0,lbl_pf,1
C:\Users\Madhu\Downloads\Employee-Payroll-System-master\sources\org\payroll\departments\NewDepartmentFrame.java,org.payroll.departments.NewDepartmentFrame,addComponentsToFrame/0,txt_basic_salary,1
C:\Users\Madhu\Downloads\Employee-Payroll-System-master\sources\org\payroll\departments\NewDepartmentFrame.java,org.payroll.departments.NewDepartmentFrame,addComponentsToFrame/0,txt_da,1
C:\Users\Madhu\Downloads\Employee-Payroll-System-master\sources\org\payroll\departments\NewDepartmentFrame.java,org.payroll.departments.NewDepartmentFrame,addComponentsToFrame/0,txt_hra,1
C:\Users\Madhu\Downloads\Employee-Payroll-System-master\sources\org\payroll\employees\UpdateEmployeeFrame.java,org.payroll.employees.UpdateEmployeeFrame,addComponentsToFrame/0,txt_ln,1
C:\Users\Madhu\Downloads\Employee-Payroll-System-master\sources\org\payroll\employees\UpdateEmployeeFrame.java,org.payroll.employees.UpdateEmployeeFrame,addComponentsToFrame/0,lbl_fn,1
C:\Users\Madhu\Downloads\Employee-Payroll-System-master\sources\org\payroll\employees\UpdateEmployeeFrame.java,org.payroll.employees.UpdateEmployeeFrame,addComponentsToFrame/0,lbl_em,1
C:\Users\Madhu\Downloads\Employee-Payroll-System-master\sources\org\payroll\employees\UpdateEmployeeFrame.java,org.payroll.employees.UpdateEmployeeFrame,addComponentsToFrame/0,txt_fn,1
C:\Users\Madhu\Downloads\Employee-Payroll-System-master\sources\org\payroll\employees\UpdateEmployeeFrame.java,org.payroll.employees.UpdateEmployeeFrame,addComponentsToFrame/0,txt_em,1
C:\Users\Madhu\Downloads\Employee-Payroll-System-master\sources\org\payroll\employees\UpdateEmployeeFrame.java,org.payroll.employees.UpdateEmployeeFrame,addComponentsToFrame/0,txt_department,1
C:\Users\Madhu\Downloads\Employee-Payroll-System-master\sources\org\payroll\employees\UpdateEmployeeFrame.java,org.payroll.employees.UpdateEmployeeFrame,addComponentsToFrame/0,lbl_id,1
C:\Users\Madhu\Downloads\Employee-Payroll-System-master\sources\org\payroll\employees\UpdateEmployeeFrame.java,org.payroll.employees.UpdateEmployeeFrame,addComponentsToFrame/0,btn_cancel,1
C:\Users\Madhu\Downloads\Employee-Payroll-System-master\sources\org\payroll\employees\UpdateEmployeeFrame.java,org.payroll.employees.UpdateEmployeeFrame,addComponentsToFrame/0,txt_id,1
C:\Users\Madhu\Downloads\Employee-Payroll-System-master\sources\org\payroll\employees\UpdateEmployeeFrame.java,org.payroll.employees.UpdateEmployeeFrame,addComponentsToFrame/0,lbl_ln,1
C:\Users\Madhu\Downloads\Employee-Payroll-System-master\sources\org\payroll\employees\UpdateEmployeeFrame.java,org.payroll.employees.UpdateEmployeeFrame,addComponentsToFrame/0,lbl_department,1
C:\Users\Madhu\Downloads\Employee-Payroll-System-master\sources\org\payroll\employees\UpdateEmployeeFrame.java,org.payroll.employees.UpdateEmployeeFrame,addComponentsToFrame/0,btn_update,1
C:\Users\Madhu\Downloads\Employee-Payroll-System-master\sources\org\payroll\employees\UpdateEmployeeFrame.java,org.payroll.employees.UpdateEmployeeFrame,initComponents/0,lbl_id,1
C:\Users\Madhu\Downloads\Employee-Payroll-System-master\sources\org\payroll\employees\UpdateEmployeeFrame.java,org.payroll.employees.UpdateEmployeeFrame,initComponents/0,lbl_ln,1
C:\Users\Madhu\Downloads\Employee-Payroll-System-master\sources\org\payroll\employees\UpdateEmployeeFrame.java,org.payroll.employees.UpdateEmployeeFrame,initComponents/0,txt_id,1
C:\Users\Madhu\Downloads\Employee-Payroll-System-master\sources\org\payroll\employees\UpdateEmployeeFrame.java,org.payroll.employees.UpdateEmployeeFrame,initComponents/0,lbl_department,1
C:\Users\Madhu\Downloads\Employee-Payroll-System-master\sources\org\payroll\employees\UpdateEmployeeFrame.java,org.payroll.employees.UpdateEmployeeFrame,initComponents/0,txt_ln,1
C:\Users\Madhu\Downloads\Employee-Payroll-System-master\sources\org\payroll\employees\UpdateEmployeeFrame.java,org.payroll.employees.UpdateEmployeeFrame,initComponents/0,lbl_fn,1
C:\Users\Madhu\Downloads\Employee-Payroll-System-master\sources\org\payroll\employees\UpdateEmployeeFrame.java,org.payroll.employees.UpdateEmployeeFrame,initComponents/0,lbl_em,1
C:\Users\Madhu\Downloads\Employee-Payroll-System-master\sources\org\payroll\employees\UpdateEmployeeFrame.java,org.payroll.employees.UpdateEmployeeFrame,initComponents/0,txt_fn,1
C:\Users\Madhu\Downloads\Employee-Payroll-System-master\sources\org\payroll\employees\UpdateEmployeeFrame.java,org.payroll.employees.UpdateEmployeeFrame,initComponents/0,txt_em,1
C:\Users\Madhu\Downloads\Employee-Payroll-System-master\sources\org\payroll\employees\UpdateEmployeeFrame.java,org.payroll.employees.UpdateEmployeeFrame,initComponents/0,txt_department,1
C:\Users\Madhu\Downloads\Employee-Payroll-System-master\sources\org\payroll\employees\UpdateEmployeeFrame.java,org.payroll.employees.UpdateEmployeeFrame,initComponents/0,btn_cancel,1
C:\Users\Madhu\Downloads\Employee-Payroll-System-master\sources\org\payroll\employees\UpdateEmployeeFrame.java,org.payroll.employees.UpdateEmployeeFrame,initComponents/0,departments,2
C:\Users\Madhu\Downloads\Employee-Payroll-System-master\sources\org\payroll\employees\UpdateEmployeeFrame.java,org.payroll.employees.UpdateEmployeeFrame,initComponents/0,btn_update,1
C:\Users\Madhu\Downloads\Employee-Payroll-System-master\sources\org\payroll\employees\UpdateEmployeeFrame.java,org.payroll.employees.UpdateEmployeeFrame,addActionListeners/0,btn_cancel,1
C:\Users\Madhu\Downloads\Employee-Payroll-System-master\sources\org\payroll\employees\UpdateEmployeeFrame.java,org.payroll.employees.UpdateEmployeeFrame,addActionListeners/0,btn_update,1
C:\Users\Madhu\Downloads\Employee-Payroll-System-master\sources\org\payroll\departments\ModifyDepartmentFrame.java,org.payroll.departments.ModifyDepartmentFrame,initComponents/0,lbl_da,1
C:\Users\Madhu\Downloads\Employee-Payroll-System-master\sources\org\payroll\departments\ModifyDepartmentFrame.java,org.payroll.departments.ModifyDepartmentFrame,initComponents/0,txt_pf,1
C:\Users\Madhu\Downloads\Employee-Payroll-System-master\sources\org\payroll\departments\ModifyDepartmentFrame.java,org.payroll.departments.ModifyDepartmentFrame,initComponents/0,btn_create,1
C:\Users\Madhu\Downloads\Employee-Payroll-System-master\sources\org\payroll\departments\ModifyDepartmentFrame.java,org.payroll.departments.ModifyDepartmentFrame,initComponents/0,txt_da,1
C:\Users\Madhu\Downloads\Employee-Payroll-System-master\sources\org\payroll\departments\ModifyDepartmentFrame.java,org.payroll.departments.ModifyDepartmentFrame,initComponents/0,txt_hra,1
C:\Users\Madhu\Downloads\Employee-Payroll-System-master\sources\org\payroll\departments\ModifyDepartmentFrame.java,org.payroll.departments.ModifyDepartmentFrame,initComponents/0,lbl_dep_name,1
C:\Users\Madhu\Downloads\Employee-Payroll-System-master\sources\org\payroll\departments\ModifyDepartmentFrame.java,org.payroll.departments.ModifyDepartmentFrame,initComponents/0,lbl_hra,1
C:\Users\Madhu\Downloads\Employee-Payroll-System-master\sources\org\payroll\departments\ModifyDepartmentFrame.java,org.payroll.departments.ModifyDepartmentFrame,initComponents/0,btn_cancel,1
C:\Users\Madhu\Downloads\Employee-Payroll-System-master\sources\org\payroll\departments\ModifyDepartmentFrame.java,org.payroll.departments.ModifyDepartmentFrame,initComponents/0,lbl_basic_salary,1
C:\Users\Madhu\Downloads\Employee-Payroll-System-master\sources\org\payroll\departments\ModifyDepartmentFrame.java,org.payroll.departments.ModifyDepartmentFrame,initComponents/0,departments,2
C:\Users\Madhu\Downloads\Employee-Payroll-System-master\sources\org\payroll\departments\ModifyDepartmentFrame.java,org.payroll.departments.ModifyDepartmentFrame,initComponents/0,lbl_pf,1
C:\Users\Madhu\Downloads\Employee-Payroll-System-master\sources\org\payroll\departments\ModifyDepartmentFrame.java,org.payroll.departments.ModifyDepartmentFrame,initComponents/0,txt_dep_name,1
C:\Users\Madhu\Downloads\Employee-Payroll-System-master\sources\org\payroll\departments\ModifyDepartmentFrame.java,org.payroll.departments.ModifyDepartmentFrame,initComponents/0,txt_basic_salary,1
C:\Users\Madhu\Downloads\Employee-Payroll-System-master\sources\org\payroll\departments\ModifyDepartmentFrame.java,org.payroll.departments.ModifyDepartmentFrame,addActionListeners/0,btn_cancel,1
C:\Users\Madhu\Downloads\Employee-Payroll-System-master\sources\org\payroll\departments\ModifyDepartmentFrame.java,org.payroll.departments.ModifyDepartmentFrame,addActionListeners/0,btn_create,1
C:\Users\Madhu\Downloads\Employee-Payroll-System-master\sources\org\payroll\departments\ModifyDepartmentFrame.java,org.payroll.departments.ModifyDepartmentFrame,addComponentsToFrame/0,lbl_dep_name,1
C:\Users\Madhu\Downloads\Employee-Payroll-System-master\sources\org\payroll\departments\ModifyDepartmentFrame.java,org.payroll.departments.ModifyDepartmentFrame,addComponentsToFrame/0,lbl_da,1
C:\Users\Madhu\Downloads\Employee-Payroll-System-master\sources\org\payroll\departments\ModifyDepartmentFrame.java,org.payroll.departments.ModifyDepartmentFrame,addComponentsToFrame/0,lbl_hra,1
C:\Users\Madhu\Downloads\Employee-Payroll-System-master\sources\org\payroll\departments\ModifyDepartmentFrame.java,org.payroll.departments.ModifyDepartmentFrame,addComponentsToFrame/0,txt_pf,1
C:\Users\Madhu\Downloads\Employee-Payroll-System-master\sources\org\payroll\departments\ModifyDepartmentFrame.java,org.payroll.departments.ModifyDepartmentFrame,addComponentsToFrame/0,btn_cancel,1
C:\Users\Madhu\Downloads\Employee-Payroll-System-master\sources\org\payroll\departments\ModifyDepartmentFrame.java,org.payroll.departments.ModifyDepartmentFrame,addComponentsToFrame/0,lbl_basic_salary,1
C:\Users\Madhu\Downloads\Employee-Payroll-System-master\sources\org\payroll\departments\ModifyDepartmentFrame.java,org.payroll.departments.ModifyDepartmentFrame,addComponentsToFrame/0,btn_create,1
C:\Users\Madhu\Downloads\Employee-Payroll-System-master\sources\org\payroll\departments\ModifyDepartmentFrame.java,org.payroll.departments.ModifyDepartmentFrame,addComponentsToFrame/0,txt_dep_name,1
C:\Users\Madhu\Downloads\Employee-Payroll-System-master\sources\org\payroll\departments\ModifyDepartmentFrame.java,org.payroll.departments.ModifyDepartmentFrame,addComponentsToFrame/0,lbl_pf,1
C:\Users\Madhu\Downloads\Employee-Payroll-System-master\sources\org\payroll\departments\ModifyDepartmentFrame.java,org.payroll.departments.ModifyDepartmentFrame,addComponentsToFrame/0,txt_basic_salary,1
C:\Users\Madhu\Downloads\Employee-Payroll-System-master\sources\org\payroll\departments\ModifyDepartmentFrame.java,org.payroll.departments.ModifyDepartmentFrame,addComponentsToFrame/0,txt_da,1
C:\Users\Madhu\Downloads\Employee-Payroll-System-master\sources\org\payroll\departments\ModifyDepartmentFrame.java,org.payroll.departments.ModifyDepartmentFrame,addComponentsToFrame/0,txt_hra,1
C:\Users\Madhu\Downloads\Employee-Payroll-System-master\sources\org\payroll\departments\ModifyDepartmentFrame.java,org.payroll.departments.ModifyDepartmentFrame,configureComponents/0,txt_pf,1
C:\Users\Madhu\Downloads\Employee-Payroll-System-master\sources\org\payroll\departments\ModifyDepartmentFrame.java,org.payroll.departments.ModifyDepartmentFrame,configureComponents/0,txt_da,1
C:\Users\Madhu\Downloads\Employee-Payroll-System-master\sources\org\payroll\departments\ModifyDepartmentFrame.java,org.payroll.departments.ModifyDepartmentFrame,configureComponents/0,txt_hra,1
C:\Users\Madhu\Downloads\Employee-Payroll-System-master\sources\org\payroll\preferences\ChangePasswordFrame.java,org.payroll.preferences.ChangePasswordFrame,containsNumbers/1[java.lang.String],numbers,2
C:\Users\Madhu\Downloads\Employee-Payroll-System-master\sources\org\payroll\preferences\ChangePasswordFrame.java,org.payroll.preferences.ChangePasswordFrame,addActionListeners/0,btn_cancel,1
C:\Users\Madhu\Downloads\Employee-Payroll-System-master\sources\org\payroll\preferences\ChangePasswordFrame.java,org.payroll.preferences.ChangePasswordFrame,addActionListeners/0,btn_OK,1
C:\Users\Madhu\Downloads\Employee-Payroll-System-master\sources\org\payroll\preferences\ChangePasswordFrame.java,org.payroll.preferences.ChangePasswordFrame,addComponentsToFrame/0,txt_oldPassword,1
C:\Users\Madhu\Downloads\Employee-Payroll-System-master\sources\org\payroll\preferences\ChangePasswordFrame.java,org.payroll.preferences.ChangePasswordFrame,addComponentsToFrame/0,txt_repeatPassword,1
C:\Users\Madhu\Downloads\Employee-Payroll-System-master\sources\org\payroll\preferences\ChangePasswordFrame.java,org.payroll.preferences.ChangePasswordFrame,addComponentsToFrame/0,lbl_repeatPassword,1
C:\Users\Madhu\Downloads\Employee-Payroll-System-master\sources\org\payroll\preferences\ChangePasswordFrame.java,org.payroll.preferences.ChangePasswordFrame,addComponentsToFrame/0,lbl_oldPassword,1
C:\Users\Madhu\Downloads\Employee-Payroll-System-master\sources\org\payroll\preferences\ChangePasswordFrame.java,org.payroll.preferences.ChangePasswordFrame,addComponentsToFrame/0,btn_cancel,1
C:\Users\Madhu\Downloads\Employee-Payroll-System-master\sources\org\payroll\preferences\ChangePasswordFrame.java,org.payroll.preferences.ChangePasswordFrame,addComponentsToFrame/0,txt_newPassword,1
C:\Users\Madhu\Downloads\Employee-Payroll-System-master\sources\org\payroll\preferences\ChangePasswordFrame.java,org.payroll.preferences.ChangePasswordFrame,addComponentsToFrame/0,btn_OK,1
C:\Users\Madhu\Downloads\Employee-Payroll-System-master\sources\org\payroll\preferences\ChangePasswordFrame.java,org.payroll.preferences.ChangePasswordFrame,addComponentsToFrame/0,lbl_newPassword,1
C:\Users\Madhu\Downloads\Employee-Payroll-System-master\sources\org\payroll\preferences\ChangePasswordFrame.java,org.payroll.preferences.ChangePasswordFrame,containsUppercase/1[java.lang.String],uppercase_alphabets,2
C:\Users\Madhu\Downloads\Employee-Payroll-System-master\sources\org\payroll\preferences\ChangePasswordFrame.java,org.payroll.preferences.ChangePasswordFrame,containsLowercase/1[java.lang.String],lowercase_alphabets,2
C:\Users\Madhu\Downloads\Employee-Payroll-System-master\sources\org\payroll\preferences\ChangePasswordFrame.java,org.payroll.preferences.ChangePasswordFrame,initComponents/0,txt_oldPassword,1
C:\Users\Madhu\Downloads\Employee-Payroll-System-master\sources\org\payroll\preferences\ChangePasswordFrame.java,org.payroll.preferences.ChangePasswordFrame,initComponents/0,txt_repeatPassword,1
C:\Users\Madhu\Downloads\Employee-Payroll-System-master\sources\org\payroll\preferences\ChangePasswordFrame.java,org.payroll.preferences.ChangePasswordFrame,initComponents/0,lbl_repeatPassword,1
C:\Users\Madhu\Downloads\Employee-Payroll-System-master\sources\org\payroll\preferences\ChangePasswordFrame.java,org.payroll.preferences.ChangePasswordFrame,initComponents/0,lbl_oldPassword,1
C:\Users\Madhu\Downloads\Employee-Payroll-System-master\sources\org\payroll\preferences\ChangePasswordFrame.java,org.payroll.preferences.ChangePasswordFrame,initComponents/0,btn_cancel,1
C:\Users\Madhu\Downloads\Employee-Payroll-System-master\sources\org\payroll\preferences\ChangePasswordFrame.java,org.payroll.preferences.ChangePasswordFrame,initComponents/0,txt_newPassword,1
C:\Users\Madhu\Downloads\Employee-Payroll-System-master\sources\org\payroll\preferences\ChangePasswordFrame.java,org.payroll.preferences.ChangePasswordFrame,initComponents/0,btn_OK,1
C:\Users\Madhu\Downloads\Employee-Payroll-System-master\sources\org\payroll\preferences\ChangePasswordFrame.java,org.payroll.preferences.ChangePasswordFrame,initComponents/0,lbl_newPassword,1
C:\Users\Madhu\Downloads\Employee-Payroll-System-master\sources\org\payroll\preferences\ChangePasswordFrame.java,org.payroll.preferences.ChangePasswordFrame,ChangePasswordFrame/1[java.lang.String],username,3
C:\Users\Madhu\Downloads\Employee-Payroll-System-master\sources\org\payroll\LoginFrame.java,org.payroll.LoginFrame,LoginFailed/0,txt_password,1
C:\Users\Madhu\Downloads\Employee-Payroll-System-master\sources\org\payroll\LoginFrame.java,org.payroll.LoginFrame,LoginFailed/0,txt_username,1
C:\Users\Madhu\Downloads\Employee-Payroll-System-master\sources\org\payroll\LoginFrame.java,org.payroll.LoginFrame,addComponentsToFrame/0,txt_password,1
C:\Users\Madhu\Downloads\Employee-Payroll-System-master\sources\org\payroll\LoginFrame.java,org.payroll.LoginFrame,addComponentsToFrame/0,btn_exit,1
C:\Users\Madhu\Downloads\Employee-Payroll-System-master\sources\org\payroll\LoginFrame.java,org.payroll.LoginFrame,addComponentsToFrame/0,lbl_username,1
C:\Users\Madhu\Downloads\Employee-Payroll-System-master\sources\org\payroll\LoginFrame.java,org.payroll.LoginFrame,addComponentsToFrame/0,lbl_password,1
C:\Users\Madhu\Downloads\Employee-Payroll-System-master\sources\org\payroll\LoginFrame.java,org.payroll.LoginFrame,addComponentsToFrame/0,btn_login,1
C:\Users\Madhu\Downloads\Employee-Payroll-System-master\sources\org\payroll\LoginFrame.java,org.payroll.LoginFrame,addComponentsToFrame/0,txt_username,1
C:\Users\Madhu\Downloads\Employee-Payroll-System-master\sources\org\payroll\LoginFrame.java,org.payroll.LoginFrame,addComponentsToFrame/0,lbl_info,1
C:\Users\Madhu\Downloads\Employee-Payroll-System-master\sources\org\payroll\LoginFrame.java,org.payroll.LoginFrame,initComponents/0,txt_password,1
C:\Users\Madhu\Downloads\Employee-Payroll-System-master\sources\org\payroll\LoginFrame.java,org.payroll.LoginFrame,initComponents/0,btn_exit,1
C:\Users\Madhu\Downloads\Employee-Payroll-System-master\sources\org\payroll\LoginFrame.java,org.payroll.LoginFrame,initComponents/0,lbl_username,1
C:\Users\Madhu\Downloads\Employee-Payroll-System-master\sources\org\payroll\LoginFrame.java,org.payroll.LoginFrame,initComponents/0,lbl_password,1
C:\Users\Madhu\Downloads\Employee-Payroll-System-master\sources\org\payroll\LoginFrame.java,org.payroll.LoginFrame,initComponents/0,btn_login,1
C:\Users\Madhu\Downloads\Employee-Payroll-System-master\sources\org\payroll\LoginFrame.java,org.payroll.LoginFrame,initComponents/0,txt_username,1
C:\Users\Madhu\Downloads\Employee-Payroll-System-master\sources\org\payroll\LoginFrame.java,org.payroll.LoginFrame,initComponents/0,lbl_info,1
C:\Users\Madhu\Downloads\Employee-Payroll-System-master\sources\org\payroll\LoginFrame.java,org.payroll.LoginFrame,addActionListeners/0,btn_exit,1
C:\Users\Madhu\Downloads\Employee-Payroll-System-master\sources\org\payroll\LoginFrame.java,org.payroll.LoginFrame,addActionListeners/0,btn_login,1
C:\Users\Madhu\Downloads\Employee-Payroll-System-master\sources\org\payroll\LoginFrame.java,org.payroll.LoginFrame,LoginSuccessful/0,txt_username,1
C:\Users\Madhu\Downloads\Employee-Payroll-System-master\sources\org\payroll\preferences\NewLoginIdFrame.java,org.payroll.preferences.NewLoginIdFrame,addActionListeners/0,btn_cancel,1
C:\Users\Madhu\Downloads\Employee-Payroll-System-master\sources\org\payroll\preferences\NewLoginIdFrame.java,org.payroll.preferences.NewLoginIdFrame,addActionListeners/0,btn_create,1
C:\Users\Madhu\Downloads\Employee-Payroll-System-master\sources\org\payroll\preferences\NewLoginIdFrame.java,org.payroll.preferences.NewLoginIdFrame,containsLowercase/1[java.lang.String],lowercase_alphabets,2
C:\Users\Madhu\Downloads\Employee-Payroll-System-master\sources\org\payroll\preferences\NewLoginIdFrame.java,org.payroll.preferences.NewLoginIdFrame,initComponents/0,txt_repeatPassword,1
C:\Users\Madhu\Downloads\Employee-Payroll-System-master\sources\org\payroll\preferences\NewLoginIdFrame.java,org.payroll.preferences.NewLoginIdFrame,initComponents/0,lbl_repeatPassword,1
C:\Users\Madhu\Downloads\Employee-Payroll-System-master\sources\org\payroll\preferences\NewLoginIdFrame.java,org.payroll.preferences.NewLoginIdFrame,initComponents/0,btn_cancel,1
C:\Users\Madhu\Downloads\Employee-Payroll-System-master\sources\org\payroll\preferences\NewLoginIdFrame.java,org.payroll.preferences.NewLoginIdFrame,initComponents/0,lbl_username,1
C:\Users\Madhu\Downloads\Employee-Payroll-System-master\sources\org\payroll\preferences\NewLoginIdFrame.java,org.payroll.preferences.NewLoginIdFrame,initComponents/0,btn_create,1
C:\Users\Madhu\Downloads\Employee-Payroll-System-master\sources\org\payroll\preferences\NewLoginIdFrame.java,org.payroll.preferences.NewLoginIdFrame,initComponents/0,txt_newPassword,1
C:\Users\Madhu\Downloads\Employee-Payroll-System-master\sources\org\payroll\preferences\NewLoginIdFrame.java,org.payroll.preferences.NewLoginIdFrame,initComponents/0,txt_username,1
C:\Users\Madhu\Downloads\Employee-Payroll-System-master\sources\org\payroll\preferences\NewLoginIdFrame.java,org.payroll.preferences.NewLoginIdFrame,initComponents/0,lbl_newPassword,1
C:\Users\Madhu\Downloads\Employee-Payroll-System-master\sources\org\payroll\preferences\NewLoginIdFrame.java,org.payroll.preferences.NewLoginIdFrame,isUsernameValid/0,txt_username,1
C:\Users\Madhu\Downloads\Employee-Payroll-System-master\sources\org\payroll\preferences\NewLoginIdFrame.java,org.payroll.preferences.NewLoginIdFrame,isUsernameValid/0,chars,2
C:\Users\Madhu\Downloads\Employee-Payroll-System-master\sources\org\payroll\preferences\NewLoginIdFrame.java,org.payroll.preferences.NewLoginIdFrame,isStrongPassword/0,txt_newPassword,1
C:\Users\Madhu\Downloads\Employee-Payroll-System-master\sources\org\payroll\preferences\NewLoginIdFrame.java,org.payroll.preferences.NewLoginIdFrame,containsNumbers/1[java.lang.String],numbers,2
C:\Users\Madhu\Downloads\Employee-Payroll-System-master\sources\org\payroll\preferences\NewLoginIdFrame.java,org.payroll.preferences.NewLoginIdFrame,containsUppercase/1[java.lang.String],uppercase_alphabets,2
C:\Users\Madhu\Downloads\Employee-Payroll-System-master\sources\org\payroll\preferences\NewLoginIdFrame.java,org.payroll.preferences.NewLoginIdFrame,addComponentsToFrame/0,txt_repeatPassword,1
C:\Users\Madhu\Downloads\Employee-Payroll-System-master\sources\org\payroll\preferences\NewLoginIdFrame.java,org.payroll.preferences.NewLoginIdFrame,addComponentsToFrame/0,lbl_repeatPassword,1
C:\Users\Madhu\Downloads\Employee-Payroll-System-master\sources\org\payroll\preferences\NewLoginIdFrame.java,org.payroll.preferences.NewLoginIdFrame,addComponentsToFrame/0,btn_cancel,1
C:\Users\Madhu\Downloads\Employee-Payroll-System-master\sources\org\payroll\preferences\NewLoginIdFrame.java,org.payroll.preferences.NewLoginIdFrame,addComponentsToFrame/0,lbl_username,1
C:\Users\Madhu\Downloads\Employee-Payroll-System-master\sources\org\payroll\preferences\NewLoginIdFrame.java,org.payroll.preferences.NewLoginIdFrame,addComponentsToFrame/0,btn_create,1
C:\Users\Madhu\Downloads\Employee-Payroll-System-master\sources\org\payroll\preferences\NewLoginIdFrame.java,org.payroll.preferences.NewLoginIdFrame,addComponentsToFrame/0,txt_newPassword,1
C:\Users\Madhu\Downloads\Employee-Payroll-System-master\sources\org\payroll\preferences\NewLoginIdFrame.java,org.payroll.preferences.NewLoginIdFrame,addComponentsToFrame/0,txt_username,1
C:\Users\Madhu\Downloads\Employee-Payroll-System-master\sources\org\payroll\preferences\NewLoginIdFrame.java,org.payroll.preferences.NewLoginIdFrame,addComponentsToFrame/0,lbl_newPassword,1
