file,class,method,constructor,line,cbo,cboModified,fanin,fanout,wmc,rfc,loc,returnsQty,variablesQty,parametersQty,methodsInvokedQty,methodsInvokedLocalQty,methodsInvokedIndirectLocalQty,loopQty,comparisonsQty,tryCatchQty,parenthesizedExpsQty,stringLiteralsQty,numbersQty,assignmentsQty,mathOperationsQty,maxNestedBlocksQty,anonymousClassesQty,innerClassesQty,lambdasQty,uniqueWordsQty,modifiers,logStatementsQty,hasJavaDoc
C:\Users\Madhu\Downloads\Employee-Payroll-System-master\sources\org\payroll\MainFrame.java,org.payroll.MainFrame,addActionListeners/0,false,115,0,2,1,1,1,1,84,0,0,0,1,0,0,0,0,0,0,0,0,0,0,0,13,0,0,29,0,0,false
C:\Users\Madhu\Downloads\Employee-Payroll-System-master\sources\org\payroll\MainFrame.java,org.payroll.MainFrame,addComponentsToFrame/0,false,210,0,1,1,0,1,4,24,0,0,0,4,0,0,0,0,0,0,0,0,0,0,0,0,0,0,31,0,0,false
C:\Users\Madhu\Downloads\Employee-Payroll-System-master\sources\org\payroll\MainFrame.java,org.payroll.MainFrame,configureComponents/0,false,110,0,1,1,0,1,2,4,0,0,0,2,0,0,0,0,0,0,0,0,0,0,0,0,0,0,3,0,0,false
C:\Users\Madhu\Downloads\Employee-Payroll-System-master\sources\org\payroll\MainFrame.java,org.payroll.MainFrame,initFrame/0,false,53,0,1,1,0,1,5,7,0,0,0,5,0,0,0,0,0,0,1,2,0,0,0,0,0,0,28,0,0,false
C:\Users\Madhu\Downloads\Employee-Payroll-System-master\sources\org\payroll\MainFrame.java,org.payroll.MainFrame,MainFrame/1[java.lang.String],true,43,1,7,2,5,1,5,8,0,0,1,5,5,1,0,0,0,0,0,0,1,0,0,0,0,0,10,1,0,false
C:\Users\Madhu\Downloads\Employee-Payroll-System-master\sources\org\payroll\MainFrame.java,org.payroll.MainFrame,initComponents/0,false,61,1,2,1,1,2,1,31,0,0,0,1,0,0,0,1,0,0,20,0,25,1,1,0,0,0,44,0,0,false
C:\Users\Madhu\Downloads\Employee-Payroll-System-master\sources\org\payroll\employees\DeleteEmployeeFrame.java,org.payroll.employees.DeleteEmployeeFrame,DeleteEmployeeFrame/0,true,16,1,6,1,5,1,5,7,0,0,0,5,5,1,0,0,0,0,0,0,0,0,0,0,0,0,10,1,0,false
C:\Users\Madhu\Downloads\Employee-Payroll-System-master\sources\org\payroll\employees\DeleteEmployeeFrame.java,org.payroll.employees.DeleteEmployeeFrame,initComponents/0,false,33,0,1,1,0,1,0,6,0,0,0,0,0,0,0,0,0,0,3,1,4,0,0,0,0,0,13,0,0,false
C:\Users\Madhu\Downloads\Employee-Payroll-System-master\sources\org\payroll\employees\DeleteEmployeeFrame.java,org.payroll.employees.DeleteEmployeeFrame,addComponentsToFrame/0,false,81,0,1,1,0,1,1,6,0,0,0,1,0,0,0,0,0,0,0,0,0,0,0,0,0,0,10,0,0,false
C:\Users\Madhu\Downloads\Employee-Payroll-System-master\sources\org\payroll\employees\DeleteEmployeeFrame.java,org.payroll.employees.DeleteEmployeeFrame,initFrame/0,false,24,0,1,1,0,1,6,8,0,0,0,6,0,0,0,0,0,0,1,2,0,0,0,0,0,0,26,0,0,false
C:\Users\Madhu\Downloads\Employee-Payroll-System-master\sources\org\payroll\employees\DeleteEmployeeFrame.java,org.payroll.employees.DeleteEmployeeFrame,configureComponents/0,false,40,0,1,1,0,1,0,2,0,0,0,0,0,0,0,0,0,0,0,0,0,0,0,0,0,0,2,0,0,false
C:\Users\Madhu\Downloads\Employee-Payroll-System-master\sources\org\payroll\employees\DeleteEmployeeFrame.java,org.payroll.employees.DeleteEmployeeFrame,addActionListeners/0,false,43,0,2,1,1,1,1,29,0,0,0,1,0,0,0,0,0,0,0,0,0,0,0,2,0,0,20,0,0,false
C:\Users\Madhu\Downloads\Employee-Payroll-System-master\sources\org\payroll\MainFrame.java,org.payroll.MainFrame$Anonymous11,actionPerformed/1[java.awt.event.ActionEvent],false,186,1,29,0,29,1,1,3,0,0,1,1,0,0,0,0,0,1,0,0,0,0,0,0,0,0,10,1,0,false
C:\Users\Madhu\Downloads\Employee-Payroll-System-master\sources\org\payroll\MainFrame.java,org.payroll.MainFrame$Anonymous12,actionPerformed/1[java.awt.event.ActionEvent],false,192,1,29,0,29,1,1,3,0,0,1,1,0,0,0,0,0,1,0,0,0,0,0,0,0,0,10,1,0,false
C:\Users\Madhu\Downloads\Employee-Payroll-System-master\sources\org\payroll\employees\UpdateEmployeeFrame.java,org.payroll.employees.UpdateEmployeeFrame$Anonymous2,actionPerformed/1[java.awt.event.ActionEvent],false,64,1,29,0,29,3,11,21,0,5,1,11,0,0,0,0,1,0,4,0,5,0,2,0,0,0,19,1,0,false
C:\Users\Madhu\Downloads\Employee-Payroll-System-master\sources\org\payroll\employees\UpdateEmployeeFrame.java,org.payroll.employees.UpdateEmployeeFrame$Anonymous1,actionPerformed/1[java.awt.event.ActionEvent],false,57,0,29,0,29,1,2,4,0,0,1,2,0,0,0,0,0,0,0,0,0,0,0,0,0,0,9,1,0,false
C:\Users\Madhu\Downloads\Employee-Payroll-System-master\sources\org\payroll\Main.java,org.payroll.Main,main/1[java.lang.String[]],false,8,2,2,0,2,1,1,4,0,0,1,1,0,0,0,0,0,1,1,0,1,0,0,0,0,0,8,9,0,false
C:\Users\Madhu\Downloads\Employee-Payroll-System-master\sources\org\payroll\MainFrame.java,org.payroll.MainFrame$Anonymous10,actionPerformed/1[java.awt.event.ActionEvent],false,180,1,29,0,29,1,1,3,0,0,1,1,0,0,0,0,0,1,0,0,0,0,0,0,0,0,10,1,0,false
C:\Users\Madhu\Downloads\Employee-Payroll-System-master\sources\org\payroll\MainFrame.java,org.payroll.MainFrame$Anonymous13,actionPerformed/1[java.awt.event.ActionEvent],false,199,0,29,0,29,1,1,3,0,0,1,1,0,0,0,0,0,0,2,0,0,0,0,0,0,0,8,1,0,false
C:\Users\Madhu\Downloads\Employee-Payroll-System-master\sources\org\payroll\departments\NewDepartmentFrame.java,org.payroll.departments.NewDepartmentFrame$Anonymous1,actionPerformed/1[java.awt.event.ActionEvent],false,56,0,29,0,29,1,2,4,0,0,1,2,0,0,0,0,0,0,0,0,0,0,0,0,0,0,9,1,0,false
C:\Users\Madhu\Downloads\Employee-Payroll-System-master\sources\org\payroll\departments\NewDepartmentFrame.java,org.payroll.departments.NewDepartmentFrame$Anonymous2,actionPerformed/1[java.awt.event.ActionEvent],false,63,1,29,0,29,3,9,21,0,5,1,9,0,0,0,0,1,0,4,0,5,0,2,0,0,0,22,1,0,false
C:\Users\Madhu\Downloads\Employee-Payroll-System-master\sources\org\payroll\MainFrame.java,org.payroll.MainFrame$Anonymous1,actionPerformed/1[java.awt.event.ActionEvent],false,118,1,29,0,29,1,2,5,0,0,1,2,0,0,0,0,0,1,0,0,0,0,0,0,0,0,12,1,0,false
C:\Users\Madhu\Downloads\Employee-Payroll-System-master\sources\org\payroll\departments\ModifyDepartmentFrame.java,org.payroll.departments.ModifyDepartmentFrame$Anonymous1,actionPerformed/1[java.awt.event.ActionEvent],false,60,0,29,0,29,1,2,4,0,0,1,2,0,0,0,0,0,0,0,0,0,0,0,0,0,0,9,1,0,false
C:\Users\Madhu\Downloads\Employee-Payroll-System-master\sources\org\payroll\preferences\DeleteLoginIdFrame.java,org.payroll.preferences.DeleteLoginIdFrame,initComponents/0,false,33,0,1,1,0,1,0,8,0,0,0,0,0,0,0,0,0,0,4,2,6,0,0,0,0,0,15,0,0,false
C:\Users\Madhu\Downloads\Employee-Payroll-System-master\sources\org\payroll\preferences\DeleteLoginIdFrame.java,org.payroll.preferences.DeleteLoginIdFrame,addActionListeners/0,false,42,0,2,1,1,1,1,21,0,0,0,1,0,0,0,0,0,0,0,0,0,0,0,2,0,0,17,0,0,false
C:\Users\Madhu\Downloads\Employee-Payroll-System-master\sources\org\payroll\preferences\DeleteLoginIdFrame.java,org.payroll.preferences.DeleteLoginIdFrame,initFrame/0,false,24,0,1,1,0,1,6,8,0,0,0,6,0,0,0,0,0,0,1,2,0,0,0,0,0,0,27,0,0,false
C:\Users\Madhu\Downloads\Employee-Payroll-System-master\sources\org\payroll\preferences\DeleteLoginIdFrame.java,org.payroll.preferences.DeleteLoginIdFrame,DeleteLoginIdFrame/0,true,17,1,5,1,4,1,4,6,0,0,0,4,4,1,0,0,0,0,0,0,0,0,0,0,0,0,10,1,0,false
C:\Users\Madhu\Downloads\Employee-Payroll-System-master\sources\org\payroll\preferences\DeleteLoginIdFrame.java,org.payroll.preferences.DeleteLoginIdFrame,addComponentsToFrame/0,false,73,0,1,1,0,1,1,8,0,0,0,1,0,0,0,0,0,0,0,0,0,0,0,0,0,0,11,0,0,false
C:\Users\Madhu\Downloads\Employee-Payroll-System-master\sources\org\payroll\departments\DeleteDepartmentFrame.java,org.payroll.departments.DeleteDepartmentFrame,addComponentsToFrame/0,false,59,0,1,1,0,1,1,6,0,0,0,1,0,0,0,0,0,0,0,0,0,0,0,0,0,0,11,0,0,false
C:\Users\Madhu\Downloads\Employee-Payroll-System-master\sources\org\payroll\departments\DeleteDepartmentFrame.java,org.payroll.departments.DeleteDepartmentFrame,initComponents/0,false,35,0,1,1,0,1,2,6,0,0,0,2,0,0,0,0,0,0,3,0,4,0,0,0,0,0,12,0,0,false
C:\Users\Madhu\Downloads\Employee-Payroll-System-master\sources\org\payroll\departments\DeleteDepartmentFrame.java,org.payroll.departments.DeleteDepartmentFrame,DeleteDepartmentFrame/0,true,19,1,5,1,4,1,4,6,0,0,0,4,4,1,0,0,0,0,0,0,0,0,0,0,0,0,9,1,0,false
C:\Users\Madhu\Downloads\Employee-Payroll-System-master\sources\org\payroll\departments\DeleteDepartmentFrame.java,org.payroll.departments.DeleteDepartmentFrame,addActionListeners/0,false,42,0,2,1,1,1,1,17,0,0,0,1,0,0,0,0,0,0,0,0,0,0,0,2,0,0,12,0,0,false
C:\Users\Madhu\Downloads\Employee-Payroll-System-master\sources\org\payroll\departments\DeleteDepartmentFrame.java,org.payroll.departments.DeleteDepartmentFrame,initFrame/0,false,26,0,1,1,0,1,6,8,0,0,0,6,0,0,0,0,0,0,1,2,0,0,0,0,0,0,26,0,0,false
C:\Users\Madhu\Downloads\Employee-Payroll-System-master\sources\org\payroll\employees\NewEmployeeFrame.java,org.payroll.employees.NewEmployeeFrame,configureComponents/0,false,50,0,1,1,0,1,0,2,0,0,0,0,0,0,0,0,0,0,0,0,0,0,0,0,0,0,2,0,0,false
C:\Users\Madhu\Downloads\Employee-Payroll-System-master\sources\org\payroll\employees\NewEmployeeFrame.java,org.payroll.employees.NewEmployeeFrame,addComponentsToFrame/0,false,76,0,1,1,0,1,1,12,0,0,0,1,0,0,0,0,0,0,0,0,0,0,0,0,0,0,13,0,0,false
C:\Users\Madhu\Downloads\Employee-Payroll-System-master\sources\org\payroll\employees\NewEmployeeFrame.java,org.payroll.employees.NewEmployeeFrame,NewEmployeeFrame/0,true,20,1,6,1,5,1,5,7,0,0,0,5,5,1,0,0,0,0,0,0,0,0,0,0,0,0,10,1,0,false
C:\Users\Madhu\Downloads\Employee-Payroll-System-master\sources\org\payroll\employees\NewEmployeeFrame.java,org.payroll.employees.NewEmployeeFrame,addActionListeners/0,false,53,0,2,1,1,1,1,18,0,0,0,1,0,0,0,0,0,0,0,0,0,0,0,2,0,0,13,0,0,false
C:\Users\Madhu\Downloads\Employee-Payroll-System-master\sources\org\payroll\employees\NewEmployeeFrame.java,org.payroll.employees.NewEmployeeFrame,initComponents/0,false,37,0,1,1,0,1,2,12,0,0,0,2,0,0,0,0,0,0,6,3,10,0,0,0,0,0,16,0,0,false
C:\Users\Madhu\Downloads\Employee-Payroll-System-master\sources\org\payroll\employees\NewEmployeeFrame.java,org.payroll.employees.NewEmployeeFrame,initFrame/0,false,28,0,1,1,0,1,6,8,0,0,0,6,0,0,0,0,0,0,1,2,0,0,0,0,0,0,26,0,0,false
C:\Users\Madhu\Downloads\Employee-Payroll-System-master\sources\org\payroll\MainFrame.java,org.payroll.MainFrame$Anonymous6,actionPerformed/1[java.awt.event.ActionEvent],false,154,1,29,0,29,1,1,3,0,0,1,1,0,0,0,0,0,1,0,0,0,0,0,0,0,0,9,1,0,false
C:\Users\Madhu\Downloads\Employee-Payroll-System-master\sources\org\payroll\employees\NewEmployeeFrame.java,org.payroll.employees.NewEmployeeFrame$Anonymous2,actionPerformed/1[java.awt.event.ActionEvent],false,62,1,29,0,29,1,7,6,0,0,1,7,0,0,0,0,0,0,2,0,0,0,0,0,0,0,10,1,0,false
C:\Users\Madhu\Downloads\Employee-Payroll-System-master\sources\org\payroll\MainFrame.java,org.payroll.MainFrame$Anonymous7,actionPerformed/1[java.awt.event.ActionEvent],false,161,1,29,0,29,1,1,3,0,0,1,1,0,0,0,0,0,1,0,0,0,0,0,0,0,0,9,1,0,false
C:\Users\Madhu\Downloads\Employee-Payroll-System-master\sources\org\payroll\employees\DeleteEmployeeFrame.java,org.payroll.employees.DeleteEmployeeFrame$Anonymous2,actionPerformed/1[java.awt.event.ActionEvent],false,52,1,29,0,29,3,9,17,0,1,1,9,0,0,0,0,1,0,4,0,1,0,2,0,0,0,17,1,0,false
C:\Users\Madhu\Downloads\Employee-Payroll-System-master\sources\org\payroll\employees\NewEmployeeFrame.java,org.payroll.employees.NewEmployeeFrame$Anonymous1,actionPerformed/1[java.awt.event.ActionEvent],false,55,0,29,0,29,1,2,4,0,0,1,2,0,0,0,0,0,0,0,0,0,0,0,0,0,0,9,1,0,false
C:\Users\Madhu\Downloads\Employee-Payroll-System-master\sources\org\payroll\MainFrame.java,org.payroll.MainFrame$Anonymous8,actionPerformed/1[java.awt.event.ActionEvent],false,167,1,29,0,29,1,1,3,0,0,1,1,0,0,0,0,0,1,0,0,0,0,0,0,0,0,9,1,0,false
C:\Users\Madhu\Downloads\Employee-Payroll-System-master\sources\org\payroll\departments\ModifyDepartmentFrame.java,org.payroll.departments.ModifyDepartmentFrame$Anonymous2,actionPerformed/1[java.awt.event.ActionEvent],false,67,1,29,0,29,3,11,21,0,5,1,11,0,0,0,0,1,0,4,0,5,0,2,0,0,0,24,1,0,false
C:\Users\Madhu\Downloads\Employee-Payroll-System-master\sources\org\payroll\employees\DeleteEmployeeFrame.java,org.payroll.employees.DeleteEmployeeFrame$Anonymous1,actionPerformed/1[java.awt.event.ActionEvent],false,45,0,29,0,29,1,2,4,0,0,1,2,0,0,0,0,0,0,0,0,0,0,0,0,0,0,9,1,0,false
C:\Users\Madhu\Downloads\Employee-Payroll-System-master\sources\org\payroll\MainFrame.java,org.payroll.MainFrame$Anonymous9,actionPerformed/1[java.awt.event.ActionEvent],false,173,1,29,0,29,1,1,3,0,0,1,1,0,0,0,0,0,1,0,0,0,0,0,0,0,0,9,1,0,false
C:\Users\Madhu\Downloads\Employee-Payroll-System-master\sources\org\payroll\MainFrame.java,org.payroll.MainFrame$Anonymous2,actionPerformed/1[java.awt.event.ActionEvent],false,126,0,29,0,29,1,1,3,0,0,1,1,0,0,0,0,0,0,0,1,0,0,0,0,0,0,5,1,0,false
C:\Users\Madhu\Downloads\Employee-Payroll-System-master\sources\org\payroll\DatabaseManager.java,org.payroll.DatabaseManager,DatabaseManager/1[java.lang.String],true,14,1,3,1,2,2,3,10,0,0,1,3,2,1,0,0,0,1,1,0,1,1,1,0,0,0,10,1,0,false
C:\Users\Madhu\Downloads\Employee-Payroll-System-master\sources\org\payroll\DatabaseManager.java,org.payroll.DatabaseManager,"createEmployee/4[java.lang.String,java.lang.String,java.lang.String,java.lang.String]",false,221,0,1,1,0,2,3,8,0,0,4,3,0,0,0,0,1,0,11,0,0,2,1,0,0,0,20,1,0,false
C:\Users\Madhu\Downloads\Employee-Payroll-System-master\sources\org\payroll\DatabaseManager.java,org.payroll.DatabaseManager,initNewDatabase/0,false,35,0,1,1,0,2,3,11,0,0,0,3,0,0,0,0,1,0,22,0,0,2,1,0,0,0,29,0,0,false
C:\Users\Madhu\Downloads\Employee-Payroll-System-master\sources\org\payroll\DatabaseManager.java,org.payroll.DatabaseManager,"verifyLoginId/2[java.lang.String,java.lang.String]",false,83,0,1,1,0,2,4,9,2,0,2,4,0,0,0,0,1,0,3,0,0,1,1,0,0,0,24,1,0,false
C:\Users\Madhu\Downloads\Employee-Payroll-System-master\sources\org\payroll\DatabaseManager.java,org.payroll.DatabaseManager,deleteLoginId/1[java.lang.String],false,102,0,1,1,0,2,3,8,0,0,1,3,0,0,0,0,1,0,2,0,0,1,1,0,0,0,18,1,0,false
C:\Users\Madhu\Downloads\Employee-Payroll-System-master\sources\org\payroll\DatabaseManager.java,org.payroll.DatabaseManager,"updateDepartment/5[java.lang.String,int,int,int,int]",false,177,1,3,1,2,1,2,4,0,0,5,2,2,1,0,0,0,0,0,0,0,0,0,0,0,0,7,1,0,false
C:\Users\Madhu\Downloads\Employee-Payroll-System-master\sources\org\payroll\DatabaseManager.java,org.payroll.DatabaseManager,getSalary/1[java.lang.String],false,198,0,1,1,0,3,5,10,2,1,1,5,0,0,0,0,1,0,3,1,1,1,2,0,0,0,22,1,0,false
C:\Users\Madhu\Downloads\Employee-Payroll-System-master\sources\org\payroll\DatabaseManager.java,org.payroll.DatabaseManager,verifyLoginId/1[java.lang.String],false,72,0,1,1,0,2,4,9,2,0,1,4,0,0,0,0,1,0,2,0,0,1,1,0,0,0,20,1,0,false
C:\Users\Madhu\Downloads\Employee-Payroll-System-master\sources\org\payroll\DatabaseManager.java,org.payroll.DatabaseManager,existsDepartment/1[java.lang.String],false,122,0,1,1,0,2,4,9,2,0,1,4,0,0,0,0,1,0,2,0,0,1,1,0,0,0,19,1,0,false
C:\Users\Madhu\Downloads\Employee-Payroll-System-master\sources\org\payroll\DatabaseManager.java,org.payroll.DatabaseManager,getEmployees/0,false,260,1,2,1,1,3,10,15,1,3,0,10,1,1,1,0,1,0,7,0,3,0,2,0,0,0,16,1,0,false
C:\Users\Madhu\Downloads\Employee-Payroll-System-master\sources\org\payroll\DatabaseManager.java,org.payroll.DatabaseManager,"createLoginId/2[java.lang.String,java.lang.String]",false,94,0,1,1,0,2,3,8,0,0,2,3,0,0,0,0,1,0,3,0,0,1,1,0,0,0,20,1,0,false
C:\Users\Madhu\Downloads\Employee-Payroll-System-master\sources\org\payroll\DatabaseManager.java,org.payroll.DatabaseManager,"newDepartment/5[java.lang.String,int,int,int,int]",false,133,0,2,2,0,2,4,16,0,8,5,4,0,0,0,0,1,3,13,5,8,13,1,0,0,0,29,1,0,false
C:\Users\Madhu\Downloads\Employee-Payroll-System-master\sources\org\payroll\DatabaseManager.java,org.payroll.DatabaseManager,"updateEmployee/5[int,java.lang.String,java.lang.String,java.lang.String,java.lang.String]",false,245,0,1,1,0,2,4,8,0,0,5,4,0,0,0,0,1,0,10,0,0,2,1,0,0,0,15,1,0,false
C:\Users\Madhu\Downloads\Employee-Payroll-System-master\sources\org\payroll\DatabaseManager.java,org.payroll.DatabaseManager,connectToDatabase/0,false,25,0,1,1,0,2,5,10,0,0,0,5,0,0,0,0,1,0,0,1,2,0,1,0,0,0,12,0,0,false
C:\Users\Madhu\Downloads\Employee-Payroll-System-master\sources\org\payroll\DatabaseManager.java,org.payroll.DatabaseManager,getListOfDepartments/0,false,182,0,0,0,0,3,6,13,1,2,0,6,0,0,1,0,1,0,2,0,2,0,2,0,0,0,19,1,0,false
C:\Users\Madhu\Downloads\Employee-Payroll-System-master\sources\org\payroll\DatabaseManager.java,org.payroll.DatabaseManager,existsEmployeeID/1[int],false,210,0,1,1,0,2,5,9,2,0,1,5,0,0,0,0,1,0,1,0,0,1,1,0,0,0,20,1,0,false
C:\Users\Madhu\Downloads\Employee-Payroll-System-master\sources\org\payroll\DatabaseManager.java,org.payroll.DatabaseManager,deleteDepartment/1[java.lang.String],false,164,0,2,2,0,2,3,9,0,0,1,3,0,0,0,0,1,0,4,0,0,2,1,0,0,0,19,1,0,false
C:\Users\Madhu\Downloads\Employee-Payroll-System-master\sources\org\payroll\DatabaseManager.java,org.payroll.DatabaseManager,deleteEmployee/1[int],false,235,0,1,1,0,2,4,8,0,0,1,4,0,0,0,0,1,0,1,0,0,1,1,0,0,0,16,1,0,false
C:\Users\Madhu\Downloads\Employee-Payroll-System-master\sources\org\payroll\DatabaseManager.java,org.payroll.DatabaseManager,"changePassword/2[java.lang.String,java.lang.String]",false,112,0,1,1,0,2,3,8,0,0,2,3,0,0,0,0,1,0,3,0,0,1,1,0,0,0,17,1,0,false
C:\Users\Madhu\Downloads\Employee-Payroll-System-master\sources\org\payroll\LoginFrame.java,org.payroll.LoginFrame$Anonymous2,actionPerformed/1[java.awt.event.ActionEvent],false,50,2,29,0,29,2,5,8,0,0,1,5,0,0,0,0,0,0,0,0,0,0,1,0,0,0,8,1,0,false
C:\Users\Madhu\Downloads\Employee-Payroll-System-master\sources\org\payroll\MainFrame.java,org.payroll.MainFrame$Anonymous3,actionPerformed/1[java.awt.event.ActionEvent],false,133,1,29,0,29,1,2,5,0,0,1,2,0,0,0,0,0,1,0,0,0,0,0,0,0,0,13,1,0,false
C:\Users\Madhu\Downloads\Employee-Payroll-System-master\sources\org\payroll\LoginFrame.java,org.payroll.LoginFrame$Anonymous1,actionPerformed/1[java.awt.event.ActionEvent],false,44,0,29,0,29,1,1,3,0,0,1,1,0,0,0,0,0,0,0,1,0,0,0,0,0,0,5,1,0,false
C:\Users\Madhu\Downloads\Employee-Payroll-System-master\sources\org\payroll\MainFrame.java,org.payroll.MainFrame$Anonymous4,actionPerformed/1[java.awt.event.ActionEvent],false,142,1,29,0,29,1,1,3,0,0,1,1,0,0,0,0,0,1,0,0,0,0,0,0,0,0,9,1,0,false
C:\Users\Madhu\Downloads\Employee-Payroll-System-master\sources\org\payroll\MainFrame.java,org.payroll.MainFrame$Anonymous5,actionPerformed/1[java.awt.event.ActionEvent],false,148,1,29,0,29,1,1,3,0,0,1,1,0,0,0,0,0,1,0,0,0,0,0,0,0,0,9,1,0,false
C:\Users\Madhu\Downloads\Employee-Payroll-System-master\sources\org\payroll\departments\NewDepartmentFrame.java,org.payroll.departments.NewDepartmentFrame,initComponents/0,false,33,0,1,1,0,1,0,14,0,0,0,0,0,0,0,0,0,0,7,5,12,0,0,0,0,0,20,0,0,false
C:\Users\Madhu\Downloads\Employee-Payroll-System-master\sources\org\payroll\departments\NewDepartmentFrame.java,org.payroll.departments.NewDepartmentFrame,configureComponents/0,false,48,0,1,1,0,1,1,5,0,0,0,1,0,0,0,0,0,0,3,0,0,0,0,0,0,0,2,0,0,false
C:\Users\Madhu\Downloads\Employee-Payroll-System-master\sources\org\payroll\departments\NewDepartmentFrame.java,org.payroll.departments.NewDepartmentFrame,addActionListeners/0,false,54,0,2,1,1,1,1,33,0,0,0,1,0,0,0,0,0,0,0,0,0,0,0,2,0,0,25,0,0,false
C:\Users\Madhu\Downloads\Employee-Payroll-System-master\sources\org\payroll\departments\NewDepartmentFrame.java,org.payroll.departments.NewDepartmentFrame,addComponentsToFrame/0,false,96,0,1,1,0,1,1,14,0,0,0,1,0,0,0,0,0,0,0,0,0,0,0,0,0,0,16,0,0,false
C:\Users\Madhu\Downloads\Employee-Payroll-System-master\sources\org\payroll\departments\NewDepartmentFrame.java,org.payroll.departments.NewDepartmentFrame,NewDepartmentFrame/0,true,16,1,6,1,5,1,5,7,0,0,0,5,5,1,0,0,0,0,0,0,0,0,0,0,0,0,10,1,0,false
C:\Users\Madhu\Downloads\Employee-Payroll-System-master\sources\org\payroll\departments\NewDepartmentFrame.java,org.payroll.departments.NewDepartmentFrame,initFrame/0,false,24,0,1,1,0,1,6,8,0,0,0,6,0,0,0,0,0,0,1,2,0,0,0,0,0,0,26,0,0,false
C:\Users\Madhu\Downloads\Employee-Payroll-System-master\sources\org\payroll\employees\UpdateEmployeeFrame.java,org.payroll.employees.UpdateEmployeeFrame,UpdateEmployeeFrame/0,true,20,1,6,1,5,1,5,7,0,0,0,5,5,1,0,0,0,0,0,0,0,0,0,0,0,0,10,1,0,false
C:\Users\Madhu\Downloads\Employee-Payroll-System-master\sources\org\payroll\employees\UpdateEmployeeFrame.java,org.payroll.employees.UpdateEmployeeFrame,addComponentsToFrame/0,false,97,0,1,1,0,1,1,14,0,0,0,1,0,0,0,0,0,0,0,0,0,0,0,0,0,0,14,0,0,false
C:\Users\Madhu\Downloads\Employee-Payroll-System-master\sources\org\payroll\employees\UpdateEmployeeFrame.java,org.payroll.employees.UpdateEmployeeFrame,initComponents/0,false,37,0,1,1,0,1,2,14,0,0,0,2,0,0,0,0,0,0,7,4,12,0,0,0,0,0,17,0,0,false
C:\Users\Madhu\Downloads\Employee-Payroll-System-master\sources\org\payroll\employees\UpdateEmployeeFrame.java,org.payroll.employees.UpdateEmployeeFrame,addActionListeners/0,false,55,0,2,1,1,1,1,33,0,0,0,1,0,0,0,0,0,0,0,0,0,0,0,2,0,0,22,0,0,false
C:\Users\Madhu\Downloads\Employee-Payroll-System-master\sources\org\payroll\employees\UpdateEmployeeFrame.java,org.payroll.employees.UpdateEmployeeFrame,initFrame/0,false,28,0,1,1,0,1,6,8,0,0,0,6,0,0,0,0,0,0,1,2,0,0,0,0,0,0,26,0,0,false
C:\Users\Madhu\Downloads\Employee-Payroll-System-master\sources\org\payroll\employees\UpdateEmployeeFrame.java,org.payroll.employees.UpdateEmployeeFrame,configureComponents/0,false,52,0,1,1,0,1,0,2,0,0,0,0,0,0,0,0,0,0,0,0,0,0,0,0,0,0,2,0,0,false
C:\Users\Madhu\Downloads\Employee-Payroll-System-master\sources\org\payroll\departments\ModifyDepartmentFrame.java,org.payroll.departments.ModifyDepartmentFrame,initComponents/0,false,37,0,1,1,0,1,2,14,0,0,0,2,0,0,0,0,0,0,7,4,12,0,0,0,0,0,20,0,0,false
C:\Users\Madhu\Downloads\Employee-Payroll-System-master\sources\org\payroll\departments\ModifyDepartmentFrame.java,org.payroll.departments.ModifyDepartmentFrame,addActionListeners/0,false,58,0,2,1,1,1,1,33,0,0,0,1,0,0,0,0,0,0,0,0,0,0,0,2,0,0,27,0,0,false
C:\Users\Madhu\Downloads\Employee-Payroll-System-master\sources\org\payroll\departments\ModifyDepartmentFrame.java,org.payroll.departments.ModifyDepartmentFrame,addComponentsToFrame/0,false,100,0,1,1,0,1,1,14,0,0,0,1,0,0,0,0,0,0,0,0,0,0,0,0,0,0,16,0,0,false
C:\Users\Madhu\Downloads\Employee-Payroll-System-master\sources\org\payroll\departments\ModifyDepartmentFrame.java,org.payroll.departments.ModifyDepartmentFrame,ModifyDepartmentFrame/0,true,20,1,6,1,5,1,5,7,0,0,0,5,5,1,0,0,0,0,0,0,0,0,0,0,0,0,10,1,0,false
C:\Users\Madhu\Downloads\Employee-Payroll-System-master\sources\org\payroll\departments\ModifyDepartmentFrame.java,org.payroll.departments.ModifyDepartmentFrame,initFrame/0,false,28,0,1,1,0,1,6,8,0,0,0,6,0,0,0,0,0,0,1,2,0,0,0,0,0,0,26,0,0,false
C:\Users\Madhu\Downloads\Employee-Payroll-System-master\sources\org\payroll\departments\ModifyDepartmentFrame.java,org.payroll.departments.ModifyDepartmentFrame,configureComponents/0,false,52,0,1,1,0,1,1,5,0,0,0,1,0,0,0,0,0,0,3,0,0,0,0,0,0,0,2,0,0,false
C:\Users\Madhu\Downloads\Employee-Payroll-System-master\sources\org\payroll\preferences\NewLoginIdFrame.java,org.payroll.preferences.NewLoginIdFrame$Anonymous1,actionPerformed/1[java.awt.event.ActionEvent],false,52,0,29,0,29,1,2,4,0,0,1,2,0,0,0,0,0,0,0,0,0,0,0,0,0,0,9,1,0,false
C:\Users\Madhu\Downloads\Employee-Payroll-System-master\sources\org\payroll\preferences\ChangePasswordFrame.java,org.payroll.preferences.ChangePasswordFrame$Anonymous2,actionPerformed/1[java.awt.event.ActionEvent],false,60,2,29,0,29,4,7,10,0,0,1,7,0,0,0,0,0,0,8,0,0,0,3,0,0,0,17,1,0,false
C:\Users\Madhu\Downloads\Employee-Payroll-System-master\sources\org\payroll\preferences\NewLoginIdFrame.java,org.payroll.preferences.NewLoginIdFrame$Anonymous2,actionPerformed/1[java.awt.event.ActionEvent],false,59,2,29,0,29,5,10,18,0,0,1,10,0,0,0,0,0,0,10,0,0,1,4,0,0,0,26,1,0,false
C:\Users\Madhu\Downloads\Employee-Payroll-System-master\sources\org\payroll\departments\DeleteDepartmentFrame.java,org.payroll.departments.DeleteDepartmentFrame$Anonymous1,actionPerformed/1[java.awt.event.ActionEvent],false,44,0,29,0,29,1,2,4,0,0,1,2,0,0,0,0,0,0,0,0,0,0,0,0,0,0,9,1,0,false
C:\Users\Madhu\Downloads\Employee-Payroll-System-master\sources\org\payroll\preferences\ChangePasswordFrame.java,org.payroll.preferences.ChangePasswordFrame$Anonymous1,actionPerformed/1[java.awt.event.ActionEvent],false,53,0,29,0,29,1,2,4,0,0,1,2,0,0,0,0,0,0,0,0,0,0,0,0,0,0,9,1,0,false
C:\Users\Madhu\Downloads\Employee-Payroll-System-master\sources\org\payroll\departments\DeleteDepartmentFrame.java,org.payroll.departments.DeleteDepartmentFrame$Anonymous2,actionPerformed/1[java.awt.event.ActionEvent],false,51,1,29,0,29,1,5,5,0,0,1,5,0,0,0,0,0,0,0,0,0,0,0,0,0,0,9,1,0,false
C:\Users\Madhu\Downloads\Employee-Payroll-System-master\sources\org\payroll\preferences\DeleteLoginIdFrame.java,org.payroll.preferences.DeleteLoginIdFrame$Anonymous1,actionPerformed/1[java.awt.event.ActionEvent],false,44,0,29,0,29,1,2,4,0,0,1,2,0,0,0,0,0,0,0,0,0,0,0,0,0,0,9,1,0,false
C:\Users\Madhu\Downloads\Employee-Payroll-System-master\sources\org\payroll\preferences\DeleteLoginIdFrame.java,org.payroll.preferences.DeleteLoginIdFrame$Anonymous2,actionPerformed/1[java.awt.event.ActionEvent],false,51,1,29,0,29,2,7,9,0,0,1,7,0,0,0,0,0,0,4,0,0,0,1,0,0,0,14,1,0,false
C:\Users\Madhu\Downloads\Employee-Payroll-System-master\sources\org\payroll\preferences\ChangePasswordFrame.java,org.payroll.preferences.ChangePasswordFrame,containsNumbers/1[java.lang.String],false,138,0,1,1,0,4,2,8,2,2,1,2,0,0,2,1,0,0,0,2,2,0,3,0,0,0,8,0,0,false
C:\Users\Madhu\Downloads\Employee-Payroll-System-master\sources\org\payroll\preferences\ChangePasswordFrame.java,org.payroll.preferences.ChangePasswordFrame,initFrame/0,false,31,0,1,1,0,1,6,8,0,0,0,6,0,0,0,0,0,0,1,2,0,0,0,0,0,0,26,0,0,false
C:\Users\Madhu\Downloads\Employee-Payroll-System-master\sources\org\payroll\preferences\ChangePasswordFrame.java,org.payroll.preferences.ChangePasswordFrame,addActionListeners/0,false,51,0,2,1,1,1,1,22,0,0,0,1,0,0,0,0,0,0,0,0,0,0,0,2,0,0,21,0,0,false
C:\Users\Madhu\Downloads\Employee-Payroll-System-master\sources\org\payroll\preferences\ChangePasswordFrame.java,org.payroll.preferences.ChangePasswordFrame,addComponentsToFrame/0,false,97,0,1,1,0,1,1,10,0,0,0,1,0,0,0,0,0,0,0,0,0,0,0,0,0,0,15,0,0,false
C:\Users\Madhu\Downloads\Employee-Payroll-System-master\sources\org\payroll\preferences\ChangePasswordFrame.java,org.payroll.preferences.ChangePasswordFrame,isStrongPassword/1[java.lang.String],false,108,1,4,1,3,5,4,4,2,0,1,4,3,1,0,0,0,4,0,1,0,0,1,0,0,0,11,0,0,false
C:\Users\Madhu\Downloads\Employee-Payroll-System-master\sources\org\payroll\preferences\ChangePasswordFrame.java,org.payroll.preferences.ChangePasswordFrame,containsUppercase/1[java.lang.String],false,118,0,1,1,0,4,2,8,2,2,1,2,0,0,2,1,0,0,0,2,2,0,3,0,0,0,8,0,0,false
C:\Users\Madhu\Downloads\Employee-Payroll-System-master\sources\org\payroll\preferences\ChangePasswordFrame.java,org.payroll.preferences.ChangePasswordFrame,containsLowercase/1[java.lang.String],false,128,0,1,1,0,4,2,8,2,2,1,2,0,0,2,1,0,0,0,2,2,0,3,0,0,0,8,0,0,false
C:\Users\Madhu\Downloads\Employee-Payroll-System-master\sources\org\payroll\preferences\ChangePasswordFrame.java,org.payroll.preferences.ChangePasswordFrame,initComponents/0,false,40,0,1,1,0,1,0,10,0,0,0,0,0,0,0,0,0,0,5,3,8,0,0,0,0,0,19,0,0,false
C:\Users\Madhu\Downloads\Employee-Payroll-System-master\sources\org\payroll\preferences\ChangePasswordFrame.java,org.payroll.preferences.ChangePasswordFrame,ChangePasswordFrame/1[java.lang.String],true,22,1,5,1,4,1,4,7,0,0,1,4,4,1,0,0,0,0,0,0,1,0,0,0,0,0,10,1,0,false
C:\Users\Madhu\Downloads\Employee-Payroll-System-master\sources\org\payroll\LoginFrame.java,org.payroll.LoginFrame,LoginFailed/0,false,83,0,1,1,0,1,3,5,0,0,0,3,0,0,0,0,0,0,4,0,0,0,0,0,0,0,4,0,0,false
C:\Users\Madhu\Downloads\Employee-Payroll-System-master\sources\org\payroll\LoginFrame.java,org.payroll.LoginFrame,addComponentsToFrame/0,false,60,0,1,1,0,1,1,9,0,0,0,1,0,0,0,0,0,0,0,0,0,0,0,0,0,0,12,0,0,false
C:\Users\Madhu\Downloads\Employee-Payroll-System-master\sources\org\payroll\LoginFrame.java,org.payroll.LoginFrame,initComponents/0,false,32,0,1,1,0,1,0,9,0,0,0,0,0,0,0,0,0,0,5,2,7,0,0,0,0,0,21,0,0,false
C:\Users\Madhu\Downloads\Employee-Payroll-System-master\sources\org\payroll\LoginFrame.java,org.payroll.LoginFrame,LoginFrame/0,true,16,1,6,2,4,1,4,6,0,0,0,4,4,1,0,0,0,0,0,0,0,0,0,0,0,0,8,1,0,false
C:\Users\Madhu\Downloads\Employee-Payroll-System-master\sources\org\payroll\LoginFrame.java,org.payroll.LoginFrame,initFrame/0,false,23,0,1,1,0,1,6,8,0,0,0,6,0,0,0,0,0,0,1,2,0,0,0,0,0,0,26,0,0,false
C:\Users\Madhu\Downloads\Employee-Payroll-System-master\sources\org\payroll\LoginFrame.java,org.payroll.LoginFrame,addActionListeners/0,false,42,0,2,1,1,1,1,19,0,0,0,1,0,0,0,0,0,0,0,0,0,0,0,2,0,0,11,0,0,false
C:\Users\Madhu\Downloads\Employee-Payroll-System-master\sources\org\payroll\LoginFrame.java,org.payroll.LoginFrame,LoginSuccessful/0,false,70,1,2,1,1,1,4,6,0,0,0,4,0,0,0,0,0,1,2,0,0,0,0,0,0,0,9,0,0,false
C:\Users\Madhu\Downloads\Employee-Payroll-System-master\sources\org\payroll\preferences\NewLoginIdFrame.java,org.payroll.preferences.NewLoginIdFrame,initFrame/0,false,31,0,1,1,0,1,5,7,0,0,0,5,0,0,0,0,0,0,1,2,0,0,0,0,0,0,25,0,0,false
C:\Users\Madhu\Downloads\Employee-Payroll-System-master\sources\org\payroll\preferences\NewLoginIdFrame.java,org.payroll.preferences.NewLoginIdFrame,addActionListeners/0,false,50,0,2,1,1,1,1,30,0,0,0,1,0,0,0,0,0,0,0,0,0,0,0,2,0,0,29,0,0,false
C:\Users\Madhu\Downloads\Employee-Payroll-System-master\sources\org\payroll\preferences\NewLoginIdFrame.java,org.payroll.preferences.NewLoginIdFrame,containsLowercase/1[java.lang.String],false,154,0,1,1,0,4,2,8,2,2,1,2,0,0,2,1,0,0,0,2,2,0,3,0,0,0,8,0,0,false
C:\Users\Madhu\Downloads\Employee-Payroll-System-master\sources\org\payroll\preferences\NewLoginIdFrame.java,org.payroll.preferences.NewLoginIdFrame,initComponents/0,false,39,0,1,1,0,1,0,10,0,0,0,0,0,0,0,0,0,0,5,3,8,0,0,0,0,0,17,0,0,false
C:\Users\Madhu\Downloads\Employee-Payroll-System-master\sources\org\payroll\preferences\NewLoginIdFrame.java,org.payroll.preferences.NewLoginIdFrame,NewLoginIdFrame/0,true,24,1,5,1,4,1,4,6,0,0,0,4,4,1,0,0,0,0,0,0,0,0,0,0,0,0,10,1,0,false
C:\Users\Madhu\Downloads\Employee-Payroll-System-master\sources\org\payroll\preferences\NewLoginIdFrame.java,org.payroll.preferences.NewLoginIdFrame,isUsernameValid/0,false,116,0,1,1,0,5,3,10,3,3,0,3,0,0,2,1,0,0,0,3,3,0,3,0,0,0,9,0,0,false
C:\Users\Madhu\Downloads\Employee-Payroll-System-master\sources\org\payroll\preferences\NewLoginIdFrame.java,org.payroll.preferences.NewLoginIdFrame,isStrongPassword/0,false,132,1,4,1,3,5,5,5,2,1,0,5,3,1,0,0,0,4,0,1,1,0,1,0,0,0,11,0,0,false
C:\Users\Madhu\Downloads\Employee-Payroll-System-master\sources\org\payroll\preferences\NewLoginIdFrame.java,org.payroll.preferences.NewLoginIdFrame,containsNumbers/1[java.lang.String],false,164,0,1,1,0,4,2,8,2,2,1,2,0,0,2,1,0,0,0,2,2,0,3,0,0,0,8,0,0,false
C:\Users\Madhu\Downloads\Employee-Payroll-System-master\sources\org\payroll\preferences\NewLoginIdFrame.java,org.payroll.preferences.NewLoginIdFrame,containsUppercase/1[java.lang.String],false,144,0,1,1,0,4,2,8,2,2,1,2,0,0,2,1,0,0,0,2,2,0,3,0,0,0,8,0,0,false
C:\Users\Madhu\Downloads\Employee-Payroll-System-master\sources\org\payroll\preferences\NewLoginIdFrame.java,org.payroll.preferences.NewLoginIdFrame,addComponentsToFrame/0,false,105,0,1,1,0,1,1,10,0,0,0,1,0,0,0,0,0,0,0,0,0,0,0,0,0,0,13,0,0,false
