file,class,method,variable,usage
C:\Users\Madhu\Downloads\Employee-Payroll-System-master\sources\org\payroll\MainFrame.java,org.payroll.MainFrame,MainFrame/1[java.lang.String],username,2
C:\Users\Madhu\Downloads\Employee-Payroll-System-master\sources\org\payroll\MainFrame.java,org.payroll.MainFrame$Anonymous11,actionPerformed/1[java.awt.event.ActionEvent],e,0
C:\Users\Madhu\Downloads\Employee-Payroll-System-master\sources\org\payroll\MainFrame.java,org.payroll.MainFrame$Anonymous12,actionPerformed/1[java.awt.event.ActionEvent],e,0
C:\Users\Madhu\Downloads\Employee-Payroll-System-master\sources\org\payroll\employees\UpdateEmployeeFrame.java,org.payroll.employees.UpdateEmployeeFrame$Anonymous2,actionPerformed/1[java.awt.event.ActionEvent],ln,1
C:\Users\Madhu\Downloads\Employee-Payroll-System-master\sources\org\payroll\employees\UpdateEmployeeFrame.java,org.payroll.employees.UpdateEmployeeFrame$Anonymous2,actionPerformed/1[java.awt.event.ActionEvent],e,0
C:\Users\Madhu\Downloads\Employee-Payroll-System-master\sources\org\payroll\employees\UpdateEmployeeFrame.java,org.payroll.employees.UpdateEmployeeFrame$Anonymous2,actionPerformed/1[java.awt.event.ActionEvent],fn,1
C:\Users\Madhu\Downloads\Employee-Payroll-System-master\sources\org\payroll\employees\UpdateEmployeeFrame.java,org.payroll.employees.UpdateEmployeeFrame$Anonymous2,actionPerformed/1[java.awt.event.ActionEvent],id,2
C:\Users\Madhu\Downloads\Employee-Payroll-System-master\sources\org\payroll\employees\UpdateEmployeeFrame.java,org.payroll.employees.UpdateEmployeeFrame$Anonymous2,actionPerformed/1[java.awt.event.ActionEvent],department,1
C:\Users\Madhu\Downloads\Employee-Payroll-System-master\sources\org\payroll\employees\UpdateEmployeeFrame.java,org.payroll.employees.UpdateEmployeeFrame$Anonymous2,actionPerformed/1[java.awt.event.ActionEvent],e1,1
C:\Users\Madhu\Downloads\Employee-Payroll-System-master\sources\org\payroll\employees\UpdateEmployeeFrame.java,org.payroll.employees.UpdateEmployeeFrame$Anonymous2,actionPerformed/1[java.awt.event.ActionEvent],email,1
C:\Users\Madhu\Downloads\Employee-Payroll-System-master\sources\org\payroll\employees\UpdateEmployeeFrame.java,org.payroll.employees.UpdateEmployeeFrame$Anonymous1,actionPerformed/1[java.awt.event.ActionEvent],e,0
C:\Users\Madhu\Downloads\Employee-Payroll-System-master\sources\org\payroll\Main.java,org.payroll.Main,main/1[java.lang.String[]],args,0
C:\Users\Madhu\Downloads\Employee-Payroll-System-master\sources\org\payroll\MainFrame.java,org.payroll.MainFrame$Anonymous10,actionPerformed/1[java.awt.event.ActionEvent],e,0
C:\Users\Madhu\Downloads\Employee-Payroll-System-master\sources\org\payroll\MainFrame.java,org.payroll.MainFrame$Anonymous13,actionPerformed/1[java.awt.event.ActionEvent],e,0
C:\Users\Madhu\Downloads\Employee-Payroll-System-master\sources\org\payroll\departments\NewDepartmentFrame.java,org.payroll.departments.NewDepartmentFrame$Anonymous1,actionPerformed/1[java.awt.event.ActionEvent],e,0
C:\Users\Madhu\Downloads\Employee-Payroll-System-master\sources\org\payroll\departments\NewDepartmentFrame.java,org.payroll.departments.NewDepartmentFrame$Anonymous2,actionPerformed/1[java.awt.event.ActionEvent],e,0
C:\Users\Madhu\Downloads\Employee-Payroll-System-master\sources\org\payroll\departments\NewDepartmentFrame.java,org.payroll.departments.NewDepartmentFrame$Anonymous2,actionPerformed/1[java.awt.event.ActionEvent],hra,1
C:\Users\Madhu\Downloads\Employee-Payroll-System-master\sources\org\payroll\departments\NewDepartmentFrame.java,org.payroll.departments.NewDepartmentFrame$Anonymous2,actionPerformed/1[java.awt.event.ActionEvent],pf,1
C:\Users\Madhu\Downloads\Employee-Payroll-System-master\sources\org\payroll\departments\NewDepartmentFrame.java,org.payroll.departments.NewDepartmentFrame$Anonymous2,actionPerformed/1[java.awt.event.ActionEvent],basic_salary,1
C:\Users\Madhu\Downloads\Employee-Payroll-System-master\sources\org\payroll\departments\NewDepartmentFrame.java,org.payroll.departments.NewDepartmentFrame$Anonymous2,actionPerformed/1[java.awt.event.ActionEvent],dep_name,2
C:\Users\Madhu\Downloads\Employee-Payroll-System-master\sources\org\payroll\departments\NewDepartmentFrame.java,org.payroll.departments.NewDepartmentFrame$Anonymous2,actionPerformed/1[java.awt.event.ActionEvent],e1,1
C:\Users\Madhu\Downloads\Employee-Payroll-System-master\sources\org\payroll\departments\NewDepartmentFrame.java,org.payroll.departments.NewDepartmentFrame$Anonymous2,actionPerformed/1[java.awt.event.ActionEvent],da,1
C:\Users\Madhu\Downloads\Employee-Payroll-System-master\sources\org\payroll\MainFrame.java,org.payroll.MainFrame$Anonymous1,actionPerformed/1[java.awt.event.ActionEvent],e,0
C:\Users\Madhu\Downloads\Employee-Payroll-System-master\sources\org\payroll\departments\ModifyDepartmentFrame.java,org.payroll.departments.ModifyDepartmentFrame$Anonymous1,actionPerformed/1[java.awt.event.ActionEvent],e,0
C:\Users\Madhu\Downloads\Employee-Payroll-System-master\sources\org\payroll\MainFrame.java,org.payroll.MainFrame$Anonymous6,actionPerformed/1[java.awt.event.ActionEvent],e,0
C:\Users\Madhu\Downloads\Employee-Payroll-System-master\sources\org\payroll\employees\NewEmployeeFrame.java,org.payroll.employees.NewEmployeeFrame$Anonymous2,actionPerformed/1[java.awt.event.ActionEvent],e,0
C:\Users\Madhu\Downloads\Employee-Payroll-System-master\sources\org\payroll\MainFrame.java,org.payroll.MainFrame$Anonymous7,actionPerformed/1[java.awt.event.ActionEvent],e,0
C:\Users\Madhu\Downloads\Employee-Payroll-System-master\sources\org\payroll\employees\DeleteEmployeeFrame.java,org.payroll.employees.DeleteEmployeeFrame$Anonymous2,actionPerformed/1[java.awt.event.ActionEvent],e,0
C:\Users\Madhu\Downloads\Employee-Payroll-System-master\sources\org\payroll\employees\DeleteEmployeeFrame.java,org.payroll.employees.DeleteEmployeeFrame$Anonymous2,actionPerformed/1[java.awt.event.ActionEvent],id,2
C:\Users\Madhu\Downloads\Employee-Payroll-System-master\sources\org\payroll\employees\DeleteEmployeeFrame.java,org.payroll.employees.DeleteEmployeeFrame$Anonymous2,actionPerformed/1[java.awt.event.ActionEvent],e1,1
C:\Users\Madhu\Downloads\Employee-Payroll-System-master\sources\org\payroll\employees\NewEmployeeFrame.java,org.payroll.employees.NewEmployeeFrame$Anonymous1,actionPerformed/1[java.awt.event.ActionEvent],e,0
C:\Users\Madhu\Downloads\Employee-Payroll-System-master\sources\org\payroll\MainFrame.java,org.payroll.MainFrame$Anonymous8,actionPerformed/1[java.awt.event.ActionEvent],e,0
C:\Users\Madhu\Downloads\Employee-Payroll-System-master\sources\org\payroll\departments\ModifyDepartmentFrame.java,org.payroll.departments.ModifyDepartmentFrame$Anonymous2,actionPerformed/1[java.awt.event.ActionEvent],e,0
C:\Users\Madhu\Downloads\Employee-Payroll-System-master\sources\org\payroll\departments\ModifyDepartmentFrame.java,org.payroll.departments.ModifyDepartmentFrame$Anonymous2,actionPerformed/1[java.awt.event.ActionEvent],hra,1
C:\Users\Madhu\Downloads\Employee-Payroll-System-master\sources\org\payroll\departments\ModifyDepartmentFrame.java,org.payroll.departments.ModifyDepartmentFrame$Anonymous2,actionPerformed/1[java.awt.event.ActionEvent],pf,1
C:\Users\Madhu\Downloads\Employee-Payroll-System-master\sources\org\payroll\departments\ModifyDepartmentFrame.java,org.payroll.departments.ModifyDepartmentFrame$Anonymous2,actionPerformed/1[java.awt.event.ActionEvent],basic_salary,1
C:\Users\Madhu\Downloads\Employee-Payroll-System-master\sources\org\payroll\departments\ModifyDepartmentFrame.java,org.payroll.departments.ModifyDepartmentFrame$Anonymous2,actionPerformed/1[java.awt.event.ActionEvent],dep_name,2
C:\Users\Madhu\Downloads\Employee-Payroll-System-master\sources\org\payroll\departments\ModifyDepartmentFrame.java,org.payroll.departments.ModifyDepartmentFrame$Anonymous2,actionPerformed/1[java.awt.event.ActionEvent],e1,1
C:\Users\Madhu\Downloads\Employee-Payroll-System-master\sources\org\payroll\departments\ModifyDepartmentFrame.java,org.payroll.departments.ModifyDepartmentFrame$Anonymous2,actionPerformed/1[java.awt.event.ActionEvent],da,1
C:\Users\Madhu\Downloads\Employee-Payroll-System-master\sources\org\payroll\employees\DeleteEmployeeFrame.java,org.payroll.employees.DeleteEmployeeFrame$Anonymous1,actionPerformed/1[java.awt.event.ActionEvent],e,0
C:\Users\Madhu\Downloads\Employee-Payroll-System-master\sources\org\payroll\MainFrame.java,org.payroll.MainFrame$Anonymous9,actionPerformed/1[java.awt.event.ActionEvent],e,0
C:\Users\Madhu\Downloads\Employee-Payroll-System-master\sources\org\payroll\MainFrame.java,org.payroll.MainFrame$Anonymous2,actionPerformed/1[java.awt.event.ActionEvent],e,0
C:\Users\Madhu\Downloads\Employee-Payroll-System-master\sources\org\payroll\DatabaseManager.java,org.payroll.DatabaseManager,DatabaseManager/1[java.lang.String],db,2
C:\Users\Madhu\Downloads\Employee-Payroll-System-master\sources\org\payroll\DatabaseManager.java,org.payroll.DatabaseManager,"createEmployee/4[java.lang.String,java.lang.String,java.lang.String,java.lang.String]",ln,1
C:\Users\Madhu\Downloads\Employee-Payroll-System-master\sources\org\payroll\DatabaseManager.java,org.payroll.DatabaseManager,"createEmployee/4[java.lang.String,java.lang.String,java.lang.String,java.lang.String]",e,1
C:\Users\Madhu\Downloads\Employee-Payroll-System-master\sources\org\payroll\DatabaseManager.java,org.payroll.DatabaseManager,"createEmployee/4[java.lang.String,java.lang.String,java.lang.String,java.lang.String]",fn,1
C:\Users\Madhu\Downloads\Employee-Payroll-System-master\sources\org\payroll\DatabaseManager.java,org.payroll.DatabaseManager,"createEmployee/4[java.lang.String,java.lang.String,java.lang.String,java.lang.String]",department,1
C:\Users\Madhu\Downloads\Employee-Payroll-System-master\sources\org\payroll\DatabaseManager.java,org.payroll.DatabaseManager,"createEmployee/4[java.lang.String,java.lang.String,java.lang.String,java.lang.String]",email,1
C:\Users\Madhu\Downloads\Employee-Payroll-System-master\sources\org\payroll\DatabaseManager.java,org.payroll.DatabaseManager,initNewDatabase/0,e,1
C:\Users\Madhu\Downloads\Employee-Payroll-System-master\sources\org\payroll\DatabaseManager.java,org.payroll.DatabaseManager,"verifyLoginId/2[java.lang.String,java.lang.String]",password,1
C:\Users\Madhu\Downloads\Employee-Payroll-System-master\sources\org\payroll\DatabaseManager.java,org.payroll.DatabaseManager,"verifyLoginId/2[java.lang.String,java.lang.String]",e,1
C:\Users\Madhu\Downloads\Employee-Payroll-System-master\sources\org\payroll\DatabaseManager.java,org.payroll.DatabaseManager,"verifyLoginId/2[java.lang.String,java.lang.String]",username,1
C:\Users\Madhu\Downloads\Employee-Payroll-System-master\sources\org\payroll\DatabaseManager.java,org.payroll.DatabaseManager,deleteLoginId/1[java.lang.String],e,1
C:\Users\Madhu\Downloads\Employee-Payroll-System-master\sources\org\payroll\DatabaseManager.java,org.payroll.DatabaseManager,deleteLoginId/1[java.lang.String],username,1
C:\Users\Madhu\Downloads\Employee-Payroll-System-master\sources\org\payroll\DatabaseManager.java,org.payroll.DatabaseManager,"updateDepartment/5[java.lang.String,int,int,int,int]",hra,1
C:\Users\Madhu\Downloads\Employee-Payroll-System-master\sources\org\payroll\DatabaseManager.java,org.payroll.DatabaseManager,"updateDepartment/5[java.lang.String,int,int,int,int]",pf,1
C:\Users\Madhu\Downloads\Employee-Payroll-System-master\sources\org\payroll\DatabaseManager.java,org.payroll.DatabaseManager,"updateDepartment/5[java.lang.String,int,int,int,int]",basic_salary,1
C:\Users\Madhu\Downloads\Employee-Payroll-System-master\sources\org\payroll\DatabaseManager.java,org.payroll.DatabaseManager,"updateDepartment/5[java.lang.String,int,int,int,int]",dep_name,2
C:\Users\Madhu\Downloads\Employee-Payroll-System-master\sources\org\payroll\DatabaseManager.java,org.payroll.DatabaseManager,"updateDepartment/5[java.lang.String,int,int,int,int]",da,1
C:\Users\Madhu\Downloads\Employee-Payroll-System-master\sources\org\payroll\DatabaseManager.java,org.payroll.DatabaseManager,getSalary/1[java.lang.String],rs,2
C:\Users\Madhu\Downloads\Employee-Payroll-System-master\sources\org\payroll\DatabaseManager.java,org.payroll.DatabaseManager,getSalary/1[java.lang.String],e,1
C:\Users\Madhu\Downloads\Employee-Payroll-System-master\sources\org\payroll\DatabaseManager.java,org.payroll.DatabaseManager,getSalary/1[java.lang.String],dep_name,1
C:\Users\Madhu\Downloads\Employee-Payroll-System-master\sources\org\payroll\DatabaseManager.java,org.payroll.DatabaseManager,verifyLoginId/1[java.lang.String],e,1
C:\Users\Madhu\Downloads\Employee-Payroll-System-master\sources\org\payroll\DatabaseManager.java,org.payroll.DatabaseManager,verifyLoginId/1[java.lang.String],username,1
C:\Users\Madhu\Downloads\Employee-Payroll-System-master\sources\org\payroll\DatabaseManager.java,org.payroll.DatabaseManager,existsDepartment/1[java.lang.String],e,1
C:\Users\Madhu\Downloads\Employee-Payroll-System-master\sources\org\payroll\DatabaseManager.java,org.payroll.DatabaseManager,existsDepartment/1[java.lang.String],dep_name,1
C:\Users\Madhu\Downloads\Employee-Payroll-System-master\sources\org\payroll\DatabaseManager.java,org.payroll.DatabaseManager,getEmployees/0,rs,8
C:\Users\Madhu\Downloads\Employee-Payroll-System-master\sources\org\payroll\DatabaseManager.java,org.payroll.DatabaseManager,getEmployees/0,temp,1
C:\Users\Madhu\Downloads\Employee-Payroll-System-master\sources\org\payroll\DatabaseManager.java,org.payroll.DatabaseManager,getEmployees/0,e,1
C:\Users\Madhu\Downloads\Employee-Payroll-System-master\sources\org\payroll\DatabaseManager.java,org.payroll.DatabaseManager,getEmployees/0,employees,3
C:\Users\Madhu\Downloads\Employee-Payroll-System-master\sources\org\payroll\DatabaseManager.java,org.payroll.DatabaseManager,"createLoginId/2[java.lang.String,java.lang.String]",password,1
C:\Users\Madhu\Downloads\Employee-Payroll-System-master\sources\org\payroll\DatabaseManager.java,org.payroll.DatabaseManager,"createLoginId/2[java.lang.String,java.lang.String]",e,1
C:\Users\Madhu\Downloads\Employee-Payroll-System-master\sources\org\payroll\DatabaseManager.java,org.payroll.DatabaseManager,"createLoginId/2[java.lang.String,java.lang.String]",username,1
C:\Users\Madhu\Downloads\Employee-Payroll-System-master\sources\org\payroll\DatabaseManager.java,org.payroll.DatabaseManager,"newDepartment/5[java.lang.String,int,int,int,int]",pf_percent,1
C:\Users\Madhu\Downloads\Employee-Payroll-System-master\sources\org\payroll\DatabaseManager.java,org.payroll.DatabaseManager,"newDepartment/5[java.lang.String,int,int,int,int]",gross_salary,2
C:\Users\Madhu\Downloads\Employee-Payroll-System-master\sources\org\payroll\DatabaseManager.java,org.payroll.DatabaseManager,"newDepartment/5[java.lang.String,int,int,int,int]",net_salary,1
C:\Users\Madhu\Downloads\Employee-Payroll-System-master\sources\org\payroll\DatabaseManager.java,org.payroll.DatabaseManager,"newDepartment/5[java.lang.String,int,int,int,int]",e,1
C:\Users\Madhu\Downloads\Employee-Payroll-System-master\sources\org\payroll\DatabaseManager.java,org.payroll.DatabaseManager,"newDepartment/5[java.lang.String,int,int,int,int]",lic,2
C:\Users\Madhu\Downloads\Employee-Payroll-System-master\sources\org\payroll\DatabaseManager.java,org.payroll.DatabaseManager,"newDepartment/5[java.lang.String,int,int,int,int]",dep_name,1
C:\Users\Madhu\Downloads\Employee-Payroll-System-master\sources\org\payroll\DatabaseManager.java,org.payroll.DatabaseManager,"newDepartment/5[java.lang.String,int,int,int,int]",deductions,2
C:\Users\Madhu\Downloads\Employee-Payroll-System-master\sources\org\payroll\DatabaseManager.java,org.payroll.DatabaseManager,"newDepartment/5[java.lang.String,int,int,int,int]",da_percent,1
C:\Users\Madhu\Downloads\Employee-Payroll-System-master\sources\org\payroll\DatabaseManager.java,org.payroll.DatabaseManager,"newDepartment/5[java.lang.String,int,int,int,int]",hra,2
C:\Users\Madhu\Downloads\Employee-Payroll-System-master\sources\org\payroll\DatabaseManager.java,org.payroll.DatabaseManager,"newDepartment/5[java.lang.String,int,int,int,int]",pf,3
C:\Users\Madhu\Downloads\Employee-Payroll-System-master\sources\org\payroll\DatabaseManager.java,org.payroll.DatabaseManager,"newDepartment/5[java.lang.String,int,int,int,int]",basic_salary,5
C:\Users\Madhu\Downloads\Employee-Payroll-System-master\sources\org\payroll\DatabaseManager.java,org.payroll.DatabaseManager,"newDepartment/5[java.lang.String,int,int,int,int]",epf,3
C:\Users\Madhu\Downloads\Employee-Payroll-System-master\sources\org\payroll\DatabaseManager.java,org.payroll.DatabaseManager,"newDepartment/5[java.lang.String,int,int,int,int]",da,2
C:\Users\Madhu\Downloads\Employee-Payroll-System-master\sources\org\payroll\DatabaseManager.java,org.payroll.DatabaseManager,"newDepartment/5[java.lang.String,int,int,int,int]",hra_percent,1
C:\Users\Madhu\Downloads\Employee-Payroll-System-master\sources\org\payroll\DatabaseManager.java,org.payroll.DatabaseManager,"updateEmployee/5[int,java.lang.String,java.lang.String,java.lang.String,java.lang.String]",ln,1
C:\Users\Madhu\Downloads\Employee-Payroll-System-master\sources\org\payroll\DatabaseManager.java,org.payroll.DatabaseManager,"updateEmployee/5[int,java.lang.String,java.lang.String,java.lang.String,java.lang.String]",e,1
C:\Users\Madhu\Downloads\Employee-Payroll-System-master\sources\org\payroll\DatabaseManager.java,org.payroll.DatabaseManager,"updateEmployee/5[int,java.lang.String,java.lang.String,java.lang.String,java.lang.String]",fn,1
C:\Users\Madhu\Downloads\Employee-Payroll-System-master\sources\org\payroll\DatabaseManager.java,org.payroll.DatabaseManager,"updateEmployee/5[int,java.lang.String,java.lang.String,java.lang.String,java.lang.String]",id,1
C:\Users\Madhu\Downloads\Employee-Payroll-System-master\sources\org\payroll\DatabaseManager.java,org.payroll.DatabaseManager,"updateEmployee/5[int,java.lang.String,java.lang.String,java.lang.String,java.lang.String]",department,1
C:\Users\Madhu\Downloads\Employee-Payroll-System-master\sources\org\payroll\DatabaseManager.java,org.payroll.DatabaseManager,"updateEmployee/5[int,java.lang.String,java.lang.String,java.lang.String,java.lang.String]",email,1
C:\Users\Madhu\Downloads\Employee-Payroll-System-master\sources\org\payroll\DatabaseManager.java,org.payroll.DatabaseManager,connectToDatabase/0,e,1
C:\Users\Madhu\Downloads\Employee-Payroll-System-master\sources\org\payroll\DatabaseManager.java,org.payroll.DatabaseManager,getListOfDepartments/0,rs,2
C:\Users\Madhu\Downloads\Employee-Payroll-System-master\sources\org\payroll\DatabaseManager.java,org.payroll.DatabaseManager,getListOfDepartments/0,e,1
C:\Users\Madhu\Downloads\Employee-Payroll-System-master\sources\org\payroll\DatabaseManager.java,org.payroll.DatabaseManager,getListOfDepartments/0,lst,2
C:\Users\Madhu\Downloads\Employee-Payroll-System-master\sources\org\payroll\DatabaseManager.java,org.payroll.DatabaseManager,existsEmployeeID/1[int],e,1
C:\Users\Madhu\Downloads\Employee-Payroll-System-master\sources\org\payroll\DatabaseManager.java,org.payroll.DatabaseManager,existsEmployeeID/1[int],id,1
C:\Users\Madhu\Downloads\Employee-Payroll-System-master\sources\org\payroll\DatabaseManager.java,org.payroll.DatabaseManager,deleteDepartment/1[java.lang.String],e,1
C:\Users\Madhu\Downloads\Employee-Payroll-System-master\sources\org\payroll\DatabaseManager.java,org.payroll.DatabaseManager,deleteDepartment/1[java.lang.String],dep_name,2
C:\Users\Madhu\Downloads\Employee-Payroll-System-master\sources\org\payroll\DatabaseManager.java,org.payroll.DatabaseManager,deleteEmployee/1[int],e,1
C:\Users\Madhu\Downloads\Employee-Payroll-System-master\sources\org\payroll\DatabaseManager.java,org.payroll.DatabaseManager,deleteEmployee/1[int],id,1
C:\Users\Madhu\Downloads\Employee-Payroll-System-master\sources\org\payroll\DatabaseManager.java,org.payroll.DatabaseManager,"changePassword/2[java.lang.String,java.lang.String]",e,1
C:\Users\Madhu\Downloads\Employee-Payroll-System-master\sources\org\payroll\DatabaseManager.java,org.payroll.DatabaseManager,"changePassword/2[java.lang.String,java.lang.String]",newPassword,1
C:\Users\Madhu\Downloads\Employee-Payroll-System-master\sources\org\payroll\DatabaseManager.java,org.payroll.DatabaseManager,"changePassword/2[java.lang.String,java.lang.String]",username,1
C:\Users\Madhu\Downloads\Employee-Payroll-System-master\sources\org\payroll\LoginFrame.java,org.payroll.LoginFrame$Anonymous2,actionPerformed/1[java.awt.event.ActionEvent],e,0
C:\Users\Madhu\Downloads\Employee-Payroll-System-master\sources\org\payroll\MainFrame.java,org.payroll.MainFrame$Anonymous3,actionPerformed/1[java.awt.event.ActionEvent],e,0
C:\Users\Madhu\Downloads\Employee-Payroll-System-master\sources\org\payroll\LoginFrame.java,org.payroll.LoginFrame$Anonymous1,actionPerformed/1[java.awt.event.ActionEvent],e,0
C:\Users\Madhu\Downloads\Employee-Payroll-System-master\sources\org\payroll\MainFrame.java,org.payroll.MainFrame$Anonymous4,actionPerformed/1[java.awt.event.ActionEvent],e,0
C:\Users\Madhu\Downloads\Employee-Payroll-System-master\sources\org\payroll\MainFrame.java,org.payroll.MainFrame$Anonymous5,actionPerformed/1[java.awt.event.ActionEvent],e,0
C:\Users\Madhu\Downloads\Employee-Payroll-System-master\sources\org\payroll\preferences\NewLoginIdFrame.java,org.payroll.preferences.NewLoginIdFrame$Anonymous1,actionPerformed/1[java.awt.event.ActionEvent],e,0
C:\Users\Madhu\Downloads\Employee-Payroll-System-master\sources\org\payroll\preferences\ChangePasswordFrame.java,org.payroll.preferences.ChangePasswordFrame$Anonymous2,actionPerformed/1[java.awt.event.ActionEvent],e,0
C:\Users\Madhu\Downloads\Employee-Payroll-System-master\sources\org\payroll\preferences\NewLoginIdFrame.java,org.payroll.preferences.NewLoginIdFrame$Anonymous2,actionPerformed/1[java.awt.event.ActionEvent],e,0
C:\Users\Madhu\Downloads\Employee-Payroll-System-master\sources\org\payroll\departments\DeleteDepartmentFrame.java,org.payroll.departments.DeleteDepartmentFrame$Anonymous1,actionPerformed/1[java.awt.event.ActionEvent],e,0
C:\Users\Madhu\Downloads\Employee-Payroll-System-master\sources\org\payroll\preferences\ChangePasswordFrame.java,org.payroll.preferences.ChangePasswordFrame$Anonymous1,actionPerformed/1[java.awt.event.ActionEvent],e,0
C:\Users\Madhu\Downloads\Employee-Payroll-System-master\sources\org\payroll\departments\DeleteDepartmentFrame.java,org.payroll.departments.DeleteDepartmentFrame$Anonymous2,actionPerformed/1[java.awt.event.ActionEvent],e,0
C:\Users\Madhu\Downloads\Employee-Payroll-System-master\sources\org\payroll\preferences\DeleteLoginIdFrame.java,org.payroll.preferences.DeleteLoginIdFrame$Anonymous1,actionPerformed/1[java.awt.event.ActionEvent],e,0
C:\Users\Madhu\Downloads\Employee-Payroll-System-master\sources\org\payroll\preferences\DeleteLoginIdFrame.java,org.payroll.preferences.DeleteLoginIdFrame$Anonymous2,actionPerformed/1[java.awt.event.ActionEvent],e,0
C:\Users\Madhu\Downloads\Employee-Payroll-System-master\sources\org\payroll\preferences\ChangePasswordFrame.java,org.payroll.preferences.ChangePasswordFrame,containsNumbers/1[java.lang.String],password,2
C:\Users\Madhu\Downloads\Employee-Payroll-System-master\sources\org\payroll\preferences\ChangePasswordFrame.java,org.payroll.preferences.ChangePasswordFrame,containsNumbers/1[java.lang.String],i,3
C:\Users\Madhu\Downloads\Employee-Payroll-System-master\sources\org\payroll\preferences\ChangePasswordFrame.java,org.payroll.preferences.ChangePasswordFrame,containsNumbers/1[java.lang.String],j,3
C:\Users\Madhu\Downloads\Employee-Payroll-System-master\sources\org\payroll\preferences\ChangePasswordFrame.java,org.payroll.preferences.ChangePasswordFrame,isStrongPassword/1[java.lang.String],password,4
C:\Users\Madhu\Downloads\Employee-Payroll-System-master\sources\org\payroll\preferences\ChangePasswordFrame.java,org.payroll.preferences.ChangePasswordFrame,containsUppercase/1[java.lang.String],password,2
C:\Users\Madhu\Downloads\Employee-Payroll-System-master\sources\org\payroll\preferences\ChangePasswordFrame.java,org.payroll.preferences.ChangePasswordFrame,containsUppercase/1[java.lang.String],i,3
C:\Users\Madhu\Downloads\Employee-Payroll-System-master\sources\org\payroll\preferences\ChangePasswordFrame.java,org.payroll.preferences.ChangePasswordFrame,containsUppercase/1[java.lang.String],j,3
C:\Users\Madhu\Downloads\Employee-Payroll-System-master\sources\org\payroll\preferences\ChangePasswordFrame.java,org.payroll.preferences.ChangePasswordFrame,containsLowercase/1[java.lang.String],password,2
C:\Users\Madhu\Downloads\Employee-Payroll-System-master\sources\org\payroll\preferences\ChangePasswordFrame.java,org.payroll.preferences.ChangePasswordFrame,containsLowercase/1[java.lang.String],i,3
C:\Users\Madhu\Downloads\Employee-Payroll-System-master\sources\org\payroll\preferences\ChangePasswordFrame.java,org.payroll.preferences.ChangePasswordFrame,containsLowercase/1[java.lang.String],j,3
C:\Users\Madhu\Downloads\Employee-Payroll-System-master\sources\org\payroll\preferences\ChangePasswordFrame.java,org.payroll.preferences.ChangePasswordFrame,ChangePasswordFrame/1[java.lang.String],username,2
C:\Users\Madhu\Downloads\Employee-Payroll-System-master\sources\org\payroll\preferences\NewLoginIdFrame.java,org.payroll.preferences.NewLoginIdFrame,containsLowercase/1[java.lang.String],password,2
C:\Users\Madhu\Downloads\Employee-Payroll-System-master\sources\org\payroll\preferences\NewLoginIdFrame.java,org.payroll.preferences.NewLoginIdFrame,containsLowercase/1[java.lang.String],i,3
C:\Users\Madhu\Downloads\Employee-Payroll-System-master\sources\org\payroll\preferences\NewLoginIdFrame.java,org.payroll.preferences.NewLoginIdFrame,containsLowercase/1[java.lang.String],j,3
C:\Users\Madhu\Downloads\Employee-Payroll-System-master\sources\org\payroll\preferences\NewLoginIdFrame.java,org.payroll.preferences.NewLoginIdFrame,isUsernameValid/0,i,3
C:\Users\Madhu\Downloads\Employee-Payroll-System-master\sources\org\payroll\preferences\NewLoginIdFrame.java,org.payroll.preferences.NewLoginIdFrame,isUsernameValid/0,j,3
C:\Users\Madhu\Downloads\Employee-Payroll-System-master\sources\org\payroll\preferences\NewLoginIdFrame.java,org.payroll.preferences.NewLoginIdFrame,isUsernameValid/0,username,3
C:\Users\Madhu\Downloads\Employee-Payroll-System-master\sources\org\payroll\preferences\NewLoginIdFrame.java,org.payroll.preferences.NewLoginIdFrame,isStrongPassword/0,password,4
C:\Users\Madhu\Downloads\Employee-Payroll-System-master\sources\org\payroll\preferences\NewLoginIdFrame.java,org.payroll.preferences.NewLoginIdFrame,containsNumbers/1[java.lang.String],password,2
C:\Users\Madhu\Downloads\Employee-Payroll-System-master\sources\org\payroll\preferences\NewLoginIdFrame.java,org.payroll.preferences.NewLoginIdFrame,containsNumbers/1[java.lang.String],i,3
C:\Users\Madhu\Downloads\Employee-Payroll-System-master\sources\org\payroll\preferences\NewLoginIdFrame.java,org.payroll.preferences.NewLoginIdFrame,containsNumbers/1[java.lang.String],j,3
C:\Users\Madhu\Downloads\Employee-Payroll-System-master\sources\org\payroll\preferences\NewLoginIdFrame.java,org.payroll.preferences.NewLoginIdFrame,containsUppercase/1[java.lang.String],password,2
C:\Users\Madhu\Downloads\Employee-Payroll-System-master\sources\org\payroll\preferences\NewLoginIdFrame.java,org.payroll.preferences.NewLoginIdFrame,containsUppercase/1[java.lang.String],i,3
C:\Users\Madhu\Downloads\Employee-Payroll-System-master\sources\org\payroll\preferences\NewLoginIdFrame.java,org.payroll.preferences.NewLoginIdFrame,containsUppercase/1[java.lang.String],j,3
