file,class,type,cbo,cboModified,fanin,fanout,wmc,dit,noc,rfc,lcom,lcom*,tcc,lcc,totalMethodsQty,staticMethodsQty,publicMethodsQty,privateMethodsQty,protectedMethodsQty,defaultMethodsQty,visibleMethodsQty,abstractMethodsQty,finalMethodsQty,synchronizedMethodsQty,totalFieldsQty,staticFieldsQty,publicFieldsQty,privateFieldsQty,protectedFieldsQty,defaultFieldsQty,finalFieldsQty,synchronizedFieldsQty,nosi,loc,returnQty,loopQty,comparisonsQty,tryCatchQty,parenthesizedExpsQty,stringLiteralsQty,numbersQty,assignmentsQty,mathOperationsQty,variablesQty,maxNestedBlocksQty,anonymousClassesQty,innerClassesQty,lambdasQty,uniqueWordsQty,modifiers,logStatementsQty
C:\Users\Madhu\Downloads\lan-chat-app-master\src\chatapplication\MulticastClient.java,chatapplication.MulticastClient$Anonymous1,anonymous,1,1,0,1,1,1,0,1,0,0.0,NaN,NaN,1,0,1,0,0,0,1,0,0,0,0,0,0,0,0,0,0,0,0,5,0,0,0,0,0,0,0,0,0,0,0,0,0,0,6,-1,0
C:\Users\Madhu\Downloads\lan-chat-app-master\src\chatapplication\MultiClient.java,chatapplication.MultiClient,class,3,4,1,3,6,1,0,5,0,0.0,NaN,NaN,1,0,0,0,0,1,1,0,0,0,0,0,0,0,0,0,0,0,3,22,0,1,3,0,0,5,2,4,0,2,2,0,0,0,16,1,0
C:\Users\Madhu\Downloads\lan-chat-app-master\src\chatapplication\MulticastClient.java,chatapplication.Client,class,5,7,2,5,7,1,0,13,3,0.0,0.0,0.0,3,0,1,0,0,2,3,0,0,0,0,0,0,0,0,0,0,0,3,45,0,1,0,3,0,7,4,12,2,9,2,0,0,0,36,0,0
C:\Users\Madhu\Downloads\lan-chat-app-master\src\chatapplication\MulticastClient.java,chatapplication.MulticastClient$Anonymous2,anonymous,1,1,0,1,1,1,0,1,0,0.0,NaN,NaN,1,0,1,0,0,0,1,0,0,0,0,0,0,0,0,0,0,0,0,5,0,0,0,0,0,0,0,0,0,0,0,0,0,0,6,-1,0
C:\Users\Madhu\Downloads\lan-chat-app-master\src\chatapplication\MulticastClient.java,chatapplication.MulticastClient$Anonymous3,anonymous,1,1,0,1,1,1,0,1,0,0.0,NaN,NaN,1,0,1,0,0,0,1,0,0,0,0,0,0,0,0,0,0,0,0,5,0,0,0,0,0,0,0,0,0,0,0,0,0,0,4,-1,0
C:\Users\Madhu\Downloads\lan-chat-app-master\src\chatapplication\ChatApp.java,chatapplication.ChatApp$Anonymous2,anonymous,1,1,0,1,1,1,0,1,0,0.0,NaN,NaN,1,0,1,0,0,0,1,0,0,0,0,0,0,0,0,0,0,0,0,5,0,0,0,0,0,0,0,0,0,0,0,0,0,0,6,-1,0
C:\Users\Madhu\Downloads\lan-chat-app-master\src\chatapplication\OnlineStatus.java,chatapplication.OnlineStatus,class,1,2,1,1,6,1,0,7,0,0.0,1.0,1.0,2,0,1,0,0,1,2,0,0,0,1,0,0,0,0,1,0,0,3,30,0,1,0,3,1,2,2,4,1,4,3,0,0,0,23,1,0
C:\Users\Madhu\Downloads\lan-chat-app-master\src\chatapplication\ChatApp.java,chatapplication.ChatApp,class,2,9,7,2,11,6,0,33,10,0.8666666,0.0,0.0,5,1,2,3,0,0,2,0,0,0,3,1,0,2,0,1,0,0,8,76,0,1,0,1,0,8,25,3,0,4,3,3,0,0,68,1,0
C:\Users\Madhu\Downloads\lan-chat-app-master\src\chatapplication\ChatApp.java,chatapplication.ChatApp$Anonymous3,anonymous,1,1,0,1,1,1,0,1,0,0.0,NaN,NaN,1,0,1,0,0,0,1,0,0,0,0,0,0,0,0,0,0,0,0,5,0,0,0,0,0,0,0,0,0,0,0,0,0,0,4,-1,0
C:\Users\Madhu\Downloads\lan-chat-app-master\src\chatapplication\ChatApp.java,chatapplication.ChatApp$Anonymous1,anonymous,1,1,0,1,1,1,0,1,0,0.0,NaN,NaN,1,0,1,0,0,0,1,0,0,0,0,0,0,0,0,0,0,0,0,5,0,0,0,0,0,0,0,0,0,0,0,0,0,0,6,-1,0
C:\Users\Madhu\Downloads\lan-chat-app-master\src\chatapplication\MulticastClient.java,chatapplication.MulticastClient,class,3,8,5,3,9,6,0,39,8,0.76250017,0.0,0.0,5,1,2,3,0,0,2,0,0,0,16,8,8,8,0,0,0,0,4,123,0,0,0,3,0,19,39,27,2,27,2,3,0,0,92,1,0
C:\Users\Madhu\Downloads\lan-chat-app-master\src\chatapplication\OnlineStatus.java,chatapplication.ReceiveOnlineStatus,class,1,2,1,1,10,1,0,12,0,0.33333334,1.0,1.0,2,0,1,0,0,1,2,0,0,0,3,1,1,0,0,2,0,0,1,41,0,2,0,2,0,8,3,10,1,6,6,0,0,0,28,0,0
