file,class,method,variable,usage
C:\Users\Madhu\Downloads\lan-chat-app-master\src\chatapplication\OnlineStatus.java,chatapplication.OnlineStatus,run/0,s,2
C:\Users\Madhu\Downloads\lan-chat-app-master\src\chatapplication\OnlineStatus.java,chatapplication.OnlineStatus,OnlineStatus/0,s,1
C:\Users\Madhu\Downloads\lan-chat-app-master\src\chatapplication\ChatApp.java,chatapplication.ChatApp,initComponents/0,jButton3,6
C:\Users\Madhu\Downloads\lan-chat-app-master\src\chatapplication\ChatApp.java,chatapplication.ChatApp,initComponents/0,jButton2,6
C:\Users\Madhu\Downloads\lan-chat-app-master\src\chatapplication\MulticastClient.java,chatapplication.MulticastClient,initComponents/0,jLabel3,5
C:\Users\Madhu\Downloads\lan-chat-app-master\src\chatapplication\MulticastClient.java,chatapplication.MulticastClient,initComponents/0,jButton2,5
C:\Users\Madhu\Downloads\lan-chat-app-master\src\chatapplication\MulticastClient.java,chatapplication.MulticastClient,initComponents/0,jLabel2,5
C:\Users\Madhu\Downloads\lan-chat-app-master\src\chatapplication\MulticastClient.java,chatapplication.MulticastClient,initComponents/0,jButton1,5
C:\Users\Madhu\Downloads\lan-chat-app-master\src\chatapplication\MulticastClient.java,chatapplication.MulticastClient,initComponents/0,jTextArea3,5
C:\Users\Madhu\Downloads\lan-chat-app-master\src\chatapplication\MulticastClient.java,chatapplication.MulticastClient,initComponents/0,jTextArea2,5
C:\Users\Madhu\Downloads\lan-chat-app-master\src\chatapplication\MulticastClient.java,chatapplication.MulticastClient,initComponents/0,jTextArea1,7
C:\Users\Madhu\Downloads\lan-chat-app-master\src\chatapplication\MulticastClient.java,chatapplication.MulticastClient,initComponents/0,jScrollPane1,4
C:\Users\Madhu\Downloads\lan-chat-app-master\src\chatapplication\MulticastClient.java,chatapplication.MulticastClient,initComponents/0,jScrollPane2,4
C:\Users\Madhu\Downloads\lan-chat-app-master\src\chatapplication\MulticastClient.java,chatapplication.MulticastClient,initComponents/0,jScrollPane3,4
C:\Users\Madhu\Downloads\lan-chat-app-master\src\chatapplication\MulticastClient.java,chatapplication.MulticastClient,initComponents/0,jLabel1,5
C:\Users\Madhu\Downloads\lan-chat-app-master\src\chatapplication\MulticastClient.java,chatapplication.MulticastClient,jButton2ActionPerformed/1[java.awt.event.ActionEvent],s,3
C:\Users\Madhu\Downloads\lan-chat-app-master\src\chatapplication\MulticastClient.java,chatapplication.MulticastClient,jButton2ActionPerformed/1[java.awt.event.ActionEvent],address,1
C:\Users\Madhu\Downloads\lan-chat-app-master\src\chatapplication\MulticastClient.java,chatapplication.MulticastClient,jButton2ActionPerformed/1[java.awt.event.ActionEvent],name,1
C:\Users\Madhu\Downloads\lan-chat-app-master\src\chatapplication\MulticastClient.java,chatapplication.MulticastClient,jButton2ActionPerformed/1[java.awt.event.ActionEvent],socket,1
C:\Users\Madhu\Downloads\lan-chat-app-master\src\chatapplication\MulticastClient.java,chatapplication.MulticastClient,jButton1ActionPerformed/1[java.awt.event.ActionEvent],s,1
C:\Users\Madhu\Downloads\lan-chat-app-master\src\chatapplication\MulticastClient.java,chatapplication.MulticastClient,jButton1ActionPerformed/1[java.awt.event.ActionEvent],jTextArea2,1
C:\Users\Madhu\Downloads\lan-chat-app-master\src\chatapplication\MulticastClient.java,chatapplication.MulticastClient,jButton1ActionPerformed/1[java.awt.event.ActionEvent],name,1
C:\Users\Madhu\Downloads\lan-chat-app-master\src\chatapplication\MulticastClient.java,chatapplication.MulticastClient,jButton1ActionPerformed/1[java.awt.event.ActionEvent],message,2
C:\Users\Madhu\Downloads\lan-chat-app-master\src\chatapplication\OnlineStatus.java,chatapplication.ReceiveOnlineStatus,ReceiveOnlineStatus/0,address,2
C:\Users\Madhu\Downloads\lan-chat-app-master\src\chatapplication\OnlineStatus.java,chatapplication.ReceiveOnlineStatus,ReceiveOnlineStatus/0,socket,2
C:\Users\Madhu\Downloads\lan-chat-app-master\src\chatapplication\OnlineStatus.java,chatapplication.ReceiveOnlineStatus,run/0,al,5
C:\Users\Madhu\Downloads\lan-chat-app-master\src\chatapplication\OnlineStatus.java,chatapplication.ReceiveOnlineStatus,run/0,socket,1
