file,class,method,constructor,line,cbo,cboModified,fanin,fanout,wmc,rfc,loc,returnsQty,variablesQty,parametersQty,methodsInvokedQty,methodsInvokedLocalQty,methodsInvokedIndirectLocalQty,loopQty,comparisonsQty,tryCatchQty,parenthesizedExpsQty,stringLiteralsQty,numbersQty,assignmentsQty,mathOperationsQty,maxNestedBlocksQty,anonymousClassesQty,innerClassesQty,lambdasQty,uniqueWordsQty,modifiers,logStatementsQty,hasJavaDoc
C:\Users\Madhu\Downloads\lan-chat-app-master\src\chatapplication\MulticastClient.java,chatapplication.MulticastClient$Anonymous1,actionPerformed/1[java.awt.event.ActionEvent],false,66,1,4,0,4,1,1,3,0,0,1,1,0,0,0,0,0,0,0,0,0,0,0,0,0,0,6,1,0,false
C:\Users\Madhu\Downloads\lan-chat-app-master\src\chatapplication\MultiClient.java,chatapplication.MultiClient,MultiClient/0,true,16,3,4,1,3,6,5,20,0,2,0,5,0,0,1,3,0,0,5,2,4,0,2,0,0,0,15,0,0,false
C:\Users\Madhu\Downloads\lan-chat-app-master\src\chatapplication\MulticastClient.java,chatapplication.Client,newUser/0,false,308,0,1,1,0,2,3,11,0,4,0,3,0,0,0,0,1,0,3,1,4,1,1,0,0,0,18,0,0,false
C:\Users\Madhu\Downloads\lan-chat-app-master\src\chatapplication\MulticastClient.java,chatapplication.Client,run/0,false,270,4,3,0,3,3,8,21,0,5,0,8,1,1,1,0,1,0,2,2,5,1,2,0,0,0,19,1,0,false
C:\Users\Madhu\Downloads\lan-chat-app-master\src\chatapplication\MulticastClient.java,chatapplication.Client,Client/0,true,259,1,2,1,1,2,3,11,0,0,0,3,0,0,0,0,1,0,2,1,3,0,1,0,0,0,8,0,0,false
C:\Users\Madhu\Downloads\lan-chat-app-master\src\chatapplication\MulticastClient.java,chatapplication.MulticastClient$Anonymous2,actionPerformed/1[java.awt.event.ActionEvent],false,88,1,4,0,4,1,1,3,0,0,1,1,0,0,0,0,0,0,0,0,0,0,0,0,0,0,6,1,0,false
C:\Users\Madhu\Downloads\lan-chat-app-master\src\chatapplication\MulticastClient.java,chatapplication.MulticastClient$Anonymous3,run/0,false,231,1,2,0,2,1,1,3,0,0,0,1,0,0,0,0,0,0,0,0,0,0,0,0,0,0,4,1,0,false
C:\Users\Madhu\Downloads\lan-chat-app-master\src\chatapplication\ChatApp.java,chatapplication.ChatApp$Anonymous2,actionPerformed/1[java.awt.event.ActionEvent],false,61,1,4,0,4,1,1,3,0,0,1,1,0,0,0,0,0,0,0,0,0,0,0,0,0,0,6,1,0,false
C:\Users\Madhu\Downloads\lan-chat-app-master\src\chatapplication\OnlineStatus.java,chatapplication.OnlineStatus,run/0,false,27,1,0,0,0,4,7,20,0,3,0,7,0,0,1,0,2,1,2,2,3,1,3,0,0,0,17,1,0,false
C:\Users\Madhu\Downloads\lan-chat-app-master\src\chatapplication\OnlineStatus.java,chatapplication.OnlineStatus,OnlineStatus/0,true,20,0,1,1,0,2,0,7,0,0,0,0,0,0,0,0,1,0,0,0,1,0,1,0,0,0,7,0,0,false
C:\Users\Madhu\Downloads\lan-chat-app-master\src\chatapplication\ChatApp.java,chatapplication.ChatApp,main/1[java.lang.String[]],false,109,1,1,0,1,7,9,28,0,0,1,9,0,0,1,0,1,0,1,0,0,0,3,1,0,0,20,9,0,true
C:\Users\Madhu\Downloads\lan-chat-app-master\src\chatapplication\ChatApp.java,chatapplication.ChatApp,initComponents/0,false,40,0,2,1,1,1,18,29,0,1,0,18,0,0,0,0,0,0,6,24,3,0,0,2,0,0,44,2,0,true
C:\Users\Madhu\Downloads\lan-chat-app-master\src\chatapplication\ChatApp.java,chatapplication.ChatApp,jButton2ActionPerformed/1[java.awt.event.ActionEvent],false,92,1,2,1,1,1,1,4,0,0,1,1,0,0,0,0,0,0,0,0,0,0,0,0,0,0,8,2,0,false
C:\Users\Madhu\Downloads\lan-chat-app-master\src\chatapplication\ChatApp.java,chatapplication.ChatApp,jButton3ActionPerformed/1[java.awt.event.ActionEvent],false,99,0,1,1,0,1,2,4,0,0,1,2,0,0,0,0,0,0,0,1,0,0,0,0,0,0,6,2,0,false
C:\Users\Madhu\Downloads\lan-chat-app-master\src\chatapplication\ChatApp.java,chatapplication.ChatApp,ChatApp/0,true,21,1,5,4,1,1,4,6,0,0,0,4,1,1,0,0,0,0,1,0,0,0,0,0,0,0,8,1,0,true
C:\Users\Madhu\Downloads\lan-chat-app-master\src\chatapplication\ChatApp.java,chatapplication.ChatApp$Anonymous3,run/0,false,135,1,2,0,2,1,1,3,0,0,0,1,0,0,0,0,0,0,0,0,0,0,0,0,0,0,4,1,0,false
C:\Users\Madhu\Downloads\lan-chat-app-master\src\chatapplication\ChatApp.java,chatapplication.ChatApp$Anonymous1,actionPerformed/1[java.awt.event.ActionEvent],false,53,1,4,0,4,1,1,3,0,0,1,1,0,0,0,0,0,0,0,0,0,0,0,0,0,0,6,1,0,false
C:\Users\Madhu\Downloads\lan-chat-app-master\src\chatapplication\MulticastClient.java,chatapplication.MulticastClient,initComponents/0,false,48,0,2,1,1,1,28,53,0,1,0,28,0,0,0,0,0,0,11,36,12,0,0,2,0,0,54,2,0,true
C:\Users\Madhu\Downloads\lan-chat-app-master\src\chatapplication\MulticastClient.java,chatapplication.MulticastClient,MulticastClient/0,true,30,1,3,2,1,1,2,4,0,0,0,2,1,1,0,0,0,0,0,0,0,0,0,0,0,0,9,1,0,true
C:\Users\Madhu\Downloads\lan-chat-app-master\src\chatapplication\MulticastClient.java,chatapplication.MulticastClient,jButton2ActionPerformed/1[java.awt.event.ActionEvent],false,158,1,2,1,1,3,6,24,0,6,1,6,0,0,0,0,2,0,5,2,8,1,1,0,0,0,28,2,0,false
C:\Users\Madhu\Downloads\lan-chat-app-master\src\chatapplication\MulticastClient.java,chatapplication.MulticastClient,jButton1ActionPerformed/1[java.awt.event.ActionEvent],false,186,1,1,1,0,3,6,16,0,4,1,6,0,0,0,0,1,0,3,1,5,1,2,0,0,0,19,2,0,false
C:\Users\Madhu\Downloads\lan-chat-app-master\src\chatapplication\MulticastClient.java,chatapplication.MulticastClient,main/1[java.lang.String[]],false,219,0,1,0,1,1,1,8,0,0,1,1,0,0,0,0,0,0,0,0,0,0,0,1,0,0,11,9,0,true
C:\Users\Madhu\Downloads\lan-chat-app-master\src\chatapplication\OnlineStatus.java,chatapplication.ReceiveOnlineStatus,ReceiveOnlineStatus/0,true,63,0,1,1,0,2,3,10,0,0,0,3,0,0,0,0,1,0,2,1,2,0,1,0,0,0,9,0,0,false
C:\Users\Madhu\Downloads\lan-chat-app-master\src\chatapplication\OnlineStatus.java,chatapplication.ReceiveOnlineStatus,run/0,false,79,1,0,0,0,8,10,26,0,3,0,10,0,0,2,0,1,0,6,2,5,1,6,0,0,0,17,1,0,false
