file,class,method,variable,usage
C:\Users\Madhu\Downloads\lan-chat-app-master\src\chatapplication\MulticastClient.java,chatapplication.MulticastClient$Anonymous1,actionPerformed/1[java.awt.event.ActionEvent],evt,1
C:\Users\Madhu\Downloads\lan-chat-app-master\src\chatapplication\MultiClient.java,chatapplication.MultiClient,MultiClient/0,count,2
C:\Users\Madhu\Downloads\lan-chat-app-master\src\chatapplication\MultiClient.java,chatapplication.MultiClient,MultiClient/0,t1,1
C:\Users\Madhu\Downloads\lan-chat-app-master\src\chatapplication\MulticastClient.java,chatapplication.Client,newUser/0,buf,2
C:\Users\Madhu\Downloads\lan-chat-app-master\src\chatapplication\MulticastClient.java,chatapplication.Client,newUser/0,e,0
C:\Users\Madhu\Downloads\lan-chat-app-master\src\chatapplication\MulticastClient.java,chatapplication.Client,newUser/0,x,1
C:\Users\Madhu\Downloads\lan-chat-app-master\src\chatapplication\MulticastClient.java,chatapplication.Client,newUser/0,packet,1
C:\Users\Madhu\Downloads\lan-chat-app-master\src\chatapplication\MulticastClient.java,chatapplication.Client,newUser/0,group,1
C:\Users\Madhu\Downloads\lan-chat-app-master\src\chatapplication\MulticastClient.java,chatapplication.Client,run/0,t4,1
C:\Users\Madhu\Downloads\lan-chat-app-master\src\chatapplication\MulticastClient.java,chatapplication.Client,run/0,buf,2
C:\Users\Madhu\Downloads\lan-chat-app-master\src\chatapplication\MulticastClient.java,chatapplication.Client,run/0,e,1
C:\Users\Madhu\Downloads\lan-chat-app-master\src\chatapplication\MulticastClient.java,chatapplication.Client,run/0,received,1
C:\Users\Madhu\Downloads\lan-chat-app-master\src\chatapplication\MulticastClient.java,chatapplication.Client,run/0,packet,4
C:\Users\Madhu\Downloads\lan-chat-app-master\src\chatapplication\MulticastClient.java,chatapplication.Client,run/0,t3,1
C:\Users\Madhu\Downloads\lan-chat-app-master\src\chatapplication\MulticastClient.java,chatapplication.Client,Client/0,e,0
C:\Users\Madhu\Downloads\lan-chat-app-master\src\chatapplication\MulticastClient.java,chatapplication.MulticastClient$Anonymous2,actionPerformed/1[java.awt.event.ActionEvent],evt,1
C:\Users\Madhu\Downloads\lan-chat-app-master\src\chatapplication\ChatApp.java,chatapplication.ChatApp$Anonymous2,actionPerformed/1[java.awt.event.ActionEvent],evt,1
C:\Users\Madhu\Downloads\lan-chat-app-master\src\chatapplication\OnlineStatus.java,chatapplication.OnlineStatus,run/0,buf,3
C:\Users\Madhu\Downloads\lan-chat-app-master\src\chatapplication\OnlineStatus.java,chatapplication.OnlineStatus,run/0,e,1
C:\Users\Madhu\Downloads\lan-chat-app-master\src\chatapplication\OnlineStatus.java,chatapplication.OnlineStatus,run/0,packet,1
C:\Users\Madhu\Downloads\lan-chat-app-master\src\chatapplication\OnlineStatus.java,chatapplication.OnlineStatus,run/0,group,1
C:\Users\Madhu\Downloads\lan-chat-app-master\src\chatapplication\OnlineStatus.java,chatapplication.OnlineStatus,OnlineStatus/0,ex,0
C:\Users\Madhu\Downloads\lan-chat-app-master\src\chatapplication\ChatApp.java,chatapplication.ChatApp,main/1[java.lang.String[]],args,0
C:\Users\Madhu\Downloads\lan-chat-app-master\src\chatapplication\ChatApp.java,chatapplication.ChatApp,main/1[java.lang.String[]],ex,7
C:\Users\Madhu\Downloads\lan-chat-app-master\src\chatapplication\ChatApp.java,chatapplication.ChatApp,main/1[java.lang.String[]],info,2
C:\Users\Madhu\Downloads\lan-chat-app-master\src\chatapplication\ChatApp.java,chatapplication.ChatApp,initComponents/0,layout,8
C:\Users\Madhu\Downloads\lan-chat-app-master\src\chatapplication\ChatApp.java,chatapplication.ChatApp,jButton2ActionPerformed/1[java.awt.event.ActionEvent],evt,0
C:\Users\Madhu\Downloads\lan-chat-app-master\src\chatapplication\ChatApp.java,chatapplication.ChatApp,jButton3ActionPerformed/1[java.awt.event.ActionEvent],evt,0
C:\Users\Madhu\Downloads\lan-chat-app-master\src\chatapplication\ChatApp.java,chatapplication.ChatApp$Anonymous1,actionPerformed/1[java.awt.event.ActionEvent],evt,1
C:\Users\Madhu\Downloads\lan-chat-app-master\src\chatapplication\MulticastClient.java,chatapplication.MulticastClient,initComponents/0,layout,20
C:\Users\Madhu\Downloads\lan-chat-app-master\src\chatapplication\MulticastClient.java,chatapplication.MulticastClient,jButton2ActionPerformed/1[java.awt.event.ActionEvent],evt,0
C:\Users\Madhu\Downloads\lan-chat-app-master\src\chatapplication\MulticastClient.java,chatapplication.MulticastClient,jButton2ActionPerformed/1[java.awt.event.ActionEvent],buf,5
C:\Users\Madhu\Downloads\lan-chat-app-master\src\chatapplication\MulticastClient.java,chatapplication.MulticastClient,jButton2ActionPerformed/1[java.awt.event.ActionEvent],e,1
C:\Users\Madhu\Downloads\lan-chat-app-master\src\chatapplication\MulticastClient.java,chatapplication.MulticastClient,jButton2ActionPerformed/1[java.awt.event.ActionEvent],x,3
C:\Users\Madhu\Downloads\lan-chat-app-master\src\chatapplication\MulticastClient.java,chatapplication.MulticastClient,jButton2ActionPerformed/1[java.awt.event.ActionEvent],packet,3
C:\Users\Madhu\Downloads\lan-chat-app-master\src\chatapplication\MulticastClient.java,chatapplication.MulticastClient,jButton2ActionPerformed/1[java.awt.event.ActionEvent],group,3
C:\Users\Madhu\Downloads\lan-chat-app-master\src\chatapplication\MulticastClient.java,chatapplication.MulticastClient,jButton1ActionPerformed/1[java.awt.event.ActionEvent],evt,0
C:\Users\Madhu\Downloads\lan-chat-app-master\src\chatapplication\MulticastClient.java,chatapplication.MulticastClient,jButton1ActionPerformed/1[java.awt.event.ActionEvent],buf,3
C:\Users\Madhu\Downloads\lan-chat-app-master\src\chatapplication\MulticastClient.java,chatapplication.MulticastClient,jButton1ActionPerformed/1[java.awt.event.ActionEvent],e,0
C:\Users\Madhu\Downloads\lan-chat-app-master\src\chatapplication\MulticastClient.java,chatapplication.MulticastClient,jButton1ActionPerformed/1[java.awt.event.ActionEvent],text,2
C:\Users\Madhu\Downloads\lan-chat-app-master\src\chatapplication\MulticastClient.java,chatapplication.MulticastClient,jButton1ActionPerformed/1[java.awt.event.ActionEvent],packet,1
C:\Users\Madhu\Downloads\lan-chat-app-master\src\chatapplication\MulticastClient.java,chatapplication.MulticastClient,jButton1ActionPerformed/1[java.awt.event.ActionEvent],group,1
C:\Users\Madhu\Downloads\lan-chat-app-master\src\chatapplication\MulticastClient.java,chatapplication.MulticastClient,main/1[java.lang.String[]],args,0
C:\Users\Madhu\Downloads\lan-chat-app-master\src\chatapplication\OnlineStatus.java,chatapplication.ReceiveOnlineStatus,ReceiveOnlineStatus/0,e,0
C:\Users\Madhu\Downloads\lan-chat-app-master\src\chatapplication\OnlineStatus.java,chatapplication.ReceiveOnlineStatus,run/0,buf,2
C:\Users\Madhu\Downloads\lan-chat-app-master\src\chatapplication\OnlineStatus.java,chatapplication.ReceiveOnlineStatus,run/0,e,0
C:\Users\Madhu\Downloads\lan-chat-app-master\src\chatapplication\OnlineStatus.java,chatapplication.ReceiveOnlineStatus,run/0,obj,1
C:\Users\Madhu\Downloads\lan-chat-app-master\src\chatapplication\OnlineStatus.java,chatapplication.ReceiveOnlineStatus,run/0,name,5
C:\Users\Madhu\Downloads\lan-chat-app-master\src\chatapplication\OnlineStatus.java,chatapplication.ReceiveOnlineStatus,run/0,packet,4
