file,class,type,cbo,cboModified,fanin,fanout,wmc,dit,noc,rfc,lcom,lcom*,tcc,lcc,totalMethodsQty,staticMethodsQty,publicMethodsQty,privateMethodsQty,protectedMethodsQty,defaultMethodsQty,visibleMethodsQty,abstractMethodsQty,finalMethodsQty,synchronizedMethodsQty,totalFieldsQty,staticFieldsQty,publicFieldsQty,privateFieldsQty,protectedFieldsQty,defaultFieldsQty,finalFieldsQty,synchronizedFieldsQty,nosi,loc,returnQty,loopQty,comparisonsQty,tryCatchQty,parenthesizedExpsQty,stringLiteralsQty,numbersQty,assignmentsQty,mathOperationsQty,variablesQty,maxNestedBlocksQty,anonymousClassesQty,innerClassesQty,lambdasQty,uniqueWordsQty,modifiers,logStatementsQty
C:\Users\Madhu\Downloads\DPD4Eclipse-master\src\org\objectweb\asm\SymbolTable.java,org.objectweb.asm.SymbolTable$Entry,innerclass,2,2,0,2,5,2,0,0,0,0.5,1.0,1.0,5,0,0,0,0,5,5,0,0,0,2,0,0,0,0,2,1,0,0,24,0,0,0,0,0,0,2,5,0,2,0,0,0,0,43,10,0
C:\Users\Madhu\Downloads\DPD4Eclipse-master\src\org\objectweb\asm\tree\FieldInsnNode.java,org.objectweb.asm.tree.FieldInsnNode,class,4,6,2,4,5,2,0,3,4,0.4,0.3,0.3,5,0,5,0,0,0,5,0,0,0,3,0,3,0,0,0,0,0,0,24,2,0,0,0,0,0,0,4,0,3,0,0,0,0,58,1,0
C:\Users\Madhu\Downloads\DPD4Eclipse-master\src\gr\uom\java\pattern\MatrixContainer.java,gr.uom.java.pattern.MatrixContainer,class,2,8,6,2,70,1,1,0,2345,0.97142833,0.014492754,0.014492754,70,0,70,0,0,0,70,0,0,0,35,0,0,0,35,0,0,0,0,247,35,0,0,0,0,0,0,35,0,35,0,0,0,0,59,1,0
C:\Users\Madhu\Downloads\DPD4Eclipse-master\src\org\objectweb\asm\Edge.java,org.objectweb.asm.Edge,class,2,5,3,2,1,1,0,0,0,0.4,NaN,NaN,1,0,0,0,0,1,1,0,0,0,5,2,0,0,0,5,4,0,0,12,0,0,0,0,0,0,2,5,0,5,0,0,0,0,90,16,0
C:\Users\Madhu\Downloads\DPD4Eclipse-master\src\org\objectweb\asm\util\TraceSignatureVisitor.java,org.objectweb.asm.util.TraceSignatureVisitor,class,2,3,1,2,47,2,0,11,0,0.83888894,0.48095238,0.8142857,24,0,20,4,0,0,21,0,0,0,15,4,0,15,0,0,6,0,1,210,12,1,14,0,1,21,23,37,7,18,2,0,0,0,123,17,0
C:\Users\Madhu\Downloads\DPD4Eclipse-master\src\dpd4eclipse\visualization\SectionCompartment.java,dpd4eclipse.visualization.SectionCompartment,class,5,7,2,5,6,2,0,3,0,0.5,0.5,1.0,4,0,4,0,0,0,4,0,0,0,3,0,0,3,0,0,0,0,0,25,3,0,2,0,0,0,2,4,0,4,1,0,0,0,18,1,0
C:\Users\Madhu\Downloads\DPD4Eclipse-master\src\gr\uom\java\bytecode\MethodObject.java,gr.uom.java.bytecode.MethodObject,class,10,18,8,10,35,1,0,26,0,0.7569444,0.4311594,0.9166667,24,0,24,0,0,0,24,0,0,0,6,0,0,6,0,0,0,0,0,118,20,4,2,0,0,10,8,18,6,12,2,0,0,0,57,1,0
C:\Users\Madhu\Downloads\DPD4Eclipse-master\src\org\objectweb\asm\SymbolTable.java,org.objectweb.asm.SymbolTable,class,12,22,10,12,174,2,0,92,1550,0.92222214,0.06439394,0.13636364,60,8,0,27,0,33,33,0,0,0,12,0,0,11,0,1,2,0,22,562,72,22,53,0,24,1,68,141,53,98,4,0,1,0,342,16,0
C:\Users\Madhu\Downloads\DPD4Eclipse-master\src\org\objectweb\asm\ModuleWriter.java,org.objectweb.asm.ModuleWriter,class,3,4,1,3,24,2,0,7,0,0.7156863,0.74242425,0.8333333,12,0,8,0,0,4,12,0,0,0,17,0,0,17,0,0,10,0,0,109,2,3,3,0,2,0,26,15,5,19,2,0,0,0,110,16,0
C:\Users\Madhu\Downloads\DPD4Eclipse-master\src\gr\uom\java\bytecode\BytecodeReader.java,gr.uom.java.bytecode.BytecodeReader,class,30,35,5,30,105,1,0,77,7,0.5833334,0.6666667,1.0,6,3,3,3,0,0,3,0,0,0,2,2,0,2,0,0,0,0,2,236,3,12,37,1,26,37,30,71,4,59,9,0,0,0,114,1,0
C:\Users\Madhu\Downloads\DPD4Eclipse-master\src\dpd4eclipse\views\CompilationErrorDetectedException.java,dpd4eclipse.views.CompilationErrorDetectedException,class,1,2,1,1,2,3,0,0,0,0.5,1.0,1.0,2,0,2,0,0,0,2,0,0,0,2,1,0,2,0,0,1,0,0,10,1,0,0,0,0,0,1,2,0,2,0,0,0,0,14,1,0
C:\Users\Madhu\Downloads\DPD4Eclipse-master\src\gr\uom\java\bytecode\MethodAnnotationScanner.java,gr.uom.java.bytecode.MethodAnnotationScanner,class,2,3,1,2,4,2,0,2,1,0.33333334,0.33333334,0.33333334,3,0,3,0,0,0,3,0,0,0,1,0,0,1,0,0,0,0,0,15,2,0,0,0,0,1,0,2,0,1,1,0,0,0,11,1,0
C:\Users\Madhu\Downloads\DPD4Eclipse-master\src\dpd4eclipse\topic\Stemmer.java,dpd4eclipse.topic.Stemmer,class,2,4,2,2,175,1,0,25,0,0.60606056,0.60714287,0.75,22,1,8,14,0,0,8,0,14,0,3,1,0,3,0,0,1,0,3,393,35,14,20,2,3,92,47,49,22,31,8,0,0,0,156,0,0
C:\Users\Madhu\Downloads\DPD4Eclipse-master\src\dpd4eclipse\views\VisualizationDataSingleton.java,dpd4eclipse.views.VisualizationDataSingleton,class,1,3,2,1,2,1,0,0,0,0.0,1.0,1.0,2,2,2,0,0,0,2,0,0,0,1,1,0,1,0,0,0,0,0,9,1,0,0,0,0,0,0,1,0,1,0,0,0,0,8,1,0
C:\Users\Madhu\Downloads\DPD4Eclipse-master\src\org\objectweb\asm\signature\SignatureWriter.java,org.objectweb.asm.signature.SignatureWriter,class,2,3,1,2,28,2,0,5,0,0.6875,0.59477127,0.59477127,20,0,18,2,0,0,18,0,0,0,4,0,0,4,0,0,1,0,0,110,10,0,4,0,0,0,11,9,3,4,1,0,0,0,131,1,0
C:\Users\Madhu\Downloads\DPD4Eclipse-master\src\org\objectweb\asm\tree\InsnList.java,org.objectweb.asm.tree.InsnList$InsnListIterator,innerclass,2,2,0,2,28,1,0,9,0,0.29999998,0.9111111,1.0,10,0,9,0,0,1,10,0,0,0,3,0,0,0,0,3,0,0,0,108,8,1,15,0,0,1,3,24,0,7,2,0,0,0,37,18,0
C:\Users\Madhu\Downloads\DPD4Eclipse-master\src\gr\uom\java\pattern\BehavioralData.java,gr.uom.java.pattern.BehavioralData$Position,innerclass,1,1,0,1,7,1,0,3,0,0.25,1.0,1.0,4,0,4,0,0,0,4,0,0,0,3,0,0,3,0,0,0,0,0,33,5,0,4,0,0,3,5,9,4,6,1,0,0,0,18,2,0
C:\Users\Madhu\Downloads\DPD4Eclipse-master\src\dpd4eclipse\visualization\DecorationConstants.java,dpd4eclipse.visualization.DecorationConstants,class,9,10,1,9,6,1,0,5,3,1.0,0.0,0.0,3,3,3,0,0,0,3,0,0,0,7,7,7,0,0,0,7,0,9,30,6,0,3,0,0,3,13,10,0,10,1,0,0,0,31,1,0
C:\Users\Madhu\Downloads\DPD4Eclipse-master\src\dpd4eclipse\visualization\ZoomValueValidator.java,dpd4eclipse.visualization.ZoomValueValidator,class,1,2,1,1,3,1,0,1,0,0.0,NaN,NaN,1,0,1,0,0,0,1,0,0,0,0,0,0,0,0,0,0,0,1,12,3,0,0,1,0,2,1,1,0,1,2,0,0,0,19,1,0
C:\Users\Madhu\Downloads\DPD4Eclipse-master\src\org\objectweb\asm\Frame.java,org.objectweb.asm.Frame,class,7,11,4,7,371,1,1,39,43,0.8953573,0.4181818,0.6545454,23,5,0,12,0,11,11,0,6,0,59,50,0,41,0,18,50,0,17,983,30,17,89,0,47,8,155,227,60,132,4,0,0,0,388,0,0
C:\Users\Madhu\Downloads\DPD4Eclipse-master\src\org\objectweb\asm\tree\ParameterNode.java,org.objectweb.asm.tree.ParameterNode,class,1,2,1,1,2,1,0,1,0,0.0,1.0,1.0,2,0,2,0,0,0,2,0,0,0,2,0,2,0,0,0,0,0,0,11,0,0,0,0,0,0,0,2,0,2,0,0,0,0,44,1,0
C:\Users\Madhu\Downloads\DPD4Eclipse-master\src\org\objectweb\asm\Attribute.java,org.objectweb.asm.Attribute$Set,innerclass,2,2,0,2,9,1,0,4,0,0.41666666,0.0,0.0,4,0,0,2,0,2,2,0,0,0,3,1,0,3,0,0,1,0,2,35,3,2,1,0,0,0,6,9,1,7,2,0,0,0,40,24,0
C:\Users\Madhu\Downloads\DPD4Eclipse-master\src\org\objectweb\asm\CurrentFrame.java,org.objectweb.asm.CurrentFrame,class,4,5,1,4,2,2,0,3,1,0.0,0.0,0.0,2,0,0,0,0,2,2,0,0,0,0,0,0,0,0,0,0,0,0,11,0,0,0,0,0,0,1,1,0,1,0,0,0,0,50,16,0
C:\Users\Madhu\Downloads\DPD4Eclipse-master\src\org\objectweb\asm\tree\ModuleOpenNode.java,org.objectweb.asm.tree.ModuleOpenNode,class,1,2,1,1,3,1,0,2,0,0.0,1.0,1.0,2,0,2,0,0,0,2,0,0,0,3,0,3,0,0,0,0,0,0,13,0,0,1,0,0,0,1,3,0,3,0,0,0,0,62,1,0
C:\Users\Madhu\Downloads\DPD4Eclipse-master\src\org\objectweb\asm\tree\RecordComponentNode.java,org.objectweb.asm.tree.RecordComponentNode,class,10,12,2,10,23,2,0,13,6,0.671875,0.39285713,0.53571427,8,0,8,0,0,0,8,0,0,0,8,0,8,0,0,0,0,0,5,88,3,5,7,0,0,0,5,25,0,25,2,0,0,0,97,1,0
C:\Users\Madhu\Downloads\DPD4Eclipse-master\src\org\objectweb\asm\tree\Util.java,org.objectweb.asm.tree.Util,class,9,15,6,9,34,1,0,10,78,0.0,0.0,0.0,13,12,0,1,0,12,12,0,0,0,0,0,0,0,0,0,0,0,0,113,21,11,10,0,0,0,3,14,0,14,1,0,0,0,47,16,0
C:\Users\Madhu\Downloads\DPD4Eclipse-master\src\gr\uom\java\pattern\ClusterResult.java,gr.uom.java.pattern.ClusterResult$EntryTuple,innerclass,2,2,0,2,21,1,0,10,0,0.375,0.96428573,1.0,8,0,8,0,0,0,8,0,0,0,3,0,0,3,0,0,0,0,4,61,13,3,5,0,0,1,8,11,5,7,3,0,0,0,29,2,0
C:\Users\Madhu\Downloads\DPD4Eclipse-master\src\dpd4eclipse\views\DesignPatternDetection.java,dpd4eclipse.views.DesignPatternDetection,class,48,51,3,48,49,3,0,99,47,0.9090909,0.33333334,0.33333334,11,0,3,8,0,0,3,0,0,0,9,2,1,8,0,0,2,0,4,556,3,10,16,1,0,10,13,59,0,52,8,6,2,0,278,1,0
C:\Users\Madhu\Downloads\DPD4Eclipse-master\src\org\objectweb\asm\tree\VarInsnNode.java,org.objectweb.asm.tree.VarInsnNode,class,4,6,2,4,5,2,0,3,4,0.4,0.3,0.3,5,0,5,0,0,0,5,0,0,0,1,0,1,0,0,0,0,0,0,20,2,0,0,0,0,0,0,2,0,1,0,0,0,0,56,1,0
C:\Users\Madhu\Downloads\DPD4Eclipse-master\src\dpd4eclipse\topic\HumaniseCamelCase.java,dpd4eclipse.topic.HumaniseCamelCase,class,1,4,3,1,14,1,0,16,5,0.61904764,NaN,NaN,7,0,1,6,0,0,1,0,0,0,3,1,0,3,0,0,1,0,1,46,3,1,2,0,0,7,7,12,3,8,2,0,0,0,52,1,0
C:\Users\Madhu\Downloads\DPD4Eclipse-master\src\gr\uom\java\pattern\PatternEnum.java,gr.uom.java.pattern.PatternEnum,enum,0,2,2,0,15,1,0,0,0,0.0,NaN,NaN,1,0,1,0,0,0,1,0,0,0,0,0,0,0,0,0,0,0,0,35,15,0,0,0,0,15,0,0,0,0,1,0,0,0,24,1,0
C:\Users\Madhu\Downloads\DPD4Eclipse-master\src\dpd4eclipse\views\DesignPatternVisualization.java,dpd4eclipse.views.DesignPatternVisualization$Anonymous2,anonymous,4,4,0,4,6,1,0,7,0,0.33333334,NaN,NaN,2,0,1,1,0,0,1,0,0,0,3,2,0,3,0,0,2,0,0,30,0,0,1,0,4,0,8,9,8,6,1,0,0,0,27,-1,0
C:\Users\Madhu\Downloads\DPD4Eclipse-master\src\org\objectweb\asm\MethodWriter.java,org.objectweb.asm.MethodWriter,class,19,23,4,19,387,2,0,69,139,0.88711846,0.41231126,0.90592337,50,0,31,8,0,11,42,0,1,0,59,7,0,54,0,5,18,0,30,1273,30,29,214,0,54,6,363,329,102,164,5,0,0,0,470,16,0
C:\Users\Madhu\Downloads\DPD4Eclipse-master\src\org\objectweb\asm\signature\SignatureVisitor.java,org.objectweb.asm.signature.SignatureVisitor,class,1,4,3,1,24,1,1,0,136,0.9852941,0.0,0.0,17,0,17,0,0,0,17,0,0,0,4,3,3,0,1,0,4,0,0,53,9,0,7,0,0,1,0,4,1,4,1,0,0,0,102,1025,0
C:\Users\Madhu\Downloads\DPD4Eclipse-master\src\dpd4eclipse\views\DesignPatternVisualization.java,dpd4eclipse.views.DesignPatternVisualization$Anonymous3,anonymous,0,0,0,0,0,1,0,0,0,0.0,-1.0,-1.0,0,0,0,0,0,0,0,0,0,0,0,0,0,0,0,0,0,0,0,2,0,0,0,0,0,0,0,0,0,0,0,0,0,0,0,-1,0
C:\Users\Madhu\Downloads\DPD4Eclipse-master\src\org\objectweb\asm\tree\ClassNode.java,org.objectweb.asm.tree.ClassNode,class,17,19,2,17,74,2,0,32,65,0.82894737,0.30994153,0.79532164,19,0,19,0,0,0,19,0,0,0,24,0,24,0,0,0,0,0,0,237,6,18,27,0,3,0,26,65,7,64,2,0,0,0,163,1,0
C:\Users\Madhu\Downloads\DPD4Eclipse-master\src\org\objectweb\asm\ClassTooLargeException.java,org.objectweb.asm.ClassTooLargeException,class,0,1,1,0,3,5,0,0,0,0.5555556,0.6666667,1.0,3,0,3,0,0,0,3,0,0,0,3,1,0,3,0,0,3,0,0,16,2,0,0,0,0,1,1,3,1,3,0,0,0,0,41,17,0
C:\Users\Madhu\Downloads\DPD4Eclipse-master\src\dpd4eclipse\views\DesignPatternVisualization.java,dpd4eclipse.views.DesignPatternVisualization$Anonymous1,anonymous,1,1,0,1,4,1,0,0,1,0.0,0.0,0.0,2,0,2,0,0,0,2,0,0,0,0,0,0,0,0,0,0,0,0,10,0,0,2,0,0,0,0,2,0,0,1,0,0,0,9,-1,0
C:\Users\Madhu\Downloads\DPD4Eclipse-master\src\gr\uom\java\bytecode\ClassObject.java,gr.uom.java.bytecode.ClassObject,class,11,21,10,11,79,1,0,57,543,0.8827751,0.12012012,0.6531532,38,0,37,1,0,0,37,0,0,0,11,0,0,11,0,0,0,0,3,249,43,14,9,0,1,25,5,49,2,45,4,0,0,0,76,1,0
C:\Users\Madhu\Downloads\DPD4Eclipse-master\src\dpd4eclipse\visualization\ZoomInputAction.java,dpd4eclipse.visualization.ZoomInputAction,class,7,8,1,7,9,2,0,8,0,0.4375,0.5,0.5,4,0,4,0,0,0,4,0,0,0,4,1,0,4,0,0,1,0,2,31,0,0,4,0,1,4,2,11,2,10,3,0,0,0,33,1,0
C:\Users\Madhu\Downloads\DPD4Eclipse-master\src\org\objectweb\asm\ClassWriter.java,org.objectweb.asm.ClassWriter,class,23,26,3,23,131,2,0,60,0,0.9042016,0.6685606,0.7689394,35,0,31,2,2,0,33,0,15,0,34,2,2,32,0,0,3,0,7,482,30,12,63,2,13,1,73,126,11,64,2,0,0,0,385,1,0
C:\Users\Madhu\Downloads\DPD4Eclipse-master\src\org\objectweb\asm\tree\AnnotationNode.java,org.objectweb.asm.tree.AnnotationNode,class,10,16,6,10,41,2,1,14,7,0.45454547,0.34545454,0.38181818,11,1,9,0,0,2,11,0,0,0,2,0,2,0,0,0,0,0,2,125,2,2,17,0,0,0,14,19,1,14,4,0,0,0,110,1,0
C:\Users\Madhu\Downloads\DPD4Eclipse-master\src\org\objectweb\asm\AnnotationVisitor.java,org.objectweb.asm.AnnotationVisitor,class,2,17,15,2,20,1,2,6,0,0.42857143,0.7619048,1.0,7,0,7,0,0,0,7,0,0,0,2,0,0,0,2,0,1,0,1,44,4,0,13,0,0,1,0,2,1,2,1,0,0,0,111,1025,0
C:\Users\Madhu\Downloads\DPD4Eclipse-master\src\org\objectweb\asm\tree\MethodInsnNode.java,org.objectweb.asm.tree.MethodInsnNode,class,4,6,2,4,7,2,0,3,3,0.4166667,0.4,0.4,6,0,6,0,0,0,6,0,0,0,4,0,4,0,0,0,0,0,0,29,2,0,1,0,0,0,0,5,0,4,0,0,0,0,63,1,0
C:\Users\Madhu\Downloads\DPD4Eclipse-master\src\org\objectweb\asm\tree\LineNumberNode.java,org.objectweb.asm.tree.LineNumberNode,class,4,6,2,4,4,2,0,3,0,0.25,0.5,0.5,4,0,4,0,0,0,4,0,0,0,2,0,2,0,0,0,0,0,0,18,2,0,0,0,0,0,1,2,0,2,0,0,0,0,52,1,0
C:\Users\Madhu\Downloads\DPD4Eclipse-master\src\gr\uom\java\bytecode\ConstructorObject.java,gr.uom.java.bytecode.ConstructorObject,class,9,14,5,9,33,1,0,25,92,0.80357146,0.2809524,1.0,21,0,21,0,0,0,21,0,0,0,8,0,0,1,7,0,0,0,0,113,22,5,2,0,0,5,8,17,6,13,2,0,0,0,46,1,0
C:\Users\Madhu\Downloads\DPD4Eclipse-master\src\gr\uom\java\bytecode\Access.java,gr.uom.java.bytecode.Access,enum,0,5,5,0,5,1,0,0,0,0.0,NaN,NaN,1,0,1,0,0,0,1,0,0,0,0,0,0,0,0,0,0,0,0,15,5,0,0,0,0,5,0,0,0,0,1,0,0,0,11,1,0
C:\Users\Madhu\Downloads\DPD4Eclipse-master\src\org\objectweb\asm\tree\IntInsnNode.java,org.objectweb.asm.tree.IntInsnNode,class,4,6,2,4,5,2,0,3,4,0.4,0.3,0.3,5,0,5,0,0,0,5,0,0,0,1,0,1,0,0,0,0,0,0,20,2,0,0,0,0,0,0,2,0,1,0,0,0,0,47,1,0
C:\Users\Madhu\Downloads\DPD4Eclipse-master\src\dpd4eclipse\visualization\MethodClassSection.java,dpd4eclipse.visualization.MethodClassSection,class,5,7,2,5,3,2,0,7,1,0.33333334,0.33333334,0.33333334,3,0,3,0,0,0,3,0,0,0,1,0,0,1,0,0,0,0,0,19,1,0,0,0,0,0,7,2,0,2,0,0,0,0,21,1,0
C:\Users\Madhu\Downloads\DPD4Eclipse-master\src\gr\uom\java\bytecode\FieldInstructionObject.java,gr.uom.java.bytecode.FieldInstructionObject,class,1,11,10,1,10,1,0,4,0,0.42857143,0.85714287,1.0,7,0,7,0,0,0,7,0,0,0,4,0,0,4,0,0,0,0,0,47,8,0,2,0,0,2,6,11,6,7,1,0,0,0,23,1,0
C:\Users\Madhu\Downloads\DPD4Eclipse-master\src\org\objectweb\asm\Context.java,org.objectweb.asm.Context,class,5,6,1,5,0,1,0,0,0,NaN,-1.0,-1.0,0,0,0,0,0,0,0,0,0,0,19,0,0,0,0,19,0,0,0,21,0,0,0,0,0,0,0,0,0,19,0,0,0,0,124,16,0
C:\Users\Madhu\Downloads\DPD4Eclipse-master\src\dpd4eclipse\Activator.java,dpd4eclipse.Activator,class,4,7,3,4,5,2,0,3,4,0.6,0.3,0.3,5,2,5,0,0,0,5,0,0,0,2,2,1,1,0,0,1,0,0,20,2,0,0,0,0,1,0,3,0,2,0,0,0,0,44,1,0
C:\Users\Madhu\Downloads\DPD4Eclipse-master\src\gr\uom\java\pattern\PatternDescriptor.java,gr.uom.java.pattern.PatternDescriptor,class,3,9,6,3,11,2,0,2,37,0.8,0.08888889,0.08888889,10,0,10,0,0,0,10,0,0,0,4,0,0,4,0,0,0,0,0,38,6,0,1,0,0,0,1,5,0,5,1,0,0,0,24,1,0
C:\Users\Madhu\Downloads\DPD4Eclipse-master\src\org\objectweb\asm\tree\LocalVariableNode.java,org.objectweb.asm.tree.LocalVariableNode,class,2,3,1,2,2,1,0,2,0,0.0,1.0,1.0,2,0,2,0,0,0,2,0,0,0,6,0,6,0,0,0,0,0,0,19,0,0,0,0,0,0,0,6,0,6,0,0,0,0,44,1,0
C:\Users\Madhu\Downloads\DPD4Eclipse-master\src\dpd4eclipse\visualization\CompartmentFigureBorder.java,dpd4eclipse.visualization.CompartmentFigureBorder,class,4,7,3,4,2,2,0,4,1,0.0,0.0,0.0,2,0,2,0,0,0,2,0,0,0,0,0,0,0,0,0,0,0,0,8,1,0,0,0,0,0,4,0,0,0,0,0,0,0,13,1,0
C:\Users\Madhu\Downloads\DPD4Eclipse-master\src\org\objectweb\asm\Attribute.java,org.objectweb.asm.Attribute,class,8,22,14,8,28,1,0,9,60,0.7692308,0.012820513,0.012820513,13,2,2,0,4,7,13,0,5,0,3,0,1,1,0,1,1,0,1,132,9,3,9,0,4,0,26,28,1,21,1,0,1,0,191,1,0
C:\Users\Madhu\Downloads\DPD4Eclipse-master\src\org\objectweb\asm\MethodTooLargeException.java,org.objectweb.asm.MethodTooLargeException,class,0,1,1,0,5,5,0,0,2,0.68,0.4,1.0,5,0,5,0,0,0,5,0,0,0,5,1,0,5,0,0,5,0,0,26,4,0,0,0,0,3,1,5,1,5,0,0,0,0,45,17,0
C:\Users\Madhu\Downloads\DPD4Eclipse-master\src\org\objectweb\asm\tree\JumpInsnNode.java,org.objectweb.asm.tree.JumpInsnNode,class,4,6,2,4,5,2,0,5,4,0.4,0.3,0.3,5,0,5,0,0,0,5,0,0,0,1,0,1,0,0,0,0,0,0,20,2,0,0,0,0,0,0,2,0,1,0,0,0,0,57,1,0
C:\Users\Madhu\Downloads\DPD4Eclipse-master\src\gr\uom\java\pattern\ClusterResult.java,gr.uom.java.pattern.ClusterResult$Entry,innerclass,1,1,0,1,15,1,0,6,0,0.53333336,0.7222222,1.0,9,0,9,0,0,0,9,0,0,0,5,0,0,5,0,0,0,0,0,61,13,0,2,0,3,3,7,12,7,8,1,0,0,0,26,2,0
C:\Users\Madhu\Downloads\DPD4Eclipse-master\src\gr\uom\java\bytecode\MethodInvocationObject.java,gr.uom.java.bytecode.MethodInvocationObject,class,4,13,9,4,24,1,0,15,0,0.59722227,0.77272725,1.0,12,0,12,0,0,0,12,0,0,0,6,0,0,6,0,0,0,0,0,86,15,5,2,0,0,6,10,18,10,13,2,0,0,0,36,1,0
C:\Users\Madhu\Downloads\DPD4Eclipse-master\src\gr\uom\java\bytecode\FieldObject.java,gr.uom.java.bytecode.FieldObject,class,4,18,14,4,23,1,0,15,20,0.6979167,0.47619048,1.0,16,0,15,1,0,0,15,0,0,0,6,0,0,6,0,0,0,0,0,82,15,0,4,0,0,6,7,15,4,10,1,0,0,0,34,1,0
C:\Users\Madhu\Downloads\DPD4Eclipse-master\src\org\objectweb\asm\tree\ModuleRequireNode.java,org.objectweb.asm.tree.ModuleRequireNode,class,1,2,1,1,2,1,0,1,0,0.0,1.0,1.0,2,0,2,0,0,0,2,0,0,0,3,0,3,0,0,0,0,0,0,13,0,0,0,0,0,0,0,3,0,3,0,0,0,0,54,1,0
C:\Users\Madhu\Downloads\DPD4Eclipse-master\src\org\objectweb\asm\ByteVector.java,org.objectweb.asm.ByteVector,class,2,16,14,2,42,1,0,5,0,0.06666667,1.0,1.0,15,0,8,1,0,6,14,0,5,0,2,0,0,0,0,2,0,0,2,203,12,3,1,0,22,2,66,92,38,34,2,0,0,0,138,1,0
C:\Users\Madhu\Downloads\DPD4Eclipse-master\src\org\objectweb\asm\Opcodes.java,org.objectweb.asm.Opcodes,interface,0,0,0,0,0,1,0,0,0,NaN,-1.0,-1.0,0,0,0,0,0,0,0,0,0,0,240,0,0,0,0,240,0,0,0,242,0,0,0,0,0,0,291,240,33,240,0,0,0,0,175,1,0
C:\Users\Madhu\Downloads\DPD4Eclipse-master\src\org\objectweb\asm\tree\InsnList.java,org.objectweb.asm.tree.InsnList,class,5,8,3,5,54,1,0,5,0,0.4347826,0.6205534,0.7509881,23,0,22,0,0,1,23,0,0,0,4,0,0,3,0,1,0,0,0,389,13,5,27,0,1,1,16,119,0,27,2,0,1,0,147,1,0
C:\Users\Madhu\Downloads\DPD4Eclipse-master\src\gr\uom\java\bytecode\ParameterAnalyzer.java,gr.uom.java.bytecode.ParameterAnalyzer,class,1,3,2,1,11,1,0,11,0,0.25,1.0,1.0,4,0,2,2,0,0,2,0,0,0,1,0,0,1,0,0,0,0,0,48,2,4,3,0,0,2,8,16,2,14,2,0,0,0,31,1,0
C:\Users\Madhu\Downloads\DPD4Eclipse-master\src\dpd4eclipse\visualization\ClassFigureMover.java,dpd4eclipse.visualization.ClassFigureMover,class,9,10,1,9,14,1,0,13,28,0.7222222,0.11111111,0.16666667,9,0,9,0,0,0,9,0,0,0,2,0,0,2,0,0,1,0,0,45,4,0,5,0,0,0,2,10,0,7,1,0,0,0,94,1,0
C:\Users\Madhu\Downloads\DPD4Eclipse-master\src\org\objectweb\asm\Handler.java,org.objectweb.asm.Handler,class,3,5,2,3,15,1,0,3,0,0.44444445,0.06666667,0.06666667,6,4,0,0,0,6,6,0,0,0,6,0,0,0,0,6,5,0,3,69,8,2,4,0,0,0,3,17,2,13,2,0,0,0,115,16,0
C:\Users\Madhu\Downloads\DPD4Eclipse-master\src\org\objectweb\asm\signature\SignatureReader.java,org.objectweb.asm.signature.SignatureReader,class,2,4,2,2,38,1,0,21,0,0.25,1.0,1.0,4,1,3,1,0,0,3,0,0,0,1,0,0,1,0,0,1,0,11,126,4,7,13,0,2,0,12,32,8,14,5,0,0,0,95,1,0
C:\Users\Madhu\Downloads\DPD4Eclipse-master\src\dpd4eclipse\views\DesignPatternDetection.java,dpd4eclipse.views.DesignPatternDetection$Anonymous4$Anonymous5,anonymous,2,2,0,2,2,1,0,3,0,0.0,NaN,NaN,1,0,1,0,0,0,1,0,0,0,0,0,0,0,0,0,0,0,0,15,0,0,0,1,0,0,0,1,0,0,1,1,0,0,18,-1,0
C:\Users\Madhu\Downloads\DPD4Eclipse-master\src\org\objectweb\asm\tree\ModuleNode.java,org.objectweb.asm.tree.ModuleNode,class,8,10,2,8,32,2,0,25,13,0.7090909,0.38181818,0.8181818,11,0,11,0,0,0,11,0,0,0,10,0,10,0,0,0,0,0,3,112,1,6,15,0,0,0,12,31,0,23,2,0,0,0,95,1,0
C:\Users\Madhu\Downloads\DPD4Eclipse-master\src\dpd4eclipse\visualization\RightAnchor.java,dpd4eclipse.visualization.RightAnchor,class,3,5,2,3,2,2,0,4,1,0.0,0.0,0.0,2,0,2,0,0,0,2,0,0,0,0,0,0,0,0,0,0,0,0,10,1,0,0,0,0,0,0,1,0,1,0,0,0,0,12,1,0
C:\Users\Madhu\Downloads\DPD4Eclipse-master\src\dpd4eclipse\views\DesignPatternVisualization.java,dpd4eclipse.views.DesignPatternVisualization$MyMenuCreator,innerclass,9,9,0,9,7,1,0,6,2,0.5,0.0,0.0,5,0,4,1,0,0,4,0,0,0,2,0,0,2,0,0,0,0,0,33,2,0,2,0,0,1,5,4,0,5,1,0,0,0,25,0,0
C:\Users\Madhu\Downloads\DPD4Eclipse-master\src\org\objectweb\asm\Handle.java,org.objectweb.asm.Handle,class,1,8,7,1,17,1,0,2,0,0.42,0.75555557,1.0,10,0,10,0,0,0,10,0,0,0,5,0,0,5,0,0,5,0,0,48,10,0,4,0,3,3,2,6,3,6,1,0,0,0,57,17,0
C:\Users\Madhu\Downloads\DPD4Eclipse-master\src\gr\uom\java\bytecode\MethodInvocationType.java,gr.uom.java.bytecode.MethodInvocationType,enum,0,2,2,0,0,1,0,0,0,0.0,-1.0,-1.0,0,0,0,0,0,0,0,0,0,0,0,0,0,0,0,0,0,0,0,1,0,0,0,0,0,0,0,0,0,0,0,0,0,0,16,1,0
C:\Users\Madhu\Downloads\DPD4Eclipse-master\src\gr\uom\java\pattern\clustering\Graph.java,gr.uom.java.pattern.clustering.Graph,class,2,3,1,2,17,1,0,8,1,0.5,0.4909091,0.4909091,11,0,11,0,0,0,11,0,0,0,2,0,0,2,0,0,0,0,0,52,11,3,2,0,0,1,8,9,1,8,2,0,0,0,32,1,0
C:\Users\Madhu\Downloads\DPD4Eclipse-master\src\dpd4eclipse\visualization\ConnectionType.java,dpd4eclipse.visualization.ConnectionType,enum,0,2,2,0,0,1,0,0,0,0.0,-1.0,-1.0,0,0,0,0,0,0,0,0,0,0,0,0,0,0,0,0,0,0,0,1,0,0,0,0,0,0,0,0,0,0,0,0,0,0,15,1,0
C:\Users\Madhu\Downloads\DPD4Eclipse-master\src\org\objectweb\asm\AnnotationWriter.java,org.objectweb.asm.AnnotationWriter,class,15,20,5,15,64,2,0,22,0,0.57142866,0.5714286,0.72527474,14,6,5,0,0,9,14,0,0,0,7,0,0,7,0,0,5,0,0,245,7,16,19,0,6,1,32,55,9,37,2,0,0,0,232,16,0
C:\Users\Madhu\Downloads\DPD4Eclipse-master\src\gr\uom\java\pattern\SystemGenerator.java,gr.uom.java.pattern.SystemGenerator,class,20,22,2,20,366,1,0,197,0,0.48958334,0.7,1.0,32,0,5,27,0,0,5,0,0,0,3,0,0,3,0,0,0,0,0,1077,23,109,79,0,3,36,122,378,9,342,16,0,0,0,168,1,0
C:\Users\Madhu\Downloads\DPD4Eclipse-master\src\org\objectweb\asm\tree\LookupSwitchInsnNode.java,org.objectweb.asm.tree.LookupSwitchInsnNode,class,7,9,2,7,6,2,0,13,0,0.25,0.5,0.5,4,0,4,0,0,0,4,0,0,0,3,0,3,0,0,0,0,0,2,31,2,2,0,0,0,0,2,12,0,10,1,0,0,0,55,1,0
C:\Users\Madhu\Downloads\DPD4Eclipse-master\src\gr\uom\java\pattern\ClusterResult.java,gr.uom.java.pattern.ClusterResult,class,13,15,2,13,97,1,0,70,9,0.5714286,1.0,1.0,7,0,2,5,0,0,2,0,0,0,3,0,0,3,0,0,0,0,0,413,7,14,60,0,1,9,55,81,3,80,9,0,2,0,105,1,0
C:\Users\Madhu\Downloads\DPD4Eclipse-master\src\org\objectweb\asm\tree\TableSwitchInsnNode.java,org.objectweb.asm.tree.TableSwitchInsnNode,class,6,8,2,6,5,2,0,8,0,0.25,0.5,0.5,4,0,4,0,0,0,4,0,0,0,4,0,4,0,0,0,0,0,1,27,2,1,0,0,0,0,1,8,0,7,1,0,0,0,58,1,0
C:\Users\Madhu\Downloads\DPD4Eclipse-master\src\org\objectweb\asm\MethodVisitor.java,org.objectweb.asm.MethodVisitor,class,10,22,12,10,91,1,2,34,0,0.50980395,0.91800356,1.0,34,0,34,0,0,0,34,0,0,0,3,1,0,1,2,0,2,0,1,215,15,0,44,0,6,4,2,4,1,4,2,0,0,0,400,1025,0
C:\Users\Madhu\Downloads\DPD4Eclipse-master\src\org\objectweb\asm\FieldWriter.java,org.objectweb.asm.FieldWriter,class,8,9,1,8,30,2,0,15,0,0.6136364,0.53571427,0.75,8,0,4,0,0,4,8,0,1,0,11,0,0,11,0,0,4,0,8,106,5,0,15,0,2,0,11,21,0,15,1,0,0,0,141,16,0
C:\Users\Madhu\Downloads\DPD4Eclipse-master\src\dpd4eclipse\views\DesignPatternVisualization.java,dpd4eclipse.views.DesignPatternVisualization,class,19,20,1,19,5,2,0,16,1,0.75000006,0.33333334,0.33333334,3,0,3,0,0,0,3,0,0,0,4,1,1,3,0,0,1,0,3,115,1,0,2,0,0,8,2,14,4,13,1,3,1,0,60,1,0
C:\Users\Madhu\Downloads\DPD4Eclipse-master\src\dpd4eclipse\views\DesignPatternDetection.java,dpd4eclipse.views.DesignPatternDetection$ViewContentProvider,innerclass,6,6,0,6,17,1,0,7,15,0.0,0.0,0.0,6,0,6,0,0,0,6,0,0,0,0,0,0,0,0,0,0,0,0,47,9,3,1,0,2,0,3,4,0,4,4,0,0,0,28,0,0
C:\Users\Madhu\Downloads\DPD4Eclipse-master\src\org\math\array\DoubleArray.java,org.math.array.DoubleArray,class,3,6,3,3,175,1,1,17,2775,0.0,0.0,0.0,75,75,74,1,0,0,74,0,0,0,0,0,0,0,0,0,0,0,53,494,74,77,9,0,15,17,190,218,94,159,3,0,0,0,346,1,0
C:\Users\Madhu\Downloads\DPD4Eclipse-master\src\org\objectweb\asm\tree\IincInsnNode.java,org.objectweb.asm.tree.IincInsnNode,class,4,5,1,4,4,2,0,3,0,0.25,0.5,0.5,4,0,4,0,0,0,4,0,0,0,2,0,2,0,0,0,0,0,0,19,2,0,0,0,0,0,0,2,0,2,0,0,0,0,41,1,0
C:\Users\Madhu\Downloads\DPD4Eclipse-master\src\dpd4eclipse\visualization\DesignPatternDiagram.java,dpd4eclipse.visualization.DesignPatternDiagram,class,17,18,1,17,66,1,0,61,0,0.375,1.0,1.0,2,0,2,0,0,0,2,0,0,0,4,0,0,4,0,0,0,0,10,297,1,23,0,0,0,2,12,117,12,81,7,0,0,0,86,1,0
C:\Users\Madhu\Downloads\DPD4Eclipse-master\src\gr\uom\java\bytecode\TypeObject.java,gr.uom.java.bytecode.TypeObject,class,1,9,8,1,16,1,0,4,0,0.35714287,0.71428573,1.0,7,0,7,0,0,0,7,0,0,0,2,0,0,2,0,0,0,0,0,39,9,0,7,0,0,2,0,4,0,4,4,0,0,0,22,1,0
C:\Users\Madhu\Downloads\DPD4Eclipse-master\src\org\objectweb\asm\Type.java,org.objectweb.asm.Type,class,1,3,2,1,164,1,0,35,474,0.878601,0.09072581,0.13306452,36,20,31,4,0,1,32,0,0,0,27,23,21,6,0,0,27,0,27,489,86,17,55,0,17,12,60,87,54,66,2,0,0,0,187,17,0
C:\Users\Madhu\Downloads\DPD4Eclipse-master\src\org\objectweb\asm\tree\MultiANewArrayInsnNode.java,org.objectweb.asm.tree.MultiANewArrayInsnNode,class,4,6,2,4,4,2,0,3,0,0.25,0.5,0.5,4,0,4,0,0,0,4,0,0,0,2,0,2,0,0,0,0,0,0,19,2,0,0,0,0,0,0,2,0,2,0,0,0,0,52,1,0
C:\Users\Madhu\Downloads\DPD4Eclipse-master\src\org\objectweb\asm\tree\InnerClassNode.java,org.objectweb.asm.tree.InnerClassNode,class,1,2,1,1,2,1,0,1,0,0.0,1.0,1.0,2,0,2,0,0,0,2,0,0,0,4,0,4,0,0,0,0,0,0,15,0,0,0,0,0,0,0,4,0,4,0,0,0,0,46,1,0
C:\Users\Madhu\Downloads\DPD4Eclipse-master\src\dpd4eclipse\views\DesignPatternDetection.java,dpd4eclipse.views.DesignPatternDetection$Anonymous3,anonymous,5,5,0,5,4,1,0,8,1,0.0,0.0,0.0,2,0,2,0,0,0,2,0,0,0,0,0,0,0,0,0,0,0,1,17,0,0,1,1,0,0,0,3,0,3,1,0,0,0,23,-1,0
C:\Users\Madhu\Downloads\DPD4Eclipse-master\src\dpd4eclipse\views\DesignPatternDetection.java,dpd4eclipse.views.DesignPatternDetection$Anonymous4,anonymous,4,4,0,4,4,1,0,12,0,0.0,NaN,NaN,1,0,1,0,0,0,1,0,0,0,0,0,0,0,0,0,0,0,0,41,0,0,0,1,0,1,0,9,1,8,1,1,0,0,32,-1,0
C:\Users\Madhu\Downloads\DPD4Eclipse-master\src\gr\uom\java\pattern\SimilarityAlgorithm.java,gr.uom.java.pattern.SimilarityAlgorithm,class,6,8,2,6,67,1,0,38,10,0.8,0.0,0.0,5,5,2,3,0,0,2,0,0,0,1,1,0,1,0,0,1,0,55,229,22,18,26,0,0,0,42,68,4,44,8,0,0,0,65,1,0
C:\Users\Madhu\Downloads\DPD4Eclipse-master\src\dpd4eclipse\visualization\EntityFigure.java,dpd4eclipse.visualization.EntityFigure,class,9,13,4,9,33,2,0,28,259,0.8145161,0.20689656,0.20689656,31,1,30,1,0,0,30,0,0,0,4,0,0,4,0,0,0,0,2,179,29,0,0,0,0,4,14,30,1,27,2,0,0,0,54,1,0
C:\Users\Madhu\Downloads\DPD4Eclipse-master\src\dpd4eclipse\views\DesignPatternDetection.java,dpd4eclipse.views.DesignPatternDetection$Anonymous1,anonymous,10,10,0,10,11,1,0,4,0,0.0,NaN,NaN,1,0,1,0,0,0,1,0,0,0,0,0,0,0,0,0,0,0,0,40,0,0,1,0,0,0,0,17,0,9,2,0,0,0,29,-1,0
C:\Users\Madhu\Downloads\DPD4Eclipse-master\src\dpd4eclipse\views\DesignPatternDetection.java,dpd4eclipse.views.DesignPatternDetection$Anonymous2,anonymous,4,4,0,4,4,1,0,6,0,0.0,NaN,NaN,1,0,1,0,0,0,1,0,0,0,0,0,0,0,0,0,0,0,0,14,0,0,1,0,0,0,1,4,0,4,2,0,0,0,18,-1,0
C:\Users\Madhu\Downloads\DPD4Eclipse-master\src\org\objectweb\asm\tree\TypeAnnotationNode.java,org.objectweb.asm.tree.TypeAnnotationNode,class,3,11,8,3,3,2,1,1,0,0.0,1.0,1.0,2,0,2,0,0,0,2,0,0,0,2,0,2,0,0,0,0,0,0,15,0,0,1,0,0,0,0,2,0,2,1,0,0,0,63,1,0
C:\Users\Madhu\Downloads\DPD4Eclipse-master\src\gr\uom\java\pattern\ClusterSet.java,gr.uom.java.pattern.ClusterSet$Entry,innerclass,2,2,0,2,16,1,0,8,0,0.48148146,0.8333333,1.0,9,0,9,0,0,0,9,0,0,0,3,0,0,3,0,0,0,0,0,57,10,2,4,0,1,1,8,14,6,11,2,0,0,0,33,1,0
C:\Users\Madhu\Downloads\DPD4Eclipse-master\src\org\objectweb\asm\tree\LocalVariableAnnotationNode.java,org.objectweb.asm.tree.LocalVariableAnnotationNode,class,8,10,2,8,4,3,0,9,0,0.0,1.0,1.0,3,0,3,0,0,0,3,0,0,0,3,0,3,0,0,0,0,0,3,25,0,1,0,0,0,0,1,11,0,8,1,0,0,0,95,1,0
C:\Users\Madhu\Downloads\DPD4Eclipse-master\src\gr\uom\java\bytecode\AbstractMethodDeclaration.java,gr.uom.java.bytecode.AbstractMethodDeclaration,interface,7,13,6,7,10,1,0,0,45,0.0,0.0,0.0,10,0,10,0,0,0,10,0,0,0,0,0,0,0,0,0,0,0,0,12,0,0,0,0,0,0,0,0,0,0,0,0,0,0,21,1,0
C:\Users\Madhu\Downloads\DPD4Eclipse-master\src\dpd4eclipse\views\DesignPatternDetection.java,dpd4eclipse.views.DesignPatternDetection$Anonymous7,anonymous,9,9,0,9,19,1,0,18,0,0.0,NaN,NaN,1,0,1,0,0,0,1,0,0,0,0,0,0,0,0,0,0,0,8,90,0,0,8,3,0,4,4,31,2,27,6,0,0,0,35,-1,0
C:\Users\Madhu\Downloads\DPD4Eclipse-master\src\gr\uom\java\bytecode\SystemObject.java,gr.uom.java.bytecode.SystemObject,class,2,9,7,2,13,1,0,12,0,0.3888889,0.7222222,1.0,9,0,9,0,0,0,9,0,0,0,2,0,0,2,0,0,0,0,0,46,9,2,2,0,0,1,2,7,0,7,1,0,0,0,24,1,0
C:\Users\Madhu\Downloads\DPD4Eclipse-master\src\gr\uom\java\pattern\inheritance\Enumeratable.java,gr.uom.java.pattern.inheritance.Enumeratable,interface,0,6,6,0,3,1,0,0,3,0.0,0.0,0.0,3,0,3,0,0,0,3,0,0,0,0,0,0,0,0,0,0,0,0,5,0,0,0,0,0,0,0,0,0,0,0,0,0,0,10,1,0
C:\Users\Madhu\Downloads\DPD4Eclipse-master\src\dpd4eclipse\views\DesignPatternDetection.java,dpd4eclipse.views.DesignPatternDetection$Anonymous8,anonymous,1,1,0,1,1,1,0,1,0,0.0,NaN,NaN,1,0,1,0,0,0,1,0,0,0,0,0,0,0,0,0,0,0,0,5,0,0,0,0,0,0,0,0,0,0,0,0,0,0,5,-1,0
C:\Users\Madhu\Downloads\DPD4Eclipse-master\src\dpd4eclipse\visualization\CompartmentFigure.java,dpd4eclipse.visualization.CompartmentFigure,class,6,8,2,6,2,2,0,8,1,0.0,0.0,0.0,2,0,2,0,0,0,2,0,0,0,0,0,0,0,0,0,0,0,0,16,0,0,0,0,0,0,10,1,0,1,0,0,0,0,15,1,0
C:\Users\Madhu\Downloads\DPD4Eclipse-master\src\org\objectweb\asm\ClassVisitor.java,org.objectweb.asm.ClassVisitor,class,9,14,5,9,49,1,2,16,0,0.2647059,0.9411765,1.0,17,0,17,0,0,0,17,0,0,0,2,0,0,0,2,0,1,0,1,119,12,0,24,0,1,8,1,2,1,2,1,0,0,0,247,1025,0
C:\Users\Madhu\Downloads\DPD4Eclipse-master\src\dpd4eclipse\visualization\EntityFigureListener.java,dpd4eclipse.visualization.EntityFigureListener,class,8,9,1,8,14,1,0,19,9,0.5,0.2,0.2,6,0,6,0,0,0,6,0,0,0,2,0,0,2,0,0,2,0,0,70,0,4,2,0,0,0,12,10,0,10,3,0,0,0,30,1,0
C:\Users\Madhu\Downloads\DPD4Eclipse-master\src\gr\uom\java\pattern\inheritance\InheritanceHierarchy.java,gr.uom.java.pattern.inheritance.InheritanceHierarchy,class,2,6,4,2,20,1,0,10,0,0.1,0.8,0.8,10,0,10,0,0,0,10,0,0,0,1,0,0,1,0,0,0,0,0,74,9,3,5,0,0,0,1,18,0,13,3,0,0,0,38,1,0
C:\Users\Madhu\Downloads\DPD4Eclipse-master\src\gr\uom\java\pattern\PatternGenerator.java,gr.uom.java.pattern.PatternGenerator,class,6,8,2,6,30,1,0,36,120,0.0,0.0,0.0,16,16,16,0,0,0,16,0,0,0,0,0,0,0,0,0,0,0,14,333,30,0,0,0,0,48,220,123,0,70,1,0,0,0,55,1,0
C:\Users\Madhu\Downloads\DPD4Eclipse-master\src\gr\uom\java\bytecode\LoopObject.java,gr.uom.java.bytecode.LoopObject,class,3,8,5,3,12,1,0,6,4,0.5833333,0.42857143,1.0,8,0,8,0,0,0,8,0,0,0,3,0,0,3,0,0,0,0,0,40,9,1,1,0,0,0,0,5,0,5,2,0,0,0,25,1,0
C:\Users\Madhu\Downloads\DPD4Eclipse-master\src\org\objectweb\asm\ClassReader.java,org.objectweb.asm.ClassReader,class,22,28,6,22,926,1,0,125,687,0.90533334,0.19373219,0.38746437,50,2,23,23,1,3,27,0,2,0,15,7,6,7,0,2,15,0,9,2363,64,97,119,1,56,5,647,842,256,421,5,0,0,0,572,1,0
C:\Users\Madhu\Downloads\DPD4Eclipse-master\src\gr\uom\java\pattern\ClusterSet.java,gr.uom.java.pattern.ClusterSet,class,1,3,2,1,3,1,0,1,0,0.0,1.0,1.0,3,0,3,0,0,0,3,0,0,0,1,0,0,1,0,0,0,0,0,69,1,0,0,0,0,0,0,1,0,1,0,0,1,0,7,1,0
C:\Users\Madhu\Downloads\DPD4Eclipse-master\src\org\objectweb\asm\tree\TryCatchBlockNode.java,org.objectweb.asm.tree.TryCatchBlockNode,class,3,4,1,3,12,1,0,6,0,0.33333334,0.6666667,1.0,3,0,3,0,0,0,3,0,0,0,6,0,6,0,0,0,0,0,0,42,0,4,5,0,1,0,6,17,1,17,2,0,0,0,70,1,0
C:\Users\Madhu\Downloads\DPD4Eclipse-master\src\gr\uom\java\pattern\PatternInstance.java,gr.uom.java.pattern.PatternInstance$RoleType,enum,0,0,0,0,0,1,0,0,0,0.0,-1.0,-1.0,0,0,0,0,0,0,0,0,0,0,0,0,0,0,0,0,0,0,0,1,0,0,0,0,0,0,0,0,0,0,0,0,0,0,8,1,0
C:\Users\Madhu\Downloads\DPD4Eclipse-master\src\org\objectweb\asm\tree\FrameNode.java,org.objectweb.asm.tree.FrameNode,class,4,5,1,4,26,2,0,8,9,0.5,0.5,0.5,6,1,4,2,0,0,4,0,0,0,3,0,3,0,0,0,0,0,4,93,3,3,2,0,1,0,12,24,0,14,2,0,0,0,110,1,0
C:\Users\Madhu\Downloads\DPD4Eclipse-master\src\org\objectweb\asm\tree\InvokeDynamicInsnNode.java,org.objectweb.asm.tree.InvokeDynamicInsnNode,class,5,7,2,5,4,2,0,3,0,0.25,0.5,0.5,4,0,4,0,0,0,4,0,0,0,4,0,4,0,0,0,0,0,0,23,2,0,0,0,0,0,0,4,0,4,0,0,0,0,71,1,0
C:\Users\Madhu\Downloads\DPD4Eclipse-master\src\dpd4eclipse\views\IJavaElementRecovery.java,dpd4eclipse.views.IJavaElementRecovery,class,16,20,4,16,55,1,0,49,91,0.0,0.0,0.0,14,14,11,3,0,0,11,0,0,0,0,0,0,0,0,0,0,0,14,196,19,10,8,4,0,29,17,57,12,47,6,0,0,0,69,1,0
C:\Users\Madhu\Downloads\DPD4Eclipse-master\src\org\objectweb\asm\tree\FieldNode.java,org.objectweb.asm.tree.FieldNode,class,9,12,3,9,27,2,0,16,12,0.675,0.2857143,0.75,8,0,8,0,0,0,8,0,0,0,10,0,10,0,0,0,0,0,0,97,3,5,10,0,0,0,5,27,0,27,2,0,0,0,115,1,0
C:\Users\Madhu\Downloads\DPD4Eclipse-master\src\gr\uom\java\pattern\PatternInstance.java,gr.uom.java.pattern.PatternInstance,class,2,11,9,2,13,1,0,6,0,0.5,0.5714286,0.5714286,8,0,8,0,0,0,8,0,0,0,2,0,0,2,0,0,0,0,0,90,8,2,1,0,0,1,0,4,0,4,3,0,2,0,29,1,0
C:\Users\Madhu\Downloads\DPD4Eclipse-master\src\org\objectweb\asm\ConstantDynamic.java,org.objectweb.asm.ConstantDynamic,class,2,6,4,2,15,1,0,9,0,0.47727275,0.58181816,0.8181818,11,0,10,0,0,1,11,0,0,0,4,0,0,4,0,0,4,0,6,50,12,0,3,0,2,1,6,6,1,6,1,0,0,0,74,17,0
C:\Users\Madhu\Downloads\DPD4Eclipse-master\src\org\objectweb\asm\tree\MethodNode.java,org.objectweb.asm.tree.MethodNode$Anonymous1,anonymous,0,0,0,0,1,1,0,1,0,0.0,NaN,NaN,1,0,1,0,0,0,1,0,0,0,0,0,0,0,0,0,0,0,0,6,1,0,0,0,0,0,0,1,0,0,0,0,0,0,5,-1,0
C:\Users\Madhu\Downloads\DPD4Eclipse-master\src\dpd4eclipse\views\DesignPatternDetection.java,dpd4eclipse.views.DesignPatternDetection$ViewLabelProvider,innerclass,13,13,0,13,22,2,0,18,3,0.0,0.0,0.0,3,0,3,0,0,0,3,0,0,0,0,0,0,0,0,0,0,0,13,94,9,0,5,0,0,12,9,25,4,20,6,0,0,0,41,0,0
C:\Users\Madhu\Downloads\DPD4Eclipse-master\src\dpd4eclipse\visualization\JConnection.java,dpd4eclipse.visualization.JConnection,class,14,18,4,14,25,2,0,19,112,0.875,0.033333335,0.041666668,16,0,16,0,0,0,16,0,0,0,4,0,0,4,0,0,0,0,3,165,15,0,9,0,2,0,16,35,3,26,2,0,0,0,55,1,0
C:\Users\Madhu\Downloads\DPD4Eclipse-master\src\gr\uom\java\pattern\BehavioralData.java,gr.uom.java.pattern.BehavioralData,class,3,7,4,3,11,1,0,10,0,0.42857143,0.5714286,1.0,7,0,7,0,0,0,7,0,0,0,2,0,0,2,0,0,0,0,0,93,2,0,0,0,0,0,0,14,0,14,1,0,1,0,21,1,0
C:\Users\Madhu\Downloads\DPD4Eclipse-master\src\org\objectweb\asm\tree\ModuleExportNode.java,org.objectweb.asm.tree.ModuleExportNode,class,1,2,1,1,3,1,0,2,0,0.0,1.0,1.0,2,0,2,0,0,0,2,0,0,0,3,0,3,0,0,0,0,0,0,13,0,0,1,0,0,0,1,3,0,3,0,0,0,0,64,1,0
C:\Users\Madhu\Downloads\DPD4Eclipse-master\src\org\objectweb\asm\FieldVisitor.java,org.objectweb.asm.FieldVisitor,class,5,12,7,5,19,1,2,5,0,0.33333334,0.8,1.0,6,0,6,0,0,0,6,0,0,0,2,0,0,0,2,0,1,0,1,42,4,0,12,0,0,2,0,2,1,2,1,0,0,0,92,1025,0
C:\Users\Madhu\Downloads\DPD4Eclipse-master\src\org\objectweb\asm\TypeReference.java,org.objectweb.asm.TypeReference,class,2,3,1,2,39,1,0,4,13,0.7940504,0.4619883,1.0,19,9,18,0,0,1,19,0,0,0,23,22,22,1,0,0,23,0,0,113,17,0,0,0,23,0,58,23,27,23,1,0,0,0,212,1,0
C:\Users\Madhu\Downloads\DPD4Eclipse-master\src\org\objectweb\asm\RecordComponentWriter.java,org.objectweb.asm.RecordComponentWriter,class,8,9,1,8,19,2,0,12,0,0.6111111,0.53571427,0.75,8,0,4,0,0,4,8,0,1,0,9,0,0,9,0,0,3,0,8,82,5,0,9,0,0,0,5,16,0,11,1,0,0,0,105,16,0
C:\Users\Madhu\Downloads\DPD4Eclipse-master\src\org\objectweb\asm\Symbol.java,org.objectweb.asm.Symbol,class,0,7,7,0,3,1,2,1,0,0.8035714,1.0,1.0,2,0,0,0,0,2,2,0,0,0,28,21,0,0,0,28,27,0,0,44,1,0,1,0,0,0,22,28,0,28,1,0,0,0,163,1024,0
C:\Users\Madhu\Downloads\DPD4Eclipse-master\src\org\objectweb\asm\Label.java,org.objectweb.asm.Label,class,7,18,11,7,45,1,0,8,36,0.8839286,0.11111111,0.11111111,12,0,3,2,0,7,10,0,7,0,28,14,1,3,0,24,14,0,3,187,6,6,20,0,11,2,42,72,14,49,4,0,0,0,413,1,0
C:\Users\Madhu\Downloads\DPD4Eclipse-master\src\dpd4eclipse\visualization\LeftAnchor.java,dpd4eclipse.visualization.LeftAnchor,class,3,5,2,3,2,2,0,4,1,0.0,0.0,0.0,2,0,2,0,0,0,2,0,0,0,0,0,0,0,0,0,0,0,0,10,1,0,0,0,0,0,0,1,0,1,0,0,0,0,12,1,0
C:\Users\Madhu\Downloads\DPD4Eclipse-master\src\dpd4eclipse\topic\TopicFinder.java,dpd4eclipse.topic.TopicFinder,class,6,8,2,6,22,1,0,33,6,0.6,1.0,1.0,5,1,2,3,0,0,2,0,0,0,2,1,0,2,0,0,0,0,2,92,4,7,2,1,0,7,7,25,3,23,5,0,0,0,58,1,0
C:\Users\Madhu\Downloads\DPD4Eclipse-master\src\gr\uom\java\pattern\inheritance\NonInheritingClassVector.java,gr.uom.java.pattern.inheritance.NonInheritingClassVector,class,2,3,1,2,10,1,0,8,0,0.14285715,0.71428573,0.71428573,7,0,7,0,0,0,7,0,0,0,1,0,0,1,0,0,0,0,0,31,7,1,1,0,0,0,1,4,0,4,2,0,0,0,26,1,0
C:\Users\Madhu\Downloads\DPD4Eclipse-master\src\org\objectweb\asm\tree\MethodNode.java,org.objectweb.asm.tree.MethodNode,class,38,40,2,38,133,2,0,49,306,0.90752035,0.3414305,0.757085,41,0,38,2,1,0,39,0,0,0,24,0,23,1,0,0,0,0,14,420,11,20,42,0,10,2,34,105,4,92,4,1,0,0,242,1,0
C:\Users\Madhu\Downloads\DPD4Eclipse-master\src\org\objectweb\asm\Constants.java,org.objectweb.asm.Constants,class,1,8,7,1,9,1,0,12,6,1.0,0.0,0.0,4,3,0,1,0,3,3,0,0,0,99,99,0,0,0,99,99,0,4,133,2,0,2,1,0,41,51,104,22,104,1,0,0,0,132,16,0
C:\Users\Madhu\Downloads\DPD4Eclipse-master\src\org\objectweb\asm\tree\TypeInsnNode.java,org.objectweb.asm.tree.TypeInsnNode,class,4,6,2,4,5,2,0,3,4,0.4,0.3,0.3,5,0,5,0,0,0,5,0,0,0,1,0,1,0,0,0,0,0,0,20,2,0,0,0,0,0,0,2,0,1,0,0,0,0,57,1,0
C:\Users\Madhu\Downloads\DPD4Eclipse-master\src\dpd4eclipse\views\DesignPatternDetection.java,dpd4eclipse.views.DesignPatternDetection$Anonymous4$Anonymous5$Anonymous6,anonymous,0,0,0,0,1,1,0,4,0,0.0,NaN,NaN,1,0,1,0,0,0,1,0,0,0,0,0,0,0,0,0,0,0,0,5,0,0,0,0,0,1,0,0,0,0,0,0,0,0,9,-1,0
C:\Users\Madhu\Downloads\DPD4Eclipse-master\src\org\math\array\LinearAlgebra.java,org.math.array.LinearAlgebra,class,3,5,2,3,51,2,0,6,190,0.0,0.0,0.0,20,20,20,0,0,0,20,0,0,0,0,0,0,0,0,0,0,0,7,105,20,31,0,0,0,0,51,71,15,51,3,0,0,0,98,1,0
C:\Users\Madhu\Downloads\DPD4Eclipse-master\src\dpd4eclipse\visualization\ClassFigure.java,dpd4eclipse.visualization.ClassFigure,class,12,14,2,12,13,2,0,13,58,0.8153847,0.15151516,0.1969697,13,1,12,1,0,0,12,0,0,0,5,0,0,5,0,0,0,0,1,69,6,0,0,0,0,5,8,8,3,8,0,0,0,0,39,1,0
C:\Users\Madhu\Downloads\DPD4Eclipse-master\src\dpd4eclipse\visualization\DesignPatternVisualizationData.java,dpd4eclipse.visualization.DesignPatternVisualizationData,class,11,16,5,11,63,1,0,72,40,0.77777773,0.30555555,1.0,12,0,9,3,0,0,9,0,0,0,6,0,0,6,0,0,0,0,2,243,9,18,9,0,0,12,14,57,7,55,9,0,0,0,58,1,0
C:\Users\Madhu\Downloads\DPD4Eclipse-master\src\gr\uom\java\pattern\PatternInstance.java,gr.uom.java.pattern.PatternInstance$Entry,innerclass,2,2,0,2,11,1,0,2,0,0.625,0.5714286,1.0,8,0,8,0,0,0,8,0,0,0,5,0,0,5,0,0,0,0,0,47,9,0,2,0,0,1,5,10,5,7,1,0,0,0,21,1,0
C:\Users\Madhu\Downloads\DPD4Eclipse-master\src\org\objectweb\asm\ModuleVisitor.java,org.objectweb.asm.ModuleVisitor,class,2,8,6,2,26,1,1,9,0,0.45000002,0.82222223,1.0,10,0,10,0,0,0,10,0,0,0,2,0,0,0,2,0,1,0,1,57,0,0,16,0,0,1,0,2,1,2,1,0,0,0,114,1025,0
C:\Users\Madhu\Downloads\DPD4Eclipse-master\src\org\objectweb\asm\RecordComponentVisitor.java,org.objectweb.asm.RecordComponentVisitor,class,5,11,6,5,19,1,1,5,0,0.42857143,0.7619048,1.0,7,0,7,0,0,0,7,0,0,0,2,0,0,0,1,1,1,0,1,42,5,0,12,0,0,1,0,2,1,2,1,0,0,0,92,1025,0
C:\Users\Madhu\Downloads\DPD4Eclipse-master\src\org\objectweb\asm\tree\UnsupportedClassVersionException.java,org.objectweb.asm.tree.UnsupportedClassVersionException,class,0,4,4,0,0,4,0,0,0,NaN,-1.0,-1.0,0,0,0,0,0,0,0,0,0,0,1,1,0,1,0,0,1,0,0,3,0,0,0,0,0,0,1,1,0,1,0,0,0,0,40,1,0
C:\Users\Madhu\Downloads\DPD4Eclipse-master\src\dpd4eclipse\visualization\ZoomAction.java,dpd4eclipse.visualization.ZoomAction,class,7,9,2,7,10,2,0,8,0,0.44,0.5,0.5,5,0,4,1,0,0,4,0,0,0,5,1,0,5,0,0,1,0,1,41,0,0,3,0,2,1,4,15,2,11,3,0,0,0,32,1,0
C:\Users\Madhu\Downloads\DPD4Eclipse-master\src\gr\uom\java\pattern\PatternResult.java,gr.uom.java.pattern.PatternResult,class,1,4,3,1,5,1,0,4,0,0.4,0.7,1.0,5,0,5,0,0,0,5,0,0,0,2,0,0,2,0,0,0,0,0,21,3,0,0,0,0,0,0,2,0,2,0,0,0,0,11,1,0
C:\Users\Madhu\Downloads\DPD4Eclipse-master\src\org\objectweb\asm\tree\LabelNode.java,org.objectweb.asm.tree.LabelNode,class,4,26,22,4,8,2,0,3,15,0.5714286,0.14285715,0.14285715,7,0,7,0,0,0,7,0,0,0,1,0,0,1,0,0,0,0,0,28,3,0,1,0,0,0,2,3,0,1,1,0,0,0,39,1,0
C:\Users\Madhu\Downloads\DPD4Eclipse-master\src\gr\uom\java\bytecode\SignatureObject.java,gr.uom.java.bytecode.SignatureObject,class,1,13,12,1,23,1,0,10,1,0.5,0.78571427,1.0,10,0,8,2,0,0,8,0,0,0,4,0,0,4,0,0,0,0,0,73,16,2,6,0,0,5,6,10,2,10,3,0,0,0,33,1,0
C:\Users\Madhu\Downloads\DPD4Eclipse-master\src\gr\uom\java\pattern\inheritance\HierarchyDetection.java,gr.uom.java.pattern.inheritance.HierarchyDetection,class,6,8,2,6,33,1,0,29,19,0.71428573,1.0,1.0,7,0,2,5,0,0,2,0,0,0,1,0,0,1,0,0,0,0,0,120,6,10,15,0,0,0,7,31,0,31,7,0,0,0,43,1,0
C:\Users\Madhu\Downloads\DPD4Eclipse-master\src\org\objectweb\asm\tree\LdcInsnNode.java,org.objectweb.asm.tree.LdcInsnNode,class,4,6,2,4,4,2,0,3,0,0.25,0.5,0.5,4,0,4,0,0,0,4,0,0,0,1,0,1,0,0,0,0,0,0,17,2,0,0,0,0,0,0,1,0,1,0,0,0,0,75,1,0
C:\Users\Madhu\Downloads\DPD4Eclipse-master\src\org\objectweb\asm\TypePath.java,org.objectweb.asm.TypePath,class,3,18,15,3,25,1,0,11,0,0.45238099,0.52380955,0.71428573,7,2,5,0,0,2,7,0,0,0,6,4,4,2,0,0,6,0,0,95,6,3,7,0,1,0,23,18,14,15,4,0,0,0,127,17,0
C:\Users\Madhu\Downloads\DPD4Eclipse-master\src\org\objectweb\asm\tree\AbstractInsnNode.java,org.objectweb.asm.tree.AbstractInsnNode,class,4,25,21,4,20,1,16,5,51,0.9628099,0.036363635,0.036363635,11,2,6,0,3,2,11,3,2,0,22,16,18,0,1,3,16,0,0,85,6,5,4,0,0,0,22,38,0,39,2,0,0,0,136,1025,0
C:\Users\Madhu\Downloads\DPD4Eclipse-master\src\org\objectweb\asm\tree\ModuleProvideNode.java,org.objectweb.asm.tree.ModuleProvideNode,class,1,2,1,1,2,1,0,2,0,0.0,1.0,1.0,2,0,2,0,0,0,2,0,0,0,2,0,2,0,0,0,0,0,0,11,0,0,0,0,0,0,1,2,0,2,0,0,0,0,41,1,0
C:\Users\Madhu\Downloads\DPD4Eclipse-master\src\org\objectweb\asm\tree\InsnNode.java,org.objectweb.asm.tree.InsnNode,class,4,6,2,4,4,2,0,3,6,0.0,0.0,0.0,4,0,4,0,0,0,4,0,0,0,0,0,0,0,0,0,0,0,0,15,2,0,0,0,0,0,0,0,0,0,0,0,0,0,35,1,0
