file,class,type,cbo,cboModified,fanin,fanout,wmc,dit,noc,rfc,lcom,lcom*,tcc,lcc,totalMethodsQty,staticMethodsQty,publicMethodsQty,privateMethodsQty,protectedMethodsQty,defaultMethodsQty,visibleMethodsQty,abstractMethodsQty,finalMethodsQty,synchronizedMethodsQty,totalFieldsQty,staticFieldsQty,publicFieldsQty,privateFieldsQty,protectedFieldsQty,defaultFieldsQty,finalFieldsQty,synchronizedFieldsQty,nosi,loc,returnQty,loopQty,comparisonsQty,tryCatchQty,parenthesizedExpsQty,stringLiteralsQty,numbersQty,assignmentsQty,mathOperationsQty,variablesQty,maxNestedBlocksQty,anonymousClassesQty,innerClassesQty,lambdasQty,uniqueWordsQty,modifiers,logStatementsQty
C:\Users\Madhu\Downloads\address-book-contact-management-master\Address_Book\src\mainpackage\Add.java,mainpackage.Add,class,1,2,1,1,27,2,0,12,0,0.0,NaN,NaN,1,1,1,0,0,0,1,0,0,0,0,0,0,0,0,0,0,0,12,120,0,8,19,4,3,43,11,48,3,22,3,0,0,0,63,1,0
C:\Users\Madhu\Downloads\address-book-contact-management-master\Address_Book\src\mainpackage\Main.java,mainpackage.Main,class,5,7,2,5,8,1,2,7,0,0.0,NaN,NaN,1,1,1,0,0,0,1,0,0,0,0,0,0,0,0,0,0,0,5,31,0,1,6,1,0,10,7,4,0,3,6,0,0,0,32,1,0
C:\Users\Madhu\Downloads\address-book-contact-management-master\Address_Book\src\mainpackage\Delete.java,mainpackage.Delete,class,1,3,2,1,50,1,0,20,6,0.0,0.0,0.0,4,4,4,0,0,0,4,0,0,0,0,0,0,0,0,0,0,0,20,186,0,15,16,3,3,48,39,50,14,38,6,0,0,0,80,1,0
C:\Users\Madhu\Downloads\address-book-contact-management-master\Address_Book\src\mainpackage\Search.java,mainpackage.Search,class,1,3,2,1,45,1,0,13,3,0.0,0.0,0.0,3,3,3,0,0,0,3,0,0,0,0,0,0,0,0,0,0,0,16,152,0,13,15,3,2,36,38,40,10,30,6,0,0,0,64,1,0
C:\Users\Madhu\Downloads\address-book-contact-management-master\Address_Book\src\mainpackage\Change.java,mainpackage.Change,class,1,3,2,1,74,1,0,21,10,0.0,0.0,0.0,5,5,5,0,0,0,5,0,0,0,0,0,0,0,0,0,0,0,29,290,0,19,30,7,3,104,73,88,25,57,6,0,0,0,93,1,0
C:\Users\Madhu\Downloads\address-book-contact-management-master\Address_Book\src\mainpackage\Print.java,mainpackage.Print,class,1,2,1,1,4,2,0,11,0,0.0,NaN,NaN,1,1,1,0,0,0,1,0,0,0,0,0,0,0,0,0,0,0,1,28,0,2,1,0,1,7,2,9,2,7,3,0,0,0,25,1,0
