file,class,method,constructor,line,cbo,cboModified,fanin,fanout,wmc,rfc,loc,returnsQty,variablesQty,parametersQty,methodsInvokedQty,methodsInvokedLocalQty,methodsInvokedIndirectLocalQty,loopQty,comparisonsQty,tryCatchQty,parenthesizedExpsQty,stringLiteralsQty,numbersQty,assignmentsQty,mathOperationsQty,maxNestedBlocksQty,anonymousClassesQty,innerClassesQty,lambdasQty,uniqueWordsQty,modifiers,logStatementsQty,hasJavaDoc
C:\Users\Madhu\Downloads\address-book-contact-management-master\Address_Book\src\mainpackage\Add.java,mainpackage.Add,add_contact/0,false,18,0,1,1,0,27,12,118,0,22,0,12,0,0,8,19,4,3,43,11,48,3,3,0,0,0,61,9,0,false
C:\Users\Madhu\Downloads\address-book-contact-management-master\Address_Book\src\mainpackage\Main.java,mainpackage.Main,main/1[java.lang.String[]],false,18,5,5,0,5,8,7,29,0,3,1,7,0,0,1,6,1,0,10,7,4,0,6,0,0,0,31,9,0,false
C:\Users\Madhu\Downloads\address-book-contact-management-master\Address_Book\src\mainpackage\Delete.java,mainpackage.Delete,name_search/0,false,33,1,3,1,2,13,11,50,0,13,0,11,2,3,5,1,0,1,15,10,15,4,4,0,0,0,48,9,0,false
C:\Users\Madhu\Downloads\address-book-contact-management-master\Address_Book\src\mainpackage\Delete.java,mainpackage.Delete,contact_delete/1[java.lang.String],false,178,0,2,2,0,4,10,24,0,7,1,10,0,0,1,1,0,1,8,1,9,4,2,0,0,0,25,9,0,false
C:\Users\Madhu\Downloads\address-book-contact-management-master\Address_Book\src\mainpackage\Delete.java,mainpackage.Delete,choose_field/0,false,12,1,5,3,2,5,4,18,0,3,0,4,2,3,1,3,1,0,2,4,4,0,3,0,0,0,27,9,0,false
C:\Users\Madhu\Downloads\address-book-contact-management-master\Address_Book\src\mainpackage\Delete.java,mainpackage.Delete,number_search/0,false,86,1,3,1,2,28,11,92,0,15,0,11,2,3,8,11,2,1,23,24,22,6,6,0,0,0,46,9,0,false
C:\Users\Madhu\Downloads\address-book-contact-management-master\Address_Book\src\mainpackage\Search.java,mainpackage.Search,number_search/0,false,85,1,2,1,1,28,10,89,0,15,0,10,1,2,8,11,2,1,21,24,22,6,6,0,0,0,44,9,0,false
C:\Users\Madhu\Downloads\address-book-contact-management-master\Address_Book\src\mainpackage\Search.java,mainpackage.Search,name_search/0,false,40,1,2,1,1,12,8,43,0,12,0,8,1,2,4,1,0,1,13,10,14,4,4,0,0,0,39,9,0,false
C:\Users\Madhu\Downloads\address-book-contact-management-master\Address_Book\src\mainpackage\Search.java,mainpackage.Search,choose_field/0,false,19,1,5,3,2,5,4,18,0,3,0,4,2,1,1,3,1,0,2,4,4,0,3,0,0,0,22,9,0,false
C:\Users\Madhu\Downloads\address-book-contact-management-master\Address_Book\src\mainpackage\Change.java,mainpackage.Change,number_search/0,false,85,1,3,1,2,29,13,96,0,16,0,13,2,4,9,11,2,1,23,24,23,6,6,0,0,0,49,9,0,false
C:\Users\Madhu\Downloads\address-book-contact-management-master\Address_Book\src\mainpackage\Change.java,mainpackage.Change,name_search/0,false,33,1,3,1,2,13,11,50,0,13,0,11,2,4,5,1,0,1,15,10,15,4,4,0,0,0,47,9,0,false
C:\Users\Madhu\Downloads\address-book-contact-management-master\Address_Book\src\mainpackage\Change.java,mainpackage.Change,"contact_change/2[java.lang.String,java.lang.String]",false,256,0,1,1,0,8,10,50,0,10,2,10,0,0,1,1,0,1,15,9,17,5,3,0,0,0,36,9,0,false
C:\Users\Madhu\Downloads\address-book-contact-management-master\Address_Book\src\mainpackage\Change.java,mainpackage.Change,choose_field/0,false,12,1,5,3,2,5,4,18,0,3,0,4,2,3,1,3,1,0,2,4,4,0,3,0,0,0,25,9,0,false
C:\Users\Madhu\Downloads\address-book-contact-management-master\Address_Book\src\mainpackage\Change.java,mainpackage.Change,"info_check/2[java.lang.String,java.lang.String[]]",false,181,1,3,2,1,19,6,74,0,15,2,6,1,1,3,14,4,0,49,26,29,10,2,0,0,0,36,9,0,false
C:\Users\Madhu\Downloads\address-book-contact-management-master\Address_Book\src\mainpackage\Print.java,mainpackage.Print,show_contacts/0,false,18,0,1,1,0,4,11,26,0,7,0,11,0,0,2,1,0,1,7,2,9,2,3,0,0,0,23,9,0,false
