file,class,method,variable,usage
C:\Users\Madhu\Downloads\address-book-contact-management-master\Address_Book\src\mainpackage\Add.java,mainpackage.Add,add_contact/0,e,3
C:\Users\Madhu\Downloads\address-book-contact-management-master\Address_Book\src\mainpackage\Add.java,mainpackage.Add,add_contact/0,words1,5
C:\Users\Madhu\Downloads\address-book-contact-management-master\Address_Book\src\mainpackage\Add.java,mainpackage.Add,add_contact/0,reader1,7
C:\Users\Madhu\Downloads\address-book-contact-management-master\Address_Book\src\mainpackage\Add.java,mainpackage.Add,add_contact/0,duplicate,9
C:\Users\Madhu\Downloads\address-book-contact-management-master\Address_Book\src\mainpackage\Add.java,mainpackage.Add,add_contact/0,f1,3
C:\Users\Madhu\Downloads\address-book-contact-management-master\Address_Book\src\mainpackage\Add.java,mainpackage.Add,add_contact/0,f2,3
C:\Users\Madhu\Downloads\address-book-contact-management-master\Address_Book\src\mainpackage\Add.java,mainpackage.Add,add_contact/0,f3,4
C:\Users\Madhu\Downloads\address-book-contact-management-master\Address_Book\src\mainpackage\Add.java,mainpackage.Add,add_contact/0,f4,4
C:\Users\Madhu\Downloads\address-book-contact-management-master\Address_Book\src\mainpackage\Add.java,mainpackage.Add,add_contact/0,f5,4
C:\Users\Madhu\Downloads\address-book-contact-management-master\Address_Book\src\mainpackage\Add.java,mainpackage.Add,add_contact/0,out,2
C:\Users\Madhu\Downloads\address-book-contact-management-master\Address_Book\src\mainpackage\Add.java,mainpackage.Add,add_contact/0,valid,12
C:\Users\Madhu\Downloads\address-book-contact-management-master\Address_Book\src\mainpackage\Add.java,mainpackage.Add,add_contact/0,f6,3
C:\Users\Madhu\Downloads\address-book-contact-management-master\Address_Book\src\mainpackage\Add.java,mainpackage.Add,add_contact/0,str,2
C:\Users\Madhu\Downloads\address-book-contact-management-master\Address_Book\src\mainpackage\Add.java,mainpackage.Add,add_contact/0,input,9
C:\Users\Madhu\Downloads\address-book-contact-management-master\Address_Book\src\mainpackage\Add.java,mainpackage.Add,add_contact/0,f7,3
C:\Users\Madhu\Downloads\address-book-contact-management-master\Address_Book\src\mainpackage\Add.java,mainpackage.Add,add_contact/0,f8,3
C:\Users\Madhu\Downloads\address-book-contact-management-master\Address_Book\src\mainpackage\Add.java,mainpackage.Add,add_contact/0,f9,3
C:\Users\Madhu\Downloads\address-book-contact-management-master\Address_Book\src\mainpackage\Add.java,mainpackage.Add,add_contact/0,writer1,1
C:\Users\Madhu\Downloads\address-book-contact-management-master\Address_Book\src\mainpackage\Add.java,mainpackage.Add,add_contact/0,currentLine1,6
C:\Users\Madhu\Downloads\address-book-contact-management-master\Address_Book\src\mainpackage\Add.java,mainpackage.Add,add_contact/0,file1,5
C:\Users\Madhu\Downloads\address-book-contact-management-master\Address_Book\src\mainpackage\Add.java,mainpackage.Add,add_contact/0,writer,1
C:\Users\Madhu\Downloads\address-book-contact-management-master\Address_Book\src\mainpackage\Main.java,mainpackage.Main,main/1[java.lang.String[]],args,0
C:\Users\Madhu\Downloads\address-book-contact-management-master\Address_Book\src\mainpackage\Main.java,mainpackage.Main,main/1[java.lang.String[]],input,1
C:\Users\Madhu\Downloads\address-book-contact-management-master\Address_Book\src\mainpackage\Main.java,mainpackage.Main,main/1[java.lang.String[]],exit,1
C:\Users\Madhu\Downloads\address-book-contact-management-master\Address_Book\src\mainpackage\Main.java,mainpackage.Main,main/1[java.lang.String[]],answer,8
C:\Users\Madhu\Downloads\address-book-contact-management-master\Address_Book\src\mainpackage\Main.java,mainpackage.Main,main/1[java.lang.String[]],e,0
C:\Users\Madhu\Downloads\address-book-contact-management-master\Address_Book\src\mainpackage\Delete.java,mainpackage.Delete,name_search/0,str,1
C:\Users\Madhu\Downloads\address-book-contact-management-master\Address_Book\src\mainpackage\Delete.java,mainpackage.Delete,name_search/0,input,2
C:\Users\Madhu\Downloads\address-book-contact-management-master\Address_Book\src\mainpackage\Delete.java,mainpackage.Delete,name_search/0,file,1
C:\Users\Madhu\Downloads\address-book-contact-management-master\Address_Book\src\mainpackage\Delete.java,mainpackage.Delete,name_search/0,reader,2
C:\Users\Madhu\Downloads\address-book-contact-management-master\Address_Book\src\mainpackage\Delete.java,mainpackage.Delete,name_search/0,i,14
C:\Users\Madhu\Downloads\address-book-contact-management-master\Address_Book\src\mainpackage\Delete.java,mainpackage.Delete,name_search/0,f1,4
C:\Users\Madhu\Downloads\address-book-contact-management-master\Address_Book\src\mainpackage\Delete.java,mainpackage.Delete,name_search/0,f2,4
C:\Users\Madhu\Downloads\address-book-contact-management-master\Address_Book\src\mainpackage\Delete.java,mainpackage.Delete,name_search/0,fields,7
C:\Users\Madhu\Downloads\address-book-contact-management-master\Address_Book\src\mainpackage\Delete.java,mainpackage.Delete,name_search/0,lines,2
C:\Users\Madhu\Downloads\address-book-contact-management-master\Address_Book\src\mainpackage\Delete.java,mainpackage.Delete,name_search/0,first,2
C:\Users\Madhu\Downloads\address-book-contact-management-master\Address_Book\src\mainpackage\Delete.java,mainpackage.Delete,name_search/0,currentLine,4
C:\Users\Madhu\Downloads\address-book-contact-management-master\Address_Book\src\mainpackage\Delete.java,mainpackage.Delete,name_search/0,info,9
C:\Users\Madhu\Downloads\address-book-contact-management-master\Address_Book\src\mainpackage\Delete.java,mainpackage.Delete,contact_delete/1[java.lang.String],line,1
C:\Users\Madhu\Downloads\address-book-contact-management-master\Address_Book\src\mainpackage\Delete.java,mainpackage.Delete,contact_delete/1[java.lang.String],file2,2
C:\Users\Madhu\Downloads\address-book-contact-management-master\Address_Book\src\mainpackage\Delete.java,mainpackage.Delete,contact_delete/1[java.lang.String],currentLine1,5
C:\Users\Madhu\Downloads\address-book-contact-management-master\Address_Book\src\mainpackage\Delete.java,mainpackage.Delete,contact_delete/1[java.lang.String],file1,3
C:\Users\Madhu\Downloads\address-book-contact-management-master\Address_Book\src\mainpackage\Delete.java,mainpackage.Delete,contact_delete/1[java.lang.String],reader1,2
C:\Users\Madhu\Downloads\address-book-contact-management-master\Address_Book\src\mainpackage\Delete.java,mainpackage.Delete,contact_delete/1[java.lang.String],writer,3
C:\Users\Madhu\Downloads\address-book-contact-management-master\Address_Book\src\mainpackage\Delete.java,mainpackage.Delete,contact_delete/1[java.lang.String],fields,1
C:\Users\Madhu\Downloads\address-book-contact-management-master\Address_Book\src\mainpackage\Delete.java,mainpackage.Delete,contact_delete/1[java.lang.String],first,2
C:\Users\Madhu\Downloads\address-book-contact-management-master\Address_Book\src\mainpackage\Delete.java,mainpackage.Delete,choose_field/0,input,1
C:\Users\Madhu\Downloads\address-book-contact-management-master\Address_Book\src\mainpackage\Delete.java,mainpackage.Delete,choose_field/0,exit,1
C:\Users\Madhu\Downloads\address-book-contact-management-master\Address_Book\src\mainpackage\Delete.java,mainpackage.Delete,choose_field/0,answer,5
C:\Users\Madhu\Downloads\address-book-contact-management-master\Address_Book\src\mainpackage\Delete.java,mainpackage.Delete,choose_field/0,e,0
C:\Users\Madhu\Downloads\address-book-contact-management-master\Address_Book\src\mainpackage\Delete.java,mainpackage.Delete,number_search/0,valid,6
C:\Users\Madhu\Downloads\address-book-contact-management-master\Address_Book\src\mainpackage\Delete.java,mainpackage.Delete,number_search/0,input,2
C:\Users\Madhu\Downloads\address-book-contact-management-master\Address_Book\src\mainpackage\Delete.java,mainpackage.Delete,number_search/0,file,1
C:\Users\Madhu\Downloads\address-book-contact-management-master\Address_Book\src\mainpackage\Delete.java,mainpackage.Delete,number_search/0,e,1
C:\Users\Madhu\Downloads\address-book-contact-management-master\Address_Book\src\mainpackage\Delete.java,mainpackage.Delete,number_search/0,reader,2
C:\Users\Madhu\Downloads\address-book-contact-management-master\Address_Book\src\mainpackage\Delete.java,mainpackage.Delete,number_search/0,i,24
C:\Users\Madhu\Downloads\address-book-contact-management-master\Address_Book\src\mainpackage\Delete.java,mainpackage.Delete,number_search/0,f1,9
C:\Users\Madhu\Downloads\address-book-contact-management-master\Address_Book\src\mainpackage\Delete.java,mainpackage.Delete,number_search/0,f2,9
C:\Users\Madhu\Downloads\address-book-contact-management-master\Address_Book\src\mainpackage\Delete.java,mainpackage.Delete,number_search/0,fields,11
C:\Users\Madhu\Downloads\address-book-contact-management-master\Address_Book\src\mainpackage\Delete.java,mainpackage.Delete,number_search/0,first,2
C:\Users\Madhu\Downloads\address-book-contact-management-master\Address_Book\src\mainpackage\Delete.java,mainpackage.Delete,number_search/0,currentLine,4
C:\Users\Madhu\Downloads\address-book-contact-management-master\Address_Book\src\mainpackage\Delete.java,mainpackage.Delete,number_search/0,info,13
C:\Users\Madhu\Downloads\address-book-contact-management-master\Address_Book\src\mainpackage\Search.java,mainpackage.Search,number_search/0,valid,6
C:\Users\Madhu\Downloads\address-book-contact-management-master\Address_Book\src\mainpackage\Search.java,mainpackage.Search,number_search/0,input,2
C:\Users\Madhu\Downloads\address-book-contact-management-master\Address_Book\src\mainpackage\Search.java,mainpackage.Search,number_search/0,file,1
C:\Users\Madhu\Downloads\address-book-contact-management-master\Address_Book\src\mainpackage\Search.java,mainpackage.Search,number_search/0,e,1
C:\Users\Madhu\Downloads\address-book-contact-management-master\Address_Book\src\mainpackage\Search.java,mainpackage.Search,number_search/0,reader,2
C:\Users\Madhu\Downloads\address-book-contact-management-master\Address_Book\src\mainpackage\Search.java,mainpackage.Search,number_search/0,i,24
C:\Users\Madhu\Downloads\address-book-contact-management-master\Address_Book\src\mainpackage\Search.java,mainpackage.Search,number_search/0,f1,9
C:\Users\Madhu\Downloads\address-book-contact-management-master\Address_Book\src\mainpackage\Search.java,mainpackage.Search,number_search/0,f2,9
C:\Users\Madhu\Downloads\address-book-contact-management-master\Address_Book\src\mainpackage\Search.java,mainpackage.Search,number_search/0,fields,11
C:\Users\Madhu\Downloads\address-book-contact-management-master\Address_Book\src\mainpackage\Search.java,mainpackage.Search,number_search/0,first,2
C:\Users\Madhu\Downloads\address-book-contact-management-master\Address_Book\src\mainpackage\Search.java,mainpackage.Search,number_search/0,currentLine,3
C:\Users\Madhu\Downloads\address-book-contact-management-master\Address_Book\src\mainpackage\Search.java,mainpackage.Search,number_search/0,info,13
C:\Users\Madhu\Downloads\address-book-contact-management-master\Address_Book\src\mainpackage\Search.java,mainpackage.Search,name_search/0,input,2
C:\Users\Madhu\Downloads\address-book-contact-management-master\Address_Book\src\mainpackage\Search.java,mainpackage.Search,name_search/0,file,1
C:\Users\Madhu\Downloads\address-book-contact-management-master\Address_Book\src\mainpackage\Search.java,mainpackage.Search,name_search/0,reader,2
C:\Users\Madhu\Downloads\address-book-contact-management-master\Address_Book\src\mainpackage\Search.java,mainpackage.Search,name_search/0,i,14
C:\Users\Madhu\Downloads\address-book-contact-management-master\Address_Book\src\mainpackage\Search.java,mainpackage.Search,name_search/0,f1,4
C:\Users\Madhu\Downloads\address-book-contact-management-master\Address_Book\src\mainpackage\Search.java,mainpackage.Search,name_search/0,f2,4
C:\Users\Madhu\Downloads\address-book-contact-management-master\Address_Book\src\mainpackage\Search.java,mainpackage.Search,name_search/0,fields,7
C:\Users\Madhu\Downloads\address-book-contact-management-master\Address_Book\src\mainpackage\Search.java,mainpackage.Search,name_search/0,first,2
C:\Users\Madhu\Downloads\address-book-contact-management-master\Address_Book\src\mainpackage\Search.java,mainpackage.Search,name_search/0,currentLine,3
C:\Users\Madhu\Downloads\address-book-contact-management-master\Address_Book\src\mainpackage\Search.java,mainpackage.Search,name_search/0,info,9
C:\Users\Madhu\Downloads\address-book-contact-management-master\Address_Book\src\mainpackage\Search.java,mainpackage.Search,choose_field/0,input,1
C:\Users\Madhu\Downloads\address-book-contact-management-master\Address_Book\src\mainpackage\Search.java,mainpackage.Search,choose_field/0,exit,1
C:\Users\Madhu\Downloads\address-book-contact-management-master\Address_Book\src\mainpackage\Search.java,mainpackage.Search,choose_field/0,answer,5
C:\Users\Madhu\Downloads\address-book-contact-management-master\Address_Book\src\mainpackage\Search.java,mainpackage.Search,choose_field/0,e,0
C:\Users\Madhu\Downloads\address-book-contact-management-master\Address_Book\src\mainpackage\Change.java,mainpackage.Change,number_search/0,e,1
C:\Users\Madhu\Downloads\address-book-contact-management-master\Address_Book\src\mainpackage\Change.java,mainpackage.Change,number_search/0,reader,2
C:\Users\Madhu\Downloads\address-book-contact-management-master\Address_Book\src\mainpackage\Change.java,mainpackage.Change,number_search/0,i,24
C:\Users\Madhu\Downloads\address-book-contact-management-master\Address_Book\src\mainpackage\Change.java,mainpackage.Change,number_search/0,f1,9
C:\Users\Madhu\Downloads\address-book-contact-management-master\Address_Book\src\mainpackage\Change.java,mainpackage.Change,number_search/0,f2,9
C:\Users\Madhu\Downloads\address-book-contact-management-master\Address_Book\src\mainpackage\Change.java,mainpackage.Change,number_search/0,valid,6
C:\Users\Madhu\Downloads\address-book-contact-management-master\Address_Book\src\mainpackage\Change.java,mainpackage.Change,number_search/0,str,1
C:\Users\Madhu\Downloads\address-book-contact-management-master\Address_Book\src\mainpackage\Change.java,mainpackage.Change,number_search/0,input,2
C:\Users\Madhu\Downloads\address-book-contact-management-master\Address_Book\src\mainpackage\Change.java,mainpackage.Change,number_search/0,file,1
C:\Users\Madhu\Downloads\address-book-contact-management-master\Address_Book\src\mainpackage\Change.java,mainpackage.Change,number_search/0,lines,2
C:\Users\Madhu\Downloads\address-book-contact-management-master\Address_Book\src\mainpackage\Change.java,mainpackage.Change,number_search/0,fields,12
C:\Users\Madhu\Downloads\address-book-contact-management-master\Address_Book\src\mainpackage\Change.java,mainpackage.Change,number_search/0,first,2
C:\Users\Madhu\Downloads\address-book-contact-management-master\Address_Book\src\mainpackage\Change.java,mainpackage.Change,number_search/0,currentLine,4
C:\Users\Madhu\Downloads\address-book-contact-management-master\Address_Book\src\mainpackage\Change.java,mainpackage.Change,number_search/0,info,13
C:\Users\Madhu\Downloads\address-book-contact-management-master\Address_Book\src\mainpackage\Change.java,mainpackage.Change,name_search/0,str,1
C:\Users\Madhu\Downloads\address-book-contact-management-master\Address_Book\src\mainpackage\Change.java,mainpackage.Change,name_search/0,input,2
C:\Users\Madhu\Downloads\address-book-contact-management-master\Address_Book\src\mainpackage\Change.java,mainpackage.Change,name_search/0,file,1
C:\Users\Madhu\Downloads\address-book-contact-management-master\Address_Book\src\mainpackage\Change.java,mainpackage.Change,name_search/0,reader,2
C:\Users\Madhu\Downloads\address-book-contact-management-master\Address_Book\src\mainpackage\Change.java,mainpackage.Change,name_search/0,i,14
C:\Users\Madhu\Downloads\address-book-contact-management-master\Address_Book\src\mainpackage\Change.java,mainpackage.Change,name_search/0,f1,4
C:\Users\Madhu\Downloads\address-book-contact-management-master\Address_Book\src\mainpackage\Change.java,mainpackage.Change,name_search/0,f2,4
C:\Users\Madhu\Downloads\address-book-contact-management-master\Address_Book\src\mainpackage\Change.java,mainpackage.Change,name_search/0,fields,8
C:\Users\Madhu\Downloads\address-book-contact-management-master\Address_Book\src\mainpackage\Change.java,mainpackage.Change,name_search/0,lines,2
C:\Users\Madhu\Downloads\address-book-contact-management-master\Address_Book\src\mainpackage\Change.java,mainpackage.Change,name_search/0,first,2
C:\Users\Madhu\Downloads\address-book-contact-management-master\Address_Book\src\mainpackage\Change.java,mainpackage.Change,name_search/0,currentLine,4
C:\Users\Madhu\Downloads\address-book-contact-management-master\Address_Book\src\mainpackage\Change.java,mainpackage.Change,name_search/0,info,9
C:\Users\Madhu\Downloads\address-book-contact-management-master\Address_Book\src\mainpackage\Change.java,mainpackage.Change,"contact_change/2[java.lang.String,java.lang.String]",str,2
C:\Users\Madhu\Downloads\address-book-contact-management-master\Address_Book\src\mainpackage\Change.java,mainpackage.Change,"contact_change/2[java.lang.String,java.lang.String]",line,1
C:\Users\Madhu\Downloads\address-book-contact-management-master\Address_Book\src\mainpackage\Change.java,mainpackage.Change,"contact_change/2[java.lang.String,java.lang.String]",info1,4
C:\Users\Madhu\Downloads\address-book-contact-management-master\Address_Book\src\mainpackage\Change.java,mainpackage.Change,"contact_change/2[java.lang.String,java.lang.String]",file2,3
C:\Users\Madhu\Downloads\address-book-contact-management-master\Address_Book\src\mainpackage\Change.java,mainpackage.Change,"contact_change/2[java.lang.String,java.lang.String]",currentLine1,6
C:\Users\Madhu\Downloads\address-book-contact-management-master\Address_Book\src\mainpackage\Change.java,mainpackage.Change,"contact_change/2[java.lang.String,java.lang.String]",file1,3
C:\Users\Madhu\Downloads\address-book-contact-management-master\Address_Book\src\mainpackage\Change.java,mainpackage.Change,"contact_change/2[java.lang.String,java.lang.String]",reader1,2
C:\Users\Madhu\Downloads\address-book-contact-management-master\Address_Book\src\mainpackage\Change.java,mainpackage.Change,"contact_change/2[java.lang.String,java.lang.String]",duplicate,4
C:\Users\Madhu\Downloads\address-book-contact-management-master\Address_Book\src\mainpackage\Change.java,mainpackage.Change,"contact_change/2[java.lang.String,java.lang.String]",writer,4
C:\Users\Madhu\Downloads\address-book-contact-management-master\Address_Book\src\mainpackage\Change.java,mainpackage.Change,"contact_change/2[java.lang.String,java.lang.String]",fields,1
C:\Users\Madhu\Downloads\address-book-contact-management-master\Address_Book\src\mainpackage\Change.java,mainpackage.Change,"contact_change/2[java.lang.String,java.lang.String]",first,2
C:\Users\Madhu\Downloads\address-book-contact-management-master\Address_Book\src\mainpackage\Change.java,mainpackage.Change,"contact_change/2[java.lang.String,java.lang.String]",info2,4
C:\Users\Madhu\Downloads\address-book-contact-management-master\Address_Book\src\mainpackage\Change.java,mainpackage.Change,choose_field/0,input,1
C:\Users\Madhu\Downloads\address-book-contact-management-master\Address_Book\src\mainpackage\Change.java,mainpackage.Change,choose_field/0,exit,1
C:\Users\Madhu\Downloads\address-book-contact-management-master\Address_Book\src\mainpackage\Change.java,mainpackage.Change,choose_field/0,answer,5
C:\Users\Madhu\Downloads\address-book-contact-management-master\Address_Book\src\mainpackage\Change.java,mainpackage.Change,choose_field/0,e,0
C:\Users\Madhu\Downloads\address-book-contact-management-master\Address_Book\src\mainpackage\Change.java,mainpackage.Change,"info_check/2[java.lang.String,java.lang.String[]]",e,3
C:\Users\Madhu\Downloads\address-book-contact-management-master\Address_Book\src\mainpackage\Change.java,mainpackage.Change,"info_check/2[java.lang.String,java.lang.String[]]",line,2
C:\Users\Madhu\Downloads\address-book-contact-management-master\Address_Book\src\mainpackage\Change.java,mainpackage.Change,"info_check/2[java.lang.String,java.lang.String[]]",f1,3
C:\Users\Madhu\Downloads\address-book-contact-management-master\Address_Book\src\mainpackage\Change.java,mainpackage.Change,"info_check/2[java.lang.String,java.lang.String[]]",duplicate,6
C:\Users\Madhu\Downloads\address-book-contact-management-master\Address_Book\src\mainpackage\Change.java,mainpackage.Change,"info_check/2[java.lang.String,java.lang.String[]]",f2,3
C:\Users\Madhu\Downloads\address-book-contact-management-master\Address_Book\src\mainpackage\Change.java,mainpackage.Change,"info_check/2[java.lang.String,java.lang.String[]]",f3,3
C:\Users\Madhu\Downloads\address-book-contact-management-master\Address_Book\src\mainpackage\Change.java,mainpackage.Change,"info_check/2[java.lang.String,java.lang.String[]]",f4,3
C:\Users\Madhu\Downloads\address-book-contact-management-master\Address_Book\src\mainpackage\Change.java,mainpackage.Change,"info_check/2[java.lang.String,java.lang.String[]]",f5,3
C:\Users\Madhu\Downloads\address-book-contact-management-master\Address_Book\src\mainpackage\Change.java,mainpackage.Change,"info_check/2[java.lang.String,java.lang.String[]]",f6,3
C:\Users\Madhu\Downloads\address-book-contact-management-master\Address_Book\src\mainpackage\Change.java,mainpackage.Change,"info_check/2[java.lang.String,java.lang.String[]]",str,2
C:\Users\Madhu\Downloads\address-book-contact-management-master\Address_Book\src\mainpackage\Change.java,mainpackage.Change,"info_check/2[java.lang.String,java.lang.String[]]",valid,6
C:\Users\Madhu\Downloads\address-book-contact-management-master\Address_Book\src\mainpackage\Change.java,mainpackage.Change,"info_check/2[java.lang.String,java.lang.String[]]",input,9
C:\Users\Madhu\Downloads\address-book-contact-management-master\Address_Book\src\mainpackage\Change.java,mainpackage.Change,"info_check/2[java.lang.String,java.lang.String[]]",f7,3
C:\Users\Madhu\Downloads\address-book-contact-management-master\Address_Book\src\mainpackage\Change.java,mainpackage.Change,"info_check/2[java.lang.String,java.lang.String[]]",f8,3
C:\Users\Madhu\Downloads\address-book-contact-management-master\Address_Book\src\mainpackage\Change.java,mainpackage.Change,"info_check/2[java.lang.String,java.lang.String[]]",f9,3
C:\Users\Madhu\Downloads\address-book-contact-management-master\Address_Book\src\mainpackage\Change.java,mainpackage.Change,"info_check/2[java.lang.String,java.lang.String[]]",currentLine1,0
C:\Users\Madhu\Downloads\address-book-contact-management-master\Address_Book\src\mainpackage\Change.java,mainpackage.Change,"info_check/2[java.lang.String,java.lang.String[]]",fields,9
C:\Users\Madhu\Downloads\address-book-contact-management-master\Address_Book\src\mainpackage\Change.java,mainpackage.Change,"info_check/2[java.lang.String,java.lang.String[]]",info,9
C:\Users\Madhu\Downloads\address-book-contact-management-master\Address_Book\src\mainpackage\Print.java,mainpackage.Print,show_contacts/0,file,5
C:\Users\Madhu\Downloads\address-book-contact-management-master\Address_Book\src\mainpackage\Print.java,mainpackage.Print,show_contacts/0,reader,2
C:\Users\Madhu\Downloads\address-book-contact-management-master\Address_Book\src\mainpackage\Print.java,mainpackage.Print,show_contacts/0,i,4
C:\Users\Madhu\Downloads\address-book-contact-management-master\Address_Book\src\mainpackage\Print.java,mainpackage.Print,show_contacts/0,fields,3
C:\Users\Madhu\Downloads\address-book-contact-management-master\Address_Book\src\mainpackage\Print.java,mainpackage.Print,show_contacts/0,first,2
C:\Users\Madhu\Downloads\address-book-contact-management-master\Address_Book\src\mainpackage\Print.java,mainpackage.Print,show_contacts/0,currentLine,3
C:\Users\Madhu\Downloads\address-book-contact-management-master\Address_Book\src\mainpackage\Print.java,mainpackage.Print,show_contacts/0,info,1
