file,class,type,cbo,cboModified,fanin,fanout,wmc,dit,noc,rfc,lcom,lcom*,tcc,lcc,totalMethodsQty,staticMethodsQty,publicMethodsQty,privateMethodsQty,protectedMethodsQty,defaultMethodsQty,visibleMethodsQty,abstractMethodsQty,finalMethodsQty,synchronizedMethodsQty,totalFieldsQty,staticFieldsQty,publicFieldsQty,privateFieldsQty,protectedFieldsQty,defaultFieldsQty,finalFieldsQty,synchronizedFieldsQty,nosi,loc,returnQty,loopQty,comparisonsQty,tryCatchQty,parenthesizedExpsQty,stringLiteralsQty,numbersQty,assignmentsQty,mathOperationsQty,variablesQty,maxNestedBlocksQty,anonymousClassesQty,innerClassesQty,lambdasQty,uniqueWordsQty,modifiers,logStatementsQty
C:\Users\Madhu\Downloads\pomutil-master\src\main\java\com\redhat\tools\pomutils\XmlFrag.java,com.redhat.tools.pomutils.XmlFrag,class,13,14,1,13,52,2,0,54,53,0.8181818,0.0,0.0,11,5,6,5,0,0,6,0,0,0,1,0,0,1,0,0,1,0,12,212,6,12,15,0,5,48,19,56,18,40,6,0,2,0,138,1,0
C:\Users\Madhu\Downloads\pomutil-master\src\main\java\com\redhat\tools\pomutils\Manifest.java,com.redhat.tools.pomutils.Manifest,class,5,7,2,5,13,1,0,19,0,0.4166667,0.53333336,0.6666667,6,0,6,0,0,0,6,0,0,0,2,0,0,2,0,0,2,0,4,52,4,2,1,1,0,6,2,17,2,16,4,0,0,0,45,1,0
C:\Users\Madhu\Downloads\pomutil-master\src\main\java\com\redhat\tools\pomutils\POM.java,com.redhat.tools.pomutils.POM,class,6,9,3,6,62,1,0,39,47,0.8616602,0.4,0.6315789,23,0,20,3,0,0,20,0,0,0,11,1,2,9,0,0,4,0,16,196,26,6,27,0,0,11,12,61,6,43,4,0,0,0,76,1,0
C:\Users\Madhu\Downloads\pomutil-master\src\main\java\com\redhat\tools\pomutils\XmlFrag.java,com.redhat.tools.pomutils.XmlFrag$FragmentDirective,innerclass,1,1,0,1,2,1,0,0,0,0.25,1.0,1.0,2,0,2,0,0,0,2,0,0,0,2,0,0,0,0,2,2,0,0,11,1,0,0,0,0,0,0,2,0,2,0,0,0,0,8,10,0
C:\Users\Madhu\Downloads\pomutil-master\src\main\java\com\redhat\tools\pomutils\Artifact.java,com.redhat.tools.pomutils.Artifact,class,1,3,2,1,3,1,0,3,1,0.33333334,0.33333334,0.33333334,3,1,3,0,0,0,3,0,0,0,3,0,0,0,0,3,3,0,0,22,2,0,0,0,0,2,4,9,3,7,0,0,0,0,15,1,0
C:\Users\Madhu\Downloads\pomutil-master\src\main\java\com\redhat\tools\pomutils\GenerateRootPom.java,com.redhat.tools.pomutils.GenerateRootPom,class,8,10,2,8,37,1,0,51,28,0.75000006,0.6666667,1.0,9,4,3,6,0,0,3,0,0,0,4,0,0,4,0,0,4,0,8,154,6,15,9,0,1,29,5,52,4,44,6,0,0,0,72,1,0
C:\Users\Madhu\Downloads\pomutil-master\src\main\java\com\redhat\tools\pomutils\XmlFrag.java,com.redhat.tools.pomutils.XmlFrag$FragmentContent,innerclass,2,2,0,2,2,2,0,1,0,0.5,1.0,1.0,2,0,2,0,0,0,2,0,0,0,2,0,0,0,0,2,2,0,0,11,1,0,0,0,0,1,0,2,1,2,0,0,0,0,7,10,0
C:\Users\Madhu\Downloads\pomutil-master\src\main\java\com\redhat\tools\pomutils\XML.java,com.redhat.tools.pomutils.XML,class,5,11,6,5,13,1,0,15,10,1.0,0.0,0.0,5,5,5,0,0,0,6,0,0,0,20,20,20,0,0,0,20,0,4,98,5,1,1,5,1,20,1,29,0,28,2,0,0,0,66,1,0
C:\Users\Madhu\Downloads\pomutil-master\src\main\java\com\redhat\tools\pomutils\Main.java,com.redhat.tools.pomutils.Main,class,10,11,1,10,87,1,0,60,55,0.0,NaN,NaN,11,11,1,10,0,0,1,0,0,0,0,0,0,0,0,0,0,0,32,254,6,12,19,0,2,124,21,108,18,66,8,0,0,0,136,1,0
