file,class,method,variable,usage
C:\Users\Madhu\Downloads\pomutil-master\src\main\java\com\redhat\tools\pomutils\XmlFrag.java,com.redhat.tools.pomutils.XmlFrag,loadFragment/1[java.lang.String],fragDir,1
C:\Users\Madhu\Downloads\pomutil-master\src\main\java\com\redhat\tools\pomutils\XmlFrag.java,com.redhat.tools.pomutils.XmlFrag,XmlFrag/1[java.io.File],fragDir,3
C:\Users\Madhu\Downloads\pomutil-master\src\main\java\com\redhat\tools\pomutils\Manifest.java,com.redhat.tools.pomutils.Manifest,getPOMForProject/1[java.lang.String],projectPomMap,1
C:\Users\Madhu\Downloads\pomutil-master\src\main\java\com\redhat\tools\pomutils\Manifest.java,com.redhat.tools.pomutils.Manifest,getBuildProjects/0,buildProjects,2
C:\Users\Madhu\Downloads\pomutil-master\src\main\java\com\redhat\tools\pomutils\Manifest.java,com.redhat.tools.pomutils.Manifest,parse/1[java.io.File],buildProjects,1
C:\Users\Madhu\Downloads\pomutil-master\src\main\java\com\redhat\tools\pomutils\Manifest.java,com.redhat.tools.pomutils.Manifest,parse/1[java.io.File],projectPomMap,1
C:\Users\Madhu\Downloads\pomutil-master\src\main\java\com\redhat\tools\pomutils\Manifest.java,com.redhat.tools.pomutils.Manifest,toString/0,buildProjects,1
C:\Users\Madhu\Downloads\pomutil-master\src\main\java\com\redhat\tools\pomutils\Manifest.java,com.redhat.tools.pomutils.Manifest,toString/0,projectPomMap,1
C:\Users\Madhu\Downloads\pomutil-master\src\main\java\com\redhat\tools\pomutils\Manifest.java,com.redhat.tools.pomutils.Manifest,getAllProjects/0,projectPomMap,2
C:\Users\Madhu\Downloads\pomutil-master\src\main\java\com\redhat\tools\pomutils\POM.java,com.redhat.tools.pomutils.POM,write/0,file,1
C:\Users\Madhu\Downloads\pomutil-master\src\main\java\com\redhat\tools\pomutils\POM.java,com.redhat.tools.pomutils.POM,write/0,doc,1
C:\Users\Madhu\Downloads\pomutil-master\src\main\java\com\redhat\tools\pomutils\POM.java,com.redhat.tools.pomutils.POM,write/0,modified,1
C:\Users\Madhu\Downloads\pomutil-master\src\main\java\com\redhat\tools\pomutils\POM.java,com.redhat.tools.pomutils.POM,getGroupId/0,cachedGroupId,3
C:\Users\Madhu\Downloads\pomutil-master\src\main\java\com\redhat\tools\pomutils\POM.java,com.redhat.tools.pomutils.POM,getGroupId/0,doc,1
C:\Users\Madhu\Downloads\pomutil-master\src\main\java\com\redhat\tools\pomutils\POM.java,com.redhat.tools.pomutils.POM,isModified/0,modified,1
C:\Users\Madhu\Downloads\pomutil-master\src\main\java\com\redhat\tools\pomutils\POM.java,com.redhat.tools.pomutils.POM,lookupProperty/1[java.lang.String],doc,1
C:\Users\Madhu\Downloads\pomutil-master\src\main\java\com\redhat\tools\pomutils\POM.java,com.redhat.tools.pomutils.POM,getDependencyManagement/0,doc,1
C:\Users\Madhu\Downloads\pomutil-master\src\main\java\com\redhat\tools\pomutils\POM.java,com.redhat.tools.pomutils.POM,setVersion/1[java.lang.String],cachedVersion,1
C:\Users\Madhu\Downloads\pomutil-master\src\main\java\com\redhat\tools\pomutils\POM.java,com.redhat.tools.pomutils.POM,setVersion/1[java.lang.String],doc,3
C:\Users\Madhu\Downloads\pomutil-master\src\main\java\com\redhat\tools\pomutils\POM.java,com.redhat.tools.pomutils.POM,setVersion/1[java.lang.String],modified,1
C:\Users\Madhu\Downloads\pomutil-master\src\main\java\com\redhat\tools\pomutils\POM.java,com.redhat.tools.pomutils.POM,getFile/0,file,1
C:\Users\Madhu\Downloads\pomutil-master\src\main\java\com\redhat\tools\pomutils\POM.java,com.redhat.tools.pomutils.POM,getParentVersion/0,doc,1
C:\Users\Madhu\Downloads\pomutil-master\src\main\java\com\redhat\tools\pomutils\POM.java,com.redhat.tools.pomutils.POM,getParentVersion/0,cachedParentVersion,3
C:\Users\Madhu\Downloads\pomutil-master\src\main\java\com\redhat\tools\pomutils\POM.java,com.redhat.tools.pomutils.POM,getVersion/0,cachedVersion,3
C:\Users\Madhu\Downloads\pomutil-master\src\main\java\com\redhat\tools\pomutils\POM.java,com.redhat.tools.pomutils.POM,getVersion/0,doc,1
C:\Users\Madhu\Downloads\pomutil-master\src\main\java\com\redhat\tools\pomutils\POM.java,com.redhat.tools.pomutils.POM,setParentVersion/1[java.lang.String],doc,1
C:\Users\Madhu\Downloads\pomutil-master\src\main\java\com\redhat\tools\pomutils\POM.java,com.redhat.tools.pomutils.POM,setParentVersion/1[java.lang.String],modified,1
C:\Users\Madhu\Downloads\pomutil-master\src\main\java\com\redhat\tools\pomutils\POM.java,com.redhat.tools.pomutils.POM,setParentVersion/1[java.lang.String],cachedParentVersion,1
C:\Users\Madhu\Downloads\pomutil-master\src\main\java\com\redhat\tools\pomutils\POM.java,com.redhat.tools.pomutils.POM,getParentPom/0,allPOMs,1
C:\Users\Madhu\Downloads\pomutil-master\src\main\java\com\redhat\tools\pomutils\POM.java,com.redhat.tools.pomutils.POM,getParentGroupId/0,cachedParentGroupId,3
C:\Users\Madhu\Downloads\pomutil-master\src\main\java\com\redhat\tools\pomutils\POM.java,com.redhat.tools.pomutils.POM,getParentGroupId/0,doc,1
C:\Users\Madhu\Downloads\pomutil-master\src\main\java\com\redhat\tools\pomutils\POM.java,com.redhat.tools.pomutils.POM,getArtifactId/0,doc,1
C:\Users\Madhu\Downloads\pomutil-master\src\main\java\com\redhat\tools\pomutils\POM.java,com.redhat.tools.pomutils.POM,getArtifactId/0,cachedArtifactId,3
C:\Users\Madhu\Downloads\pomutil-master\src\main\java\com\redhat\tools\pomutils\POM.java,com.redhat.tools.pomutils.POM,"lookupProperty/2[com.redhat.tools.pomutils.POM,java.lang.String]",allPOMs,1
C:\Users\Madhu\Downloads\pomutil-master\src\main\java\com\redhat\tools\pomutils\POM.java,com.redhat.tools.pomutils.POM,getParentArtifactId/0,cachedParentArtifactId,3
C:\Users\Madhu\Downloads\pomutil-master\src\main\java\com\redhat\tools\pomutils\POM.java,com.redhat.tools.pomutils.POM,getParentArtifactId/0,doc,1
C:\Users\Madhu\Downloads\pomutil-master\src\main\java\com\redhat\tools\pomutils\POM.java,com.redhat.tools.pomutils.POM,POM/1[java.io.File],file,5
C:\Users\Madhu\Downloads\pomutil-master\src\main\java\com\redhat\tools\pomutils\POM.java,com.redhat.tools.pomutils.POM,POM/1[java.io.File],children,1
C:\Users\Madhu\Downloads\pomutil-master\src\main\java\com\redhat\tools\pomutils\POM.java,com.redhat.tools.pomutils.POM,POM/1[java.io.File],doc,2
C:\Users\Madhu\Downloads\pomutil-master\src\main\java\com\redhat\tools\pomutils\POM.java,com.redhat.tools.pomutils.POM,POM/1[java.io.File],allPOMs,1
C:\Users\Madhu\Downloads\pomutil-master\src\main\java\com\redhat\tools\pomutils\POM.java,com.redhat.tools.pomutils.POM,getDependencies/0,doc,1
C:\Users\Madhu\Downloads\pomutil-master\src\main\java\com\redhat\tools\pomutils\POM.java,com.redhat.tools.pomutils.POM,setModified/0,modified,1
C:\Users\Madhu\Downloads\pomutil-master\src\main\java\com\redhat\tools\pomutils\XmlFrag.java,com.redhat.tools.pomutils.XmlFrag$FragmentDirective,toString/0,fileName,1
C:\Users\Madhu\Downloads\pomutil-master\src\main\java\com\redhat\tools\pomutils\XmlFrag.java,com.redhat.tools.pomutils.XmlFrag$FragmentDirective,"FragmentDirective/2[java.lang.String,org.w3c.dom.Comment]",node,3
C:\Users\Madhu\Downloads\pomutil-master\src\main\java\com\redhat\tools\pomutils\XmlFrag.java,com.redhat.tools.pomutils.XmlFrag$FragmentDirective,"FragmentDirective/2[java.lang.String,org.w3c.dom.Comment]",fileName,3
C:\Users\Madhu\Downloads\pomutil-master\src\main\java\com\redhat\tools\pomutils\Artifact.java,com.redhat.tools.pomutils.Artifact,toString/0,groupId,1
C:\Users\Madhu\Downloads\pomutil-master\src\main\java\com\redhat\tools\pomutils\Artifact.java,com.redhat.tools.pomutils.Artifact,toString/0,artifactId,1
C:\Users\Madhu\Downloads\pomutil-master\src\main\java\com\redhat\tools\pomutils\Artifact.java,com.redhat.tools.pomutils.Artifact,toString/0,version,1
C:\Users\Madhu\Downloads\pomutil-master\src\main\java\com\redhat\tools\pomutils\Artifact.java,com.redhat.tools.pomutils.Artifact,"Artifact/3[java.lang.String,java.lang.String,java.lang.String]",groupId,1
C:\Users\Madhu\Downloads\pomutil-master\src\main\java\com\redhat\tools\pomutils\Artifact.java,com.redhat.tools.pomutils.Artifact,"Artifact/3[java.lang.String,java.lang.String,java.lang.String]",artifactId,1
C:\Users\Madhu\Downloads\pomutil-master\src\main\java\com\redhat\tools\pomutils\Artifact.java,com.redhat.tools.pomutils.Artifact,"Artifact/3[java.lang.String,java.lang.String,java.lang.String]",version,1
C:\Users\Madhu\Downloads\pomutil-master\src\main\java\com\redhat\tools\pomutils\GenerateRootPom.java,com.redhat.tools.pomutils.GenerateRootPom,"GenerateRootPom/3[com.redhat.tools.pomutils.Manifest,java.lang.String,java.lang.String]",skeleton,3
C:\Users\Madhu\Downloads\pomutil-master\src\main\java\com\redhat\tools\pomutils\GenerateRootPom.java,com.redhat.tools.pomutils.GenerateRootPom,"GenerateRootPom/3[com.redhat.tools.pomutils.Manifest,java.lang.String,java.lang.String]",allManifest,3
C:\Users\Madhu\Downloads\pomutil-master\src\main\java\com\redhat\tools\pomutils\GenerateRootPom.java,com.redhat.tools.pomutils.GenerateRootPom,"GenerateRootPom/3[com.redhat.tools.pomutils.Manifest,java.lang.String,java.lang.String]",mf,3
C:\Users\Madhu\Downloads\pomutil-master\src\main\java\com\redhat\tools\pomutils\GenerateRootPom.java,com.redhat.tools.pomutils.GenerateRootPom,generatePOM/1[com.redhat.tools.pomutils.POM[]],skeleton,2
C:\Users\Madhu\Downloads\pomutil-master\src\main\java\com\redhat\tools\pomutils\GenerateRootPom.java,com.redhat.tools.pomutils.GenerateRootPom,getPomPath/1[com.redhat.tools.pomutils.POM],pomMap,1
C:\Users\Madhu\Downloads\pomutil-master\src\main\java\com\redhat\tools\pomutils\GenerateRootPom.java,com.redhat.tools.pomutils.GenerateRootPom,getPomPath/1[com.redhat.tools.pomutils.POM],mf,1
C:\Users\Madhu\Downloads\pomutil-master\src\main\java\com\redhat\tools\pomutils\GenerateRootPom.java,com.redhat.tools.pomutils.GenerateRootPom,getPOMsToBuild/0,pomMap,2
C:\Users\Madhu\Downloads\pomutil-master\src\main\java\com\redhat\tools\pomutils\GenerateRootPom.java,com.redhat.tools.pomutils.GenerateRootPom,getPOMsToBuild/0,allManifest,1
C:\Users\Madhu\Downloads\pomutil-master\src\main\java\com\redhat\tools\pomutils\GenerateRootPom.java,com.redhat.tools.pomutils.GenerateRootPom,getPOMsToBuild/0,mf,3
C:\Users\Madhu\Downloads\pomutil-master\src\main\java\com\redhat\tools\pomutils\XmlFrag.java,com.redhat.tools.pomutils.XmlFrag$FragmentContent,"FragmentContent/2[java.lang.String,java.lang.String]",hash,3
C:\Users\Madhu\Downloads\pomutil-master\src\main\java\com\redhat\tools\pomutils\XmlFrag.java,com.redhat.tools.pomutils.XmlFrag$FragmentContent,toString/0,hash,1
