file,class,method,constructor,line,cbo,cboModified,fanin,fanout,wmc,rfc,loc,returnsQty,variablesQty,parametersQty,methodsInvokedQty,methodsInvokedLocalQty,methodsInvokedIndirectLocalQty,loopQty,comparisonsQty,tryCatchQty,parenthesizedExpsQty,stringLiteralsQty,numbersQty,assignmentsQty,mathOperationsQty,maxNestedBlocksQty,anonymousClassesQty,innerClassesQty,lambdasQty,uniqueWordsQty,modifiers,logStatementsQty,hasJavaDoc
C:\Users\Madhu\Downloads\pomutil-master\src\main\java\com\redhat\tools\pomutils\XmlFrag.java,com.redhat.tools.pomutils.XmlFrag,"importFragment/3[org.w3c.dom.Node,org.w3c.dom.DocumentFragment,org.w3c.dom.Document]",false,159,3,6,1,5,2,5,8,0,2,3,5,0,0,1,1,0,0,0,0,3,0,1,0,0,0,7,2,0,false
C:\Users\Madhu\Downloads\pomutil-master\src\main\java\com\redhat\tools\pomutils\XmlFrag.java,com.redhat.tools.pomutils.XmlFrag,tostr/1[byte[]],false,168,1,1,1,0,2,3,8,1,2,1,3,0,0,1,0,0,1,0,7,2,2,1,0,0,0,6,2,0,false
C:\Users\Madhu\Downloads\pomutil-master\src\main\java\com\redhat\tools\pomutils\XmlFrag.java,com.redhat.tools.pomutils.XmlFrag,loadFragment/1[java.lang.String],false,177,4,7,1,6,3,8,15,1,5,1,8,0,0,1,1,0,0,2,0,6,1,2,0,0,0,20,2,0,false
C:\Users\Madhu\Downloads\pomutil-master\src\main\java\com\redhat\tools\pomutils\XmlFrag.java,com.redhat.tools.pomutils.XmlFrag,"digest/2[java.security.MessageDigest,org.w3c.dom.Node]",false,242,5,15,3,12,6,12,23,1,5,2,12,2,1,2,1,0,2,1,1,6,1,2,0,0,0,23,9,0,true
C:\Users\Madhu\Downloads\pomutil-master\src\main\java\com\redhat\tools\pomutils\XmlFrag.java,com.redhat.tools.pomutils.XmlFrag,"processXML/3[java.io.File,org.w3c.dom.Document,boolean]",false,103,9,13,1,12,10,20,44,1,12,3,20,6,3,2,1,0,1,11,5,14,6,6,0,0,0,45,1,0,false
C:\Users\Madhu\Downloads\pomutil-master\src\main\java\com\redhat\tools\pomutils\XmlFrag.java,com.redhat.tools.pomutils.XmlFrag,XmlFrag/1[java.io.File],true,99,0,1,1,0,1,0,3,0,0,1,0,0,0,0,0,0,0,0,0,1,0,0,0,0,0,5,1,0,false
C:\Users\Madhu\Downloads\pomutil-master\src\main\java\com\redhat\tools\pomutils\XmlFrag.java,com.redhat.tools.pomutils.XmlFrag,"update/2[java.security.MessageDigest,java.lang.String]",false,266,0,1,1,0,3,4,8,0,0,2,4,0,0,0,1,0,0,0,1,1,0,2,0,0,0,5,10,0,false
C:\Users\Madhu\Downloads\pomutil-master\src\main\java\com\redhat\tools\pomutils\XmlFrag.java,com.redhat.tools.pomutils.XmlFrag,"scanComments/2[org.w3c.dom.Node,java.util.List<com.redhat.tools.pomutils.XmlFrag.FragmentDirective>]",false,193,6,9,2,7,14,14,39,0,5,2,14,1,0,1,9,0,1,11,3,12,5,6,0,0,0,24,2,0,false
C:\Users\Madhu\Downloads\pomutil-master\src\main\java\com\redhat\tools\pomutils\XmlFrag.java,com.redhat.tools.pomutils.XmlFrag,main/1[java.lang.String[]],false,293,3,3,0,3,7,9,27,0,7,1,9,1,4,2,0,0,0,23,2,9,3,3,0,0,0,61,9,0,false
C:\Users\Madhu\Downloads\pomutil-master\src\main\java\com\redhat\tools\pomutils\XmlFrag.java,com.redhat.tools.pomutils.XmlFrag,"digest/2[java.security.MessageDigest,java.util.List<org.w3c.dom.Node>]",false,287,2,2,1,1,2,1,4,1,0,2,1,1,2,1,0,0,0,0,0,0,0,1,0,0,0,7,9,0,false
C:\Users\Madhu\Downloads\pomutil-master\src\main\java\com\redhat\tools\pomutils\XmlFrag.java,com.redhat.tools.pomutils.XmlFrag,"digestFragment/2[java.security.MessageDigest,org.w3c.dom.Node]",false,277,2,4,1,3,2,3,8,1,1,2,3,1,2,1,1,0,0,0,0,2,0,1,0,0,0,9,9,0,false
C:\Users\Madhu\Downloads\pomutil-master\src\main\java\com\redhat\tools\pomutils\Manifest.java,com.redhat.tools.pomutils.Manifest,Manifest/0,true,92,0,1,1,0,1,0,2,0,0,0,0,0,0,0,0,0,0,0,0,0,0,0,0,0,0,1,1,0,false
C:\Users\Madhu\Downloads\pomutil-master\src\main\java\com\redhat\tools\pomutils\Manifest.java,com.redhat.tools.pomutils.Manifest,getPOMForProject/1[java.lang.String],false,47,0,2,2,0,1,1,3,1,0,1,1,0,0,0,0,0,0,0,0,0,0,0,0,0,0,7,1,0,false
C:\Users\Madhu\Downloads\pomutil-master\src\main\java\com\redhat\tools\pomutils\Manifest.java,com.redhat.tools.pomutils.Manifest,getBuildProjects/0,false,51,0,1,1,0,1,2,5,1,1,0,2,0,0,0,0,0,0,0,0,1,0,0,0,0,0,4,1,0,false
C:\Users\Madhu\Downloads\pomutil-master\src\main\java\com\redhat\tools\pomutils\Manifest.java,com.redhat.tools.pomutils.Manifest,parse/1[java.io.File],false,57,5,10,1,9,8,14,30,0,12,1,14,0,0,2,1,1,0,3,2,13,1,4,0,0,0,27,1,0,false
C:\Users\Madhu\Downloads\pomutil-master\src\main\java\com\redhat\tools\pomutils\Manifest.java,com.redhat.tools.pomutils.Manifest,toString/0,false,88,0,0,0,0,1,0,3,1,0,0,0,0,0,0,0,0,0,3,0,0,1,0,0,0,0,7,1,0,false
C:\Users\Madhu\Downloads\pomutil-master\src\main\java\com\redhat\tools\pomutils\Manifest.java,com.redhat.tools.pomutils.Manifest,getAllProjects/0,false,41,0,1,1,0,1,3,5,1,1,0,3,0,0,0,0,0,0,0,0,1,0,0,0,0,0,4,1,0,false
C:\Users\Madhu\Downloads\pomutil-master\src\main\java\com\redhat\tools\pomutils\POM.java,com.redhat.tools.pomutils.POM,write/0,false,80,1,2,1,1,1,1,4,0,0,0,1,0,0,0,0,0,0,0,0,1,0,0,0,0,0,4,1,0,false
C:\Users\Madhu\Downloads\pomutil-master\src\main\java\com\redhat\tools\pomutils\POM.java,com.redhat.tools.pomutils.POM,getGroupId/0,false,118,3,12,8,4,3,4,8,1,1,0,4,2,4,0,2,0,0,0,0,3,0,2,0,0,0,8,1,0,false
C:\Users\Madhu\Downloads\pomutil-master\src\main\java\com\redhat\tools\pomutils\POM.java,com.redhat.tools.pomutils.POM,resolve/1[java.lang.String],false,223,1,6,5,1,12,7,36,2,7,1,7,1,3,1,7,0,0,0,11,12,0,4,0,0,0,14,1,0,false
C:\Users\Madhu\Downloads\pomutil-master\src\main\java\com\redhat\tools\pomutils\POM.java,com.redhat.tools.pomutils.POM,isModified/0,false,93,0,1,1,0,1,0,3,1,0,0,0,0,0,0,0,0,0,0,0,0,0,0,0,0,0,3,1,0,false
C:\Users\Madhu\Downloads\pomutil-master\src\main\java\com\redhat\tools\pomutils\POM.java,com.redhat.tools.pomutils.POM,getRootPom/0,false,97,1,2,1,1,4,1,11,1,2,0,1,1,2,1,2,0,0,0,0,4,0,2,0,0,0,10,1,0,false
C:\Users\Madhu\Downloads\pomutil-master\src\main\java\com\redhat\tools\pomutils\POM.java,com.redhat.tools.pomutils.POM,lookupProperty/1[java.lang.String],false,294,6,8,1,7,3,8,10,2,5,1,8,1,4,1,0,0,0,0,1,5,0,2,0,0,0,13,2,0,false
C:\Users\Madhu\Downloads\pomutil-master\src\main\java\com\redhat\tools\pomutils\POM.java,com.redhat.tools.pomutils.POM,getDependencyManagement/0,false,207,3,3,1,2,1,2,3,1,0,0,2,0,0,0,0,0,0,0,0,0,0,0,0,0,0,5,1,0,false
C:\Users\Madhu\Downloads\pomutil-master\src\main\java\com\redhat\tools\pomutils\POM.java,com.redhat.tools.pomutils.POM,setVersion/1[java.lang.String],false,147,5,10,1,9,4,10,16,2,2,1,10,2,5,0,2,0,0,3,0,5,1,2,0,0,0,19,1,0,false
C:\Users\Madhu\Downloads\pomutil-master\src\main\java\com\redhat\tools\pomutils\POM.java,com.redhat.tools.pomutils.POM,"fillDF/2[java.util.List<com.redhat.tools.pomutils.POM>,com.redhat.tools.pomutils.POM]",false,217,1,3,2,1,2,2,4,0,0,2,2,1,0,1,0,0,0,0,0,0,0,1,0,0,0,8,2,0,false
C:\Users\Madhu\Downloads\pomutil-master\src\main\java\com\redhat\tools\pomutils\POM.java,com.redhat.tools.pomutils.POM,getFile/0,false,76,0,1,1,0,1,0,3,1,0,0,0,0,0,0,0,0,0,0,0,0,0,0,0,0,0,3,1,0,false
C:\Users\Madhu\Downloads\pomutil-master\src\main\java\com\redhat\tools\pomutils\POM.java,com.redhat.tools.pomutils.POM,getParentVersion/0,false,182,2,4,2,2,2,2,4,1,0,0,2,0,0,0,1,0,0,0,0,1,0,1,0,0,0,5,1,0,false
C:\Users\Madhu\Downloads\pomutil-master\src\main\java\com\redhat\tools\pomutils\POM.java,com.redhat.tools.pomutils.POM,getVersion/0,false,136,3,8,4,4,3,4,8,1,1,0,4,2,3,0,2,0,0,0,0,3,0,2,0,0,0,7,1,0,false
C:\Users\Madhu\Downloads\pomutil-master\src\main\java\com\redhat\tools\pomutils\POM.java,com.redhat.tools.pomutils.POM,setParentVersion/1[java.lang.String],false,189,5,7,1,6,3,7,11,2,1,1,7,2,5,0,1,0,0,2,0,3,1,1,0,0,0,20,1,0,false
C:\Users\Madhu\Downloads\pomutil-master\src\main\java\com\redhat\tools\pomutils\POM.java,com.redhat.tools.pomutils.POM,getParentPom/0,false,109,1,3,1,2,3,3,6,2,2,0,3,2,1,0,2,0,0,1,0,2,1,1,0,0,0,11,1,0,false
C:\Users\Madhu\Downloads\pomutil-master\src\main\java\com\redhat\tools\pomutils\POM.java,com.redhat.tools.pomutils.POM,getParentGroupId/0,false,168,2,6,4,2,2,2,4,1,0,0,2,0,0,0,1,0,0,0,0,1,0,1,0,0,0,6,1,0,false
C:\Users\Madhu\Downloads\pomutil-master\src\main\java\com\redhat\tools\pomutils\POM.java,com.redhat.tools.pomutils.POM,getId/0,false,85,1,8,6,2,1,2,3,1,0,0,2,2,5,0,0,0,0,1,0,0,1,0,0,0,0,4,1,0,false
C:\Users\Madhu\Downloads\pomutil-master\src\main\java\com\redhat\tools\pomutils\POM.java,com.redhat.tools.pomutils.POM,getArtifactId/0,false,129,3,11,8,3,2,3,4,1,0,0,3,1,4,0,1,0,0,0,0,1,0,1,0,0,0,6,1,0,false
C:\Users\Madhu\Downloads\pomutil-master\src\main\java\com\redhat\tools\pomutils\POM.java,com.redhat.tools.pomutils.POM,"lookupProperty/2[com.redhat.tools.pomutils.POM,java.lang.String]",false,271,3,5,1,4,7,6,18,3,6,2,6,2,3,1,5,0,0,3,0,8,2,3,0,0,0,18,2,0,false
C:\Users\Madhu\Downloads\pomutil-master\src\main\java\com\redhat\tools\pomutils\POM.java,com.redhat.tools.pomutils.POM,getParentArtifactId/0,false,175,2,5,3,2,2,2,4,1,0,0,2,0,0,0,1,0,0,0,0,1,0,1,0,0,0,6,1,0,false
C:\Users\Madhu\Downloads\pomutil-master\src\main\java\com\redhat\tools\pomutils\POM.java,com.redhat.tools.pomutils.POM,depthFirstIterator/0,false,211,1,3,2,1,1,2,5,1,1,0,2,1,1,0,0,0,0,0,0,1,0,0,0,0,0,7,1,0,false
C:\Users\Madhu\Downloads\pomutil-master\src\main\java\com\redhat\tools\pomutils\POM.java,com.redhat.tools.pomutils.POM,POM/1[java.io.File],true,61,3,7,3,4,2,7,12,0,4,1,7,1,6,1,0,0,0,1,0,6,0,1,0,0,0,15,1,0,false
C:\Users\Madhu\Downloads\pomutil-master\src\main\java\com\redhat\tools\pomutils\POM.java,com.redhat.tools.pomutils.POM,getDependencies/0,false,203,3,6,4,2,1,2,3,1,0,0,2,0,0,0,0,0,0,0,0,0,0,0,0,0,0,4,1,0,false
C:\Users\Madhu\Downloads\pomutil-master\src\main\java\com\redhat\tools\pomutils\POM.java,com.redhat.tools.pomutils.POM,setModified/0,false,89,0,2,2,0,1,0,3,0,0,0,0,0,0,0,0,0,0,0,0,1,0,0,0,0,0,4,1,0,false
C:\Users\Madhu\Downloads\pomutil-master\src\main\java\com\redhat\tools\pomutils\XmlFrag.java,com.redhat.tools.pomutils.XmlFrag$FragmentDirective,toString/0,false,78,0,0,0,0,1,0,3,1,0,0,0,0,0,0,0,0,0,0,0,0,0,0,0,0,0,4,1,0,false
C:\Users\Madhu\Downloads\pomutil-master\src\main\java\com\redhat\tools\pomutils\XmlFrag.java,com.redhat.tools.pomutils.XmlFrag$FragmentDirective,"FragmentDirective/2[java.lang.String,org.w3c.dom.Comment]",true,73,1,1,1,0,1,0,4,0,0,2,0,0,0,0,0,0,0,0,0,2,0,0,0,0,0,5,1,0,false
C:\Users\Madhu\Downloads\pomutil-master\src\main\java\com\redhat\tools\pomutils\Artifact.java,com.redhat.tools.pomutils.Artifact,toString/0,false,46,0,0,0,0,1,0,3,1,0,0,0,0,0,0,0,0,0,2,0,0,1,0,0,0,0,6,1,0,false
C:\Users\Madhu\Downloads\pomutil-master\src\main\java\com\redhat\tools\pomutils\Artifact.java,com.redhat.tools.pomutils.Artifact,parse/1[java.lang.String],false,36,1,2,1,1,1,3,9,1,4,1,3,0,0,0,0,0,0,0,4,6,2,0,0,0,0,7,9,0,false
C:\Users\Madhu\Downloads\pomutil-master\src\main\java\com\redhat\tools\pomutils\Artifact.java,com.redhat.tools.pomutils.Artifact,"Artifact/3[java.lang.String,java.lang.String,java.lang.String]",true,29,0,1,1,0,1,0,5,0,0,3,0,0,0,0,0,0,0,0,0,3,0,0,0,0,0,8,1,0,false
C:\Users\Madhu\Downloads\pomutil-master\src\main\java\com\redhat\tools\pomutils\GenerateRootPom.java,com.redhat.tools.pomutils.GenerateRootPom,"GenerateRootPom/3[com.redhat.tools.pomutils.Manifest,java.lang.String,java.lang.String]",true,39,1,1,1,0,1,0,5,0,0,3,0,0,0,0,0,0,0,0,0,3,0,0,0,0,0,8,1,0,false
C:\Users\Madhu\Downloads\pomutil-master\src\main\java\com\redhat\tools\pomutils\GenerateRootPom.java,com.redhat.tools.pomutils.GenerateRootPom,"addAllArtifacts/2[java.util.Set<java.lang.String>,com.redhat.tools.pomutils.POM]",false,46,1,3,1,2,2,5,4,0,1,2,5,0,0,1,0,0,1,0,0,1,0,1,0,0,0,9,10,0,false
C:\Users\Madhu\Downloads\pomutil-master\src\main\java\com\redhat\tools\pomutils\GenerateRootPom.java,com.redhat.tools.pomutils.GenerateRootPom,getRootPoms/1[java.util.Set<java.lang.String>],false,90,1,2,1,1,2,5,9,1,3,1,5,0,0,1,0,0,0,0,0,3,0,1,0,0,0,12,10,0,false
C:\Users\Madhu\Downloads\pomutil-master\src\main\java\com\redhat\tools\pomutils\GenerateRootPom.java,com.redhat.tools.pomutils.GenerateRootPom,generatePOM/1[com.redhat.tools.pomutils.POM[]],false,140,6,10,1,9,5,11,20,1,4,1,11,2,1,2,3,0,0,4,0,5,0,2,0,0,0,23,1,0,false
C:\Users\Madhu\Downloads\pomutil-master\src\main\java\com\redhat\tools\pomutils\GenerateRootPom.java,com.redhat.tools.pomutils.GenerateRootPom,getPomPath/1[com.redhat.tools.pomutils.POM],false,100,2,3,1,2,3,6,10,1,2,1,6,0,0,1,1,0,0,1,0,2,1,2,0,0,0,15,2,0,false
C:\Users\Madhu\Downloads\pomutil-master\src\main\java\com\redhat\tools\pomutils\GenerateRootPom.java,com.redhat.tools.pomutils.GenerateRootPom,getPOMsToBuild/0,false,166,3,9,1,8,15,16,38,1,9,0,16,3,1,7,4,0,0,4,1,11,1,6,0,0,0,34,1,0,false
C:\Users\Madhu\Downloads\pomutil-master\src\main\java\com\redhat\tools\pomutils\GenerateRootPom.java,com.redhat.tools.pomutils.GenerateRootPom,findDependentArtifacts/1[java.lang.String],false,52,4,5,0,5,3,9,14,1,9,1,9,0,0,1,1,0,0,1,1,9,1,2,0,0,0,22,10,0,false
C:\Users\Madhu\Downloads\pomutil-master\src\main\java\com\redhat\tools\pomutils\GenerateRootPom.java,com.redhat.tools.pomutils.GenerateRootPom,findArtifactsDependingOn/1[java.lang.String],false,68,4,6,1,5,5,13,20,1,10,1,13,0,0,2,0,0,0,0,3,10,1,3,0,0,0,23,10,0,false
C:\Users\Madhu\Downloads\pomutil-master\src\main\java\com\redhat\tools\pomutils\GenerateRootPom.java,com.redhat.tools.pomutils.GenerateRootPom,generateSkeleton/1[org.w3c.dom.Document],false,111,3,4,1,3,1,3,28,0,2,1,3,0,0,0,0,0,0,19,0,7,0,0,0,0,0,7,2,0,false
C:\Users\Madhu\Downloads\pomutil-master\src\main\java\com\redhat\tools\pomutils\XmlFrag.java,com.redhat.tools.pomutils.XmlFrag$FragmentContent,"FragmentContent/2[java.lang.String,java.lang.String]",true,87,0,1,1,0,1,0,4,0,0,2,0,0,0,0,0,0,0,0,0,1,0,0,0,0,0,3,1,0,false
C:\Users\Madhu\Downloads\pomutil-master\src\main\java\com\redhat\tools\pomutils\XmlFrag.java,com.redhat.tools.pomutils.XmlFrag$FragmentContent,toString/0,false,92,0,0,0,0,1,1,3,1,0,0,1,0,0,0,0,0,0,1,0,0,1,0,0,0,0,3,1,0,false
C:\Users\Madhu\Downloads\pomutil-master\src\main\java\com\redhat\tools\pomutils\XML.java,com.redhat.tools.pomutils.XML,"getElementText/2[java.lang.Object,javax.xml.xpath.XPathExpression]",false,113,2,13,12,1,3,2,10,2,1,2,2,0,0,0,1,1,0,0,0,1,0,2,0,0,0,9,9,0,false
C:\Users\Madhu\Downloads\pomutil-master\src\main\java\com\redhat\tools\pomutils\XML.java,com.redhat.tools.pomutils.XML,"getElement/2[java.lang.Object,javax.xml.xpath.XPathExpression]",false,105,1,5,5,0,2,1,8,1,0,2,1,0,0,0,0,1,0,0,0,0,0,1,0,0,0,7,9,0,false
C:\Users\Madhu\Downloads\pomutil-master\src\main\java\com\redhat\tools\pomutils\XML.java,com.redhat.tools.pomutils.XML,(initializer 1),false,74,0,0,0,0,2,5,27,0,0,0,5,0,0,0,0,1,0,18,0,20,0,1,0,0,0,31,8,0,false
C:\Users\Madhu\Downloads\pomutil-master\src\main\java\com\redhat\tools\pomutils\XML.java,com.redhat.tools.pomutils.XML,"getElements/2[java.lang.Object,javax.xml.xpath.XPathExpression]",false,125,1,7,7,0,2,1,8,1,0,2,1,0,0,0,0,1,0,0,0,0,0,1,0,0,0,9,9,0,false
C:\Users\Madhu\Downloads\pomutil-master\src\main\java\com\redhat\tools\pomutils\XML.java,com.redhat.tools.pomutils.XML,"getElementTexts/2[java.lang.Object,javax.xml.xpath.XPathExpression]",false,133,4,5,1,4,3,4,14,1,4,2,4,1,1,1,0,1,1,0,1,5,0,2,0,0,0,15,9,0,false
C:\Users\Madhu\Downloads\pomutil-master\src\main\java\com\redhat\tools\pomutils\XML.java,com.redhat.tools.pomutils.XML,"write/2[org.w3c.dom.Document,java.io.File]",false,147,1,3,3,0,1,5,9,0,3,2,5,0,0,0,0,0,0,2,0,3,0,0,0,0,0,18,9,0,false
C:\Users\Madhu\Downloads\pomutil-master\src\main\java\com\redhat\tools\pomutils\Main.java,com.redhat.tools.pomutils.Main,checkVersionSanity/0,false,99,1,2,1,1,2,2,3,0,0,0,2,1,2,1,0,0,0,0,0,0,0,1,0,0,0,8,10,0,false
C:\Users\Madhu\Downloads\pomutil-master\src\main\java\com\redhat\tools\pomutils\Main.java,com.redhat.tools.pomutils.Main,printHelp/0,false,332,0,1,1,0,1,2,4,0,0,0,2,0,0,0,0,0,0,56,1,0,1,0,0,0,0,64,10,0,false
C:\Users\Madhu\Downloads\pomutil-master\src\main\java\com\redhat\tools\pomutils\Main.java,com.redhat.tools.pomutils.Main,printVersions/1[com.redhat.tools.pomutils.POM],false,36,1,5,1,4,2,7,6,0,2,1,7,0,0,1,0,0,0,2,0,2,1,1,0,0,0,9,10,0,false
C:\Users\Madhu\Downloads\pomutil-master\src\main\java\com\redhat\tools\pomutils\Main.java,com.redhat.tools.pomutils.Main,checkVersionSanity/1[com.redhat.tools.pomutils.POM],false,65,3,10,1,9,6,12,18,0,4,1,12,1,1,0,4,0,0,12,0,5,4,4,0,0,0,29,10,0,false
C:\Users\Madhu\Downloads\pomutil-master\src\main\java\com\redhat\tools\pomutils\Main.java,com.redhat.tools.pomutils.Main,"fixDependencies/3[com.redhat.tools.pomutils.POM,com.redhat.tools.pomutils.Artifact,org.w3c.dom.NodeList]",false,109,6,9,1,8,4,10,18,1,6,3,10,0,0,1,1,0,0,2,1,7,1,3,0,0,0,21,10,0,false
C:\Users\Madhu\Downloads\pomutil-master\src\main\java\com\redhat\tools\pomutils\Main.java,com.redhat.tools.pomutils.Main,readResponse/0,false,104,0,0,0,0,1,1,4,1,1,0,1,0,0,0,0,0,0,0,0,1,0,0,0,0,0,8,10,0,false
C:\Users\Madhu\Downloads\pomutil-master\src\main\java\com\redhat\tools\pomutils\Main.java,com.redhat.tools.pomutils.Main,write/1[boolean],false,174,1,5,1,4,4,6,8,0,0,1,6,0,0,1,0,0,0,2,0,0,1,2,0,0,0,8,10,0,false
C:\Users\Madhu\Downloads\pomutil-master\src\main\java\com\redhat\tools\pomutils\Main.java,com.redhat.tools.pomutils.Main,main/1[java.lang.String[]],false,183,10,23,0,23,49,38,141,0,33,1,38,6,4,5,11,0,2,37,17,70,6,8,0,0,0,66,9,0,false
C:\Users\Madhu\Downloads\pomutil-master\src\main\java\com\redhat\tools\pomutils\Main.java,com.redhat.tools.pomutils.Main,"checkDependencyVersionSanity/2[com.redhat.tools.pomutils.POM,org.w3c.dom.NodeList]",false,45,4,8,1,7,5,10,15,0,7,2,10,0,0,1,2,0,0,6,1,7,2,4,0,0,0,26,10,0,false
C:\Users\Madhu\Downloads\pomutil-master\src\main\java\com\redhat\tools\pomutils\Main.java,com.redhat.tools.pomutils.Main,fixDependencies/1[com.redhat.tools.pomutils.Artifact],false,128,4,6,1,5,6,9,15,1,5,1,9,1,1,1,0,0,0,6,0,8,2,2,0,0,0,26,10,0,false
C:\Users\Madhu\Downloads\pomutil-master\src\main\java\com\redhat\tools\pomutils\Main.java,com.redhat.tools.pomutils.Main,"findDependency/2[com.redhat.tools.pomutils.POM,com.redhat.tools.pomutils.Artifact]",false,150,6,7,1,6,7,7,20,3,8,2,7,0,0,1,1,0,0,1,1,8,0,6,0,0,0,21,10,0,false
