file,class,method,variable,usage
C:\Users\Madhu\Downloads\pomutil-master\src\main\java\com\redhat\tools\pomutils\XmlFrag.java,com.redhat.tools.pomutils.XmlFrag,"importFragment/3[org.w3c.dom.Node,org.w3c.dom.DocumentFragment,org.w3c.dom.Document]",importedNode,1
C:\Users\Madhu\Downloads\pomutil-master\src\main\java\com\redhat\tools\pomutils\XmlFrag.java,com.redhat.tools.pomutils.XmlFrag,"importFragment/3[org.w3c.dom.Node,org.w3c.dom.DocumentFragment,org.w3c.dom.Document]",fragmentDoc,1
C:\Users\Madhu\Downloads\pomutil-master\src\main\java\com\redhat\tools\pomutils\XmlFrag.java,com.redhat.tools.pomutils.XmlFrag,"importFragment/3[org.w3c.dom.Node,org.w3c.dom.DocumentFragment,org.w3c.dom.Document]",doc,1
C:\Users\Madhu\Downloads\pomutil-master\src\main\java\com\redhat\tools\pomutils\XmlFrag.java,com.redhat.tools.pomutils.XmlFrag,"importFragment/3[org.w3c.dom.Node,org.w3c.dom.DocumentFragment,org.w3c.dom.Document]",commentNode,2
C:\Users\Madhu\Downloads\pomutil-master\src\main\java\com\redhat\tools\pomutils\XmlFrag.java,com.redhat.tools.pomutils.XmlFrag,"importFragment/3[org.w3c.dom.Node,org.w3c.dom.DocumentFragment,org.w3c.dom.Document]",child,4
C:\Users\Madhu\Downloads\pomutil-master\src\main\java\com\redhat\tools\pomutils\XmlFrag.java,com.redhat.tools.pomutils.XmlFrag,tostr/1[byte[]],arr,4
C:\Users\Madhu\Downloads\pomutil-master\src\main\java\com\redhat\tools\pomutils\XmlFrag.java,com.redhat.tools.pomutils.XmlFrag,tostr/1[byte[]],buf,3
C:\Users\Madhu\Downloads\pomutil-master\src\main\java\com\redhat\tools\pomutils\XmlFrag.java,com.redhat.tools.pomutils.XmlFrag,tostr/1[byte[]],i,4
C:\Users\Madhu\Downloads\pomutil-master\src\main\java\com\redhat\tools\pomutils\XmlFrag.java,com.redhat.tools.pomutils.XmlFrag,loadFragment/1[java.lang.String],next,1
C:\Users\Madhu\Downloads\pomutil-master\src\main\java\com\redhat\tools\pomutils\XmlFrag.java,com.redhat.tools.pomutils.XmlFrag,loadFragment/1[java.lang.String],fileName,2
C:\Users\Madhu\Downloads\pomutil-master\src\main\java\com\redhat\tools\pomutils\XmlFrag.java,com.redhat.tools.pomutils.XmlFrag,loadFragment/1[java.lang.String],fragment,2
C:\Users\Madhu\Downloads\pomutil-master\src\main\java\com\redhat\tools\pomutils\XmlFrag.java,com.redhat.tools.pomutils.XmlFrag,loadFragment/1[java.lang.String],root,2
C:\Users\Madhu\Downloads\pomutil-master\src\main\java\com\redhat\tools\pomutils\XmlFrag.java,com.redhat.tools.pomutils.XmlFrag,loadFragment/1[java.lang.String],doc,2
C:\Users\Madhu\Downloads\pomutil-master\src\main\java\com\redhat\tools\pomutils\XmlFrag.java,com.redhat.tools.pomutils.XmlFrag,loadFragment/1[java.lang.String],child,4
C:\Users\Madhu\Downloads\pomutil-master\src\main\java\com\redhat\tools\pomutils\XmlFrag.java,com.redhat.tools.pomutils.XmlFrag,"digest/2[java.security.MessageDigest,org.w3c.dom.Node]",node,5
C:\Users\Madhu\Downloads\pomutil-master\src\main\java\com\redhat\tools\pomutils\XmlFrag.java,com.redhat.tools.pomutils.XmlFrag,"digest/2[java.security.MessageDigest,org.w3c.dom.Node]",ch,4
C:\Users\Madhu\Downloads\pomutil-master\src\main\java\com\redhat\tools\pomutils\XmlFrag.java,com.redhat.tools.pomutils.XmlFrag,"digest/2[java.security.MessageDigest,org.w3c.dom.Node]",digest,6
C:\Users\Madhu\Downloads\pomutil-master\src\main\java\com\redhat\tools\pomutils\XmlFrag.java,com.redhat.tools.pomutils.XmlFrag,"digest/2[java.security.MessageDigest,org.w3c.dom.Node]",i,3
C:\Users\Madhu\Downloads\pomutil-master\src\main\java\com\redhat\tools\pomutils\XmlFrag.java,com.redhat.tools.pomutils.XmlFrag,"digest/2[java.security.MessageDigest,org.w3c.dom.Node]",attr,2
C:\Users\Madhu\Downloads\pomutil-master\src\main\java\com\redhat\tools\pomutils\XmlFrag.java,com.redhat.tools.pomutils.XmlFrag,"digest/2[java.security.MessageDigest,org.w3c.dom.Node]",attrMap,2
C:\Users\Madhu\Downloads\pomutil-master\src\main\java\com\redhat\tools\pomutils\XmlFrag.java,com.redhat.tools.pomutils.XmlFrag,"digest/2[java.security.MessageDigest,org.w3c.dom.Node]",n,1
C:\Users\Madhu\Downloads\pomutil-master\src\main\java\com\redhat\tools\pomutils\XmlFrag.java,com.redhat.tools.pomutils.XmlFrag,"processXML/3[java.io.File,org.w3c.dom.Document,boolean]",frag,10
C:\Users\Madhu\Downloads\pomutil-master\src\main\java\com\redhat\tools\pomutils\XmlFrag.java,com.redhat.tools.pomutils.XmlFrag,"processXML/3[java.io.File,org.w3c.dom.Document,boolean]",c,1
C:\Users\Madhu\Downloads\pomutil-master\src\main\java\com\redhat\tools\pomutils\XmlFrag.java,com.redhat.tools.pomutils.XmlFrag,"processXML/3[java.io.File,org.w3c.dom.Document,boolean]",i,2
C:\Users\Madhu\Downloads\pomutil-master\src\main\java\com\redhat\tools\pomutils\XmlFrag.java,com.redhat.tools.pomutils.XmlFrag,"processXML/3[java.io.File,org.w3c.dom.Document,boolean]",forceRefresh,2
C:\Users\Madhu\Downloads\pomutil-master\src\main\java\com\redhat\tools\pomutils\XmlFrag.java,com.redhat.tools.pomutils.XmlFrag,"processXML/3[java.io.File,org.w3c.dom.Document,boolean]",n,2
C:\Users\Madhu\Downloads\pomutil-master\src\main\java\com\redhat\tools\pomutils\XmlFrag.java,com.redhat.tools.pomutils.XmlFrag,"processXML/3[java.io.File,org.w3c.dom.Document,boolean]",node,7
C:\Users\Madhu\Downloads\pomutil-master\src\main\java\com\redhat\tools\pomutils\XmlFrag.java,com.redhat.tools.pomutils.XmlFrag,"processXML/3[java.io.File,org.w3c.dom.Document,boolean]",file,1
C:\Users\Madhu\Downloads\pomutil-master\src\main\java\com\redhat\tools\pomutils\XmlFrag.java,com.redhat.tools.pomutils.XmlFrag,"processXML/3[java.io.File,org.w3c.dom.Document,boolean]",fragmentHash,3
C:\Users\Madhu\Downloads\pomutil-master\src\main\java\com\redhat\tools\pomutils\XmlFrag.java,com.redhat.tools.pomutils.XmlFrag,"processXML/3[java.io.File,org.w3c.dom.Document,boolean]",root,1
C:\Users\Madhu\Downloads\pomutil-master\src\main\java\com\redhat\tools\pomutils\XmlFrag.java,com.redhat.tools.pomutils.XmlFrag,"processXML/3[java.io.File,org.w3c.dom.Document,boolean]",fragmentDoc,3
C:\Users\Madhu\Downloads\pomutil-master\src\main\java\com\redhat\tools\pomutils\XmlFrag.java,com.redhat.tools.pomutils.XmlFrag,"processXML/3[java.io.File,org.w3c.dom.Document,boolean]",digest,9
C:\Users\Madhu\Downloads\pomutil-master\src\main\java\com\redhat\tools\pomutils\XmlFrag.java,com.redhat.tools.pomutils.XmlFrag,"processXML/3[java.io.File,org.w3c.dom.Document,boolean]",lastNode,1
C:\Users\Madhu\Downloads\pomutil-master\src\main\java\com\redhat\tools\pomutils\XmlFrag.java,com.redhat.tools.pomutils.XmlFrag,"processXML/3[java.io.File,org.w3c.dom.Document,boolean]",doc,4
C:\Users\Madhu\Downloads\pomutil-master\src\main\java\com\redhat\tools\pomutils\XmlFrag.java,com.redhat.tools.pomutils.XmlFrag,"processXML/3[java.io.File,org.w3c.dom.Document,boolean]",modified,3
C:\Users\Madhu\Downloads\pomutil-master\src\main\java\com\redhat\tools\pomutils\XmlFrag.java,com.redhat.tools.pomutils.XmlFrag,"processXML/3[java.io.File,org.w3c.dom.Document,boolean]",fragments,2
C:\Users\Madhu\Downloads\pomutil-master\src\main\java\com\redhat\tools\pomutils\XmlFrag.java,com.redhat.tools.pomutils.XmlFrag,"processXML/3[java.io.File,org.w3c.dom.Document,boolean]",fc,9
C:\Users\Madhu\Downloads\pomutil-master\src\main\java\com\redhat\tools\pomutils\XmlFrag.java,com.redhat.tools.pomutils.XmlFrag,"processXML/3[java.io.File,org.w3c.dom.Document,boolean]",hash,6
C:\Users\Madhu\Downloads\pomutil-master\src\main\java\com\redhat\tools\pomutils\XmlFrag.java,com.redhat.tools.pomutils.XmlFrag,XmlFrag/1[java.io.File],fragDir,2
C:\Users\Madhu\Downloads\pomutil-master\src\main\java\com\redhat\tools\pomutils\XmlFrag.java,com.redhat.tools.pomutils.XmlFrag,"update/2[java.security.MessageDigest,java.lang.String]",s,5
C:\Users\Madhu\Downloads\pomutil-master\src\main\java\com\redhat\tools\pomutils\XmlFrag.java,com.redhat.tools.pomutils.XmlFrag,"update/2[java.security.MessageDigest,java.lang.String]",digest,1
C:\Users\Madhu\Downloads\pomutil-master\src\main\java\com\redhat\tools\pomutils\XmlFrag.java,com.redhat.tools.pomutils.XmlFrag,"scanComments/2[org.w3c.dom.Node,java.util.List<com.redhat.tools.pomutils.XmlFrag.FragmentDirective>]",ret,0
C:\Users\Madhu\Downloads\pomutil-master\src\main\java\com\redhat\tools\pomutils\XmlFrag.java,com.redhat.tools.pomutils.XmlFrag,"scanComments/2[org.w3c.dom.Node,java.util.List<com.redhat.tools.pomutils.XmlFrag.FragmentDirective>]",node,2
C:\Users\Madhu\Downloads\pomutil-master\src\main\java\com\redhat\tools\pomutils\XmlFrag.java,com.redhat.tools.pomutils.XmlFrag,"scanComments/2[org.w3c.dom.Node,java.util.List<com.redhat.tools.pomutils.XmlFrag.FragmentDirective>]",currentContent,12
C:\Users\Madhu\Downloads\pomutil-master\src\main\java\com\redhat\tools\pomutils\XmlFrag.java,com.redhat.tools.pomutils.XmlFrag,"scanComments/2[org.w3c.dom.Node,java.util.List<com.redhat.tools.pomutils.XmlFrag.FragmentDirective>]",i,3
C:\Users\Madhu\Downloads\pomutil-master\src\main\java\com\redhat\tools\pomutils\XmlFrag.java,com.redhat.tools.pomutils.XmlFrag,"scanComments/2[org.w3c.dom.Node,java.util.List<com.redhat.tools.pomutils.XmlFrag.FragmentDirective>]",fragments,3
C:\Users\Madhu\Downloads\pomutil-master\src\main\java\com\redhat\tools\pomutils\XmlFrag.java,com.redhat.tools.pomutils.XmlFrag,"scanComments/2[org.w3c.dom.Node,java.util.List<com.redhat.tools.pomutils.XmlFrag.FragmentDirective>]",text,20
C:\Users\Madhu\Downloads\pomutil-master\src\main\java\com\redhat\tools\pomutils\XmlFrag.java,com.redhat.tools.pomutils.XmlFrag,"scanComments/2[org.w3c.dom.Node,java.util.List<com.redhat.tools.pomutils.XmlFrag.FragmentDirective>]",child,10
C:\Users\Madhu\Downloads\pomutil-master\src\main\java\com\redhat\tools\pomutils\XmlFrag.java,com.redhat.tools.pomutils.XmlFrag,main/1[java.lang.String[]],args,5
C:\Users\Madhu\Downloads\pomutil-master\src\main\java\com\redhat\tools\pomutils\XmlFrag.java,com.redhat.tools.pomutils.XmlFrag,main/1[java.lang.String[]],fragdir,2
C:\Users\Madhu\Downloads\pomutil-master\src\main\java\com\redhat\tools\pomutils\XmlFrag.java,com.redhat.tools.pomutils.XmlFrag,main/1[java.lang.String[]],file,3
C:\Users\Madhu\Downloads\pomutil-master\src\main\java\com\redhat\tools\pomutils\XmlFrag.java,com.redhat.tools.pomutils.XmlFrag,main/1[java.lang.String[]],xmlFrag,1
C:\Users\Madhu\Downloads\pomutil-master\src\main\java\com\redhat\tools\pomutils\XmlFrag.java,com.redhat.tools.pomutils.XmlFrag,main/1[java.lang.String[]],f,3
C:\Users\Madhu\Downloads\pomutil-master\src\main\java\com\redhat\tools\pomutils\XmlFrag.java,com.redhat.tools.pomutils.XmlFrag,main/1[java.lang.String[]],i,6
C:\Users\Madhu\Downloads\pomutil-master\src\main\java\com\redhat\tools\pomutils\XmlFrag.java,com.redhat.tools.pomutils.XmlFrag,main/1[java.lang.String[]],doc,2
C:\Users\Madhu\Downloads\pomutil-master\src\main\java\com\redhat\tools\pomutils\XmlFrag.java,com.redhat.tools.pomutils.XmlFrag,main/1[java.lang.String[]],xmlFiles,3
C:\Users\Madhu\Downloads\pomutil-master\src\main\java\com\redhat\tools\pomutils\XmlFrag.java,com.redhat.tools.pomutils.XmlFrag,main/1[java.lang.String[]],forceRefresh,2
C:\Users\Madhu\Downloads\pomutil-master\src\main\java\com\redhat\tools\pomutils\XmlFrag.java,com.redhat.tools.pomutils.XmlFrag,"digest/2[java.security.MessageDigest,java.util.List<org.w3c.dom.Node>]",node,1
C:\Users\Madhu\Downloads\pomutil-master\src\main\java\com\redhat\tools\pomutils\XmlFrag.java,com.redhat.tools.pomutils.XmlFrag,"digest/2[java.security.MessageDigest,java.util.List<org.w3c.dom.Node>]",nodes,1
C:\Users\Madhu\Downloads\pomutil-master\src\main\java\com\redhat\tools\pomutils\XmlFrag.java,com.redhat.tools.pomutils.XmlFrag,"digest/2[java.security.MessageDigest,java.util.List<org.w3c.dom.Node>]",digest,3
C:\Users\Madhu\Downloads\pomutil-master\src\main\java\com\redhat\tools\pomutils\XmlFrag.java,com.redhat.tools.pomutils.XmlFrag,"digestFragment/2[java.security.MessageDigest,org.w3c.dom.Node]",digest,3
C:\Users\Madhu\Downloads\pomutil-master\src\main\java\com\redhat\tools\pomutils\XmlFrag.java,com.redhat.tools.pomutils.XmlFrag,"digestFragment/2[java.security.MessageDigest,org.w3c.dom.Node]",parentNode,1
C:\Users\Madhu\Downloads\pomutil-master\src\main\java\com\redhat\tools\pomutils\XmlFrag.java,com.redhat.tools.pomutils.XmlFrag,"digestFragment/2[java.security.MessageDigest,org.w3c.dom.Node]",child,4
C:\Users\Madhu\Downloads\pomutil-master\src\main\java\com\redhat\tools\pomutils\Manifest.java,com.redhat.tools.pomutils.Manifest,getPOMForProject/1[java.lang.String],project,1
C:\Users\Madhu\Downloads\pomutil-master\src\main\java\com\redhat\tools\pomutils\Manifest.java,com.redhat.tools.pomutils.Manifest,getBuildProjects/0,ret,2
C:\Users\Madhu\Downloads\pomutil-master\src\main\java\com\redhat\tools\pomutils\Manifest.java,com.redhat.tools.pomutils.Manifest,parse/1[java.io.File],item,4
C:\Users\Madhu\Downloads\pomutil-master\src\main\java\com\redhat\tools\pomutils\Manifest.java,com.redhat.tools.pomutils.Manifest,parse/1[java.io.File],e,1
C:\Users\Madhu\Downloads\pomutil-master\src\main\java\com\redhat\tools\pomutils\Manifest.java,com.redhat.tools.pomutils.Manifest,parse/1[java.io.File],f,3
C:\Users\Madhu\Downloads\pomutil-master\src\main\java\com\redhat\tools\pomutils\Manifest.java,com.redhat.tools.pomutils.Manifest,parse/1[java.io.File],manifestDir,0
C:\Users\Madhu\Downloads\pomutil-master\src\main\java\com\redhat\tools\pomutils\Manifest.java,com.redhat.tools.pomutils.Manifest,parse/1[java.io.File],i,7
C:\Users\Madhu\Downloads\pomutil-master\src\main\java\com\redhat\tools\pomutils\Manifest.java,com.redhat.tools.pomutils.Manifest,parse/1[java.io.File],moduleMap,2
C:\Users\Madhu\Downloads\pomutil-master\src\main\java\com\redhat\tools\pomutils\Manifest.java,com.redhat.tools.pomutils.Manifest,parse/1[java.io.File],n,3
C:\Users\Madhu\Downloads\pomutil-master\src\main\java\com\redhat\tools\pomutils\Manifest.java,com.redhat.tools.pomutils.Manifest,parse/1[java.io.File],buildset,2
C:\Users\Madhu\Downloads\pomutil-master\src\main\java\com\redhat\tools\pomutils\Manifest.java,com.redhat.tools.pomutils.Manifest,parse/1[java.io.File],pom,1
C:\Users\Madhu\Downloads\pomutil-master\src\main\java\com\redhat\tools\pomutils\Manifest.java,com.redhat.tools.pomutils.Manifest,parse/1[java.io.File],mapItem,2
C:\Users\Madhu\Downloads\pomutil-master\src\main\java\com\redhat\tools\pomutils\Manifest.java,com.redhat.tools.pomutils.Manifest,parse/1[java.io.File],root,3
C:\Users\Madhu\Downloads\pomutil-master\src\main\java\com\redhat\tools\pomutils\Manifest.java,com.redhat.tools.pomutils.Manifest,parse/1[java.io.File],name,1
C:\Users\Madhu\Downloads\pomutil-master\src\main\java\com\redhat\tools\pomutils\Manifest.java,com.redhat.tools.pomutils.Manifest,parse/1[java.io.File],x,1
C:\Users\Madhu\Downloads\pomutil-master\src\main\java\com\redhat\tools\pomutils\Manifest.java,com.redhat.tools.pomutils.Manifest,parse/1[java.io.File],doc,1
C:\Users\Madhu\Downloads\pomutil-master\src\main\java\com\redhat\tools\pomutils\Manifest.java,com.redhat.tools.pomutils.Manifest,getAllProjects/0,ret,2
C:\Users\Madhu\Downloads\pomutil-master\src\main\java\com\redhat\tools\pomutils\POM.java,com.redhat.tools.pomutils.POM,getGroupId/0,s,3
C:\Users\Madhu\Downloads\pomutil-master\src\main\java\com\redhat\tools\pomutils\POM.java,com.redhat.tools.pomutils.POM,resolve/1[java.lang.String],result,2
C:\Users\Madhu\Downloads\pomutil-master\src\main\java\com\redhat\tools\pomutils\POM.java,com.redhat.tools.pomutils.POM,resolve/1[java.lang.String],s,3
C:\Users\Madhu\Downloads\pomutil-master\src\main\java\com\redhat\tools\pomutils\POM.java,com.redhat.tools.pomutils.POM,resolve/1[java.lang.String],c,6
C:\Users\Madhu\Downloads\pomutil-master\src\main\java\com\redhat\tools\pomutils\POM.java,com.redhat.tools.pomutils.POM,resolve/1[java.lang.String],sym,5
C:\Users\Madhu\Downloads\pomutil-master\src\main\java\com\redhat\tools\pomutils\POM.java,com.redhat.tools.pomutils.POM,resolve/1[java.lang.String],i,3
C:\Users\Madhu\Downloads\pomutil-master\src\main\java\com\redhat\tools\pomutils\POM.java,com.redhat.tools.pomutils.POM,resolve/1[java.lang.String],state,7
C:\Users\Madhu\Downloads\pomutil-master\src\main\java\com\redhat\tools\pomutils\POM.java,com.redhat.tools.pomutils.POM,resolve/1[java.lang.String],n,1
C:\Users\Madhu\Downloads\pomutil-master\src\main\java\com\redhat\tools\pomutils\POM.java,com.redhat.tools.pomutils.POM,resolve/1[java.lang.String],out,7
C:\Users\Madhu\Downloads\pomutil-master\src\main\java\com\redhat\tools\pomutils\POM.java,com.redhat.tools.pomutils.POM,getRootPom/0,parent,4
C:\Users\Madhu\Downloads\pomutil-master\src\main\java\com\redhat\tools\pomutils\POM.java,com.redhat.tools.pomutils.POM,getRootPom/0,root,4
C:\Users\Madhu\Downloads\pomutil-master\src\main\java\com\redhat\tools\pomutils\POM.java,com.redhat.tools.pomutils.POM,lookupProperty/1[java.lang.String],el,2
C:\Users\Madhu\Downloads\pomutil-master\src\main\java\com\redhat\tools\pomutils\POM.java,com.redhat.tools.pomutils.POM,lookupProperty/1[java.lang.String],property,1
C:\Users\Madhu\Downloads\pomutil-master\src\main\java\com\redhat\tools\pomutils\POM.java,com.redhat.tools.pomutils.POM,lookupProperty/1[java.lang.String],name,1
C:\Users\Madhu\Downloads\pomutil-master\src\main\java\com\redhat\tools\pomutils\POM.java,com.redhat.tools.pomutils.POM,lookupProperty/1[java.lang.String],i,3
C:\Users\Madhu\Downloads\pomutil-master\src\main\java\com\redhat\tools\pomutils\POM.java,com.redhat.tools.pomutils.POM,lookupProperty/1[java.lang.String],nl,2
C:\Users\Madhu\Downloads\pomutil-master\src\main\java\com\redhat\tools\pomutils\POM.java,com.redhat.tools.pomutils.POM,lookupProperty/1[java.lang.String],n,1
C:\Users\Madhu\Downloads\pomutil-master\src\main\java\com\redhat\tools\pomutils\POM.java,com.redhat.tools.pomutils.POM,setVersion/1[java.lang.String],artId,3
C:\Users\Madhu\Downloads\pomutil-master\src\main\java\com\redhat\tools\pomutils\POM.java,com.redhat.tools.pomutils.POM,setVersion/1[java.lang.String],v,2
C:\Users\Madhu\Downloads\pomutil-master\src\main\java\com\redhat\tools\pomutils\POM.java,com.redhat.tools.pomutils.POM,setVersion/1[java.lang.String],el,5
C:\Users\Madhu\Downloads\pomutil-master\src\main\java\com\redhat\tools\pomutils\POM.java,com.redhat.tools.pomutils.POM,"fillDF/2[java.util.List<com.redhat.tools.pomutils.POM>,com.redhat.tools.pomutils.POM]",p,1
C:\Users\Madhu\Downloads\pomutil-master\src\main\java\com\redhat\tools\pomutils\POM.java,com.redhat.tools.pomutils.POM,"fillDF/2[java.util.List<com.redhat.tools.pomutils.POM>,com.redhat.tools.pomutils.POM]",root,2
C:\Users\Madhu\Downloads\pomutil-master\src\main\java\com\redhat\tools\pomutils\POM.java,com.redhat.tools.pomutils.POM,"fillDF/2[java.util.List<com.redhat.tools.pomutils.POM>,com.redhat.tools.pomutils.POM]",list,2
C:\Users\Madhu\Downloads\pomutil-master\src\main\java\com\redhat\tools\pomutils\POM.java,com.redhat.tools.pomutils.POM,getVersion/0,s,3
C:\Users\Madhu\Downloads\pomutil-master\src\main\java\com\redhat\tools\pomutils\POM.java,com.redhat.tools.pomutils.POM,setParentVersion/1[java.lang.String],v,2
C:\Users\Madhu\Downloads\pomutil-master\src\main\java\com\redhat\tools\pomutils\POM.java,com.redhat.tools.pomutils.POM,setParentVersion/1[java.lang.String],el,3
C:\Users\Madhu\Downloads\pomutil-master\src\main\java\com\redhat\tools\pomutils\POM.java,com.redhat.tools.pomutils.POM,getParentPom/0,parentGroupId,2
C:\Users\Madhu\Downloads\pomutil-master\src\main\java\com\redhat\tools\pomutils\POM.java,com.redhat.tools.pomutils.POM,getParentPom/0,parentArtifactId,2
C:\Users\Madhu\Downloads\pomutil-master\src\main\java\com\redhat\tools\pomutils\POM.java,com.redhat.tools.pomutils.POM,"lookupProperty/2[com.redhat.tools.pomutils.POM,java.lang.String]",parent,2
C:\Users\Madhu\Downloads\pomutil-master\src\main\java\com\redhat\tools\pomutils\POM.java,com.redhat.tools.pomutils.POM,"lookupProperty/2[com.redhat.tools.pomutils.POM,java.lang.String]",current,6
C:\Users\Madhu\Downloads\pomutil-master\src\main\java\com\redhat\tools\pomutils\POM.java,com.redhat.tools.pomutils.POM,"lookupProperty/2[com.redhat.tools.pomutils.POM,java.lang.String]",s,2
C:\Users\Madhu\Downloads\pomutil-master\src\main\java\com\redhat\tools\pomutils\POM.java,com.redhat.tools.pomutils.POM,"lookupProperty/2[com.redhat.tools.pomutils.POM,java.lang.String]",property,2
C:\Users\Madhu\Downloads\pomutil-master\src\main\java\com\redhat\tools\pomutils\POM.java,com.redhat.tools.pomutils.POM,"lookupProperty/2[com.redhat.tools.pomutils.POM,java.lang.String]",parentGroupId,2
C:\Users\Madhu\Downloads\pomutil-master\src\main\java\com\redhat\tools\pomutils\POM.java,com.redhat.tools.pomutils.POM,"lookupProperty/2[com.redhat.tools.pomutils.POM,java.lang.String]",id,2
C:\Users\Madhu\Downloads\pomutil-master\src\main\java\com\redhat\tools\pomutils\POM.java,com.redhat.tools.pomutils.POM,"lookupProperty/2[com.redhat.tools.pomutils.POM,java.lang.String]",parentArtifactId,2
C:\Users\Madhu\Downloads\pomutil-master\src\main\java\com\redhat\tools\pomutils\POM.java,com.redhat.tools.pomutils.POM,"lookupProperty/2[com.redhat.tools.pomutils.POM,java.lang.String]",pom,2
C:\Users\Madhu\Downloads\pomutil-master\src\main\java\com\redhat\tools\pomutils\POM.java,com.redhat.tools.pomutils.POM,depthFirstIterator/0,l,2
C:\Users\Madhu\Downloads\pomutil-master\src\main\java\com\redhat\tools\pomutils\POM.java,com.redhat.tools.pomutils.POM,POM/1[java.io.File],file,4
C:\Users\Madhu\Downloads\pomutil-master\src\main\java\com\redhat\tools\pomutils\POM.java,com.redhat.tools.pomutils.POM,POM/1[java.io.File],childFile,1
C:\Users\Madhu\Downloads\pomutil-master\src\main\java\com\redhat\tools\pomutils\POM.java,com.redhat.tools.pomutils.POM,POM/1[java.io.File],module,1
C:\Users\Madhu\Downloads\pomutil-master\src\main\java\com\redhat\tools\pomutils\POM.java,com.redhat.tools.pomutils.POM,POM/1[java.io.File],childPom,1
C:\Users\Madhu\Downloads\pomutil-master\src\main\java\com\redhat\tools\pomutils\POM.java,com.redhat.tools.pomutils.POM,POM/1[java.io.File],id,1
C:\Users\Madhu\Downloads\pomutil-master\src\main\java\com\redhat\tools\pomutils\POM.java,com.redhat.tools.pomutils.POM,POM/1[java.io.File],modules,1
C:\Users\Madhu\Downloads\pomutil-master\src\main\java\com\redhat\tools\pomutils\XmlFrag.java,com.redhat.tools.pomutils.XmlFrag$FragmentDirective,"FragmentDirective/2[java.lang.String,org.w3c.dom.Comment]",node,2
C:\Users\Madhu\Downloads\pomutil-master\src\main\java\com\redhat\tools\pomutils\XmlFrag.java,com.redhat.tools.pomutils.XmlFrag$FragmentDirective,"FragmentDirective/2[java.lang.String,org.w3c.dom.Comment]",fileName,2
C:\Users\Madhu\Downloads\pomutil-master\src\main\java\com\redhat\tools\pomutils\Artifact.java,com.redhat.tools.pomutils.Artifact,parse/1[java.lang.String],a,1
C:\Users\Madhu\Downloads\pomutil-master\src\main\java\com\redhat\tools\pomutils\Artifact.java,com.redhat.tools.pomutils.Artifact,parse/1[java.lang.String],s,7
C:\Users\Madhu\Downloads\pomutil-master\src\main\java\com\redhat\tools\pomutils\Artifact.java,com.redhat.tools.pomutils.Artifact,parse/1[java.lang.String],v,1
C:\Users\Madhu\Downloads\pomutil-master\src\main\java\com\redhat\tools\pomutils\Artifact.java,com.redhat.tools.pomutils.Artifact,parse/1[java.lang.String],g,1
C:\Users\Madhu\Downloads\pomutil-master\src\main\java\com\redhat\tools\pomutils\Artifact.java,com.redhat.tools.pomutils.Artifact,parse/1[java.lang.String],index,5
C:\Users\Madhu\Downloads\pomutil-master\src\main\java\com\redhat\tools\pomutils\Artifact.java,com.redhat.tools.pomutils.Artifact,"Artifact/3[java.lang.String,java.lang.String,java.lang.String]",a,1
C:\Users\Madhu\Downloads\pomutil-master\src\main\java\com\redhat\tools\pomutils\Artifact.java,com.redhat.tools.pomutils.Artifact,"Artifact/3[java.lang.String,java.lang.String,java.lang.String]",v,1
C:\Users\Madhu\Downloads\pomutil-master\src\main\java\com\redhat\tools\pomutils\Artifact.java,com.redhat.tools.pomutils.Artifact,"Artifact/3[java.lang.String,java.lang.String,java.lang.String]",g,1
C:\Users\Madhu\Downloads\pomutil-master\src\main\java\com\redhat\tools\pomutils\GenerateRootPom.java,com.redhat.tools.pomutils.GenerateRootPom,"GenerateRootPom/3[com.redhat.tools.pomutils.Manifest,java.lang.String,java.lang.String]",skeleton,2
C:\Users\Madhu\Downloads\pomutil-master\src\main\java\com\redhat\tools\pomutils\GenerateRootPom.java,com.redhat.tools.pomutils.GenerateRootPom,"GenerateRootPom/3[com.redhat.tools.pomutils.Manifest,java.lang.String,java.lang.String]",allManifest,2
C:\Users\Madhu\Downloads\pomutil-master\src\main\java\com\redhat\tools\pomutils\GenerateRootPom.java,com.redhat.tools.pomutils.GenerateRootPom,"GenerateRootPom/3[com.redhat.tools.pomutils.Manifest,java.lang.String,java.lang.String]",mf,2
C:\Users\Madhu\Downloads\pomutil-master\src\main\java\com\redhat\tools\pomutils\GenerateRootPom.java,com.redhat.tools.pomutils.GenerateRootPom,"addAllArtifacts/2[java.util.Set<java.lang.String>,com.redhat.tools.pomutils.POM]",set,2
C:\Users\Madhu\Downloads\pomutil-master\src\main\java\com\redhat\tools\pomutils\GenerateRootPom.java,com.redhat.tools.pomutils.GenerateRootPom,"addAllArtifacts/2[java.util.Set<java.lang.String>,com.redhat.tools.pomutils.POM]",itr,2
C:\Users\Madhu\Downloads\pomutil-master\src\main\java\com\redhat\tools\pomutils\GenerateRootPom.java,com.redhat.tools.pomutils.GenerateRootPom,"addAllArtifacts/2[java.util.Set<java.lang.String>,com.redhat.tools.pomutils.POM]",root,2
C:\Users\Madhu\Downloads\pomutil-master\src\main\java\com\redhat\tools\pomutils\GenerateRootPom.java,com.redhat.tools.pomutils.GenerateRootPom,getRootPoms/1[java.util.Set<java.lang.String>],artifact,1
C:\Users\Madhu\Downloads\pomutil-master\src\main\java\com\redhat\tools\pomutils\GenerateRootPom.java,com.redhat.tools.pomutils.GenerateRootPom,getRootPoms/1[java.util.Set<java.lang.String>],set,3
C:\Users\Madhu\Downloads\pomutil-master\src\main\java\com\redhat\tools\pomutils\GenerateRootPom.java,com.redhat.tools.pomutils.GenerateRootPom,getRootPoms/1[java.util.Set<java.lang.String>],rootPom,1
C:\Users\Madhu\Downloads\pomutil-master\src\main\java\com\redhat\tools\pomutils\GenerateRootPom.java,com.redhat.tools.pomutils.GenerateRootPom,getRootPoms/1[java.util.Set<java.lang.String>],artifacts,1
C:\Users\Madhu\Downloads\pomutil-master\src\main\java\com\redhat\tools\pomutils\GenerateRootPom.java,com.redhat.tools.pomutils.GenerateRootPom,getRootPoms/1[java.util.Set<java.lang.String>],pom,1
C:\Users\Madhu\Downloads\pomutil-master\src\main\java\com\redhat\tools\pomutils\GenerateRootPom.java,com.redhat.tools.pomutils.GenerateRootPom,generatePOM/1[com.redhat.tools.pomutils.POM[]],p,1
C:\Users\Madhu\Downloads\pomutil-master\src\main\java\com\redhat\tools\pomutils\GenerateRootPom.java,com.redhat.tools.pomutils.GenerateRootPom,generatePOM/1[com.redhat.tools.pomutils.POM[]],root,1
C:\Users\Madhu\Downloads\pomutil-master\src\main\java\com\redhat\tools\pomutils\GenerateRootPom.java,com.redhat.tools.pomutils.GenerateRootPom,generatePOM/1[com.redhat.tools.pomutils.POM[]],module,2
C:\Users\Madhu\Downloads\pomutil-master\src\main\java\com\redhat\tools\pomutils\GenerateRootPom.java,com.redhat.tools.pomutils.GenerateRootPom,generatePOM/1[com.redhat.tools.pomutils.POM[]],doc,9
C:\Users\Madhu\Downloads\pomutil-master\src\main\java\com\redhat\tools\pomutils\GenerateRootPom.java,com.redhat.tools.pomutils.GenerateRootPom,generatePOM/1[com.redhat.tools.pomutils.POM[]],rootPoms,1
C:\Users\Madhu\Downloads\pomutil-master\src\main\java\com\redhat\tools\pomutils\GenerateRootPom.java,com.redhat.tools.pomutils.GenerateRootPom,generatePOM/1[com.redhat.tools.pomutils.POM[]],modules,7
C:\Users\Madhu\Downloads\pomutil-master\src\main\java\com\redhat\tools\pomutils\GenerateRootPom.java,com.redhat.tools.pomutils.GenerateRootPom,getPomPath/1[com.redhat.tools.pomutils.POM],p,2
C:\Users\Madhu\Downloads\pomutil-master\src\main\java\com\redhat\tools\pomutils\GenerateRootPom.java,com.redhat.tools.pomutils.GenerateRootPom,getPomPath/1[com.redhat.tools.pomutils.POM],entry,2
C:\Users\Madhu\Downloads\pomutil-master\src\main\java\com\redhat\tools\pomutils\GenerateRootPom.java,com.redhat.tools.pomutils.GenerateRootPom,getPomPath/1[com.redhat.tools.pomutils.POM],s,1
C:\Users\Madhu\Downloads\pomutil-master\src\main\java\com\redhat\tools\pomutils\GenerateRootPom.java,com.redhat.tools.pomutils.GenerateRootPom,getPomPath/1[com.redhat.tools.pomutils.POM],f,1
C:\Users\Madhu\Downloads\pomutil-master\src\main\java\com\redhat\tools\pomutils\GenerateRootPom.java,com.redhat.tools.pomutils.GenerateRootPom,getPOMsToBuild/0,all,3
C:\Users\Madhu\Downloads\pomutil-master\src\main\java\com\redhat\tools\pomutils\GenerateRootPom.java,com.redhat.tools.pomutils.GenerateRootPom,getPOMsToBuild/0,add,5
C:\Users\Madhu\Downloads\pomutil-master\src\main\java\com\redhat\tools\pomutils\GenerateRootPom.java,com.redhat.tools.pomutils.GenerateRootPom,getPOMsToBuild/0,artifact,1
C:\Users\Madhu\Downloads\pomutil-master\src\main\java\com\redhat\tools\pomutils\GenerateRootPom.java,com.redhat.tools.pomutils.GenerateRootPom,getPOMsToBuild/0,poms,2
C:\Users\Madhu\Downloads\pomutil-master\src\main\java\com\redhat\tools\pomutils\GenerateRootPom.java,com.redhat.tools.pomutils.GenerateRootPom,getPOMsToBuild/0,x,12
C:\Users\Madhu\Downloads\pomutil-master\src\main\java\com\redhat\tools\pomutils\GenerateRootPom.java,com.redhat.tools.pomutils.GenerateRootPom,getPOMsToBuild/0,buildProjects,4
C:\Users\Madhu\Downloads\pomutil-master\src\main\java\com\redhat\tools\pomutils\GenerateRootPom.java,com.redhat.tools.pomutils.GenerateRootPom,getPOMsToBuild/0,pomPath,1
C:\Users\Madhu\Downloads\pomutil-master\src\main\java\com\redhat\tools\pomutils\GenerateRootPom.java,com.redhat.tools.pomutils.GenerateRootPom,getPOMsToBuild/0,deps,2
C:\Users\Madhu\Downloads\pomutil-master\src\main\java\com\redhat\tools\pomutils\GenerateRootPom.java,com.redhat.tools.pomutils.GenerateRootPom,getPOMsToBuild/0,buildSet,7
C:\Users\Madhu\Downloads\pomutil-master\src\main\java\com\redhat\tools\pomutils\GenerateRootPom.java,com.redhat.tools.pomutils.GenerateRootPom,getPOMsToBuild/0,allProjects,2
C:\Users\Madhu\Downloads\pomutil-master\src\main\java\com\redhat\tools\pomutils\GenerateRootPom.java,com.redhat.tools.pomutils.GenerateRootPom,getPOMsToBuild/0,rootPom,3
C:\Users\Madhu\Downloads\pomutil-master\src\main\java\com\redhat\tools\pomutils\GenerateRootPom.java,com.redhat.tools.pomutils.GenerateRootPom,findDependentArtifacts/1[java.lang.String],artifact,1
C:\Users\Madhu\Downloads\pomutil-master\src\main\java\com\redhat\tools\pomutils\GenerateRootPom.java,com.redhat.tools.pomutils.GenerateRootPom,findDependentArtifacts/1[java.lang.String],depArtifactId,1
C:\Users\Madhu\Downloads\pomutil-master\src\main\java\com\redhat\tools\pomutils\GenerateRootPom.java,com.redhat.tools.pomutils.GenerateRootPom,findDependentArtifacts/1[java.lang.String],depGroupId,1
C:\Users\Madhu\Downloads\pomutil-master\src\main\java\com\redhat\tools\pomutils\GenerateRootPom.java,com.redhat.tools.pomutils.GenerateRootPom,findDependentArtifacts/1[java.lang.String],el,2
C:\Users\Madhu\Downloads\pomutil-master\src\main\java\com\redhat\tools\pomutils\GenerateRootPom.java,com.redhat.tools.pomutils.GenerateRootPom,findDependentArtifacts/1[java.lang.String],depPom,2
C:\Users\Madhu\Downloads\pomutil-master\src\main\java\com\redhat\tools\pomutils\GenerateRootPom.java,com.redhat.tools.pomutils.GenerateRootPom,findDependentArtifacts/1[java.lang.String],i,3
C:\Users\Madhu\Downloads\pomutil-master\src\main\java\com\redhat\tools\pomutils\GenerateRootPom.java,com.redhat.tools.pomutils.GenerateRootPom,findDependentArtifacts/1[java.lang.String],nl,2
C:\Users\Madhu\Downloads\pomutil-master\src\main\java\com\redhat\tools\pomutils\GenerateRootPom.java,com.redhat.tools.pomutils.GenerateRootPom,findDependentArtifacts/1[java.lang.String],n,1
C:\Users\Madhu\Downloads\pomutil-master\src\main\java\com\redhat\tools\pomutils\GenerateRootPom.java,com.redhat.tools.pomutils.GenerateRootPom,findDependentArtifacts/1[java.lang.String],pom,1
C:\Users\Madhu\Downloads\pomutil-master\src\main\java\com\redhat\tools\pomutils\GenerateRootPom.java,com.redhat.tools.pomutils.GenerateRootPom,findDependentArtifacts/1[java.lang.String],artifacts,3
C:\Users\Madhu\Downloads\pomutil-master\src\main\java\com\redhat\tools\pomutils\GenerateRootPom.java,com.redhat.tools.pomutils.GenerateRootPom,findArtifactsDependingOn/1[java.lang.String],artifact,3
C:\Users\Madhu\Downloads\pomutil-master\src\main\java\com\redhat\tools\pomutils\GenerateRootPom.java,com.redhat.tools.pomutils.GenerateRootPom,findArtifactsDependingOn/1[java.lang.String],depArtifactId,1
C:\Users\Madhu\Downloads\pomutil-master\src\main\java\com\redhat\tools\pomutils\GenerateRootPom.java,com.redhat.tools.pomutils.GenerateRootPom,findArtifactsDependingOn/1[java.lang.String],depGroupId,1
C:\Users\Madhu\Downloads\pomutil-master\src\main\java\com\redhat\tools\pomutils\GenerateRootPom.java,com.redhat.tools.pomutils.GenerateRootPom,findArtifactsDependingOn/1[java.lang.String],groupId,1
C:\Users\Madhu\Downloads\pomutil-master\src\main\java\com\redhat\tools\pomutils\GenerateRootPom.java,com.redhat.tools.pomutils.GenerateRootPom,findArtifactsDependingOn/1[java.lang.String],el,2
C:\Users\Madhu\Downloads\pomutil-master\src\main\java\com\redhat\tools\pomutils\GenerateRootPom.java,com.redhat.tools.pomutils.GenerateRootPom,findArtifactsDependingOn/1[java.lang.String],index,2
C:\Users\Madhu\Downloads\pomutil-master\src\main\java\com\redhat\tools\pomutils\GenerateRootPom.java,com.redhat.tools.pomutils.GenerateRootPom,findArtifactsDependingOn/1[java.lang.String],i,3
C:\Users\Madhu\Downloads\pomutil-master\src\main\java\com\redhat\tools\pomutils\GenerateRootPom.java,com.redhat.tools.pomutils.GenerateRootPom,findArtifactsDependingOn/1[java.lang.String],artifactId,1
C:\Users\Madhu\Downloads\pomutil-master\src\main\java\com\redhat\tools\pomutils\GenerateRootPom.java,com.redhat.tools.pomutils.GenerateRootPom,findArtifactsDependingOn/1[java.lang.String],n,1
C:\Users\Madhu\Downloads\pomutil-master\src\main\java\com\redhat\tools\pomutils\GenerateRootPom.java,com.redhat.tools.pomutils.GenerateRootPom,findArtifactsDependingOn/1[java.lang.String],artifacts,3
C:\Users\Madhu\Downloads\pomutil-master\src\main\java\com\redhat\tools\pomutils\GenerateRootPom.java,com.redhat.tools.pomutils.GenerateRootPom,findArtifactsDependingOn/1[java.lang.String],pom,2
C:\Users\Madhu\Downloads\pomutil-master\src\main\java\com\redhat\tools\pomutils\GenerateRootPom.java,com.redhat.tools.pomutils.GenerateRootPom,findArtifactsDependingOn/1[java.lang.String],dependencies,2
C:\Users\Madhu\Downloads\pomutil-master\src\main\java\com\redhat\tools\pomutils\GenerateRootPom.java,com.redhat.tools.pomutils.GenerateRootPom,generateSkeleton/1[org.w3c.dom.Document],root,13
C:\Users\Madhu\Downloads\pomutil-master\src\main\java\com\redhat\tools\pomutils\GenerateRootPom.java,com.redhat.tools.pomutils.GenerateRootPom,generateSkeleton/1[org.w3c.dom.Document],el,17
C:\Users\Madhu\Downloads\pomutil-master\src\main\java\com\redhat\tools\pomutils\GenerateRootPom.java,com.redhat.tools.pomutils.GenerateRootPom,generateSkeleton/1[org.w3c.dom.Document],doc,20
C:\Users\Madhu\Downloads\pomutil-master\src\main\java\com\redhat\tools\pomutils\XmlFrag.java,com.redhat.tools.pomutils.XmlFrag$FragmentContent,"FragmentContent/2[java.lang.String,java.lang.String]",fileName,1
C:\Users\Madhu\Downloads\pomutil-master\src\main\java\com\redhat\tools\pomutils\XmlFrag.java,com.redhat.tools.pomutils.XmlFrag$FragmentContent,"FragmentContent/2[java.lang.String,java.lang.String]",hash,2
C:\Users\Madhu\Downloads\pomutil-master\src\main\java\com\redhat\tools\pomutils\XML.java,com.redhat.tools.pomutils.XML,"getElementText/2[java.lang.Object,javax.xml.xpath.XPathExpression]",e,4
C:\Users\Madhu\Downloads\pomutil-master\src\main\java\com\redhat\tools\pomutils\XML.java,com.redhat.tools.pomutils.XML,"getElementText/2[java.lang.Object,javax.xml.xpath.XPathExpression]",context,1
C:\Users\Madhu\Downloads\pomutil-master\src\main\java\com\redhat\tools\pomutils\XML.java,com.redhat.tools.pomutils.XML,"getElementText/2[java.lang.Object,javax.xml.xpath.XPathExpression]",xp,1
C:\Users\Madhu\Downloads\pomutil-master\src\main\java\com\redhat\tools\pomutils\XML.java,com.redhat.tools.pomutils.XML,"getElement/2[java.lang.Object,javax.xml.xpath.XPathExpression]",e,1
C:\Users\Madhu\Downloads\pomutil-master\src\main\java\com\redhat\tools\pomutils\XML.java,com.redhat.tools.pomutils.XML,"getElement/2[java.lang.Object,javax.xml.xpath.XPathExpression]",context,1
C:\Users\Madhu\Downloads\pomutil-master\src\main\java\com\redhat\tools\pomutils\XML.java,com.redhat.tools.pomutils.XML,"getElement/2[java.lang.Object,javax.xml.xpath.XPathExpression]",xp,1
C:\Users\Madhu\Downloads\pomutil-master\src\main\java\com\redhat\tools\pomutils\XML.java,com.redhat.tools.pomutils.XML,(initializer 1),e,1
C:\Users\Madhu\Downloads\pomutil-master\src\main\java\com\redhat\tools\pomutils\XML.java,com.redhat.tools.pomutils.XML,"getElements/2[java.lang.Object,javax.xml.xpath.XPathExpression]",e,1
C:\Users\Madhu\Downloads\pomutil-master\src\main\java\com\redhat\tools\pomutils\XML.java,com.redhat.tools.pomutils.XML,"getElements/2[java.lang.Object,javax.xml.xpath.XPathExpression]",context,1
C:\Users\Madhu\Downloads\pomutil-master\src\main\java\com\redhat\tools\pomutils\XML.java,com.redhat.tools.pomutils.XML,"getElements/2[java.lang.Object,javax.xml.xpath.XPathExpression]",xp,1
C:\Users\Madhu\Downloads\pomutil-master\src\main\java\com\redhat\tools\pomutils\XML.java,com.redhat.tools.pomutils.XML,"getElementTexts/2[java.lang.Object,javax.xml.xpath.XPathExpression]",ret,2
C:\Users\Madhu\Downloads\pomutil-master\src\main\java\com\redhat\tools\pomutils\XML.java,com.redhat.tools.pomutils.XML,"getElementTexts/2[java.lang.Object,javax.xml.xpath.XPathExpression]",e,1
C:\Users\Madhu\Downloads\pomutil-master\src\main\java\com\redhat\tools\pomutils\XML.java,com.redhat.tools.pomutils.XML,"getElementTexts/2[java.lang.Object,javax.xml.xpath.XPathExpression]",context,1
C:\Users\Madhu\Downloads\pomutil-master\src\main\java\com\redhat\tools\pomutils\XML.java,com.redhat.tools.pomutils.XML,"getElementTexts/2[java.lang.Object,javax.xml.xpath.XPathExpression]",xp,1
C:\Users\Madhu\Downloads\pomutil-master\src\main\java\com\redhat\tools\pomutils\XML.java,com.redhat.tools.pomutils.XML,"getElementTexts/2[java.lang.Object,javax.xml.xpath.XPathExpression]",i,4
C:\Users\Madhu\Downloads\pomutil-master\src\main\java\com\redhat\tools\pomutils\XML.java,com.redhat.tools.pomutils.XML,"getElementTexts/2[java.lang.Object,javax.xml.xpath.XPathExpression]",nl,2
C:\Users\Madhu\Downloads\pomutil-master\src\main\java\com\redhat\tools\pomutils\XML.java,com.redhat.tools.pomutils.XML,"getElementTexts/2[java.lang.Object,javax.xml.xpath.XPathExpression]",n,2
C:\Users\Madhu\Downloads\pomutil-master\src\main\java\com\redhat\tools\pomutils\XML.java,com.redhat.tools.pomutils.XML,"write/2[org.w3c.dom.Document,java.io.File]",tf,1
C:\Users\Madhu\Downloads\pomutil-master\src\main\java\com\redhat\tools\pomutils\XML.java,com.redhat.tools.pomutils.XML,"write/2[org.w3c.dom.Document,java.io.File]",file,1
C:\Users\Madhu\Downloads\pomutil-master\src\main\java\com\redhat\tools\pomutils\XML.java,com.redhat.tools.pomutils.XML,"write/2[org.w3c.dom.Document,java.io.File]",ostream,2
C:\Users\Madhu\Downloads\pomutil-master\src\main\java\com\redhat\tools\pomutils\XML.java,com.redhat.tools.pomutils.XML,"write/2[org.w3c.dom.Document,java.io.File]",transformer,3
C:\Users\Madhu\Downloads\pomutil-master\src\main\java\com\redhat\tools\pomutils\XML.java,com.redhat.tools.pomutils.XML,"write/2[org.w3c.dom.Document,java.io.File]",doc,1
C:\Users\Madhu\Downloads\pomutil-master\src\main\java\com\redhat\tools\pomutils\Main.java,com.redhat.tools.pomutils.Main,checkVersionSanity/0,p,1
C:\Users\Madhu\Downloads\pomutil-master\src\main\java\com\redhat\tools\pomutils\Main.java,com.redhat.tools.pomutils.Main,printVersions/1[com.redhat.tools.pomutils.POM],p,3
C:\Users\Madhu\Downloads\pomutil-master\src\main\java\com\redhat\tools\pomutils\Main.java,com.redhat.tools.pomutils.Main,printVersions/1[com.redhat.tools.pomutils.POM],itr,2
C:\Users\Madhu\Downloads\pomutil-master\src\main\java\com\redhat\tools\pomutils\Main.java,com.redhat.tools.pomutils.Main,printVersions/1[com.redhat.tools.pomutils.POM],root,1
C:\Users\Madhu\Downloads\pomutil-master\src\main\java\com\redhat\tools\pomutils\Main.java,com.redhat.tools.pomutils.Main,checkVersionSanity/1[com.redhat.tools.pomutils.POM],p,12
C:\Users\Madhu\Downloads\pomutil-master\src\main\java\com\redhat\tools\pomutils\Main.java,com.redhat.tools.pomutils.Main,checkVersionSanity/1[com.redhat.tools.pomutils.POM],par,8
C:\Users\Madhu\Downloads\pomutil-master\src\main\java\com\redhat\tools\pomutils\Main.java,com.redhat.tools.pomutils.Main,checkVersionSanity/1[com.redhat.tools.pomutils.POM],parentGroupId,3
C:\Users\Madhu\Downloads\pomutil-master\src\main\java\com\redhat\tools\pomutils\Main.java,com.redhat.tools.pomutils.Main,checkVersionSanity/1[com.redhat.tools.pomutils.POM],parentArtifactId,3
C:\Users\Madhu\Downloads\pomutil-master\src\main\java\com\redhat\tools\pomutils\Main.java,com.redhat.tools.pomutils.Main,checkVersionSanity/1[com.redhat.tools.pomutils.POM],dependencies,3
C:\Users\Madhu\Downloads\pomutil-master\src\main\java\com\redhat\tools\pomutils\Main.java,com.redhat.tools.pomutils.Main,"fixDependencies/3[com.redhat.tools.pomutils.POM,com.redhat.tools.pomutils.Artifact,org.w3c.dom.NodeList]",a,2
C:\Users\Madhu\Downloads\pomutil-master\src\main\java\com\redhat\tools\pomutils\Main.java,com.redhat.tools.pomutils.Main,"fixDependencies/3[com.redhat.tools.pomutils.POM,com.redhat.tools.pomutils.Artifact,org.w3c.dom.NodeList]",depVersionEl,3
C:\Users\Madhu\Downloads\pomutil-master\src\main\java\com\redhat\tools\pomutils\Main.java,com.redhat.tools.pomutils.Main,"fixDependencies/3[com.redhat.tools.pomutils.POM,com.redhat.tools.pomutils.Artifact,org.w3c.dom.NodeList]",el,1
C:\Users\Madhu\Downloads\pomutil-master\src\main\java\com\redhat\tools\pomutils\Main.java,com.redhat.tools.pomutils.Main,"fixDependencies/3[com.redhat.tools.pomutils.POM,com.redhat.tools.pomutils.Artifact,org.w3c.dom.NodeList]",depVersion,1
C:\Users\Madhu\Downloads\pomutil-master\src\main\java\com\redhat\tools\pomutils\Main.java,com.redhat.tools.pomutils.Main,"fixDependencies/3[com.redhat.tools.pomutils.POM,com.redhat.tools.pomutils.Artifact,org.w3c.dom.NodeList]",i,3
C:\Users\Madhu\Downloads\pomutil-master\src\main\java\com\redhat\tools\pomutils\Main.java,com.redhat.tools.pomutils.Main,"fixDependencies/3[com.redhat.tools.pomutils.POM,com.redhat.tools.pomutils.Artifact,org.w3c.dom.NodeList]",n,1
C:\Users\Madhu\Downloads\pomutil-master\src\main\java\com\redhat\tools\pomutils\Main.java,com.redhat.tools.pomutils.Main,"fixDependencies/3[com.redhat.tools.pomutils.POM,com.redhat.tools.pomutils.Artifact,org.w3c.dom.NodeList]",pom,3
C:\Users\Madhu\Downloads\pomutil-master\src\main\java\com\redhat\tools\pomutils\Main.java,com.redhat.tools.pomutils.Main,"fixDependencies/3[com.redhat.tools.pomutils.POM,com.redhat.tools.pomutils.Artifact,org.w3c.dom.NodeList]",dependencies,2
C:\Users\Madhu\Downloads\pomutil-master\src\main\java\com\redhat\tools\pomutils\Main.java,com.redhat.tools.pomutils.Main,"fixDependencies/3[com.redhat.tools.pomutils.POM,com.redhat.tools.pomutils.Artifact,org.w3c.dom.NodeList]",changed,2
C:\Users\Madhu\Downloads\pomutil-master\src\main\java\com\redhat\tools\pomutils\Main.java,com.redhat.tools.pomutils.Main,readResponse/0,stdin,1
C:\Users\Madhu\Downloads\pomutil-master\src\main\java\com\redhat\tools\pomutils\Main.java,com.redhat.tools.pomutils.Main,write/1[boolean],p,4
C:\Users\Madhu\Downloads\pomutil-master\src\main\java\com\redhat\tools\pomutils\Main.java,com.redhat.tools.pomutils.Main,write/1[boolean],writeAll,1
C:\Users\Madhu\Downloads\pomutil-master\src\main\java\com\redhat\tools\pomutils\Main.java,com.redhat.tools.pomutils.Main,main/1[java.lang.String[]],reader,1
C:\Users\Madhu\Downloads\pomutil-master\src\main\java\com\redhat\tools\pomutils\Main.java,com.redhat.tools.pomutils.Main,main/1[java.lang.String[]],line,5
C:\Users\Madhu\Downloads\pomutil-master\src\main\java\com\redhat\tools\pomutils\Main.java,com.redhat.tools.pomutils.Main,main/1[java.lang.String[]],dir,1
C:\Users\Madhu\Downloads\pomutil-master\src\main\java\com\redhat\tools\pomutils\Main.java,com.redhat.tools.pomutils.Main,main/1[java.lang.String[]],pom,5
C:\Users\Madhu\Downloads\pomutil-master\src\main\java\com\redhat\tools\pomutils\Main.java,com.redhat.tools.pomutils.Main,main/1[java.lang.String[]],pomNeeded,6
C:\Users\Madhu\Downloads\pomutil-master\src\main\java\com\redhat\tools\pomutils\Main.java,com.redhat.tools.pomutils.Main,main/1[java.lang.String[]],outputFile,3
C:\Users\Madhu\Downloads\pomutil-master\src\main\java\com\redhat\tools\pomutils\Main.java,com.redhat.tools.pomutils.Main,main/1[java.lang.String[]],skeleton,2
C:\Users\Madhu\Downloads\pomutil-master\src\main\java\com\redhat\tools\pomutils\Main.java,com.redhat.tools.pomutils.Main,main/1[java.lang.String[]],allManifest,6
C:\Users\Madhu\Downloads\pomutil-master\src\main\java\com\redhat\tools\pomutils\Main.java,com.redhat.tools.pomutils.Main,main/1[java.lang.String[]],varg,10
C:\Users\Madhu\Downloads\pomutil-master\src\main\java\com\redhat\tools\pomutils\Main.java,com.redhat.tools.pomutils.Main,main/1[java.lang.String[]],root,2
C:\Users\Madhu\Downloads\pomutil-master\src\main\java\com\redhat\tools\pomutils\Main.java,com.redhat.tools.pomutils.Main,main/1[java.lang.String[]],pomfile,3
C:\Users\Madhu\Downloads\pomutil-master\src\main\java\com\redhat\tools\pomutils\Main.java,com.redhat.tools.pomutils.Main,main/1[java.lang.String[]],mf,3
C:\Users\Madhu\Downloads\pomutil-master\src\main\java\com\redhat\tools\pomutils\Main.java,com.redhat.tools.pomutils.Main,main/1[java.lang.String[]],fname,11
C:\Users\Madhu\Downloads\pomutil-master\src\main\java\com\redhat\tools\pomutils\Main.java,com.redhat.tools.pomutils.Main,main/1[java.lang.String[]],a,16
C:\Users\Madhu\Downloads\pomutil-master\src\main\java\com\redhat\tools\pomutils\Main.java,com.redhat.tools.pomutils.Main,main/1[java.lang.String[]],grp,2
C:\Users\Madhu\Downloads\pomutil-master\src\main\java\com\redhat\tools\pomutils\Main.java,com.redhat.tools.pomutils.Main,main/1[java.lang.String[]],f,6
C:\Users\Madhu\Downloads\pomutil-master\src\main\java\com\redhat\tools\pomutils\Main.java,com.redhat.tools.pomutils.Main,main/1[java.lang.String[]],el,3
C:\Users\Madhu\Downloads\pomutil-master\src\main\java\com\redhat\tools\pomutils\Main.java,com.redhat.tools.pomutils.Main,main/1[java.lang.String[]],i,30
C:\Users\Madhu\Downloads\pomutil-master\src\main\java\com\redhat\tools\pomutils\Main.java,com.redhat.tools.pomutils.Main,main/1[java.lang.String[]],vc,5
C:\Users\Madhu\Downloads\pomutil-master\src\main\java\com\redhat\tools\pomutils\Main.java,com.redhat.tools.pomutils.Main,main/1[java.lang.String[]],n,1
C:\Users\Madhu\Downloads\pomutil-master\src\main\java\com\redhat\tools\pomutils\Main.java,com.redhat.tools.pomutils.Main,main/1[java.lang.String[]],args,25
C:\Users\Madhu\Downloads\pomutil-master\src\main\java\com\redhat\tools\pomutils\Main.java,com.redhat.tools.pomutils.Main,main/1[java.lang.String[]],writeAll,4
C:\Users\Madhu\Downloads\pomutil-master\src\main\java\com\redhat\tools\pomutils\Main.java,com.redhat.tools.pomutils.Main,main/1[java.lang.String[]],x,1
C:\Users\Madhu\Downloads\pomutil-master\src\main\java\com\redhat\tools\pomutils\Main.java,com.redhat.tools.pomutils.Main,main/1[java.lang.String[]],doc,2
C:\Users\Madhu\Downloads\pomutil-master\src\main\java\com\redhat\tools\pomutils\Main.java,com.redhat.tools.pomutils.Main,main/1[java.lang.String[]],cmd,17
C:\Users\Madhu\Downloads\pomutil-master\src\main\java\com\redhat\tools\pomutils\Main.java,com.redhat.tools.pomutils.Main,main/1[java.lang.String[]],buildManifest,8
C:\Users\Madhu\Downloads\pomutil-master\src\main\java\com\redhat\tools\pomutils\Main.java,com.redhat.tools.pomutils.Main,main/1[java.lang.String[]],nl,2
C:\Users\Madhu\Downloads\pomutil-master\src\main\java\com\redhat\tools\pomutils\Main.java,com.redhat.tools.pomutils.Main,main/1[java.lang.String[]],changed,10
C:\Users\Madhu\Downloads\pomutil-master\src\main\java\com\redhat\tools\pomutils\Main.java,com.redhat.tools.pomutils.Main,"checkDependencyVersionSanity/2[com.redhat.tools.pomutils.POM,org.w3c.dom.NodeList]",p,3
C:\Users\Madhu\Downloads\pomutil-master\src\main\java\com\redhat\tools\pomutils\Main.java,com.redhat.tools.pomutils.Main,"checkDependencyVersionSanity/2[com.redhat.tools.pomutils.POM,org.w3c.dom.NodeList]",el,3
C:\Users\Madhu\Downloads\pomutil-master\src\main\java\com\redhat\tools\pomutils\Main.java,com.redhat.tools.pomutils.Main,"checkDependencyVersionSanity/2[com.redhat.tools.pomutils.POM,org.w3c.dom.NodeList]",groupId,1
C:\Users\Madhu\Downloads\pomutil-master\src\main\java\com\redhat\tools\pomutils\Main.java,com.redhat.tools.pomutils.Main,"checkDependencyVersionSanity/2[com.redhat.tools.pomutils.POM,org.w3c.dom.NodeList]",i,3
C:\Users\Madhu\Downloads\pomutil-master\src\main\java\com\redhat\tools\pomutils\Main.java,com.redhat.tools.pomutils.Main,"checkDependencyVersionSanity/2[com.redhat.tools.pomutils.POM,org.w3c.dom.NodeList]",artifactId,1
C:\Users\Madhu\Downloads\pomutil-master\src\main\java\com\redhat\tools\pomutils\Main.java,com.redhat.tools.pomutils.Main,"checkDependencyVersionSanity/2[com.redhat.tools.pomutils.POM,org.w3c.dom.NodeList]",version,3
C:\Users\Madhu\Downloads\pomutil-master\src\main\java\com\redhat\tools\pomutils\Main.java,com.redhat.tools.pomutils.Main,"checkDependencyVersionSanity/2[com.redhat.tools.pomutils.POM,org.w3c.dom.NodeList]",n,1
C:\Users\Madhu\Downloads\pomutil-master\src\main\java\com\redhat\tools\pomutils\Main.java,com.redhat.tools.pomutils.Main,"checkDependencyVersionSanity/2[com.redhat.tools.pomutils.POM,org.w3c.dom.NodeList]",dep,5
C:\Users\Madhu\Downloads\pomutil-master\src\main\java\com\redhat\tools\pomutils\Main.java,com.redhat.tools.pomutils.Main,"checkDependencyVersionSanity/2[com.redhat.tools.pomutils.POM,org.w3c.dom.NodeList]",dependencies,2
C:\Users\Madhu\Downloads\pomutil-master\src\main\java\com\redhat\tools\pomutils\Main.java,com.redhat.tools.pomutils.Main,fixDependencies/1[com.redhat.tools.pomutils.Artifact],a,9
C:\Users\Madhu\Downloads\pomutil-master\src\main\java\com\redhat\tools\pomutils\Main.java,com.redhat.tools.pomutils.Main,fixDependencies/1[com.redhat.tools.pomutils.Artifact],d,1
C:\Users\Madhu\Downloads\pomutil-master\src\main\java\com\redhat\tools\pomutils\Main.java,com.redhat.tools.pomutils.Main,fixDependencies/1[com.redhat.tools.pomutils.Artifact],x,1
C:\Users\Madhu\Downloads\pomutil-master\src\main\java\com\redhat\tools\pomutils\Main.java,com.redhat.tools.pomutils.Main,fixDependencies/1[com.redhat.tools.pomutils.Artifact],parentGroupId,1
C:\Users\Madhu\Downloads\pomutil-master\src\main\java\com\redhat\tools\pomutils\Main.java,com.redhat.tools.pomutils.Main,fixDependencies/1[com.redhat.tools.pomutils.Artifact],parentArtifactId,1
C:\Users\Madhu\Downloads\pomutil-master\src\main\java\com\redhat\tools\pomutils\Main.java,com.redhat.tools.pomutils.Main,fixDependencies/1[com.redhat.tools.pomutils.Artifact],changed,4
C:\Users\Madhu\Downloads\pomutil-master\src\main\java\com\redhat\tools\pomutils\Main.java,com.redhat.tools.pomutils.Main,fixDependencies/1[com.redhat.tools.pomutils.Artifact],pom,7
C:\Users\Madhu\Downloads\pomutil-master\src\main\java\com\redhat\tools\pomutils\Main.java,com.redhat.tools.pomutils.Main,"findDependency/2[com.redhat.tools.pomutils.POM,com.redhat.tools.pomutils.Artifact]",depArtifactId,1
C:\Users\Madhu\Downloads\pomutil-master\src\main\java\com\redhat\tools\pomutils\Main.java,com.redhat.tools.pomutils.Main,"findDependency/2[com.redhat.tools.pomutils.POM,com.redhat.tools.pomutils.Artifact]",a,4
C:\Users\Madhu\Downloads\pomutil-master\src\main\java\com\redhat\tools\pomutils\Main.java,com.redhat.tools.pomutils.Main,"findDependency/2[com.redhat.tools.pomutils.POM,com.redhat.tools.pomutils.Artifact]",depGroupId,1
C:\Users\Madhu\Downloads\pomutil-master\src\main\java\com\redhat\tools\pomutils\Main.java,com.redhat.tools.pomutils.Main,"findDependency/2[com.redhat.tools.pomutils.POM,com.redhat.tools.pomutils.Artifact]",depVersionEl,2
C:\Users\Madhu\Downloads\pomutil-master\src\main\java\com\redhat\tools\pomutils\Main.java,com.redhat.tools.pomutils.Main,"findDependency/2[com.redhat.tools.pomutils.POM,com.redhat.tools.pomutils.Artifact]",el,5
C:\Users\Madhu\Downloads\pomutil-master\src\main\java\com\redhat\tools\pomutils\Main.java,com.redhat.tools.pomutils.Main,"findDependency/2[com.redhat.tools.pomutils.POM,com.redhat.tools.pomutils.Artifact]",depVersion,1
C:\Users\Madhu\Downloads\pomutil-master\src\main\java\com\redhat\tools\pomutils\Main.java,com.redhat.tools.pomutils.Main,"findDependency/2[com.redhat.tools.pomutils.POM,com.redhat.tools.pomutils.Artifact]",i,3
C:\Users\Madhu\Downloads\pomutil-master\src\main\java\com\redhat\tools\pomutils\Main.java,com.redhat.tools.pomutils.Main,"findDependency/2[com.redhat.tools.pomutils.POM,com.redhat.tools.pomutils.Artifact]",n,1
C:\Users\Madhu\Downloads\pomutil-master\src\main\java\com\redhat\tools\pomutils\Main.java,com.redhat.tools.pomutils.Main,"findDependency/2[com.redhat.tools.pomutils.POM,com.redhat.tools.pomutils.Artifact]",pom,1
C:\Users\Madhu\Downloads\pomutil-master\src\main\java\com\redhat\tools\pomutils\Main.java,com.redhat.tools.pomutils.Main,"findDependency/2[com.redhat.tools.pomutils.POM,com.redhat.tools.pomutils.Artifact]",dependencies,2
