file,class,method,variable,usage
C:\Users\Madhu\Downloads\Battleship-main\src\FileExceptions\BadFileException.java,FileExceptions.BadFileException,BadFileException/1[int],status,3
C:\Users\Madhu\Downloads\Battleship-main\src\FileExceptions\BadFileException.java,FileExceptions.BadFileException,printMessage/0,status,2
C:\Users\Madhu\Downloads\Battleship-main\src\Player\Player.java,Player.Player,"shot/2[int,int]",gridM,1
C:\Users\Madhu\Downloads\Battleship-main\src\Player\Player.java,Player.Player,gridlineMine/0,gridM,1
C:\Users\Madhu\Downloads\Battleship-main\src\Player\Player.java,Player.Player,Player/1[java.lang.String],gridM,1
C:\Users\Madhu\Downloads\Battleship-main\src\Player\Player.java,Player.Player,Player/1[java.lang.String],name,3
C:\Users\Madhu\Downloads\Battleship-main\src\Player\Player.java,Player.Player,Player/1[java.lang.String],ship,1
C:\Users\Madhu\Downloads\Battleship-main\src\Player\Player.java,Player.Player,Player/1[java.lang.String],gridE,1
C:\Users\Madhu\Downloads\Battleship-main\src\Player\Player.java,Player.Player,"checkBlockE/2[int,int]",gridE,1
C:\Users\Madhu\Downloads\Battleship-main\src\Player\Player.java,Player.Player,createGridEnem/0,gridE,1
C:\Users\Madhu\Downloads\Battleship-main\src\Player\Player.java,Player.Player,getName/0,name,1
C:\Users\Madhu\Downloads\Battleship-main\src\Player\Player.java,Player.Player,"checkBlockM/2[int,int]",gridM,1
C:\Users\Madhu\Downloads\Battleship-main\src\Player\Player.java,Player.Player,getShips/0,ship,1
C:\Users\Madhu\Downloads\Battleship-main\src\Ship\Ship.java,Ship.Ship,shot/0,destroyed,1
C:\Users\Madhu\Downloads\Battleship-main\src\Ship\Ship.java,Ship.Ship,shot/0,lives,2
C:\Users\Madhu\Downloads\Battleship-main\src\Ship\Ship.java,Ship.Ship,place/1[Structure.Block],place,2
C:\Users\Madhu\Downloads\Battleship-main\src\Ship\Ship.java,Ship.Ship,"Ship/4[int,int,int,java.lang.String]",destroyed,1
C:\Users\Madhu\Downloads\Battleship-main\src\Ship\Ship.java,Ship.Ship,"Ship/4[int,int,int,java.lang.String]",lives,1
C:\Users\Madhu\Downloads\Battleship-main\src\Ship\Ship.java,Ship.Ship,"Ship/4[int,int,int,java.lang.String]",x,3
C:\Users\Madhu\Downloads\Battleship-main\src\Ship\Ship.java,Ship.Ship,"Ship/4[int,int,int,java.lang.String]",y,3
C:\Users\Madhu\Downloads\Battleship-main\src\Ship\Ship.java,Ship.Ship,"Ship/4[int,int,int,java.lang.String]",place,1
C:\Users\Madhu\Downloads\Battleship-main\src\Ship\Ship.java,Ship.Ship,"Ship/4[int,int,int,java.lang.String]",dir,3
C:\Users\Madhu\Downloads\Battleship-main\src\Ship\Ship.java,Ship.Ship,"Ship/4[int,int,int,java.lang.String]",n,4
C:\Users\Madhu\Downloads\Battleship-main\src\Splash.java,Splash,actionPerformed/1[java.awt.event.ActionEvent],timerImg,3
C:\Users\Madhu\Downloads\Battleship-main\src\Splash.java,Splash,actionPerformed/1[java.awt.event.ActionEvent],ready,3
C:\Users\Madhu\Downloads\Battleship-main\src\Splash.java,Splash,actionPerformed/1[java.awt.event.ActionEvent],timerWait,3
C:\Users\Madhu\Downloads\Battleship-main\src\Splash.java,Splash,actionPerformed/1[java.awt.event.ActionEvent],window,2
C:\Users\Madhu\Downloads\Battleship-main\src\Splash.java,Splash,"Splash/3[int,Ship.ShipCount,java.awt.Frame]",timerImg,1
C:\Users\Madhu\Downloads\Battleship-main\src\Splash.java,Splash,"Splash/3[int,Ship.ShipCount,java.awt.Frame]",timerWait,1
C:\Users\Madhu\Downloads\Battleship-main\src\Splash.java,Splash,"Splash/3[int,Ship.ShipCount,java.awt.Frame]",index,3
C:\Users\Madhu\Downloads\Battleship-main\src\Splash.java,Splash,"Splash/3[int,Ship.ShipCount,java.awt.Frame]",ship,3
C:\Users\Madhu\Downloads\Battleship-main\src\Splash.java,Splash,"Splash/3[int,Ship.ShipCount,java.awt.Frame]",window,3
C:\Users\Madhu\Downloads\Battleship-main\src\Splash.java,Splash,"Splash/3[int,Ship.ShipCount,java.awt.Frame]",label,2
C:\Users\Madhu\Downloads\Battleship-main\src\Splash.java,Splash,runImage/1[int],timerImg,1
C:\Users\Madhu\Downloads\Battleship-main\src\Splash.java,Splash,runImage/1[int],ready,3
C:\Users\Madhu\Downloads\Battleship-main\src\Splash.java,Splash,runImage/1[int],timerWait,1
C:\Users\Madhu\Downloads\Battleship-main\src\Splash.java,Splash,runImage/1[int],ship,1
C:\Users\Madhu\Downloads\Battleship-main\src\Splash.java,Splash,runImage/1[int],index,1
C:\Users\Madhu\Downloads\Battleship-main\src\Splash.java,Splash,runImage/1[int],label,5
C:\Users\Madhu\Downloads\Battleship-main\src\Splash.java,Splash,runImage/1[int],window,2
C:\Users\Madhu\Downloads\Battleship-main\src\Structure\Block.java,Structure.Block,create/0,placed,1
C:\Users\Madhu\Downloads\Battleship-main\src\Structure\Block.java,Structure.Block,create/0,show,1
C:\Users\Madhu\Downloads\Battleship-main\src\Structure\Block.java,Structure.Block,create/0,shot,1
C:\Users\Madhu\Downloads\Battleship-main\src\Structure\Block.java,Structure.Block,place/1[Ship.Ship],placed,1
C:\Users\Madhu\Downloads\Battleship-main\src\Structure\Block.java,Structure.Block,place/1[Ship.Ship],show,1
C:\Users\Madhu\Downloads\Battleship-main\src\Structure\Block.java,Structure.Block,place/1[Ship.Ship],ship,3
C:\Users\Madhu\Downloads\Battleship-main\src\Structure\Block.java,Structure.Block,"Block/2[int,int]",x,3
C:\Users\Madhu\Downloads\Battleship-main\src\Structure\Block.java,Structure.Block,"Block/2[int,int]",y,3
C:\Users\Madhu\Downloads\Battleship-main\src\Structure\Block.java,Structure.Block,shot/1[boolean],placed,1
C:\Users\Madhu\Downloads\Battleship-main\src\Structure\Block.java,Structure.Block,shot/1[boolean],show,2
C:\Users\Madhu\Downloads\Battleship-main\src\Structure\Block.java,Structure.Block,shot/1[boolean],ship,1
C:\Users\Madhu\Downloads\Battleship-main\src\Structure\Block.java,Structure.Block,shot/1[boolean],shot,3
C:\Users\Madhu\Downloads\Battleship-main\src\Structure\Gridline.java,Structure.Gridline,"shot/2[int,int]",grid,3
C:\Users\Madhu\Downloads\Battleship-main\src\Structure\Gridline.java,Structure.Gridline,"shot/2[int,int]",x,4
C:\Users\Madhu\Downloads\Battleship-main\src\Structure\Gridline.java,Structure.Gridline,"shot/2[int,int]",y,4
C:\Users\Madhu\Downloads\Battleship-main\src\Structure\Gridline.java,Structure.Gridline,"Gridline/2[int,int]",x,3
C:\Users\Madhu\Downloads\Battleship-main\src\Structure\Gridline.java,Structure.Gridline,"Gridline/2[int,int]",y,3
C:\Users\Madhu\Downloads\Battleship-main\src\Structure\Gridline.java,Structure.Gridline,"checkShot/2[int,int]",grid,1
C:\Users\Madhu\Downloads\Battleship-main\src\Structure\Gridline.java,Structure.Gridline,"checkShot/2[int,int]",x,2
C:\Users\Madhu\Downloads\Battleship-main\src\Structure\Gridline.java,Structure.Gridline,"checkShot/2[int,int]",y,2
C:\Users\Madhu\Downloads\Battleship-main\src\Structure\Gridline.java,Structure.Gridline,"checkShip/4[int,int,int,java.lang.String]",grid,3
C:\Users\Madhu\Downloads\Battleship-main\src\Structure\Gridline.java,Structure.Gridline,"checkShip/4[int,int,int,java.lang.String]",x,5
C:\Users\Madhu\Downloads\Battleship-main\src\Structure\Gridline.java,Structure.Gridline,"checkShip/4[int,int,int,java.lang.String]",y,5
C:\Users\Madhu\Downloads\Battleship-main\src\Structure\Gridline.java,Structure.Gridline,place/1[Ship.Ship],grid,6
C:\Users\Madhu\Downloads\Battleship-main\src\Structure\Gridline.java,Structure.Gridline,create/0,grid,2
C:\Users\Madhu\Downloads\Battleship-main\src\Structure\Gridline.java,Structure.Gridline,create/0,x,2
C:\Users\Madhu\Downloads\Battleship-main\src\Structure\Gridline.java,Structure.Gridline,create/0,y,2
C:\Users\Madhu\Downloads\Battleship-main\src\Structure\Gridline.java,Structure.Gridline,"checkBlock/2[int,int]",grid,1
C:\Users\Madhu\Downloads\Battleship-main\src\Structure\Gridline.java,Structure.Gridline,"checkBlock/2[int,int]",x,2
C:\Users\Madhu\Downloads\Battleship-main\src\Structure\Gridline.java,Structure.Gridline,"checkBlock/2[int,int]",y,2
C:\Users\Madhu\Downloads\Battleship-main\src\Structure\Gridline.java,Structure.Gridline,"mark/3[int,int,boolean]",grid,1
C:\Users\Madhu\Downloads\Battleship-main\src\Structure\Gridline.java,Structure.Gridline,"mark/3[int,int,boolean]",x,2
C:\Users\Madhu\Downloads\Battleship-main\src\Structure\Gridline.java,Structure.Gridline,"mark/3[int,int,boolean]",y,2
C:\Users\Madhu\Downloads\Battleship-main\src\Ship\ShipCount.java,Ship.ShipCount,ShipCount/1[Player.Player],ships,1
C:\Users\Madhu\Downloads\Battleship-main\src\Ship\ShipCount.java,Ship.ShipCount,ShipCount/1[Player.Player],destroyed,1
C:\Users\Madhu\Downloads\Battleship-main\src\Ship\ShipCount.java,Ship.ShipCount,ShipCount/1[Player.Player],allDestroyed,1
C:\Users\Madhu\Downloads\Battleship-main\src\Ship\ShipCount.java,Ship.ShipCount,allDestroyed/0,ships,1
C:\Users\Madhu\Downloads\Battleship-main\src\Ship\ShipCount.java,Ship.ShipCount,allDestroyed/0,allDestroyed,2
C:\Users\Madhu\Downloads\Battleship-main\src\Ship\ShipCount.java,Ship.ShipCount,getDestroyed/0,ships,1
C:\Users\Madhu\Downloads\Battleship-main\src\Ship\ShipCount.java,Ship.ShipCount,destroyedUpdate/0,ships,3
C:\Users\Madhu\Downloads\Battleship-main\src\Ship\ShipCount.java,Ship.ShipCount,destroyedUpdate/0,destroyed,1
C:\Users\Madhu\Downloads\Battleship-main\src\MainFrame.java,MainFrame,createLowPanel/0,lowPanel,2
C:\Users\Madhu\Downloads\Battleship-main\src\MainFrame.java,MainFrame,createLowPanel/0,panelE,1
C:\Users\Madhu\Downloads\Battleship-main\src\MainFrame.java,MainFrame,createLowPanel/0,text,2
C:\Users\Madhu\Downloads\Battleship-main\src\MainFrame.java,MainFrame,createFrame/0,highPanel,1
C:\Users\Madhu\Downloads\Battleship-main\src\MainFrame.java,MainFrame,createFrame/0,lowPanel,1
C:\Users\Madhu\Downloads\Battleship-main\src\MainFrame.java,MainFrame,createFrame/0,frame,7
C:\Users\Madhu\Downloads\Battleship-main\src\MainFrame.java,MainFrame,startSplash2/0,count1,1
C:\Users\Madhu\Downloads\Battleship-main\src\MainFrame.java,MainFrame,startSplash2/0,frame,1
C:\Users\Madhu\Downloads\Battleship-main\src\MainFrame.java,MainFrame,startSplash1/0,count2,1
C:\Users\Madhu\Downloads\Battleship-main\src\MainFrame.java,MainFrame,startSplash1/0,frame,1
C:\Users\Madhu\Downloads\Battleship-main\src\MainFrame.java,MainFrame,initiateComponents/0,count1,1
C:\Users\Madhu\Downloads\Battleship-main\src\MainFrame.java,MainFrame,initiateComponents/0,panelM,1
C:\Users\Madhu\Downloads\Battleship-main\src\MainFrame.java,MainFrame,initiateComponents/0,play1,2
C:\Users\Madhu\Downloads\Battleship-main\src\MainFrame.java,MainFrame,initiateComponents/0,count2,1
C:\Users\Madhu\Downloads\Battleship-main\src\MainFrame.java,MainFrame,initiateComponents/0,play2,2
C:\Users\Madhu\Downloads\Battleship-main\src\MainFrame.java,MainFrame,initiateComponents/0,scrollPane,1
C:\Users\Madhu\Downloads\Battleship-main\src\MainFrame.java,MainFrame,initiateComponents/0,panelE,1
C:\Users\Madhu\Downloads\Battleship-main\src\MainFrame.java,MainFrame,initiateComponents/0,lowPanel,1
C:\Users\Madhu\Downloads\Battleship-main\src\MainFrame.java,MainFrame,initiateComponents/0,buttonE,1
C:\Users\Madhu\Downloads\Battleship-main\src\MainFrame.java,MainFrame,initiateComponents/0,infoMess,1
C:\Users\Madhu\Downloads\Battleship-main\src\MainFrame.java,MainFrame,initiateComponents/0,columnNames,2
C:\Users\Madhu\Downloads\Battleship-main\src\MainFrame.java,MainFrame,initiateComponents/0,highPanel,1
C:\Users\Madhu\Downloads\Battleship-main\src\MainFrame.java,MainFrame,initiateComponents/0,buttonM,1
C:\Users\Madhu\Downloads\Battleship-main\src\MainFrame.java,MainFrame,initiateComponents/0,text,1
C:\Users\Madhu\Downloads\Battleship-main\src\MainFrame.java,MainFrame,initiateComponents/0,table,2
C:\Users\Madhu\Downloads\Battleship-main\src\MainFrame.java,MainFrame,initiateComponents/0,frame,1
C:\Users\Madhu\Downloads\Battleship-main\src\MainFrame.java,MainFrame,"changeButtonE/2[int,int]",play1,1
C:\Users\Madhu\Downloads\Battleship-main\src\MainFrame.java,MainFrame,"changeButtonE/2[int,int]",buttonE,4
C:\Users\Madhu\Downloads\Battleship-main\src\MainFrame.java,MainFrame,createPanelE/0,buttonE,6
C:\Users\Madhu\Downloads\Battleship-main\src\MainFrame.java,MainFrame,createPanelE/0,panelE,3
C:\Users\Madhu\Downloads\Battleship-main\src\MainFrame.java,MainFrame,createHighPanel/0,panelM,1
C:\Users\Madhu\Downloads\Battleship-main\src\MainFrame.java,MainFrame,createHighPanel/0,scrollPane,2
C:\Users\Madhu\Downloads\Battleship-main\src\MainFrame.java,MainFrame,createHighPanel/0,highPanel,4
C:\Users\Madhu\Downloads\Battleship-main\src\MainFrame.java,MainFrame,checkEnd/0,count1,2
C:\Users\Madhu\Downloads\Battleship-main\src\MainFrame.java,MainFrame,checkEnd/0,endGame,3
C:\Users\Madhu\Downloads\Battleship-main\src\MainFrame.java,MainFrame,checkEnd/0,count2,2
C:\Users\Madhu\Downloads\Battleship-main\src\MainFrame.java,MainFrame,checkEnd/0,play1,1
C:\Users\Madhu\Downloads\Battleship-main\src\MainFrame.java,MainFrame,checkEnd/0,play2,1
C:\Users\Madhu\Downloads\Battleship-main\src\MainFrame.java,MainFrame,checkEnd/0,text,3
C:\Users\Madhu\Downloads\Battleship-main\src\MainFrame.java,MainFrame,updateTable/0,columnNames,1
C:\Users\Madhu\Downloads\Battleship-main\src\MainFrame.java,MainFrame,updateTable/0,table,1
C:\Users\Madhu\Downloads\Battleship-main\src\MainFrame.java,MainFrame,getMainFrame/0,main,1
C:\Users\Madhu\Downloads\Battleship-main\src\MainFrame.java,MainFrame,changeButtonM/0,play2,1
C:\Users\Madhu\Downloads\Battleship-main\src\MainFrame.java,MainFrame,changeButtonM/0,buttonM,3
C:\Users\Madhu\Downloads\Battleship-main\src\MainFrame.java,MainFrame,tableContent/0,count1,1
C:\Users\Madhu\Downloads\Battleship-main\src\MainFrame.java,MainFrame,tableContent/0,count2,1
C:\Users\Madhu\Downloads\Battleship-main\src\MainFrame.java,MainFrame,"startMain/2[java.lang.String,java.lang.String]",play1,2
C:\Users\Madhu\Downloads\Battleship-main\src\MainFrame.java,MainFrame,"startMain/2[java.lang.String,java.lang.String]",play2,2
C:\Users\Madhu\Downloads\Battleship-main\src\MainFrame.java,MainFrame,"startMain/2[java.lang.String,java.lang.String]",frame,1
C:\Users\Madhu\Downloads\Battleship-main\src\MainFrame.java,MainFrame,createPanelM/0,panelM,3
C:\Users\Madhu\Downloads\Battleship-main\src\MainFrame.java,MainFrame,createPanelM/0,play1,1
C:\Users\Madhu\Downloads\Battleship-main\src\MainFrame.java,MainFrame,createPanelM/0,buttonM,5
C:\Users\Madhu\Downloads\Battleship-main\src\MainFrame.java,MainFrame,actionPerformed/1[java.awt.event.ActionEvent],endGame,1
C:\Users\Madhu\Downloads\Battleship-main\src\MainFrame.java,MainFrame,actionPerformed/1[java.awt.event.ActionEvent],count1,1
C:\Users\Madhu\Downloads\Battleship-main\src\MainFrame.java,MainFrame,actionPerformed/1[java.awt.event.ActionEvent],play1,5
C:\Users\Madhu\Downloads\Battleship-main\src\MainFrame.java,MainFrame,actionPerformed/1[java.awt.event.ActionEvent],count2,1
C:\Users\Madhu\Downloads\Battleship-main\src\MainFrame.java,MainFrame,actionPerformed/1[java.awt.event.ActionEvent],play2,5
C:\Users\Madhu\Downloads\Battleship-main\src\MainFrame.java,MainFrame,actionPerformed/1[java.awt.event.ActionEvent],text,7
