file,class,method,variable,usage
C:\Users\Madhu\Downloads\Battleship-main\src\Structure\Structure.java,Structure.Structure,place/1[Ship.Ship],ship,0
C:\Users\Madhu\Downloads\Battleship-main\src\Game.java,Game,main/1[java.lang.String[]],args,0
C:\Users\Madhu\Downloads\Battleship-main\src\Game.java,Game,main/1[java.lang.String[]],splash2,1
C:\Users\Madhu\Downloads\Battleship-main\src\Game.java,Game,main/1[java.lang.String[]],splash1,1
C:\Users\Madhu\Downloads\Battleship-main\src\Game.java,Game,main/1[java.lang.String[]],mainFrame,3
C:\Users\Madhu\Downloads\Battleship-main\src\Player\Computer.java,Player.Computer,Computer/1[java.lang.String],name,1
C:\Users\Madhu\Downloads\Battleship-main\src\Player\Computer.java,Player.Computer,createGridMine/0,next,2
C:\Users\Madhu\Downloads\Battleship-main\src\Player\Computer.java,Player.Computer,createGridMine/0,random,3
C:\Users\Madhu\Downloads\Battleship-main\src\Player\Computer.java,Player.Computer,createGridMine/0,temp,2
C:\Users\Madhu\Downloads\Battleship-main\src\Player\Computer.java,Player.Computer,createGridMine/0,shipN,1
C:\Users\Madhu\Downloads\Battleship-main\src\Player\Computer.java,Player.Computer,createGridMine/0,x,3
C:\Users\Madhu\Downloads\Battleship-main\src\Player\Computer.java,Player.Computer,createGridMine/0,i,2
C:\Users\Madhu\Downloads\Battleship-main\src\Player\Computer.java,Player.Computer,createGridMine/0,y,3
C:\Users\Madhu\Downloads\Battleship-main\src\Player\Computer.java,Player.Computer,createGridMine/0,dir,2
C:\Users\Madhu\Downloads\Battleship-main\src\Player\Computer.java,Player.Computer,createGridMine/0,dirN,3
C:\Users\Madhu\Downloads\Battleship-main\src\Player\Computer.java,Player.Computer,"takeAim/3[Player.Player,int,int]",next,2
C:\Users\Madhu\Downloads\Battleship-main\src\Player\Computer.java,Player.Computer,"takeAim/3[Player.Player,int,int]",random,2
C:\Users\Madhu\Downloads\Battleship-main\src\Player\Computer.java,Player.Computer,"takeAim/3[Player.Player,int,int]",pers,1
C:\Users\Madhu\Downloads\Battleship-main\src\Player\Computer.java,Player.Computer,"takeAim/3[Player.Player,int,int]",x,4
C:\Users\Madhu\Downloads\Battleship-main\src\Player\Computer.java,Player.Computer,"takeAim/3[Player.Player,int,int]",y,4
C:\Users\Madhu\Downloads\Battleship-main\src\Player\Computer.java,Player.Computer,"takeAim/3[Player.Player,int,int]",shot,4
C:\Users\Madhu\Downloads\Battleship-main\src\FileExceptions\BadFileException.java,FileExceptions.BadFileException,BadFileException/1[int],status,2
C:\Users\Madhu\Downloads\Battleship-main\src\FileExceptions\BadFileException.java,FileExceptions.BadFileException,printMessage/0,text,4
C:\Users\Madhu\Downloads\Battleship-main\src\FileExceptions\BadFileException.java,FileExceptions.BadFileException,printMessage/0,frame,4
C:\Users\Madhu\Downloads\Battleship-main\src\Player\Player.java,Player.Player,"shot/2[int,int]",x,1
C:\Users\Madhu\Downloads\Battleship-main\src\Player\Player.java,Player.Player,"shot/2[int,int]",y,1
C:\Users\Madhu\Downloads\Battleship-main\src\Player\Player.java,Player.Player,"takeAim/3[Player.Player,int,int]",pers,0
C:\Users\Madhu\Downloads\Battleship-main\src\Player\Player.java,Player.Player,"takeAim/3[Player.Player,int,int]",x,0
C:\Users\Madhu\Downloads\Battleship-main\src\Player\Player.java,Player.Player,"takeAim/3[Player.Player,int,int]",y,0
C:\Users\Madhu\Downloads\Battleship-main\src\Player\Player.java,Player.Player,Player/1[java.lang.String],name,2
C:\Users\Madhu\Downloads\Battleship-main\src\Player\Player.java,Player.Player,"checkBlockE/2[int,int]",x,1
C:\Users\Madhu\Downloads\Battleship-main\src\Player\Player.java,Player.Player,"checkBlockE/2[int,int]",y,1
C:\Users\Madhu\Downloads\Battleship-main\src\Player\Player.java,Player.Player,"checkBlockM/2[int,int]",x,1
C:\Users\Madhu\Downloads\Battleship-main\src\Player\Player.java,Player.Player,"checkBlockM/2[int,int]",y,1
C:\Users\Madhu\Downloads\Battleship-main\src\Ship\Ship.java,Ship.Ship,place/1[Structure.Block],block,1
C:\Users\Madhu\Downloads\Battleship-main\src\Ship\Ship.java,Ship.Ship,"Ship/4[int,int,int,java.lang.String]",x,2
C:\Users\Madhu\Downloads\Battleship-main\src\Ship\Ship.java,Ship.Ship,"Ship/4[int,int,int,java.lang.String]",y,2
C:\Users\Madhu\Downloads\Battleship-main\src\Ship\Ship.java,Ship.Ship,"Ship/4[int,int,int,java.lang.String]",dir,2
C:\Users\Madhu\Downloads\Battleship-main\src\Ship\Ship.java,Ship.Ship,"Ship/4[int,int,int,java.lang.String]",n,3
C:\Users\Madhu\Downloads\Battleship-main\src\Splash.java,Splash,actionPerformed/1[java.awt.event.ActionEvent],e,0
C:\Users\Madhu\Downloads\Battleship-main\src\Splash.java,Splash,"Splash/3[int,Ship.ShipCount,java.awt.Frame]",index,2
C:\Users\Madhu\Downloads\Battleship-main\src\Splash.java,Splash,"Splash/3[int,Ship.ShipCount,java.awt.Frame]",ship,2
C:\Users\Madhu\Downloads\Battleship-main\src\Splash.java,Splash,"Splash/3[int,Ship.ShipCount,java.awt.Frame]",frame,1
C:\Users\Madhu\Downloads\Battleship-main\src\Splash.java,Splash,runImage/1[int],imgIndex,2
C:\Users\Madhu\Downloads\Battleship-main\src\Splash.java,Splash,runImage/1[int],screenSize,2
C:\Users\Madhu\Downloads\Battleship-main\src\Splash.java,Splash,runImage/1[int],labelSize,2
C:\Users\Madhu\Downloads\Battleship-main\src\Structure\Block.java,Structure.Block,place/1[Ship.Ship],ship,2
C:\Users\Madhu\Downloads\Battleship-main\src\Structure\Block.java,Structure.Block,"Block/2[int,int]",x,2
C:\Users\Madhu\Downloads\Battleship-main\src\Structure\Block.java,Structure.Block,"Block/2[int,int]",y,2
C:\Users\Madhu\Downloads\Battleship-main\src\Structure\Block.java,Structure.Block,shot/1[boolean],hit,1
C:\Users\Madhu\Downloads\Battleship-main\src\Structure\Gridline.java,Structure.Gridline,"shot/2[int,int]",x,3
C:\Users\Madhu\Downloads\Battleship-main\src\Structure\Gridline.java,Structure.Gridline,"shot/2[int,int]",y,3
C:\Users\Madhu\Downloads\Battleship-main\src\Structure\Gridline.java,Structure.Gridline,"Gridline/2[int,int]",x,2
C:\Users\Madhu\Downloads\Battleship-main\src\Structure\Gridline.java,Structure.Gridline,"Gridline/2[int,int]",y,2
C:\Users\Madhu\Downloads\Battleship-main\src\Structure\Gridline.java,Structure.Gridline,"checkShot/2[int,int]",x,1
C:\Users\Madhu\Downloads\Battleship-main\src\Structure\Gridline.java,Structure.Gridline,"checkShot/2[int,int]",y,1
C:\Users\Madhu\Downloads\Battleship-main\src\Structure\Gridline.java,Structure.Gridline,"checkShip/4[int,int,int,java.lang.String]",x,4
C:\Users\Madhu\Downloads\Battleship-main\src\Structure\Gridline.java,Structure.Gridline,"checkShip/4[int,int,int,java.lang.String]",y,4
C:\Users\Madhu\Downloads\Battleship-main\src\Structure\Gridline.java,Structure.Gridline,"checkShip/4[int,int,int,java.lang.String]",i,7
C:\Users\Madhu\Downloads\Battleship-main\src\Structure\Gridline.java,Structure.Gridline,"checkShip/4[int,int,int,java.lang.String]",dir,2
C:\Users\Madhu\Downloads\Battleship-main\src\Structure\Gridline.java,Structure.Gridline,"checkShip/4[int,int,int,java.lang.String]",n,5
C:\Users\Madhu\Downloads\Battleship-main\src\Structure\Gridline.java,Structure.Gridline,place/1[Ship.Ship],x,7
C:\Users\Madhu\Downloads\Battleship-main\src\Structure\Gridline.java,Structure.Gridline,place/1[Ship.Ship],ship,10
C:\Users\Madhu\Downloads\Battleship-main\src\Structure\Gridline.java,Structure.Gridline,place/1[Ship.Ship],y,7
C:\Users\Madhu\Downloads\Battleship-main\src\Structure\Gridline.java,Structure.Gridline,place/1[Ship.Ship],i,9
C:\Users\Madhu\Downloads\Battleship-main\src\Structure\Gridline.java,Structure.Gridline,place/1[Ship.Ship],dir,3
C:\Users\Madhu\Downloads\Battleship-main\src\Structure\Gridline.java,Structure.Gridline,place/1[Ship.Ship],n,4
C:\Users\Madhu\Downloads\Battleship-main\src\Structure\Gridline.java,Structure.Gridline,create/0,i,4
C:\Users\Madhu\Downloads\Battleship-main\src\Structure\Gridline.java,Structure.Gridline,create/0,j,4
C:\Users\Madhu\Downloads\Battleship-main\src\Structure\Gridline.java,Structure.Gridline,"checkBlock/2[int,int]",x,1
C:\Users\Madhu\Downloads\Battleship-main\src\Structure\Gridline.java,Structure.Gridline,"checkBlock/2[int,int]",y,1
C:\Users\Madhu\Downloads\Battleship-main\src\Structure\Gridline.java,Structure.Gridline,"mark/3[int,int,boolean]",hit,1
C:\Users\Madhu\Downloads\Battleship-main\src\Structure\Gridline.java,Structure.Gridline,"mark/3[int,int,boolean]",x,1
C:\Users\Madhu\Downloads\Battleship-main\src\Structure\Gridline.java,Structure.Gridline,"mark/3[int,int,boolean]",y,1
C:\Users\Madhu\Downloads\Battleship-main\src\Player\Person.java,Player.Person,Person/1[java.lang.String],name,1
C:\Users\Madhu\Downloads\Battleship-main\src\Player\Person.java,Player.Person,"takeAim/3[Player.Player,int,int]",comp,1
C:\Users\Madhu\Downloads\Battleship-main\src\Player\Person.java,Player.Person,"takeAim/3[Player.Player,int,int]",x,2
C:\Users\Madhu\Downloads\Battleship-main\src\Player\Person.java,Player.Person,"takeAim/3[Player.Player,int,int]",y,2
C:\Users\Madhu\Downloads\Battleship-main\src\Player\Person.java,Player.Person,"takeAim/3[Player.Player,int,int]",shot,3
C:\Users\Madhu\Downloads\Battleship-main\src\Player\Person.java,Player.Person,createGridMine/0,coord,5
C:\Users\Madhu\Downloads\Battleship-main\src\Player\Person.java,Player.Person,createGridMine/0,temp,2
C:\Users\Madhu\Downloads\Battleship-main\src\Player\Person.java,Player.Person,createGridMine/0,read,5
C:\Users\Madhu\Downloads\Battleship-main\src\Player\Person.java,Player.Person,createGridMine/0,e,0
C:\Users\Madhu\Downloads\Battleship-main\src\Player\Person.java,Player.Person,createGridMine/0,fl,1
C:\Users\Madhu\Downloads\Battleship-main\src\Player\Person.java,Player.Person,createGridMine/0,line,3
C:\Users\Madhu\Downloads\Battleship-main\src\Player\Person.java,Player.Person,createGridMine/0,x,2
C:\Users\Madhu\Downloads\Battleship-main\src\Player\Person.java,Player.Person,createGridMine/0,i,2
C:\Users\Madhu\Downloads\Battleship-main\src\Player\Person.java,Player.Person,createGridMine/0,y,2
C:\Users\Madhu\Downloads\Battleship-main\src\Player\Person.java,Player.Person,createGridMine/0,fr,5
C:\Users\Madhu\Downloads\Battleship-main\src\Player\Person.java,Player.Person,createGridMine/0,dir,4
C:\Users\Madhu\Downloads\Battleship-main\src\Player\Person.java,Player.Person,createGridMine/0,n,3
C:\Users\Madhu\Downloads\Battleship-main\src\Ship\ShipCount.java,Ship.ShipCount,ShipCount/1[Player.Player],play,1
C:\Users\Madhu\Downloads\Battleship-main\src\Ship\ShipCount.java,Ship.ShipCount,ShipCount/1[Player.Player],i,1
C:\Users\Madhu\Downloads\Battleship-main\src\Ship\ShipCount.java,Ship.ShipCount,allDestroyed/0,count,2
C:\Users\Madhu\Downloads\Battleship-main\src\Ship\ShipCount.java,Ship.ShipCount,allDestroyed/0,i,1
C:\Users\Madhu\Downloads\Battleship-main\src\Ship\ShipCount.java,Ship.ShipCount,destroyedUpdate/0,i,5
C:\Users\Madhu\Downloads\Battleship-main\src\MainFrame.java,MainFrame,createFrame/0,screenSize,2
C:\Users\Madhu\Downloads\Battleship-main\src\MainFrame.java,MainFrame,createFrame/0,labelSize,2
C:\Users\Madhu\Downloads\Battleship-main\src\MainFrame.java,MainFrame,startSplash2/0,splash2,1
C:\Users\Madhu\Downloads\Battleship-main\src\MainFrame.java,MainFrame,startSplash1/0,splash1,1
C:\Users\Madhu\Downloads\Battleship-main\src\MainFrame.java,MainFrame,"changeButtonE/2[int,int]",txt,2
C:\Users\Madhu\Downloads\Battleship-main\src\MainFrame.java,MainFrame,"changeButtonE/2[int,int]",x,5
C:\Users\Madhu\Downloads\Battleship-main\src\MainFrame.java,MainFrame,"changeButtonE/2[int,int]",y,5
C:\Users\Madhu\Downloads\Battleship-main\src\MainFrame.java,MainFrame,createPanelE/0,i,9
C:\Users\Madhu\Downloads\Battleship-main\src\MainFrame.java,MainFrame,createPanelE/0,j,9
C:\Users\Madhu\Downloads\Battleship-main\src\MainFrame.java,MainFrame,changeButtonM/0,txt,3
C:\Users\Madhu\Downloads\Battleship-main\src\MainFrame.java,MainFrame,changeButtonM/0,i,6
C:\Users\Madhu\Downloads\Battleship-main\src\MainFrame.java,MainFrame,changeButtonM/0,j,6
C:\Users\Madhu\Downloads\Battleship-main\src\MainFrame.java,MainFrame,tableContent/0,data,2
C:\Users\Madhu\Downloads\Battleship-main\src\MainFrame.java,MainFrame,tableContent/0,sizes,2
C:\Users\Madhu\Downloads\Battleship-main\src\MainFrame.java,MainFrame,tableContent/0,obj,3
C:\Users\Madhu\Downloads\Battleship-main\src\MainFrame.java,MainFrame,tableContent/0,count2It,1
C:\Users\Madhu\Downloads\Battleship-main\src\MainFrame.java,MainFrame,tableContent/0,sizesIt,1
C:\Users\Madhu\Downloads\Battleship-main\src\MainFrame.java,MainFrame,tableContent/0,count1It,1
C:\Users\Madhu\Downloads\Battleship-main\src\MainFrame.java,MainFrame,"startMain/2[java.lang.String,java.lang.String]",protag,1
C:\Users\Madhu\Downloads\Battleship-main\src\MainFrame.java,MainFrame,"startMain/2[java.lang.String,java.lang.String]",e,1
C:\Users\Madhu\Downloads\Battleship-main\src\MainFrame.java,MainFrame,"startMain/2[java.lang.String,java.lang.String]",antag,1
C:\Users\Madhu\Downloads\Battleship-main\src\MainFrame.java,MainFrame,createPanelM/0,i,8
C:\Users\Madhu\Downloads\Battleship-main\src\MainFrame.java,MainFrame,createPanelM/0,j,8
C:\Users\Madhu\Downloads\Battleship-main\src\MainFrame.java,MainFrame,actionPerformed/1[java.awt.event.ActionEvent],e,1
C:\Users\Madhu\Downloads\Battleship-main\src\MainFrame.java,MainFrame,actionPerformed/1[java.awt.event.ActionEvent],x,2
C:\Users\Madhu\Downloads\Battleship-main\src\MainFrame.java,MainFrame,actionPerformed/1[java.awt.event.ActionEvent],y,2
C:\Users\Madhu\Downloads\Battleship-main\src\MainFrame.java,MainFrame,actionPerformed/1[java.awt.event.ActionEvent],updateCount1,2
C:\Users\Madhu\Downloads\Battleship-main\src\MainFrame.java,MainFrame,actionPerformed/1[java.awt.event.ActionEvent],command,3
C:\Users\Madhu\Downloads\Battleship-main\src\MainFrame.java,MainFrame,actionPerformed/1[java.awt.event.ActionEvent],updateCount2,2
