file,class,method,variable,usage
C:\Users\Madhu\Downloads\ResistorColorBandCalculatorJava-main\src\MakeFrame.java,MakeFrame,getBandCounts/0,BandsSelect6,1
C:\Users\Madhu\Downloads\ResistorColorBandCalculatorJava-main\src\MakeFrame.java,MakeFrame,getBandCounts/0,BandsSelect5,1
C:\Users\Madhu\Downloads\ResistorColorBandCalculatorJava-main\src\MakeFrame.java,MakeFrame,getBandCounts/0,BandsSelect4,1
C:\Users\Madhu\Downloads\ResistorColorBandCalculatorJava-main\src\MakeFrame.java,MakeFrame,MakeFrame/0,BlankRadio,3
C:\Users\Madhu\Downloads\ResistorColorBandCalculatorJava-main\src\MakeFrame.java,MakeFrame,MakeFrame/0,ResultLabel,3
C:\Users\Madhu\Downloads\ResistorColorBandCalculatorJava-main\src\MakeFrame.java,MakeFrame,MakeFrame/0,BandCountText,1
C:\Users\Madhu\Downloads\ResistorColorBandCalculatorJava-main\src\MakeFrame.java,MakeFrame,MakeFrame/0,statusOut,2
C:\Users\Madhu\Downloads\ResistorColorBandCalculatorJava-main\src\MakeFrame.java,MakeFrame,MakeFrame/0,BandsSelect6,3
C:\Users\Madhu\Downloads\ResistorColorBandCalculatorJava-main\src\MakeFrame.java,MakeFrame,MakeFrame/0,ClearButton,2
C:\Users\Madhu\Downloads\ResistorColorBandCalculatorJava-main\src\MakeFrame.java,MakeFrame,MakeFrame/0,resultOut,2
C:\Users\Madhu\Downloads\ResistorColorBandCalculatorJava-main\src\MakeFrame.java,MakeFrame,MakeFrame/0,MinMaxLabel,3
C:\Users\Madhu\Downloads\ResistorColorBandCalculatorJava-main\src\MakeFrame.java,MakeFrame,MakeFrame/0,BandsUI,3
C:\Users\Madhu\Downloads\ResistorColorBandCalculatorJava-main\src\MakeFrame.java,MakeFrame,MakeFrame/0,RangeOut,2
C:\Users\Madhu\Downloads\ResistorColorBandCalculatorJava-main\src\MakeFrame.java,MakeFrame,MakeFrame/0,BandsSelect5,3
C:\Users\Madhu\Downloads\ResistorColorBandCalculatorJava-main\src\MakeFrame.java,MakeFrame,MakeFrame/0,BandsSelect4,3
C:\Users\Madhu\Downloads\ResistorColorBandCalculatorJava-main\src\MakeFrame.java,MakeFrame,actionClear/1[java.awt.event.ActionEvent],BlankRadio,1
C:\Users\Madhu\Downloads\ResistorColorBandCalculatorJava-main\src\MakeFrame.java,MakeFrame,actionClear/1[java.awt.event.ActionEvent],ResultLabel,1
C:\Users\Madhu\Downloads\ResistorColorBandCalculatorJava-main\src\MakeFrame.java,MakeFrame,actionClear/1[java.awt.event.ActionEvent],statusOut,1
C:\Users\Madhu\Downloads\ResistorColorBandCalculatorJava-main\src\MakeFrame.java,MakeFrame,actionClear/1[java.awt.event.ActionEvent],BandsSelect6,1
C:\Users\Madhu\Downloads\ResistorColorBandCalculatorJava-main\src\MakeFrame.java,MakeFrame,actionClear/1[java.awt.event.ActionEvent],resultOut,1
C:\Users\Madhu\Downloads\ResistorColorBandCalculatorJava-main\src\MakeFrame.java,MakeFrame,actionClear/1[java.awt.event.ActionEvent],MinMaxLabel,1
C:\Users\Madhu\Downloads\ResistorColorBandCalculatorJava-main\src\MakeFrame.java,MakeFrame,actionClear/1[java.awt.event.ActionEvent],BandsUI,2
C:\Users\Madhu\Downloads\ResistorColorBandCalculatorJava-main\src\MakeFrame.java,MakeFrame,actionClear/1[java.awt.event.ActionEvent],RangeOut,1
C:\Users\Madhu\Downloads\ResistorColorBandCalculatorJava-main\src\MakeFrame.java,MakeFrame,actionClear/1[java.awt.event.ActionEvent],BandsSelect5,1
C:\Users\Madhu\Downloads\ResistorColorBandCalculatorJava-main\src\MakeFrame.java,MakeFrame,actionClear/1[java.awt.event.ActionEvent],BandsSelect4,1
C:\Users\Madhu\Downloads\ResistorColorBandCalculatorJava-main\src\MakeFrame.java,MakeFrame,Calculate/1[java.awt.event.ActionEvent],PPMBox,1
C:\Users\Madhu\Downloads\ResistorColorBandCalculatorJava-main\src\MakeFrame.java,MakeFrame,Calculate/1[java.awt.event.ActionEvent],ResultLabel,2
C:\Users\Madhu\Downloads\ResistorColorBandCalculatorJava-main\src\MakeFrame.java,MakeFrame,Calculate/1[java.awt.event.ActionEvent],ToleranceBox,1
C:\Users\Madhu\Downloads\ResistorColorBandCalculatorJava-main\src\MakeFrame.java,MakeFrame,Calculate/1[java.awt.event.ActionEvent],Color2Box,1
C:\Users\Madhu\Downloads\ResistorColorBandCalculatorJava-main\src\MakeFrame.java,MakeFrame,Calculate/1[java.awt.event.ActionEvent],Color1Box,1
C:\Users\Madhu\Downloads\ResistorColorBandCalculatorJava-main\src\MakeFrame.java,MakeFrame,Calculate/1[java.awt.event.ActionEvent],MultiplierBox,1
C:\Users\Madhu\Downloads\ResistorColorBandCalculatorJava-main\src\MakeFrame.java,MakeFrame,Calculate/1[java.awt.event.ActionEvent],resultOut,3
C:\Users\Madhu\Downloads\ResistorColorBandCalculatorJava-main\src\MakeFrame.java,MakeFrame,Calculate/1[java.awt.event.ActionEvent],MinMaxLabel,1
C:\Users\Madhu\Downloads\ResistorColorBandCalculatorJava-main\src\MakeFrame.java,MakeFrame,Calculate/1[java.awt.event.ActionEvent],RangeOut,2
C:\Users\Madhu\Downloads\ResistorColorBandCalculatorJava-main\src\MakeFrame.java,MakeFrame,Calculate/1[java.awt.event.ActionEvent],Color3Box,1
C:\Users\Madhu\Downloads\ResistorColorBandCalculatorJava-main\src\MakeFrame.java,MakeFrame,SelectModeInit/1[java.awt.event.ActionEvent],PPMBox,2
C:\Users\Madhu\Downloads\ResistorColorBandCalculatorJava-main\src\MakeFrame.java,MakeFrame,SelectModeInit/1[java.awt.event.ActionEvent],ToleranceBox,4
C:\Users\Madhu\Downloads\ResistorColorBandCalculatorJava-main\src\MakeFrame.java,MakeFrame,SelectModeInit/1[java.awt.event.ActionEvent],statusOut,2
C:\Users\Madhu\Downloads\ResistorColorBandCalculatorJava-main\src\MakeFrame.java,MakeFrame,SelectModeInit/1[java.awt.event.ActionEvent],Color2Box,4
C:\Users\Madhu\Downloads\ResistorColorBandCalculatorJava-main\src\MakeFrame.java,MakeFrame,SelectModeInit/1[java.awt.event.ActionEvent],Color1Box,4
C:\Users\Madhu\Downloads\ResistorColorBandCalculatorJava-main\src\MakeFrame.java,MakeFrame,SelectModeInit/1[java.awt.event.ActionEvent],MultiplierBox,4
C:\Users\Madhu\Downloads\ResistorColorBandCalculatorJava-main\src\MakeFrame.java,MakeFrame,SelectModeInit/1[java.awt.event.ActionEvent],BandsUI,27
C:\Users\Madhu\Downloads\ResistorColorBandCalculatorJava-main\src\MakeFrame.java,MakeFrame,SelectModeInit/1[java.awt.event.ActionEvent],Color3Box,3
