file,class,method,constructor,line,cbo,cboModified,fanin,fanout,wmc,rfc,loc,returnsQty,variablesQty,parametersQty,methodsInvokedQty,methodsInvokedLocalQty,methodsInvokedIndirectLocalQty,loopQty,comparisonsQty,tryCatchQty,parenthesizedExpsQty,stringLiteralsQty,numbersQty,assignmentsQty,mathOperationsQty,maxNestedBlocksQty,anonymousClassesQty,innerClassesQty,lambdasQty,uniqueWordsQty,modifiers,logStatementsQty,hasJavaDoc
C:\Users\Madhu\Downloads\ResistorColorBandCalculatorJava-main\src\MakeFrame.java,MakeFrame,getBandCounts/0,false,46,0,2,2,0,4,1,16,1,1,0,1,0,0,0,0,0,0,3,0,5,0,1,0,0,0,5,1,0,false
C:\Users\Madhu\Downloads\ResistorColorBandCalculatorJava-main\src\MakeFrame.java,MakeFrame,MakeFrame/0,true,188,0,1,1,0,1,12,66,0,8,0,12,0,0,0,0,0,0,8,24,8,0,0,0,0,0,51,1,0,false
C:\Users\Madhu\Downloads\ResistorColorBandCalculatorJava-main\src\MakeFrame.java,MakeFrame,actionClear/1[java.awt.event.ActionEvent],false,173,0,0,0,0,1,4,13,0,0,1,4,0,0,0,0,0,0,1,0,0,0,0,0,0,0,10,1,0,false
C:\Users\Madhu\Downloads\ResistorColorBandCalculatorJava-main\src\MakeFrame.java,MakeFrame,Calculate/1[java.awt.event.ActionEvent],false,60,4,3,0,3,7,8,37,0,13,1,8,1,1,0,4,0,0,19,29,16,1,1,0,0,0,29,1,0,false
C:\Users\Madhu\Downloads\ResistorColorBandCalculatorJava-main\src\MakeFrame.java,MakeFrame,SelectModeInit/1[java.awt.event.ActionEvent],false,114,1,1,0,1,5,8,55,0,2,1,8,1,1,0,4,0,0,9,4,3,5,2,0,0,0,28,1,0,false
C:\Users\Madhu\Downloads\ResistorColorBandCalculatorJava-main\src\MainFunctions.java,MainFunctions,"BandCalculator/7[int,long,long,long,double,java.lang.String,java.lang.String]",false,4,1,2,1,1,6,5,46,1,9,7,5,1,1,0,3,0,6,18,14,20,23,1,0,0,0,24,1,0,false
C:\Users\Madhu\Downloads\ResistorColorBandCalculatorJava-main\src\MainFunctions.java,MainFunctions,ResistorMinifier/1[double],false,55,0,1,1,0,3,2,15,1,1,1,2,0,0,0,0,0,0,5,4,6,3,1,0,0,0,10,1,0,false
C:\Users\Madhu\Downloads\ResistorColorBandCalculatorJava-main\src\Main.java,Main,main/1[java.lang.String[]],false,2,1,1,0,1,1,0,3,0,0,1,0,0,0,0,0,0,0,0,0,0,0,0,0,0,0,4,9,0,false
