file,class,method,variable,usage
C:\Users\Madhu\Downloads\ResistorColorBandCalculatorJava-main\src\MakeFrame.java,MakeFrame,getBandCounts/0,BandCount,5
C:\Users\Madhu\Downloads\ResistorColorBandCalculatorJava-main\src\MakeFrame.java,MakeFrame,MakeFrame/0,mainContainer,7
C:\Users\Madhu\Downloads\ResistorColorBandCalculatorJava-main\src\MakeFrame.java,MakeFrame,MakeFrame/0,Header,4
C:\Users\Madhu\Downloads\ResistorColorBandCalculatorJava-main\src\MakeFrame.java,MakeFrame,MakeFrame/0,panel1,11
C:\Users\Madhu\Downloads\ResistorColorBandCalculatorJava-main\src\MakeFrame.java,MakeFrame,MakeFrame/0,panel3,5
C:\Users\Madhu\Downloads\ResistorColorBandCalculatorJava-main\src\MakeFrame.java,MakeFrame,MakeFrame/0,panel2,4
C:\Users\Madhu\Downloads\ResistorColorBandCalculatorJava-main\src\MakeFrame.java,MakeFrame,MakeFrame/0,panel4,5
C:\Users\Madhu\Downloads\ResistorColorBandCalculatorJava-main\src\MakeFrame.java,MakeFrame,MakeFrame/0,HeaderText,2
C:\Users\Madhu\Downloads\ResistorColorBandCalculatorJava-main\src\MakeFrame.java,MakeFrame,MakeFrame/0,btnGroup,4
C:\Users\Madhu\Downloads\ResistorColorBandCalculatorJava-main\src\MakeFrame.java,MakeFrame,actionClear/1[java.awt.event.ActionEvent],e,0
C:\Users\Madhu\Downloads\ResistorColorBandCalculatorJava-main\src\MakeFrame.java,MakeFrame,Calculate/1[java.awt.event.ActionEvent],TolBand,3
C:\Users\Madhu\Downloads\ResistorColorBandCalculatorJava-main\src\MakeFrame.java,MakeFrame,Calculate/1[java.awt.event.ActionEvent],MulBand,3
C:\Users\Madhu\Downloads\ResistorColorBandCalculatorJava-main\src\MakeFrame.java,MakeFrame,Calculate/1[java.awt.event.ActionEvent],Multipliers,1
C:\Users\Madhu\Downloads\ResistorColorBandCalculatorJava-main\src\MakeFrame.java,MakeFrame,Calculate/1[java.awt.event.ActionEvent],e,0
C:\Users\Madhu\Downloads\ResistorColorBandCalculatorJava-main\src\MakeFrame.java,MakeFrame,Calculate/1[java.awt.event.ActionEvent],Tolerances,1
C:\Users\Madhu\Downloads\ResistorColorBandCalculatorJava-main\src\MakeFrame.java,MakeFrame,Calculate/1[java.awt.event.ActionEvent],ppm,1
C:\Users\Madhu\Downloads\ResistorColorBandCalculatorJava-main\src\MakeFrame.java,MakeFrame,Calculate/1[java.awt.event.ActionEvent],MinMaxText,1
C:\Users\Madhu\Downloads\ResistorColorBandCalculatorJava-main\src\MakeFrame.java,MakeFrame,Calculate/1[java.awt.event.ActionEvent],PPMBand,1
C:\Users\Madhu\Downloads\ResistorColorBandCalculatorJava-main\src\MakeFrame.java,MakeFrame,Calculate/1[java.awt.event.ActionEvent],Band3,2
C:\Users\Madhu\Downloads\ResistorColorBandCalculatorJava-main\src\MakeFrame.java,MakeFrame,Calculate/1[java.awt.event.ActionEvent],Band2,3
C:\Users\Madhu\Downloads\ResistorColorBandCalculatorJava-main\src\MakeFrame.java,MakeFrame,Calculate/1[java.awt.event.ActionEvent],Band1,3
C:\Users\Madhu\Downloads\ResistorColorBandCalculatorJava-main\src\MakeFrame.java,MakeFrame,Calculate/1[java.awt.event.ActionEvent],BandCount,6
C:\Users\Madhu\Downloads\ResistorColorBandCalculatorJava-main\src\MakeFrame.java,MakeFrame,Calculate/1[java.awt.event.ActionEvent],ColorBandType_1,3
C:\Users\Madhu\Downloads\ResistorColorBandCalculatorJava-main\src\MakeFrame.java,MakeFrame,Calculate/1[java.awt.event.ActionEvent],result1,8
C:\Users\Madhu\Downloads\ResistorColorBandCalculatorJava-main\src\MakeFrame.java,MakeFrame,SelectModeInit/1[java.awt.event.ActionEvent],bandCountsNum,3
C:\Users\Madhu\Downloads\ResistorColorBandCalculatorJava-main\src\MakeFrame.java,MakeFrame,SelectModeInit/1[java.awt.event.ActionEvent],e,0
C:\Users\Madhu\Downloads\ResistorColorBandCalculatorJava-main\src\MakeFrame.java,MakeFrame,SelectModeInit/1[java.awt.event.ActionEvent],modeSelect,5
C:\Users\Madhu\Downloads\ResistorColorBandCalculatorJava-main\src\MainFunctions.java,MainFunctions,"BandCalculator/7[int,long,long,long,double,java.lang.String,java.lang.String]",res,9
C:\Users\Madhu\Downloads\ResistorColorBandCalculatorJava-main\src\MainFunctions.java,MainFunctions,"BandCalculator/7[int,long,long,long,double,java.lang.String,java.lang.String]",def,2
C:\Users\Madhu\Downloads\ResistorColorBandCalculatorJava-main\src\MainFunctions.java,MainFunctions,"BandCalculator/7[int,long,long,long,double,java.lang.String,java.lang.String]",Mul,3
C:\Users\Madhu\Downloads\ResistorColorBandCalculatorJava-main\src\MainFunctions.java,MainFunctions,"BandCalculator/7[int,long,long,long,double,java.lang.String,java.lang.String]",resRaw,5
C:\Users\Madhu\Downloads\ResistorColorBandCalculatorJava-main\src\MainFunctions.java,MainFunctions,"BandCalculator/7[int,long,long,long,double,java.lang.String,java.lang.String]",DataArr,4
C:\Users\Madhu\Downloads\ResistorColorBandCalculatorJava-main\src\MainFunctions.java,MainFunctions,"BandCalculator/7[int,long,long,long,double,java.lang.String,java.lang.String]",maxResistance,2
C:\Users\Madhu\Downloads\ResistorColorBandCalculatorJava-main\src\MainFunctions.java,MainFunctions,"BandCalculator/7[int,long,long,long,double,java.lang.String,java.lang.String]",d1,3
C:\Users\Madhu\Downloads\ResistorColorBandCalculatorJava-main\src\MainFunctions.java,MainFunctions,"BandCalculator/7[int,long,long,long,double,java.lang.String,java.lang.String]",d2,3
C:\Users\Madhu\Downloads\ResistorColorBandCalculatorJava-main\src\MainFunctions.java,MainFunctions,"BandCalculator/7[int,long,long,long,double,java.lang.String,java.lang.String]",d3,2
C:\Users\Madhu\Downloads\ResistorColorBandCalculatorJava-main\src\MainFunctions.java,MainFunctions,"BandCalculator/7[int,long,long,long,double,java.lang.String,java.lang.String]",tc,2
C:\Users\Madhu\Downloads\ResistorColorBandCalculatorJava-main\src\MainFunctions.java,MainFunctions,"BandCalculator/7[int,long,long,long,double,java.lang.String,java.lang.String]",Tol,4
C:\Users\Madhu\Downloads\ResistorColorBandCalculatorJava-main\src\MainFunctions.java,MainFunctions,"BandCalculator/7[int,long,long,long,double,java.lang.String,java.lang.String]",BandCount,0
C:\Users\Madhu\Downloads\ResistorColorBandCalculatorJava-main\src\MainFunctions.java,MainFunctions,"BandCalculator/7[int,long,long,long,double,java.lang.String,java.lang.String]",toleranceStr,1
C:\Users\Madhu\Downloads\ResistorColorBandCalculatorJava-main\src\MainFunctions.java,MainFunctions,"BandCalculator/7[int,long,long,long,double,java.lang.String,java.lang.String]",resStr,7
C:\Users\Madhu\Downloads\ResistorColorBandCalculatorJava-main\src\MainFunctions.java,MainFunctions,"BandCalculator/7[int,long,long,long,double,java.lang.String,java.lang.String]",MaxMin,0
C:\Users\Madhu\Downloads\ResistorColorBandCalculatorJava-main\src\MainFunctions.java,MainFunctions,"BandCalculator/7[int,long,long,long,double,java.lang.String,java.lang.String]",minResistance,2
C:\Users\Madhu\Downloads\ResistorColorBandCalculatorJava-main\src\MainFunctions.java,MainFunctions,ResistorMinifier/1[double],num,7
C:\Users\Madhu\Downloads\ResistorColorBandCalculatorJava-main\src\MainFunctions.java,MainFunctions,ResistorMinifier/1[double],resStr1,4
C:\Users\Madhu\Downloads\ResistorColorBandCalculatorJava-main\src\Main.java,Main,main/1[java.lang.String[]],args,0
