file,class,type,cbo,cboModified,fanin,fanout,wmc,dit,noc,rfc,lcom,lcom*,tcc,lcc,totalMethodsQty,staticMethodsQty,publicMethodsQty,privateMethodsQty,protectedMethodsQty,defaultMethodsQty,visibleMethodsQty,abstractMethodsQty,finalMethodsQty,synchronizedMethodsQty,totalFieldsQty,staticFieldsQty,publicFieldsQty,privateFieldsQty,protectedFieldsQty,defaultFieldsQty,finalFieldsQty,synchronizedFieldsQty,nosi,loc,returnQty,loopQty,comparisonsQty,tryCatchQty,parenthesizedExpsQty,stringLiteralsQty,numbersQty,assignmentsQty,mathOperationsQty,variablesQty,maxNestedBlocksQty,anonymousClassesQty,innerClassesQty,lambdasQty,uniqueWordsQty,modifiers,logStatementsQty
C:\Users\Madhu\Downloads\core-java-training-master\src\main\java\com\tutorialq\java8\FunctionalInterfacesExample.java,com.tutorialq.java8.FunctionalInterfacesExample,class,2,3,1,2,2,1,0,4,1,0.0,0.0,0.0,2,2,2,0,0,0,2,0,0,0,0,0,0,0,0,0,0,0,2,15,0,0,0,0,0,5,0,2,2,6,1,0,0,3,22,1,0
C:\Users\Madhu\Downloads\core-java-training-master\src\main\java\com\designpatterns\prototype\PrototypeFactory.java,com.designpatterns.prototype.PrototypeFactory$ModelType,innerclass,0,0,0,0,0,1,0,0,0,NaN,-1.0,-1.0,0,0,0,0,0,0,0,0,0,0,3,3,3,0,0,0,3,0,0,5,0,0,0,0,0,3,0,3,0,3,0,0,0,0,14,9,0
C:\Users\Madhu\Downloads\core-java-training-master\src\main\java\com\designpatterns\memento\Main.java,com.designpatterns.memento.Main,class,2,2,0,2,1,1,0,4,0,0.0,NaN,NaN,1,1,1,0,0,0,1,0,0,0,0,0,0,0,0,0,0,0,0,12,0,0,0,0,0,3,1,2,0,2,0,0,0,0,7,1,0
C:\Users\Madhu\Downloads\core-java-training-master\src\main\java\com\designpatterns\command\Light.java,com.designpatterns.command.Light,class,0,3,3,0,2,1,0,1,1,0.0,0.0,0.0,2,0,2,0,0,0,2,0,0,0,0,0,0,0,0,0,0,0,0,8,0,0,0,0,0,2,0,0,0,0,0,0,0,0,5,1,0
C:\Users\Madhu\Downloads\core-java-training-master\src\main\java\com\designpatterns\command\TurnOffLightCommand.java,com.designpatterns.command.TurnOffLightCommand,class,2,3,1,2,2,1,0,2,0,0.0,1.0,1.0,2,0,2,0,0,0,2,0,0,0,1,0,0,0,0,1,0,0,0,11,0,0,0,0,0,1,0,1,0,1,0,0,0,0,8,1,0
C:\Users\Madhu\Downloads\core-java-training-master\src\main\java\com\designpatterns\prototype\Album.java,com.designpatterns.prototype.Album,class,2,4,2,2,4,1,0,2,4,0.5,0.16666667,0.16666667,4,0,4,0,0,0,4,0,0,0,1,0,0,1,0,0,0,0,0,16,3,0,0,0,0,2,0,2,0,1,0,0,0,0,15,1,0
C:\Users\Madhu\Downloads\core-java-training-master\src\main\java\com\designpatterns\command\Fan.java,com.designpatterns.command.Fan,class,0,3,3,0,2,1,0,1,1,0.0,0.0,0.0,2,0,0,0,0,2,2,0,0,0,0,0,0,0,0,0,0,0,0,8,0,0,0,0,0,2,0,0,0,0,0,0,0,0,3,1,0
C:\Users\Madhu\Downloads\core-java-training-master\src\main\java\com\designpatterns\prototype\PrototypeCapable.java,com.designpatterns.prototype.PrototypeCapable,interface,1,6,5,1,1,1,0,0,0,0.0,NaN,NaN,1,0,1,0,0,0,1,0,0,0,0,0,0,0,0,0,0,0,0,3,0,0,0,0,0,0,0,0,0,0,0,0,0,0,8,1,0
C:\Users\Madhu\Downloads\core-java-training-master\src\main\java\com\leetcode\RemoveDuplicates.java,com.leetcode.RemoveDuplicates,class,2,3,1,2,7,1,0,3,1,0.0,0.0,0.0,2,2,2,0,0,0,2,0,0,0,0,0,0,0,0,0,0,0,2,22,2,2,3,0,0,2,32,8,5,6,2,0,0,0,16,1,0
C:\Users\Madhu\Downloads\core-java-training-master\src\main\java\com\tutorialq\variabletypes\StaticVariables.java,com.tutorialq.variabletypes.StaticVariables,class,0,0,0,0,1,1,0,1,0,0.0,NaN,NaN,1,1,1,0,0,0,1,0,0,0,2,2,1,1,0,0,1,0,0,8,0,0,0,0,0,2,1,2,1,2,0,0,0,0,12,1,0
C:\Users\Madhu\Downloads\core-java-training-master\src\main\java\com\tutorialq\collections\MapExamples.java,com.tutorialq.collections.MapExamples,class,0,0,0,0,2,1,0,5,0,0.0,NaN,NaN,1,1,1,0,0,0,1,0,0,0,0,0,0,0,0,0,0,0,0,12,0,1,0,0,0,5,4,1,1,1,1,0,0,0,6,1,0
C:\Users\Madhu\Downloads\core-java-training-master\src\main\java\com\tutorialq\control\statements\WhileLoop.java,com.tutorialq.control.statements.WhileLoop,class,0,0,0,0,3,1,0,1,0,0.0,NaN,NaN,1,1,1,0,0,0,1,0,0,0,0,0,0,0,0,0,0,0,0,16,0,1,1,0,0,5,4,5,4,3,2,0,0,0,15,1,0
C:\Users\Madhu\Downloads\core-java-training-master\src\main\java\com\leetcode\LongestSubStringNoRepetition.java,com.leetcode.LongestSubStringNoRepetition,class,1,2,1,1,12,1,0,12,3,0.0,0.0,0.0,3,3,1,0,0,2,3,0,0,0,0,0,0,0,0,0,0,0,8,45,4,2,2,0,0,10,10,16,9,13,2,0,0,0,24,1,0
C:\Users\Madhu\Downloads\core-java-training-master\src\main\java\com\tutorialq\datatypes\FloatExample.java,com.tutorialq.datatypes.FloatExample,class,1,2,1,1,2,1,0,3,1,0.0,NaN,NaN,2,2,1,1,0,0,1,0,0,0,0,0,0,0,0,0,0,0,2,12,1,0,0,0,0,7,5,3,5,3,0,0,0,0,45,1,0
C:\Users\Madhu\Downloads\core-java-training-master\src\main\java\com\tutorialq\collections\SetExamples.java,com.tutorialq.collections.SetExamples,class,0,0,0,0,0,1,0,0,0,0.0,-1.0,-1.0,0,0,0,0,0,0,0,0,0,0,0,0,0,0,0,0,0,0,0,2,0,0,0,0,0,0,0,0,0,0,0,0,0,0,2,1,0
C:\Users\Madhu\Downloads\core-java-training-master\src\main\java\com\tutorialq\datatypes\LongExample.java,com.tutorialq.datatypes.LongExample,class,1,2,1,1,4,1,0,4,6,0.0,NaN,NaN,4,4,1,3,0,0,1,0,0,0,0,0,0,0,0,0,0,0,3,20,3,0,0,0,1,7,8,3,10,3,0,0,0,0,40,1,0
C:\Users\Madhu\Downloads\core-java-training-master\src\main\java\com\tutorialq\java8\PrimeNumbersProgram.java,com.tutorialq.java8.PrimeNumbersProgram,class,1,2,1,1,4,1,0,4,1,0.0,0.0,0.0,2,2,2,0,0,0,2,0,0,0,0,0,0,0,0,0,0,0,5,11,1,0,1,0,0,0,8,0,2,1,0,0,0,1,9,1,0
C:\Users\Madhu\Downloads\core-java-training-master\src\main\java\com\tutorialq\collections\ArrayExamples.java,com.tutorialq.collections.ArrayExamples,class,1,1,0,1,5,1,0,2,0,0.0,NaN,NaN,1,1,1,0,0,0,1,0,0,0,0,0,0,0,0,0,0,0,0,22,0,4,0,0,0,6,13,5,4,4,1,0,0,0,9,1,0
C:\Users\Madhu\Downloads\core-java-training-master\src\main\java\com\tutorialq\collections\ListExamples.java,com.tutorialq.collections.ListExamples,class,0,0,0,0,3,1,0,2,0,0.0,NaN,NaN,1,1,1,0,0,0,1,0,0,0,0,0,0,0,0,0,0,0,0,11,0,2,0,0,0,1,2,2,1,2,1,0,0,0,7,1,0
C:\Users\Madhu\Downloads\core-java-training-master\src\main\java\com\tutorialq\java8\ThreadInterface.java,com.tutorialq.java8.ThreadInterface,interface,0,1,1,0,1,1,0,0,0,0.0,NaN,NaN,1,0,0,0,0,1,1,0,0,0,0,0,0,0,0,0,0,0,0,3,0,0,0,0,0,0,0,0,0,0,0,0,0,0,4,1,0
C:\Users\Madhu\Downloads\core-java-training-master\src\main\java\com\designpatterns\memento\ArticleMemento.java,com.designpatterns.memento.ArticleMemento,class,0,2,2,0,4,1,0,0,0,0.5,0.5,1.0,4,0,4,0,0,0,4,0,0,0,3,0,0,3,0,0,3,0,0,20,3,0,0,0,0,0,0,3,0,3,0,0,0,0,9,17,0
C:\Users\Madhu\Downloads\core-java-training-master\src\main\java\com\tutorialq\variabletypes\LocalVariable.java,com.tutorialq.variabletypes.LocalVariable,class,1,2,1,1,2,1,0,2,1,0.0,0.0,0.0,2,1,2,0,0,0,2,0,0,0,0,0,0,0,0,0,0,0,0,13,0,0,0,0,0,2,3,4,3,3,0,0,0,0,22,1,0
C:\Users\Madhu\Downloads\core-java-training-master\src\main\java\com\designpatterns\prototype\Show.java,com.designpatterns.prototype.Show,class,2,4,2,2,4,1,0,2,4,0.5,0.16666667,0.16666667,4,0,4,0,0,0,4,0,0,0,1,0,0,1,0,0,0,0,0,16,3,0,0,0,0,2,0,2,0,1,0,0,0,0,15,1,0
C:\Users\Madhu\Downloads\core-java-training-master\src\main\java\com\tutorialq\control\statements\SwitchcaseExample.java,com.tutorialq.control.statements.SwitchcaseExample,class,1,2,1,1,8,1,0,2,1,0.0,0.0,0.0,2,2,1,0,0,1,2,0,0,0,0,0,0,0,0,0,0,0,3,31,0,0,0,0,0,16,0,0,0,0,1,0,0,0,24,1,0
C:\Users\Madhu\Downloads\core-java-training-master\src\main\java\com\tutorialq\datatypes\BooleanExample.java,com.tutorialq.datatypes.BooleanExample,class,1,2,1,1,4,1,0,2,1,0.0,0.0,0.0,2,2,1,0,0,1,2,0,0,0,0,0,0,0,0,0,0,0,2,14,1,0,2,0,1,5,4,3,4,2,0,0,0,0,14,1,0
C:\Users\Madhu\Downloads\core-java-training-master\src\main\java\com\tutorialq\java8\LambdaExamples.java,com.tutorialq.java8.LambdaExamples,class,0,0,0,0,1,1,0,4,0,0.0,NaN,NaN,1,1,1,0,0,0,1,0,0,0,0,0,0,0,0,0,0,0,1,7,0,0,0,0,0,5,0,1,0,3,0,0,0,1,6,1,0
C:\Users\Madhu\Downloads\core-java-training-master\src\main\java\com\designpatterns\command\HomeAutomationDemo.java,com.designpatterns.command.HomeAutomationDemo,class,7,7,0,7,1,1,0,2,0,0.0,NaN,NaN,1,1,1,0,0,0,1,0,0,0,0,0,0,0,0,0,0,0,0,21,0,0,0,0,0,0,0,5,0,5,0,0,0,0,18,1,0
C:\Users\Madhu\Downloads\core-java-training-master\src\main\java\com\geeksforgeeks\KadaneAlgorithm.java,com.geeksforgeeks.KadaneAlgorithm,class,0,0,0,0,0,1,0,0,0,NaN,-1.0,-1.0,0,0,0,0,0,0,0,0,0,0,1,0,0,0,0,1,0,0,0,3,0,0,0,0,0,0,0,1,0,1,0,0,0,0,42,1,0
C:\Users\Madhu\Downloads\core-java-training-master\src\main\java\com\tutorialq\datatypes\IntegerExample.java,com.tutorialq.datatypes.IntegerExample,class,1,2,1,1,3,1,0,3,3,0.6666667,NaN,NaN,3,3,1,2,0,0,1,0,0,0,1,1,0,1,0,0,0,0,3,17,2,0,0,0,0,7,6,4,7,4,0,0,0,0,39,1,0
C:\Users\Madhu\Downloads\core-java-training-master\src\main\java\com\designpatterns\command\StartFanCommand.java,com.designpatterns.command.StartFanCommand,class,2,3,1,2,2,1,0,2,0,0.0,1.0,1.0,2,0,2,0,0,0,2,0,0,0,1,0,0,0,0,1,0,0,0,11,0,0,0,0,0,1,0,1,0,1,0,0,0,0,19,1,0
C:\Users\Madhu\Downloads\core-java-training-master\src\main\java\com\designpatterns\command\ICommand.java,com.designpatterns.command.ICommand,interface,0,5,5,0,1,1,0,0,0,0.0,NaN,NaN,1,0,1,0,0,0,1,0,0,0,0,0,0,0,0,0,0,0,0,3,0,0,0,0,0,0,0,0,0,0,0,0,0,0,11,1,0
C:\Users\Madhu\Downloads\core-java-training-master\src\main\java\com\designpatterns\prototype\PrototypeFactory.java,com.designpatterns.prototype.PrototypeFactory,class,4,5,1,4,2,1,0,3,0,0.0,0.0,0.0,1,1,1,0,0,0,2,0,0,0,1,1,0,1,0,0,0,0,0,16,1,0,0,0,0,0,0,1,0,1,0,0,1,0,16,1,0
C:\Users\Madhu\Downloads\core-java-training-master\src\main\java\com\designpatterns\prototype\TestPrototypePattern.java,com.designpatterns.prototype.TestPrototypePattern,class,1,1,0,1,2,1,0,4,0,0.0,NaN,NaN,1,1,1,0,0,0,1,0,0,0,0,0,0,0,0,0,0,0,3,15,0,0,0,1,0,0,0,3,0,3,1,0,0,0,13,1,0
C:\Users\Madhu\Downloads\core-java-training-master\src\main\java\com\tutorialq\variabletypes\StaticDemo.java,com.tutorialq.variabletypes.Student,class,0,1,1,0,2,1,0,1,0,0.25,1.0,1.0,2,0,1,0,0,1,2,0,0,0,2,1,0,0,0,2,0,0,0,11,0,0,0,0,0,2,0,0,2,2,0,0,0,0,6,0,0
C:\Users\Madhu\Downloads\core-java-training-master\src\main\java\com\designpatterns\command\StopFanCommand.java,com.designpatterns.command.StopFanCommand,class,2,3,1,2,2,1,0,2,0,0.0,1.0,1.0,2,0,2,0,0,0,2,0,0,0,1,0,0,0,0,1,0,0,0,11,0,0,0,0,0,1,0,1,0,1,0,0,0,0,20,1,0
C:\Users\Madhu\Downloads\core-java-training-master\src\main\java\com\designpatterns\memento\IMemento.java,com.designpatterns.memento.IMemento,interface,0,0,0,0,0,1,0,0,0,0.0,-1.0,-1.0,0,0,0,0,0,0,0,0,0,0,0,0,0,0,0,0,0,0,0,2,0,0,0,0,0,0,0,0,0,0,0,0,0,0,2,1,0
C:\Users\Madhu\Downloads\core-java-training-master\src\main\java\com\leetcode\RotateArray.java,com.leetcode.RotateArray,class,1,1,0,1,2,1,0,0,1,0.0,0.0,0.0,2,2,2,0,0,0,2,0,0,0,0,0,0,0,0,0,0,0,0,6,0,0,0,0,0,0,0,0,0,0,0,0,0,0,6,1,0
C:\Users\Madhu\Downloads\core-java-training-master\src\main\java\com\designpatterns\prototype\Movie.java,com.designpatterns.prototype.Movie,class,2,4,2,2,4,1,0,2,4,0.5,0.16666667,0.16666667,4,0,4,0,0,0,4,0,0,0,1,0,0,1,0,0,0,0,0,16,3,0,0,0,0,2,0,2,0,1,0,0,0,0,15,1,0
C:\Users\Madhu\Downloads\core-java-training-master\src\main\java\com\tutorialq\control\statements\IfElseExamples.java,com.tutorialq.control.statements.IfElseExamples,class,1,2,1,1,16,1,0,2,1,0.0,0.0,0.0,2,2,1,0,0,1,2,0,0,0,0,0,0,0,0,0,0,0,5,37,1,0,0,0,0,14,19,9,5,1,1,0,0,0,13,1,0
C:\Users\Madhu\Downloads\core-java-training-master\src\main\java\com\designpatterns\command\TurnOnLightCommand.java,com.designpatterns.command.TurnOnLightCommand,class,2,3,1,2,2,1,0,2,0,0.0,1.0,1.0,2,0,2,0,0,0,2,0,0,0,1,0,0,0,0,1,0,0,0,11,0,0,0,0,0,1,0,1,0,1,0,0,0,0,8,1,0
C:\Users\Madhu\Downloads\core-java-training-master\src\main\java\com\leetcode\LetterCombinations.java,com.leetcode.LetterCombinations,class,1,2,1,1,5,1,0,10,1,0.0,0.0,0.0,2,2,2,0,0,0,2,0,0,0,0,0,0,0,0,0,0,0,2,20,2,2,1,0,0,15,0,4,4,4,2,0,0,0,11,1,0
C:\Users\Madhu\Downloads\core-java-training-master\src\main\java\com\tutorialq\control\statements\ForLoop.java,com.tutorialq.control.statements.ForLoop,class,1,1,0,1,3,1,0,1,0,0.0,NaN,NaN,1,1,1,0,0,0,1,0,0,0,0,0,0,0,0,0,0,0,0,13,0,2,0,0,0,4,13,2,2,2,1,0,0,0,12,1,0
C:\Users\Madhu\Downloads\core-java-training-master\src\main\java\com\designpatterns\command\HomeAutomationRemote.java,com.designpatterns.command.HomeAutomationRemote,class,1,2,1,1,2,1,0,1,0,0.0,1.0,1.0,2,0,2,0,0,0,2,0,0,0,1,0,0,0,0,1,0,0,0,9,0,0,0,0,0,0,0,1,0,1,0,0,0,0,25,1,0
C:\Users\Madhu\Downloads\core-java-training-master\src\main\java\com\tutorialq\variabletypes\InstanceVariable.java,com.tutorialq.variabletypes.InstanceVariable,class,1,2,1,1,4,1,0,3,2,0.5,0.33333334,0.5,4,1,4,0,0,0,4,0,0,0,2,0,1,1,0,0,0,0,0,19,0,0,0,0,0,3,1,3,2,3,0,0,0,0,13,1,0
C:\Users\Madhu\Downloads\core-java-training-master\src\main\java\com\designpatterns\memento\Article.java,com.designpatterns.memento.Article,class,1,2,1,1,6,1,0,3,0,0.2777778,0.8666667,1.0,6,0,6,0,0,0,6,0,0,0,3,0,0,3,0,0,0,0,0,28,3,0,0,0,0,4,0,7,1,4,0,0,0,0,13,1,0
C:\Users\Madhu\Downloads\core-java-training-master\src\main\java\com\leetcode\ContainsDuplicates.java,com.leetcode.ContainsDuplicates,class,2,3,1,2,4,1,0,4,1,0.0,0.0,0.0,2,2,2,0,0,0,2,0,0,0,0,0,0,0,0,0,0,0,1,14,2,1,0,0,0,1,4,2,1,2,2,0,0,0,18,1,0
C:\Users\Madhu\Downloads\core-java-training-master\src\main\java\com\tutorialq\datatypes\DoubleExample.java,com.tutorialq.datatypes.DoubleExample,class,0,0,0,0,2,1,0,1,0,0.0,NaN,NaN,1,1,1,0,0,0,1,0,0,0,0,0,0,0,0,0,0,0,0,10,0,0,0,0,0,0,4,3,1,2,1,0,0,0,6,1,0
C:\Users\Madhu\Downloads\core-java-training-master\src\main\java\com\tutorialq\variabletypes\StaticDemo.java,com.tutorialq.variabletypes.StaticDemo,class,1,1,0,1,1,1,0,1,0,0.0,NaN,NaN,1,1,1,0,0,0,1,0,0,0,0,0,0,0,0,0,0,0,0,8,0,0,0,0,0,0,0,2,0,2,0,0,0,0,6,1,0
