file,class,method,variable,usage
C:\Users\Madhu\Downloads\core-java-training-master\src\main\java\com\designpatterns\command\TurnOffLightCommand.java,com.designpatterns.command.TurnOffLightCommand,execute/0,light,1
C:\Users\Madhu\Downloads\core-java-training-master\src\main\java\com\designpatterns\command\TurnOffLightCommand.java,com.designpatterns.command.TurnOffLightCommand,TurnOffLightCommand/1[com.designpatterns.command.Light],light,3
C:\Users\Madhu\Downloads\core-java-training-master\src\main\java\com\designpatterns\prototype\Album.java,com.designpatterns.prototype.Album,getName/0,name,1
C:\Users\Madhu\Downloads\core-java-training-master\src\main\java\com\designpatterns\prototype\Album.java,com.designpatterns.prototype.Album,setName/1[java.lang.String],name,3
C:\Users\Madhu\Downloads\core-java-training-master\src\main\java\com\tutorialq\variabletypes\StaticVariables.java,com.tutorialq.variabletypes.StaticVariables,main/1[java.lang.String[]],DEPARTMENT,1
C:\Users\Madhu\Downloads\core-java-training-master\src\main\java\com\tutorialq\variabletypes\StaticVariables.java,com.tutorialq.variabletypes.StaticVariables,main/1[java.lang.String[]],salary,2
C:\Users\Madhu\Downloads\core-java-training-master\src\main\java\com\designpatterns\memento\ArticleMemento.java,com.designpatterns.memento.ArticleMemento,getTitle/0,title,1
C:\Users\Madhu\Downloads\core-java-training-master\src\main\java\com\designpatterns\memento\ArticleMemento.java,com.designpatterns.memento.ArticleMemento,"ArticleMemento/3[long,java.lang.String,java.lang.String]",id,3
C:\Users\Madhu\Downloads\core-java-training-master\src\main\java\com\designpatterns\memento\ArticleMemento.java,com.designpatterns.memento.ArticleMemento,"ArticleMemento/3[long,java.lang.String,java.lang.String]",title,3
C:\Users\Madhu\Downloads\core-java-training-master\src\main\java\com\designpatterns\memento\ArticleMemento.java,com.designpatterns.memento.ArticleMemento,"ArticleMemento/3[long,java.lang.String,java.lang.String]",content,3
C:\Users\Madhu\Downloads\core-java-training-master\src\main\java\com\designpatterns\memento\ArticleMemento.java,com.designpatterns.memento.ArticleMemento,getContent/0,content,1
C:\Users\Madhu\Downloads\core-java-training-master\src\main\java\com\designpatterns\memento\ArticleMemento.java,com.designpatterns.memento.ArticleMemento,getId/0,id,1
C:\Users\Madhu\Downloads\core-java-training-master\src\main\java\com\designpatterns\prototype\Show.java,com.designpatterns.prototype.Show,getName/0,name,1
C:\Users\Madhu\Downloads\core-java-training-master\src\main\java\com\designpatterns\prototype\Show.java,com.designpatterns.prototype.Show,setName/1[java.lang.String],name,3
C:\Users\Madhu\Downloads\core-java-training-master\src\main\java\com\tutorialq\datatypes\IntegerExample.java,com.tutorialq.datatypes.IntegerExample,main/1[java.lang.String[]],staticVarInt,1
C:\Users\Madhu\Downloads\core-java-training-master\src\main\java\com\designpatterns\command\StartFanCommand.java,com.designpatterns.command.StartFanCommand,execute/0,fan,1
C:\Users\Madhu\Downloads\core-java-training-master\src\main\java\com\designpatterns\command\StartFanCommand.java,com.designpatterns.command.StartFanCommand,StartFanCommand/1[com.designpatterns.command.Fan],fan,3
C:\Users\Madhu\Downloads\core-java-training-master\src\main\java\com\designpatterns\prototype\PrototypeFactory.java,com.designpatterns.prototype.PrototypeFactory,getInstance/1[java.lang.String],prototypes,1
C:\Users\Madhu\Downloads\core-java-training-master\src\main\java\com\tutorialq\variabletypes\StaticDemo.java,com.tutorialq.variabletypes.Student,Student/0,b,1
C:\Users\Madhu\Downloads\core-java-training-master\src\main\java\com\tutorialq\variabletypes\StaticDemo.java,com.tutorialq.variabletypes.Student,showData/0,a,1
C:\Users\Madhu\Downloads\core-java-training-master\src\main\java\com\tutorialq\variabletypes\StaticDemo.java,com.tutorialq.variabletypes.Student,showData/0,b,1
C:\Users\Madhu\Downloads\core-java-training-master\src\main\java\com\designpatterns\command\StopFanCommand.java,com.designpatterns.command.StopFanCommand,StopFanCommand/1[com.designpatterns.command.Fan],fan,3
C:\Users\Madhu\Downloads\core-java-training-master\src\main\java\com\designpatterns\command\StopFanCommand.java,com.designpatterns.command.StopFanCommand,execute/0,fan,1
C:\Users\Madhu\Downloads\core-java-training-master\src\main\java\com\designpatterns\prototype\Movie.java,com.designpatterns.prototype.Movie,getName/0,name,1
C:\Users\Madhu\Downloads\core-java-training-master\src\main\java\com\designpatterns\prototype\Movie.java,com.designpatterns.prototype.Movie,setName/1[java.lang.String],name,3
C:\Users\Madhu\Downloads\core-java-training-master\src\main\java\com\designpatterns\command\TurnOnLightCommand.java,com.designpatterns.command.TurnOnLightCommand,execute/0,light,1
C:\Users\Madhu\Downloads\core-java-training-master\src\main\java\com\designpatterns\command\TurnOnLightCommand.java,com.designpatterns.command.TurnOnLightCommand,TurnOnLightCommand/1[com.designpatterns.command.Light],light,3
C:\Users\Madhu\Downloads\core-java-training-master\src\main\java\com\designpatterns\command\HomeAutomationRemote.java,com.designpatterns.command.HomeAutomationRemote,buttonPressed/0,command,1
C:\Users\Madhu\Downloads\core-java-training-master\src\main\java\com\designpatterns\command\HomeAutomationRemote.java,com.designpatterns.command.HomeAutomationRemote,setCommand/1[com.designpatterns.command.ICommand],command,3
C:\Users\Madhu\Downloads\core-java-training-master\src\main\java\com\tutorialq\variabletypes\InstanceVariable.java,com.tutorialq.variabletypes.InstanceVariable,printEmp/0,name,1
C:\Users\Madhu\Downloads\core-java-training-master\src\main\java\com\tutorialq\variabletypes\InstanceVariable.java,com.tutorialq.variabletypes.InstanceVariable,printEmp/0,salary,1
C:\Users\Madhu\Downloads\core-java-training-master\src\main\java\com\tutorialq\variabletypes\InstanceVariable.java,com.tutorialq.variabletypes.InstanceVariable,InstanceVariable/1[java.lang.String],name,1
C:\Users\Madhu\Downloads\core-java-training-master\src\main\java\com\tutorialq\variabletypes\InstanceVariable.java,com.tutorialq.variabletypes.InstanceVariable,setSalary/1[double],salary,1
C:\Users\Madhu\Downloads\core-java-training-master\src\main\java\com\designpatterns\memento\Article.java,com.designpatterns.memento.Article,"Article/2[long,java.lang.String]",id,3
C:\Users\Madhu\Downloads\core-java-training-master\src\main\java\com\designpatterns\memento\Article.java,com.designpatterns.memento.Article,"Article/2[long,java.lang.String]",title,3
C:\Users\Madhu\Downloads\core-java-training-master\src\main\java\com\designpatterns\memento\Article.java,com.designpatterns.memento.Article,toString/0,id,1
C:\Users\Madhu\Downloads\core-java-training-master\src\main\java\com\designpatterns\memento\Article.java,com.designpatterns.memento.Article,toString/0,title,1
C:\Users\Madhu\Downloads\core-java-training-master\src\main\java\com\designpatterns\memento\Article.java,com.designpatterns.memento.Article,toString/0,content,1
C:\Users\Madhu\Downloads\core-java-training-master\src\main\java\com\designpatterns\memento\Article.java,com.designpatterns.memento.Article,getContent/0,content,1
C:\Users\Madhu\Downloads\core-java-training-master\src\main\java\com\designpatterns\memento\Article.java,com.designpatterns.memento.Article,setContent/1[java.lang.String],content,3
C:\Users\Madhu\Downloads\core-java-training-master\src\main\java\com\designpatterns\memento\Article.java,com.designpatterns.memento.Article,restore/1[com.designpatterns.memento.ArticleMemento],id,1
C:\Users\Madhu\Downloads\core-java-training-master\src\main\java\com\designpatterns\memento\Article.java,com.designpatterns.memento.Article,restore/1[com.designpatterns.memento.ArticleMemento],title,1
C:\Users\Madhu\Downloads\core-java-training-master\src\main\java\com\designpatterns\memento\Article.java,com.designpatterns.memento.Article,restore/1[com.designpatterns.memento.ArticleMemento],content,1
C:\Users\Madhu\Downloads\core-java-training-master\src\main\java\com\designpatterns\memento\Article.java,com.designpatterns.memento.Article,createMemento/0,id,1
C:\Users\Madhu\Downloads\core-java-training-master\src\main\java\com\designpatterns\memento\Article.java,com.designpatterns.memento.Article,createMemento/0,title,1
C:\Users\Madhu\Downloads\core-java-training-master\src\main\java\com\designpatterns\memento\Article.java,com.designpatterns.memento.Article,createMemento/0,content,1
