file,class,method,constructor,line,cbo,cboModified,fanin,fanout,wmc,rfc,loc,returnsQty,variablesQty,parametersQty,methodsInvokedQty,methodsInvokedLocalQty,methodsInvokedIndirectLocalQty,loopQty,comparisonsQty,tryCatchQty,parenthesizedExpsQty,stringLiteralsQty,numbersQty,assignmentsQty,mathOperationsQty,maxNestedBlocksQty,anonymousClassesQty,innerClassesQty,lambdasQty,uniqueWordsQty,modifiers,logStatementsQty,hasJavaDoc
C:\Users\Madhu\Downloads\core-java-training-master\src\main\java\com\tutorialq\java8\FunctionalInterfacesExample.java,com.tutorialq.java8.FunctionalInterfacesExample,main/1[java.lang.String[]],false,5,2,1,0,1,1,3,10,0,6,1,3,1,1,0,0,0,0,3,0,2,2,1,0,0,3,17,9,0,false
C:\Users\Madhu\Downloads\core-java-training-master\src\main\java\com\tutorialq\java8\FunctionalInterfacesExample.java,com.tutorialq.java8.FunctionalInterfacesExample,callChange/1[com.tutorialq.java8.ThreadInterface],false,16,1,2,1,1,1,2,3,0,0,1,2,0,0,0,0,0,0,2,0,0,0,0,0,0,0,6,9,0,false
C:\Users\Madhu\Downloads\core-java-training-master\src\main\java\com\designpatterns\memento\Main.java,com.designpatterns.memento.Main,main/1[java.lang.String[]],false,6,2,4,0,4,1,4,10,0,2,1,4,0,0,0,0,0,0,3,1,2,0,0,0,0,0,6,9,0,false
C:\Users\Madhu\Downloads\core-java-training-master\src\main\java\com\designpatterns\command\Light.java,com.designpatterns.command.Light,turnOff/0,false,8,0,1,1,0,1,1,3,0,0,0,1,0,0,0,0,0,0,1,0,0,0,0,0,0,0,3,1,0,false
C:\Users\Madhu\Downloads\core-java-training-master\src\main\java\com\designpatterns\command\Light.java,com.designpatterns.command.Light,turnOn/0,false,4,0,1,1,0,1,1,3,0,0,0,1,0,0,0,0,0,0,1,0,0,0,0,0,0,0,3,1,0,false
C:\Users\Madhu\Downloads\core-java-training-master\src\main\java\com\designpatterns\command\TurnOffLightCommand.java,com.designpatterns.command.TurnOffLightCommand,execute/0,false,12,1,1,0,1,1,2,4,0,0,0,2,0,0,0,0,0,0,1,0,0,0,0,0,0,0,2,1,0,false
C:\Users\Madhu\Downloads\core-java-training-master\src\main\java\com\designpatterns\command\TurnOffLightCommand.java,com.designpatterns.command.TurnOffLightCommand,TurnOffLightCommand/1[com.designpatterns.command.Light],true,7,1,1,1,0,1,0,4,0,0,1,0,0,0,0,0,0,0,0,0,1,0,0,0,0,0,5,1,0,false
C:\Users\Madhu\Downloads\core-java-training-master\src\main\java\com\designpatterns\prototype\Album.java,com.designpatterns.prototype.Album,getName/0,false,6,0,0,0,0,1,0,3,1,0,0,0,0,0,0,0,0,0,0,0,0,0,0,0,0,0,3,1,0,false
C:\Users\Madhu\Downloads\core-java-training-master\src\main\java\com\designpatterns\prototype\Album.java,com.designpatterns.prototype.Album,setName/1[java.lang.String],false,10,0,0,0,0,1,0,3,0,0,1,0,0,0,0,0,0,0,0,0,1,0,0,0,0,0,3,1,0,false
C:\Users\Madhu\Downloads\core-java-training-master\src\main\java\com\designpatterns\prototype\Album.java,com.designpatterns.prototype.Album,toString/0,false,21,0,0,0,0,1,0,3,1,0,0,0,0,0,0,0,0,0,1,0,0,0,0,0,0,0,2,1,0,false
C:\Users\Madhu\Downloads\core-java-training-master\src\main\java\com\designpatterns\prototype\Album.java,com.designpatterns.prototype.Album,clone/0,false,15,1,0,0,0,1,2,4,1,0,0,2,0,0,0,0,0,0,1,0,0,0,0,0,0,0,6,1,0,false
C:\Users\Madhu\Downloads\core-java-training-master\src\main\java\com\designpatterns\command\Fan.java,com.designpatterns.command.Fan,stop/0,false,9,0,1,1,0,1,1,3,0,0,0,1,0,0,0,0,0,0,1,0,0,0,0,0,0,0,1,0,0,false
C:\Users\Madhu\Downloads\core-java-training-master\src\main\java\com\designpatterns\command\Fan.java,com.designpatterns.command.Fan,start/0,false,4,0,1,1,0,1,1,3,0,0,0,1,0,0,0,0,0,0,1,0,0,0,0,0,0,0,1,0,0,false
C:\Users\Madhu\Downloads\core-java-training-master\src\main\java\com\designpatterns\prototype\PrototypeCapable.java,com.designpatterns.prototype.PrototypeCapable,clone/0,false,5,1,1,1,0,1,0,1,0,0,0,0,0,0,0,0,0,0,0,0,0,0,0,0,0,0,7,1,0,false
C:\Users\Madhu\Downloads\core-java-training-master\src\main\java\com\leetcode\RemoveDuplicates.java,com.leetcode.RemoveDuplicates,"removeDuplicates/2[int[],int]",false,17,1,1,1,0,5,0,13,2,2,2,0,0,0,1,3,0,0,0,7,4,3,2,0,0,0,5,9,0,false
C:\Users\Madhu\Downloads\core-java-training-master\src\main\java\com\leetcode\RemoveDuplicates.java,com.leetcode.RemoveDuplicates,main/1[java.lang.String[]],false,7,2,1,0,1,2,3,7,0,4,1,3,1,1,1,0,0,0,2,25,4,2,1,0,0,0,11,9,0,false
C:\Users\Madhu\Downloads\core-java-training-master\src\main\java\com\tutorialq\variabletypes\StaticVariables.java,com.tutorialq.variabletypes.StaticVariables,main/1[java.lang.String[]],false,9,0,0,0,0,1,1,4,0,0,1,1,0,0,0,0,0,0,1,1,1,1,0,0,0,0,10,9,0,false
C:\Users\Madhu\Downloads\core-java-training-master\src\main\java\com\tutorialq\collections\MapExamples.java,com.tutorialq.collections.MapExamples,main/1[java.lang.String[]],false,8,0,0,0,0,2,5,10,0,1,1,5,0,0,1,0,0,0,5,4,1,1,1,0,0,0,5,9,0,false
C:\Users\Madhu\Downloads\core-java-training-master\src\main\java\com\tutorialq\control\statements\WhileLoop.java,com.tutorialq.control.statements.WhileLoop,main/1[java.lang.String[]],false,8,0,0,0,0,3,1,14,0,3,1,1,0,0,1,1,0,0,5,4,5,4,2,0,0,0,6,9,0,false
C:\Users\Madhu\Downloads\core-java-training-master\src\main\java\com\leetcode\LongestSubStringNoRepetition.java,com.leetcode.LongestSubStringNoRepetition,lengthLongestSubStringUsingSetOptimized/1[java.lang.String],false,13,0,1,1,0,6,6,18,2,4,1,6,0,0,1,1,0,0,0,4,5,1,2,0,0,0,13,8,0,true
C:\Users\Madhu\Downloads\core-java-training-master\src\main\java\com\leetcode\LongestSubStringNoRepetition.java,com.leetcode.LongestSubStringNoRepetition,main/1[java.lang.String[]],false,52,1,2,0,2,1,3,12,0,5,1,3,2,1,0,0,0,0,10,0,5,5,0,0,0,0,15,9,0,false
C:\Users\Madhu\Downloads\core-java-training-master\src\main\java\com\leetcode\LongestSubStringNoRepetition.java,com.leetcode.LongestSubStringNoRepetition,lengthLongestSubStringUsingMap/1[java.lang.String],false,35,0,1,1,0,5,6,13,2,4,1,6,0,0,1,1,0,0,0,6,6,3,2,0,0,0,12,8,0,false
C:\Users\Madhu\Downloads\core-java-training-master\src\main\java\com\tutorialq\datatypes\FloatExample.java,com.tutorialq.datatypes.FloatExample,addMillion/1[float],false,26,0,1,1,0,1,0,3,1,0,1,0,0,0,0,0,0,0,0,1,0,1,0,0,0,0,5,10,0,false
C:\Users\Madhu\Downloads\core-java-training-master\src\main\java\com\tutorialq\datatypes\FloatExample.java,com.tutorialq.datatypes.FloatExample,main/1[java.lang.String[]],false,12,1,1,0,1,1,3,7,0,3,1,3,1,1,0,0,0,0,7,4,3,4,0,0,0,0,15,9,0,false
C:\Users\Madhu\Downloads\core-java-training-master\src\main\java\com\tutorialq\datatypes\LongExample.java,com.tutorialq.datatypes.LongExample,addBillion/1[long],false,31,0,0,0,0,1,0,3,1,0,1,0,0,0,0,0,0,0,0,1,0,1,0,0,0,0,6,10,0,false
C:\Users\Madhu\Downloads\core-java-training-master\src\main\java\com\tutorialq\datatypes\LongExample.java,com.tutorialq.datatypes.LongExample,addMillion/1[long],false,27,0,1,1,0,1,0,3,1,0,1,0,0,0,0,0,0,0,0,1,0,1,0,0,0,0,6,10,0,false
C:\Users\Madhu\Downloads\core-java-training-master\src\main\java\com\tutorialq\datatypes\LongExample.java,com.tutorialq.datatypes.LongExample,addBigLong/1[long],false,35,0,1,1,0,1,0,3,1,0,1,0,0,0,0,0,0,1,0,2,0,2,0,0,0,0,7,10,0,false
C:\Users\Madhu\Downloads\core-java-training-master\src\main\java\com\tutorialq\datatypes\LongExample.java,com.tutorialq.datatypes.LongExample,main/1[java.lang.String[]],false,12,1,2,0,2,1,4,9,0,3,1,4,2,1,0,0,0,0,7,4,3,6,0,0,0,0,17,9,0,false
C:\Users\Madhu\Downloads\core-java-training-master\src\main\java\com\tutorialq\java8\PrimeNumbersProgram.java,com.tutorialq.java8.PrimeNumbersProgram,main/1[java.lang.String[]],false,13,1,1,0,1,1,2,6,0,0,1,2,1,1,0,0,0,0,0,4,0,0,0,0,0,0,4,9,0,false
C:\Users\Madhu\Downloads\core-java-training-master\src\main\java\com\tutorialq\java8\PrimeNumbersProgram.java,com.tutorialq.java8.PrimeNumbersProgram,primeNumber/1[int],false,9,0,1,1,0,3,2,3,1,1,1,2,0,0,0,1,0,0,0,4,0,2,0,0,0,1,4,9,0,false
C:\Users\Madhu\Downloads\core-java-training-master\src\main\java\com\tutorialq\collections\ArrayExamples.java,com.tutorialq.collections.ArrayExamples,main/1[java.lang.String[]],false,5,1,0,0,0,5,2,20,0,4,1,2,0,0,4,0,0,0,6,13,5,4,1,0,0,0,7,9,0,false
C:\Users\Madhu\Downloads\core-java-training-master\src\main\java\com\tutorialq\collections\ListExamples.java,com.tutorialq.collections.ListExamples,main/1[java.lang.String[]],false,8,0,0,0,0,3,2,9,0,2,1,2,0,0,2,0,0,0,1,2,2,1,1,0,0,0,6,9,0,false
C:\Users\Madhu\Downloads\core-java-training-master\src\main\java\com\tutorialq\java8\ThreadInterface.java,com.tutorialq.java8.ThreadInterface,"change/2[java.lang.String,java.lang.String]",false,6,0,1,1,0,1,0,1,0,0,2,0,0,0,0,0,0,0,0,0,0,0,0,0,0,0,2,0,0,false
C:\Users\Madhu\Downloads\core-java-training-master\src\main\java\com\designpatterns\memento\ArticleMemento.java,com.designpatterns.memento.ArticleMemento,getTitle/0,false,21,0,1,1,0,1,0,3,1,0,0,0,0,0,0,0,0,0,0,0,0,0,0,0,0,0,3,1,0,false
C:\Users\Madhu\Downloads\core-java-training-master\src\main\java\com\designpatterns\memento\ArticleMemento.java,com.designpatterns.memento.ArticleMemento,"ArticleMemento/3[long,java.lang.String,java.lang.String]",true,10,0,1,1,0,1,0,6,0,0,3,0,0,0,0,0,0,0,0,0,3,0,0,0,0,0,5,1,0,false
C:\Users\Madhu\Downloads\core-java-training-master\src\main\java\com\designpatterns\memento\ArticleMemento.java,com.designpatterns.memento.ArticleMemento,getContent/0,false,25,0,1,1,0,1,0,3,1,0,0,0,0,0,0,0,0,0,0,0,0,0,0,0,0,0,3,1,0,false
C:\Users\Madhu\Downloads\core-java-training-master\src\main\java\com\designpatterns\memento\ArticleMemento.java,com.designpatterns.memento.ArticleMemento,getId/0,false,17,0,1,1,0,1,0,3,1,0,0,0,0,0,0,0,0,0,0,0,0,0,0,0,0,0,3,1,0,false
C:\Users\Madhu\Downloads\core-java-training-master\src\main\java\com\tutorialq\variabletypes\LocalVariable.java,com.tutorialq.variabletypes.LocalVariable,calculateAge/0,false,8,0,1,1,0,1,1,5,0,1,0,1,0,0,0,0,0,0,1,2,2,2,0,0,0,0,4,1,0,false
C:\Users\Madhu\Downloads\core-java-training-master\src\main\java\com\tutorialq\variabletypes\LocalVariable.java,com.tutorialq.variabletypes.LocalVariable,main/1[java.lang.String[]],false,14,1,2,0,2,1,2,6,0,2,1,2,1,1,0,0,0,0,1,1,2,1,0,0,0,0,8,9,0,false
C:\Users\Madhu\Downloads\core-java-training-master\src\main\java\com\designpatterns\prototype\Show.java,com.designpatterns.prototype.Show,getName/0,false,6,0,0,0,0,1,0,3,1,0,0,0,0,0,0,0,0,0,0,0,0,0,0,0,0,0,3,1,0,false
C:\Users\Madhu\Downloads\core-java-training-master\src\main\java\com\designpatterns\prototype\Show.java,com.designpatterns.prototype.Show,setName/1[java.lang.String],false,10,0,0,0,0,1,0,3,0,0,1,0,0,0,0,0,0,0,0,0,1,0,0,0,0,0,3,1,0,false
C:\Users\Madhu\Downloads\core-java-training-master\src\main\java\com\designpatterns\prototype\Show.java,com.designpatterns.prototype.Show,toString/0,false,21,0,0,0,0,1,0,3,1,0,0,0,0,0,0,0,0,0,1,0,0,0,0,0,0,0,2,1,0,false
C:\Users\Madhu\Downloads\core-java-training-master\src\main\java\com\designpatterns\prototype\Show.java,com.designpatterns.prototype.Show,clone/0,false,15,1,0,0,0,1,2,4,1,0,0,2,0,0,0,0,0,0,1,0,0,0,0,0,0,0,6,1,0,false
C:\Users\Madhu\Downloads\core-java-training-master\src\main\java\com\tutorialq\control\statements\SwitchcaseExample.java,com.tutorialq.control.statements.SwitchcaseExample,getMarksRange/1[java.lang.String],false,14,0,1,1,0,7,1,24,0,0,1,1,0,0,0,0,0,0,13,0,0,0,1,0,0,0,14,8,0,false
C:\Users\Madhu\Downloads\core-java-training-master\src\main\java\com\tutorialq\control\statements\SwitchcaseExample.java,com.tutorialq.control.statements.SwitchcaseExample,main/1[java.lang.String[]],false,8,1,1,0,1,1,1,5,0,0,1,1,1,1,0,0,0,0,3,0,0,0,0,0,0,0,5,9,0,false
C:\Users\Madhu\Downloads\core-java-training-master\src\main\java\com\tutorialq\datatypes\BooleanExample.java,com.tutorialq.datatypes.BooleanExample,main/1[java.lang.String[]],false,5,1,1,0,1,2,2,9,0,2,1,2,1,1,0,1,0,1,5,4,3,4,0,0,0,0,12,9,0,false
C:\Users\Madhu\Downloads\core-java-training-master\src\main\java\com\tutorialq\datatypes\BooleanExample.java,com.tutorialq.datatypes.BooleanExample,"compare/2[int,int]",false,17,0,1,1,0,2,0,3,1,0,2,0,0,0,0,1,0,0,0,0,0,0,0,0,0,0,3,8,0,false
C:\Users\Madhu\Downloads\core-java-training-master\src\main\java\com\tutorialq\java8\LambdaExamples.java,com.tutorialq.java8.LambdaExamples,main/1[java.lang.String[]],false,9,0,0,0,0,1,4,5,0,3,1,4,0,0,0,0,0,0,5,0,1,0,0,0,0,1,4,9,0,false
C:\Users\Madhu\Downloads\core-java-training-master\src\main\java\com\designpatterns\command\HomeAutomationDemo.java,com.designpatterns.command.HomeAutomationDemo,main/1[java.lang.String[]],false,8,7,9,0,9,1,2,19,0,5,1,2,0,0,0,0,0,0,0,0,5,0,0,0,0,0,17,9,0,false
C:\Users\Madhu\Downloads\core-java-training-master\src\main\java\com\tutorialq\datatypes\IntegerExample.java,com.tutorialq.datatypes.IntegerExample,addTen/1[int],false,30,0,1,1,0,1,0,3,1,0,1,0,0,0,0,0,0,0,0,1,0,1,0,0,0,0,4,10,0,false
C:\Users\Madhu\Downloads\core-java-training-master\src\main\java\com\tutorialq\datatypes\IntegerExample.java,com.tutorialq.datatypes.IntegerExample,main/1[java.lang.String[]],false,15,1,2,0,2,1,3,8,0,3,1,3,2,1,0,0,0,0,7,3,3,5,0,0,0,0,15,9,0,false
C:\Users\Madhu\Downloads\core-java-training-master\src\main\java\com\tutorialq\datatypes\IntegerExample.java,com.tutorialq.datatypes.IntegerExample,addBillion/1[int],false,34,0,1,1,0,1,0,3,1,0,1,0,0,0,0,0,0,0,0,1,0,1,0,0,0,0,4,10,0,false
C:\Users\Madhu\Downloads\core-java-training-master\src\main\java\com\designpatterns\command\StartFanCommand.java,com.designpatterns.command.StartFanCommand,execute/0,false,16,1,1,0,1,1,2,4,0,0,0,2,0,0,0,0,0,0,1,0,0,0,0,0,0,0,1,1,0,false
C:\Users\Madhu\Downloads\core-java-training-master\src\main\java\com\designpatterns\command\StartFanCommand.java,com.designpatterns.command.StartFanCommand,StartFanCommand/1[com.designpatterns.command.Fan],true,11,1,1,1,0,1,0,4,0,0,1,0,0,0,0,0,0,0,0,0,1,0,0,0,0,0,4,1,0,false
C:\Users\Madhu\Downloads\core-java-training-master\src\main\java\com\designpatterns\command\ICommand.java,com.designpatterns.command.ICommand,execute/0,false,8,0,1,1,0,1,0,1,0,0,0,0,0,0,0,0,0,0,0,0,0,0,0,0,0,0,1,1,0,false
C:\Users\Madhu\Downloads\core-java-training-master\src\main\java\com\designpatterns\prototype\PrototypeFactory.java,com.designpatterns.prototype.PrototypeFactory,(initializer 1),false,9,3,3,0,3,1,1,5,0,0,0,1,0,0,0,0,0,0,0,0,0,0,0,0,0,0,3,8,0,false
C:\Users\Madhu\Downloads\core-java-training-master\src\main\java\com\designpatterns\prototype\PrototypeFactory.java,com.designpatterns.prototype.PrototypeFactory,getInstance/1[java.lang.String],false,15,1,2,1,1,1,2,3,1,0,1,2,0,0,0,0,0,0,0,0,0,0,0,0,0,0,9,9,0,false
C:\Users\Madhu\Downloads\core-java-training-master\src\main\java\com\designpatterns\prototype\TestPrototypePattern.java,com.designpatterns.prototype.TestPrototypePattern,main/1[java.lang.String[]],false,4,1,1,0,1,2,4,13,0,3,1,4,0,0,0,0,1,0,0,0,3,0,1,0,0,0,11,9,0,false
C:\Users\Madhu\Downloads\core-java-training-master\src\main\java\com\tutorialq\variabletypes\StaticDemo.java,com.tutorialq.variabletypes.Student,Student/0,true,18,0,1,1,0,1,0,3,0,0,0,0,0,0,0,0,0,0,0,0,0,0,0,0,0,0,2,0,0,false
C:\Users\Madhu\Downloads\core-java-training-master\src\main\java\com\tutorialq\variabletypes\StaticDemo.java,com.tutorialq.variabletypes.Student,showData/0,false,23,0,1,1,0,1,1,4,0,0,0,1,0,0,0,0,0,0,2,0,0,2,0,0,0,0,5,1,0,false
C:\Users\Madhu\Downloads\core-java-training-master\src\main\java\com\designpatterns\command\StopFanCommand.java,com.designpatterns.command.StopFanCommand,StopFanCommand/1[com.designpatterns.command.Fan],true,11,1,1,1,0,1,0,4,0,0,1,0,0,0,0,0,0,0,0,0,1,0,0,0,0,0,4,1,0,false
C:\Users\Madhu\Downloads\core-java-training-master\src\main\java\com\designpatterns\command\StopFanCommand.java,com.designpatterns.command.StopFanCommand,execute/0,false,16,1,1,0,1,1,2,4,0,0,0,2,0,0,0,0,0,0,1,0,0,0,0,0,0,0,1,1,0,false
C:\Users\Madhu\Downloads\core-java-training-master\src\main\java\com\leetcode\RotateArray.java,com.leetcode.RotateArray,main/1[java.lang.String[]],false,5,0,0,0,0,1,0,2,0,0,1,0,0,0,0,0,0,0,0,0,0,0,0,0,0,0,2,9,0,false
C:\Users\Madhu\Downloads\core-java-training-master\src\main\java\com\leetcode\RotateArray.java,com.leetcode.RotateArray,"rotateArray/2[int[],int]",false,9,1,0,0,0,1,0,2,0,0,2,0,0,0,0,0,0,0,0,0,0,0,0,0,0,0,3,9,0,false
C:\Users\Madhu\Downloads\core-java-training-master\src\main\java\com\designpatterns\prototype\Movie.java,com.designpatterns.prototype.Movie,getName/0,false,6,0,0,0,0,1,0,3,1,0,0,0,0,0,0,0,0,0,0,0,0,0,0,0,0,0,3,1,0,false
C:\Users\Madhu\Downloads\core-java-training-master\src\main\java\com\designpatterns\prototype\Movie.java,com.designpatterns.prototype.Movie,setName/1[java.lang.String],false,10,0,0,0,0,1,0,3,0,0,1,0,0,0,0,0,0,0,0,0,1,0,0,0,0,0,3,1,0,false
C:\Users\Madhu\Downloads\core-java-training-master\src\main\java\com\designpatterns\prototype\Movie.java,com.designpatterns.prototype.Movie,toString/0,false,21,0,0,0,0,1,0,3,1,0,0,0,0,0,0,0,0,0,1,0,0,0,0,0,0,0,2,1,0,false
C:\Users\Madhu\Downloads\core-java-training-master\src\main\java\com\designpatterns\prototype\Movie.java,com.designpatterns.prototype.Movie,clone/0,false,15,1,0,0,0,1,2,4,1,0,0,2,0,0,0,0,0,0,1,0,0,0,0,0,0,0,6,1,0,false
C:\Users\Madhu\Downloads\core-java-training-master\src\main\java\com\tutorialq\control\statements\IfElseExamples.java,com.tutorialq.control.statements.IfElseExamples,main/1[java.lang.String[]],false,5,1,1,0,1,1,2,7,0,0,1,2,1,1,0,0,0,0,5,5,0,5,0,0,0,0,5,9,0,false
C:\Users\Madhu\Downloads\core-java-training-master\src\main\java\com\tutorialq\control\statements\IfElseExamples.java,com.tutorialq.control.statements.IfElseExamples,getGrades/1[int],false,13,0,1,1,0,15,0,28,1,1,1,0,0,0,0,0,0,0,9,14,9,0,1,0,0,0,8,8,0,false
C:\Users\Madhu\Downloads\core-java-training-master\src\main\java\com\designpatterns\command\TurnOnLightCommand.java,com.designpatterns.command.TurnOnLightCommand,execute/0,false,12,1,1,0,1,1,2,4,0,0,0,2,0,0,0,0,0,0,1,0,0,0,0,0,0,0,2,1,0,false
C:\Users\Madhu\Downloads\core-java-training-master\src\main\java\com\designpatterns\command\TurnOnLightCommand.java,com.designpatterns.command.TurnOnLightCommand,TurnOnLightCommand/1[com.designpatterns.command.Light],true,7,1,1,1,0,1,0,4,0,0,1,0,0,0,0,0,0,0,0,0,1,0,0,0,0,0,5,1,0,false
C:\Users\Madhu\Downloads\core-java-training-master\src\main\java\com\leetcode\LetterCombinations.java,com.leetcode.LetterCombinations,letterCombinations/1[java.lang.String],false,8,0,1,1,0,4,8,14,2,4,1,8,0,0,2,1,0,0,11,0,4,2,2,0,0,0,8,9,0,false
C:\Users\Madhu\Downloads\core-java-training-master\src\main\java\com\leetcode\LetterCombinations.java,com.leetcode.LetterCombinations,main/1[java.lang.String[]],false,23,1,1,0,1,1,2,4,0,0,1,2,1,1,0,0,0,0,4,0,0,2,0,0,0,0,4,9,0,false
C:\Users\Madhu\Downloads\core-java-training-master\src\main\java\com\tutorialq\control\statements\ForLoop.java,com.tutorialq.control.statements.ForLoop,main/1[java.lang.String[]],false,4,1,0,0,0,3,1,11,0,2,1,1,0,0,2,0,0,0,4,13,2,2,1,0,0,0,10,9,0,false
C:\Users\Madhu\Downloads\core-java-training-master\src\main\java\com\designpatterns\command\HomeAutomationRemote.java,com.designpatterns.command.HomeAutomationRemote,buttonPressed/0,false,18,1,2,1,1,1,1,3,0,0,0,1,0,0,0,0,0,0,0,0,0,0,0,0,0,0,2,1,0,false
C:\Users\Madhu\Downloads\core-java-training-master\src\main\java\com\designpatterns\command\HomeAutomationRemote.java,com.designpatterns.command.HomeAutomationRemote,setCommand/1[com.designpatterns.command.ICommand],false,13,1,1,1,0,1,0,3,0,0,1,0,0,0,0,0,0,0,0,0,1,0,0,0,0,0,4,1,0,false
C:\Users\Madhu\Downloads\core-java-training-master\src\main\java\com\tutorialq\variabletypes\InstanceVariable.java,com.tutorialq.variabletypes.InstanceVariable,printEmp/0,false,21,0,1,1,0,1,1,4,0,0,0,1,0,0,0,0,0,0,2,0,0,2,0,0,0,0,4,1,0,false
C:\Users\Madhu\Downloads\core-java-training-master\src\main\java\com\tutorialq\variabletypes\InstanceVariable.java,com.tutorialq.variabletypes.InstanceVariable,InstanceVariable/1[java.lang.String],true,11,0,1,1,0,1,0,3,0,0,1,0,0,0,0,0,0,0,0,0,1,0,0,0,0,0,5,1,0,false
C:\Users\Madhu\Downloads\core-java-training-master\src\main\java\com\tutorialq\variabletypes\InstanceVariable.java,com.tutorialq.variabletypes.InstanceVariable,setSalary/1[double],false,16,0,1,1,0,1,0,3,0,0,1,0,0,0,0,0,0,0,0,0,1,0,0,0,0,0,5,1,0,false
C:\Users\Madhu\Downloads\core-java-training-master\src\main\java\com\tutorialq\variabletypes\InstanceVariable.java,com.tutorialq.variabletypes.InstanceVariable,main/1[java.lang.String[]],false,26,1,3,0,3,1,2,5,0,1,1,2,2,1,0,0,0,0,1,1,1,0,0,0,0,0,5,9,0,false
C:\Users\Madhu\Downloads\core-java-training-master\src\main\java\com\designpatterns\memento\Article.java,com.designpatterns.memento.Article,"Article/2[long,java.lang.String]",true,9,0,1,1,0,1,0,5,0,0,2,0,0,0,0,0,0,0,0,0,2,0,0,0,0,0,3,1,0,false
C:\Users\Madhu\Downloads\core-java-training-master\src\main\java\com\designpatterns\memento\Article.java,com.designpatterns.memento.Article,toString/0,false,35,0,0,0,0,1,0,3,1,0,0,0,0,0,0,0,0,0,4,0,0,1,0,0,0,0,5,1,0,false
C:\Users\Madhu\Downloads\core-java-training-master\src\main\java\com\designpatterns\memento\Article.java,com.designpatterns.memento.Article,getContent/0,false,15,0,0,0,0,1,0,3,1,0,0,0,0,0,0,0,0,0,0,0,0,0,0,0,0,0,3,1,0,false
C:\Users\Madhu\Downloads\core-java-training-master\src\main\java\com\designpatterns\memento\Article.java,com.designpatterns.memento.Article,setContent/1[java.lang.String],false,19,0,1,1,0,1,0,3,0,0,1,0,0,0,0,0,0,0,0,0,1,0,0,0,0,0,3,1,0,false
C:\Users\Madhu\Downloads\core-java-training-master\src\main\java\com\designpatterns\memento\Article.java,com.designpatterns.memento.Article,restore/1[com.designpatterns.memento.ArticleMemento],false,28,1,4,1,3,1,3,5,0,0,1,3,0,0,0,0,0,0,0,0,3,0,0,0,0,0,4,1,0,false
C:\Users\Madhu\Downloads\core-java-training-master\src\main\java\com\designpatterns\memento\Article.java,com.designpatterns.memento.Article,createMemento/0,false,23,1,2,1,1,1,0,4,1,1,0,0,0,0,0,0,0,0,0,0,1,0,0,0,0,0,4,1,0,false
C:\Users\Madhu\Downloads\core-java-training-master\src\main\java\com\leetcode\ContainsDuplicates.java,com.leetcode.ContainsDuplicates,containsDuplicate/1[int[]],false,17,1,1,1,0,3,2,8,2,1,1,2,0,0,1,0,0,0,0,0,1,0,2,0,0,0,8,9,0,false
C:\Users\Madhu\Downloads\core-java-training-master\src\main\java\com\leetcode\ContainsDuplicates.java,com.leetcode.ContainsDuplicates,main/1[java.lang.String[]],false,11,2,1,0,1,1,2,4,0,1,1,2,1,1,0,0,0,0,1,4,1,1,0,0,0,0,5,9,0,false
C:\Users\Madhu\Downloads\core-java-training-master\src\main\java\com\tutorialq\datatypes\DoubleExample.java,com.tutorialq.datatypes.DoubleExample,main/1[java.lang.String[]],false,5,0,0,0,0,2,1,8,0,2,1,1,0,0,0,0,0,0,0,4,3,1,1,0,0,0,4,9,0,false
C:\Users\Madhu\Downloads\core-java-training-master\src\main\java\com\tutorialq\variabletypes\StaticDemo.java,com.tutorialq.variabletypes.StaticDemo,main/1[java.lang.String[]],false,4,1,2,0,2,1,1,6,0,2,1,1,0,0,0,0,0,0,0,0,2,0,0,0,0,0,4,9,0,false
