file,class,method,variable,usage
C:\Users\Madhu\Downloads\core-java-training-master\src\main\java\com\tutorialq\java8\FunctionalInterfacesExample.java,com.tutorialq.java8.FunctionalInterfacesExample,main/1[java.lang.String[]],args,0
C:\Users\Madhu\Downloads\core-java-training-master\src\main\java\com\tutorialq\java8\FunctionalInterfacesExample.java,com.tutorialq.java8.FunctionalInterfacesExample,main/1[java.lang.String[]],p,1
C:\Users\Madhu\Downloads\core-java-training-master\src\main\java\com\tutorialq\java8\FunctionalInterfacesExample.java,com.tutorialq.java8.FunctionalInterfacesExample,main/1[java.lang.String[]],a,1
C:\Users\Madhu\Downloads\core-java-training-master\src\main\java\com\tutorialq\java8\FunctionalInterfacesExample.java,com.tutorialq.java8.FunctionalInterfacesExample,main/1[java.lang.String[]],b,1
C:\Users\Madhu\Downloads\core-java-training-master\src\main\java\com\tutorialq\java8\FunctionalInterfacesExample.java,com.tutorialq.java8.FunctionalInterfacesExample,main/1[java.lang.String[]],s,1
C:\Users\Madhu\Downloads\core-java-training-master\src\main\java\com\tutorialq\java8\FunctionalInterfacesExample.java,com.tutorialq.java8.FunctionalInterfacesExample,main/1[java.lang.String[]],i,1
C:\Users\Madhu\Downloads\core-java-training-master\src\main\java\com\tutorialq\java8\FunctionalInterfacesExample.java,com.tutorialq.java8.FunctionalInterfacesExample,main/1[java.lang.String[]],t1,1
C:\Users\Madhu\Downloads\core-java-training-master\src\main\java\com\tutorialq\java8\FunctionalInterfacesExample.java,com.tutorialq.java8.FunctionalInterfacesExample,callChange/1[com.tutorialq.java8.ThreadInterface],threadInterface,1
C:\Users\Madhu\Downloads\core-java-training-master\src\main\java\com\designpatterns\memento\Main.java,com.designpatterns.memento.Main,main/1[java.lang.String[]],args,0
C:\Users\Madhu\Downloads\core-java-training-master\src\main\java\com\designpatterns\memento\Main.java,com.designpatterns.memento.Main,main/1[java.lang.String[]],memento,1
C:\Users\Madhu\Downloads\core-java-training-master\src\main\java\com\designpatterns\memento\Main.java,com.designpatterns.memento.Main,main/1[java.lang.String[]],article,7
C:\Users\Madhu\Downloads\core-java-training-master\src\main\java\com\designpatterns\command\TurnOffLightCommand.java,com.designpatterns.command.TurnOffLightCommand,TurnOffLightCommand/1[com.designpatterns.command.Light],light,2
C:\Users\Madhu\Downloads\core-java-training-master\src\main\java\com\designpatterns\prototype\Album.java,com.designpatterns.prototype.Album,setName/1[java.lang.String],name,2
C:\Users\Madhu\Downloads\core-java-training-master\src\main\java\com\leetcode\RemoveDuplicates.java,com.leetcode.RemoveDuplicates,"removeDuplicates/2[int[],int]",i,5
C:\Users\Madhu\Downloads\core-java-training-master\src\main\java\com\leetcode\RemoveDuplicates.java,com.leetcode.RemoveDuplicates,"removeDuplicates/2[int[],int]",j,3
C:\Users\Madhu\Downloads\core-java-training-master\src\main\java\com\leetcode\RemoveDuplicates.java,com.leetcode.RemoveDuplicates,"removeDuplicates/2[int[],int]",nums,7
C:\Users\Madhu\Downloads\core-java-training-master\src\main\java\com\leetcode\RemoveDuplicates.java,com.leetcode.RemoveDuplicates,"removeDuplicates/2[int[],int]",n,4
C:\Users\Madhu\Downloads\core-java-training-master\src\main\java\com\leetcode\RemoveDuplicates.java,com.leetcode.RemoveDuplicates,main/1[java.lang.String[]],args,0
C:\Users\Madhu\Downloads\core-java-training-master\src\main\java\com\leetcode\RemoveDuplicates.java,com.leetcode.RemoveDuplicates,main/1[java.lang.String[]],arr,3
C:\Users\Madhu\Downloads\core-java-training-master\src\main\java\com\leetcode\RemoveDuplicates.java,com.leetcode.RemoveDuplicates,main/1[java.lang.String[]],array1,2
C:\Users\Madhu\Downloads\core-java-training-master\src\main\java\com\leetcode\RemoveDuplicates.java,com.leetcode.RemoveDuplicates,main/1[java.lang.String[]],i,3
C:\Users\Madhu\Downloads\core-java-training-master\src\main\java\com\leetcode\RemoveDuplicates.java,com.leetcode.RemoveDuplicates,main/1[java.lang.String[]],n,1
C:\Users\Madhu\Downloads\core-java-training-master\src\main\java\com\tutorialq\variabletypes\StaticVariables.java,com.tutorialq.variabletypes.StaticVariables,main/1[java.lang.String[]],args,0
C:\Users\Madhu\Downloads\core-java-training-master\src\main\java\com\tutorialq\collections\MapExamples.java,com.tutorialq.collections.MapExamples,main/1[java.lang.String[]],args,0
C:\Users\Madhu\Downloads\core-java-training-master\src\main\java\com\tutorialq\collections\MapExamples.java,com.tutorialq.collections.MapExamples,main/1[java.lang.String[]],productsMap,5
C:\Users\Madhu\Downloads\core-java-training-master\src\main\java\com\tutorialq\collections\MapExamples.java,com.tutorialq.collections.MapExamples,main/1[java.lang.String[]],m,2
C:\Users\Madhu\Downloads\core-java-training-master\src\main\java\com\tutorialq\control\statements\WhileLoop.java,com.tutorialq.control.statements.WhileLoop,main/1[java.lang.String[]],args,0
C:\Users\Madhu\Downloads\core-java-training-master\src\main\java\com\tutorialq\control\statements\WhileLoop.java,com.tutorialq.control.statements.WhileLoop,main/1[java.lang.String[]],evenString,2
C:\Users\Madhu\Downloads\core-java-training-master\src\main\java\com\tutorialq\control\statements\WhileLoop.java,com.tutorialq.control.statements.WhileLoop,main/1[java.lang.String[]],i,5
C:\Users\Madhu\Downloads\core-java-training-master\src\main\java\com\tutorialq\control\statements\WhileLoop.java,com.tutorialq.control.statements.WhileLoop,main/1[java.lang.String[]],oddString,2
C:\Users\Madhu\Downloads\core-java-training-master\src\main\java\com\leetcode\LongestSubStringNoRepetition.java,com.leetcode.LongestSubStringNoRepetition,lengthLongestSubStringUsingSetOptimized/1[java.lang.String],result,4
C:\Users\Madhu\Downloads\core-java-training-master\src\main\java\com\leetcode\LongestSubStringNoRepetition.java,com.leetcode.LongestSubStringNoRepetition,lengthLongestSubStringUsingSetOptimized/1[java.lang.String],s,7
C:\Users\Madhu\Downloads\core-java-training-master\src\main\java\com\leetcode\LongestSubStringNoRepetition.java,com.leetcode.LongestSubStringNoRepetition,lengthLongestSubStringUsingSetOptimized/1[java.lang.String],set,3
C:\Users\Madhu\Downloads\core-java-training-master\src\main\java\com\leetcode\LongestSubStringNoRepetition.java,com.leetcode.LongestSubStringNoRepetition,lengthLongestSubStringUsingSetOptimized/1[java.lang.String],i,4
C:\Users\Madhu\Downloads\core-java-training-master\src\main\java\com\leetcode\LongestSubStringNoRepetition.java,com.leetcode.LongestSubStringNoRepetition,lengthLongestSubStringUsingSetOptimized/1[java.lang.String],j,5
C:\Users\Madhu\Downloads\core-java-training-master\src\main\java\com\leetcode\LongestSubStringNoRepetition.java,com.leetcode.LongestSubStringNoRepetition,main/1[java.lang.String[]],args,0
C:\Users\Madhu\Downloads\core-java-training-master\src\main\java\com\leetcode\LongestSubStringNoRepetition.java,com.leetcode.LongestSubStringNoRepetition,main/1[java.lang.String[]],max23,1
C:\Users\Madhu\Downloads\core-java-training-master\src\main\java\com\leetcode\LongestSubStringNoRepetition.java,com.leetcode.LongestSubStringNoRepetition,main/1[java.lang.String[]],max22,1
C:\Users\Madhu\Downloads\core-java-training-master\src\main\java\com\leetcode\LongestSubStringNoRepetition.java,com.leetcode.LongestSubStringNoRepetition,main/1[java.lang.String[]],max24,1
C:\Users\Madhu\Downloads\core-java-training-master\src\main\java\com\leetcode\LongestSubStringNoRepetition.java,com.leetcode.LongestSubStringNoRepetition,main/1[java.lang.String[]],max2,1
C:\Users\Madhu\Downloads\core-java-training-master\src\main\java\com\leetcode\LongestSubStringNoRepetition.java,com.leetcode.LongestSubStringNoRepetition,main/1[java.lang.String[]],max1,1
C:\Users\Madhu\Downloads\core-java-training-master\src\main\java\com\leetcode\LongestSubStringNoRepetition.java,com.leetcode.LongestSubStringNoRepetition,lengthLongestSubStringUsingMap/1[java.lang.String],result,4
C:\Users\Madhu\Downloads\core-java-training-master\src\main\java\com\leetcode\LongestSubStringNoRepetition.java,com.leetcode.LongestSubStringNoRepetition,lengthLongestSubStringUsingMap/1[java.lang.String],s,6
C:\Users\Madhu\Downloads\core-java-training-master\src\main\java\com\leetcode\LongestSubStringNoRepetition.java,com.leetcode.LongestSubStringNoRepetition,lengthLongestSubStringUsingMap/1[java.lang.String],i,3
C:\Users\Madhu\Downloads\core-java-training-master\src\main\java\com\leetcode\LongestSubStringNoRepetition.java,com.leetcode.LongestSubStringNoRepetition,lengthLongestSubStringUsingMap/1[java.lang.String],j,7
C:\Users\Madhu\Downloads\core-java-training-master\src\main\java\com\leetcode\LongestSubStringNoRepetition.java,com.leetcode.LongestSubStringNoRepetition,lengthLongestSubStringUsingMap/1[java.lang.String],map,3
C:\Users\Madhu\Downloads\core-java-training-master\src\main\java\com\tutorialq\datatypes\FloatExample.java,com.tutorialq.datatypes.FloatExample,addMillion/1[float],dummyVar,1
C:\Users\Madhu\Downloads\core-java-training-master\src\main\java\com\tutorialq\datatypes\FloatExample.java,com.tutorialq.datatypes.FloatExample,main/1[java.lang.String[]],args,0
C:\Users\Madhu\Downloads\core-java-training-master\src\main\java\com\tutorialq\datatypes\FloatExample.java,com.tutorialq.datatypes.FloatExample,main/1[java.lang.String[]],localVarFloat,1
C:\Users\Madhu\Downloads\core-java-training-master\src\main\java\com\tutorialq\datatypes\FloatExample.java,com.tutorialq.datatypes.FloatExample,main/1[java.lang.String[]],localVarfloat,1
C:\Users\Madhu\Downloads\core-java-training-master\src\main\java\com\tutorialq\datatypes\FloatExample.java,com.tutorialq.datatypes.FloatExample,main/1[java.lang.String[]],bigFloat,4
C:\Users\Madhu\Downloads\core-java-training-master\src\main\java\com\tutorialq\datatypes\LongExample.java,com.tutorialq.datatypes.LongExample,addBillion/1[long],dummyVar,1
C:\Users\Madhu\Downloads\core-java-training-master\src\main\java\com\tutorialq\datatypes\LongExample.java,com.tutorialq.datatypes.LongExample,addMillion/1[long],dummyVar,1
C:\Users\Madhu\Downloads\core-java-training-master\src\main\java\com\tutorialq\datatypes\LongExample.java,com.tutorialq.datatypes.LongExample,addBigLong/1[long],dummyVar,1
C:\Users\Madhu\Downloads\core-java-training-master\src\main\java\com\tutorialq\datatypes\LongExample.java,com.tutorialq.datatypes.LongExample,main/1[java.lang.String[]],args,0
C:\Users\Madhu\Downloads\core-java-training-master\src\main\java\com\tutorialq\datatypes\LongExample.java,com.tutorialq.datatypes.LongExample,main/1[java.lang.String[]],bigLong,2
C:\Users\Madhu\Downloads\core-java-training-master\src\main\java\com\tutorialq\datatypes\LongExample.java,com.tutorialq.datatypes.LongExample,main/1[java.lang.String[]],localVarlong,2
C:\Users\Madhu\Downloads\core-java-training-master\src\main\java\com\tutorialq\datatypes\LongExample.java,com.tutorialq.datatypes.LongExample,main/1[java.lang.String[]],localVarLong,2
C:\Users\Madhu\Downloads\core-java-training-master\src\main\java\com\tutorialq\java8\PrimeNumbersProgram.java,com.tutorialq.java8.PrimeNumbersProgram,main/1[java.lang.String[]],args,0
C:\Users\Madhu\Downloads\core-java-training-master\src\main\java\com\tutorialq\java8\PrimeNumbersProgram.java,com.tutorialq.java8.PrimeNumbersProgram,primeNumber/1[int],i,1
C:\Users\Madhu\Downloads\core-java-training-master\src\main\java\com\tutorialq\java8\PrimeNumbersProgram.java,com.tutorialq.java8.PrimeNumbersProgram,primeNumber/1[int],n,3
C:\Users\Madhu\Downloads\core-java-training-master\src\main\java\com\tutorialq\collections\ArrayExamples.java,com.tutorialq.collections.ArrayExamples,main/1[java.lang.String[]],args,0
C:\Users\Madhu\Downloads\core-java-training-master\src\main\java\com\tutorialq\collections\ArrayExamples.java,com.tutorialq.collections.ArrayExamples,main/1[java.lang.String[]],aa,4
C:\Users\Madhu\Downloads\core-java-training-master\src\main\java\com\tutorialq\collections\ArrayExamples.java,com.tutorialq.collections.ArrayExamples,main/1[java.lang.String[]],integers3,1
C:\Users\Madhu\Downloads\core-java-training-master\src\main\java\com\tutorialq\collections\ArrayExamples.java,com.tutorialq.collections.ArrayExamples,main/1[java.lang.String[]],integers1,3
C:\Users\Madhu\Downloads\core-java-training-master\src\main\java\com\tutorialq\collections\ArrayExamples.java,com.tutorialq.collections.ArrayExamples,main/1[java.lang.String[]],integers2,1
C:\Users\Madhu\Downloads\core-java-training-master\src\main\java\com\tutorialq\collections\ArrayExamples.java,com.tutorialq.collections.ArrayExamples,main/1[java.lang.String[]],i,5
C:\Users\Madhu\Downloads\core-java-training-master\src\main\java\com\tutorialq\collections\ListExamples.java,com.tutorialq.collections.ListExamples,main/1[java.lang.String[]],args,0
C:\Users\Madhu\Downloads\core-java-training-master\src\main\java\com\tutorialq\collections\ListExamples.java,com.tutorialq.collections.ListExamples,main/1[java.lang.String[]],namesList,2
C:\Users\Madhu\Downloads\core-java-training-master\src\main\java\com\tutorialq\collections\ListExamples.java,com.tutorialq.collections.ListExamples,main/1[java.lang.String[]],name,1
C:\Users\Madhu\Downloads\core-java-training-master\src\main\java\com\tutorialq\collections\ListExamples.java,com.tutorialq.collections.ListExamples,main/1[java.lang.String[]],i,3
C:\Users\Madhu\Downloads\core-java-training-master\src\main\java\com\tutorialq\java8\ThreadInterface.java,com.tutorialq.java8.ThreadInterface,"change/2[java.lang.String,java.lang.String]",prefix,0
C:\Users\Madhu\Downloads\core-java-training-master\src\main\java\com\tutorialq\java8\ThreadInterface.java,com.tutorialq.java8.ThreadInterface,"change/2[java.lang.String,java.lang.String]",suffix,0
C:\Users\Madhu\Downloads\core-java-training-master\src\main\java\com\designpatterns\memento\ArticleMemento.java,com.designpatterns.memento.ArticleMemento,"ArticleMemento/3[long,java.lang.String,java.lang.String]",id,2
C:\Users\Madhu\Downloads\core-java-training-master\src\main\java\com\designpatterns\memento\ArticleMemento.java,com.designpatterns.memento.ArticleMemento,"ArticleMemento/3[long,java.lang.String,java.lang.String]",title,2
C:\Users\Madhu\Downloads\core-java-training-master\src\main\java\com\designpatterns\memento\ArticleMemento.java,com.designpatterns.memento.ArticleMemento,"ArticleMemento/3[long,java.lang.String,java.lang.String]",content,2
C:\Users\Madhu\Downloads\core-java-training-master\src\main\java\com\tutorialq\variabletypes\LocalVariable.java,com.tutorialq.variabletypes.LocalVariable,calculateAge/0,age,3
C:\Users\Madhu\Downloads\core-java-training-master\src\main\java\com\tutorialq\variabletypes\LocalVariable.java,com.tutorialq.variabletypes.LocalVariable,main/1[java.lang.String[]],args,0
C:\Users\Madhu\Downloads\core-java-training-master\src\main\java\com\tutorialq\variabletypes\LocalVariable.java,com.tutorialq.variabletypes.LocalVariable,main/1[java.lang.String[]],test,1
C:\Users\Madhu\Downloads\core-java-training-master\src\main\java\com\tutorialq\variabletypes\LocalVariable.java,com.tutorialq.variabletypes.LocalVariable,main/1[java.lang.String[]],age,1
C:\Users\Madhu\Downloads\core-java-training-master\src\main\java\com\designpatterns\prototype\Show.java,com.designpatterns.prototype.Show,setName/1[java.lang.String],name,2
C:\Users\Madhu\Downloads\core-java-training-master\src\main\java\com\tutorialq\control\statements\SwitchcaseExample.java,com.tutorialq.control.statements.SwitchcaseExample,getMarksRange/1[java.lang.String],grade,1
C:\Users\Madhu\Downloads\core-java-training-master\src\main\java\com\tutorialq\control\statements\SwitchcaseExample.java,com.tutorialq.control.statements.SwitchcaseExample,main/1[java.lang.String[]],args,0
C:\Users\Madhu\Downloads\core-java-training-master\src\main\java\com\tutorialq\datatypes\BooleanExample.java,com.tutorialq.datatypes.BooleanExample,main/1[java.lang.String[]],args,0
C:\Users\Madhu\Downloads\core-java-training-master\src\main\java\com\tutorialq\datatypes\BooleanExample.java,com.tutorialq.datatypes.BooleanExample,main/1[java.lang.String[]],flag2,3
C:\Users\Madhu\Downloads\core-java-training-master\src\main\java\com\tutorialq\datatypes\BooleanExample.java,com.tutorialq.datatypes.BooleanExample,main/1[java.lang.String[]],flag1,3
C:\Users\Madhu\Downloads\core-java-training-master\src\main\java\com\tutorialq\datatypes\BooleanExample.java,com.tutorialq.datatypes.BooleanExample,"compare/2[int,int]",x,1
C:\Users\Madhu\Downloads\core-java-training-master\src\main\java\com\tutorialq\datatypes\BooleanExample.java,com.tutorialq.datatypes.BooleanExample,"compare/2[int,int]",y,1
C:\Users\Madhu\Downloads\core-java-training-master\src\main\java\com\tutorialq\java8\LambdaExamples.java,com.tutorialq.java8.LambdaExamples,main/1[java.lang.String[]],args,0
C:\Users\Madhu\Downloads\core-java-training-master\src\main\java\com\tutorialq\java8\LambdaExamples.java,com.tutorialq.java8.LambdaExamples,main/1[java.lang.String[]],a,1
C:\Users\Madhu\Downloads\core-java-training-master\src\main\java\com\tutorialq\java8\LambdaExamples.java,com.tutorialq.java8.LambdaExamples,main/1[java.lang.String[]],b,1
C:\Users\Madhu\Downloads\core-java-training-master\src\main\java\com\tutorialq\java8\LambdaExamples.java,com.tutorialq.java8.LambdaExamples,main/1[java.lang.String[]],list,2
C:\Users\Madhu\Downloads\core-java-training-master\src\main\java\com\designpatterns\command\HomeAutomationDemo.java,com.designpatterns.command.HomeAutomationDemo,main/1[java.lang.String[]],args,0
C:\Users\Madhu\Downloads\core-java-training-master\src\main\java\com\designpatterns\command\HomeAutomationDemo.java,com.designpatterns.command.HomeAutomationDemo,main/1[java.lang.String[]],bedRoomLight,1
C:\Users\Madhu\Downloads\core-java-training-master\src\main\java\com\designpatterns\command\HomeAutomationDemo.java,com.designpatterns.command.HomeAutomationDemo,main/1[java.lang.String[]],livingRoomFan,2
C:\Users\Madhu\Downloads\core-java-training-master\src\main\java\com\designpatterns\command\HomeAutomationDemo.java,com.designpatterns.command.HomeAutomationDemo,main/1[java.lang.String[]],remote,12
C:\Users\Madhu\Downloads\core-java-training-master\src\main\java\com\designpatterns\command\HomeAutomationDemo.java,com.designpatterns.command.HomeAutomationDemo,main/1[java.lang.String[]],bedRoomFan,2
C:\Users\Madhu\Downloads\core-java-training-master\src\main\java\com\designpatterns\command\HomeAutomationDemo.java,com.designpatterns.command.HomeAutomationDemo,main/1[java.lang.String[]],livingRoomLight,1
C:\Users\Madhu\Downloads\core-java-training-master\src\main\java\com\tutorialq\datatypes\IntegerExample.java,com.tutorialq.datatypes.IntegerExample,addTen/1[int],dummyVar,1
C:\Users\Madhu\Downloads\core-java-training-master\src\main\java\com\tutorialq\datatypes\IntegerExample.java,com.tutorialq.datatypes.IntegerExample,main/1[java.lang.String[]],args,0
C:\Users\Madhu\Downloads\core-java-training-master\src\main\java\com\tutorialq\datatypes\IntegerExample.java,com.tutorialq.datatypes.IntegerExample,main/1[java.lang.String[]],localVarInteger1,0
C:\Users\Madhu\Downloads\core-java-training-master\src\main\java\com\tutorialq\datatypes\IntegerExample.java,com.tutorialq.datatypes.IntegerExample,main/1[java.lang.String[]],localVarInt,3
C:\Users\Madhu\Downloads\core-java-training-master\src\main\java\com\tutorialq\datatypes\IntegerExample.java,com.tutorialq.datatypes.IntegerExample,main/1[java.lang.String[]],localVarInteger,2
C:\Users\Madhu\Downloads\core-java-training-master\src\main\java\com\tutorialq\datatypes\IntegerExample.java,com.tutorialq.datatypes.IntegerExample,addBillion/1[int],dummyVar,1
C:\Users\Madhu\Downloads\core-java-training-master\src\main\java\com\designpatterns\command\StartFanCommand.java,com.designpatterns.command.StartFanCommand,StartFanCommand/1[com.designpatterns.command.Fan],fan,2
C:\Users\Madhu\Downloads\core-java-training-master\src\main\java\com\designpatterns\prototype\PrototypeFactory.java,com.designpatterns.prototype.PrototypeFactory,getInstance/1[java.lang.String],s,1
C:\Users\Madhu\Downloads\core-java-training-master\src\main\java\com\designpatterns\prototype\TestPrototypePattern.java,com.designpatterns.prototype.TestPrototypePattern,main/1[java.lang.String[]],args,0
C:\Users\Madhu\Downloads\core-java-training-master\src\main\java\com\designpatterns\prototype\TestPrototypePattern.java,com.designpatterns.prototype.TestPrototypePattern,main/1[java.lang.String[]],showPrototype,1
C:\Users\Madhu\Downloads\core-java-training-master\src\main\java\com\designpatterns\prototype\TestPrototypePattern.java,com.designpatterns.prototype.TestPrototypePattern,main/1[java.lang.String[]],e,1
C:\Users\Madhu\Downloads\core-java-training-master\src\main\java\com\designpatterns\prototype\TestPrototypePattern.java,com.designpatterns.prototype.TestPrototypePattern,main/1[java.lang.String[]],moviePrototype,1
C:\Users\Madhu\Downloads\core-java-training-master\src\main\java\com\designpatterns\prototype\TestPrototypePattern.java,com.designpatterns.prototype.TestPrototypePattern,main/1[java.lang.String[]],albumPrototype,1
C:\Users\Madhu\Downloads\core-java-training-master\src\main\java\com\designpatterns\command\StopFanCommand.java,com.designpatterns.command.StopFanCommand,StopFanCommand/1[com.designpatterns.command.Fan],fan,2
C:\Users\Madhu\Downloads\core-java-training-master\src\main\java\com\leetcode\RotateArray.java,com.leetcode.RotateArray,main/1[java.lang.String[]],args,0
C:\Users\Madhu\Downloads\core-java-training-master\src\main\java\com\leetcode\RotateArray.java,com.leetcode.RotateArray,"rotateArray/2[int[],int]",nums,0
C:\Users\Madhu\Downloads\core-java-training-master\src\main\java\com\leetcode\RotateArray.java,com.leetcode.RotateArray,"rotateArray/2[int[],int]",key,0
C:\Users\Madhu\Downloads\core-java-training-master\src\main\java\com\designpatterns\prototype\Movie.java,com.designpatterns.prototype.Movie,setName/1[java.lang.String],name,2
C:\Users\Madhu\Downloads\core-java-training-master\src\main\java\com\tutorialq\control\statements\IfElseExamples.java,com.tutorialq.control.statements.IfElseExamples,main/1[java.lang.String[]],args,0
C:\Users\Madhu\Downloads\core-java-training-master\src\main\java\com\tutorialq\control\statements\IfElseExamples.java,com.tutorialq.control.statements.IfElseExamples,getGrades/1[int],grade,9
C:\Users\Madhu\Downloads\core-java-training-master\src\main\java\com\tutorialq\control\statements\IfElseExamples.java,com.tutorialq.control.statements.IfElseExamples,getGrades/1[int],marks,14
C:\Users\Madhu\Downloads\core-java-training-master\src\main\java\com\designpatterns\command\TurnOnLightCommand.java,com.designpatterns.command.TurnOnLightCommand,TurnOnLightCommand/1[com.designpatterns.command.Light],light,2
C:\Users\Madhu\Downloads\core-java-training-master\src\main\java\com\leetcode\LetterCombinations.java,com.leetcode.LetterCombinations,letterCombinations/1[java.lang.String],mapping,1
C:\Users\Madhu\Downloads\core-java-training-master\src\main\java\com\leetcode\LetterCombinations.java,com.leetcode.LetterCombinations,letterCombinations/1[java.lang.String],c,1
C:\Users\Madhu\Downloads\core-java-training-master\src\main\java\com\leetcode\LetterCombinations.java,com.leetcode.LetterCombinations,letterCombinations/1[java.lang.String],ans,6
C:\Users\Madhu\Downloads\core-java-training-master\src\main\java\com\leetcode\LetterCombinations.java,com.leetcode.LetterCombinations,letterCombinations/1[java.lang.String],digits,3
C:\Users\Madhu\Downloads\core-java-training-master\src\main\java\com\leetcode\LetterCombinations.java,com.leetcode.LetterCombinations,letterCombinations/1[java.lang.String],map,1
C:\Users\Madhu\Downloads\core-java-training-master\src\main\java\com\leetcode\LetterCombinations.java,com.leetcode.LetterCombinations,letterCombinations/1[java.lang.String],remove,3
C:\Users\Madhu\Downloads\core-java-training-master\src\main\java\com\leetcode\LetterCombinations.java,com.leetcode.LetterCombinations,main/1[java.lang.String[]],args,0
C:\Users\Madhu\Downloads\core-java-training-master\src\main\java\com\tutorialq\control\statements\ForLoop.java,com.tutorialq.control.statements.ForLoop,main/1[java.lang.String[]],args,0
C:\Users\Madhu\Downloads\core-java-training-master\src\main\java\com\tutorialq\control\statements\ForLoop.java,com.tutorialq.control.statements.ForLoop,main/1[java.lang.String[]],i,5
C:\Users\Madhu\Downloads\core-java-training-master\src\main\java\com\tutorialq\control\statements\ForLoop.java,com.tutorialq.control.statements.ForLoop,main/1[java.lang.String[]],numbersList,1
C:\Users\Madhu\Downloads\core-java-training-master\src\main\java\com\designpatterns\command\HomeAutomationRemote.java,com.designpatterns.command.HomeAutomationRemote,setCommand/1[com.designpatterns.command.ICommand],command,2
C:\Users\Madhu\Downloads\core-java-training-master\src\main\java\com\tutorialq\variabletypes\InstanceVariable.java,com.tutorialq.variabletypes.InstanceVariable,InstanceVariable/1[java.lang.String],empName,1
C:\Users\Madhu\Downloads\core-java-training-master\src\main\java\com\tutorialq\variabletypes\InstanceVariable.java,com.tutorialq.variabletypes.InstanceVariable,setSalary/1[double],empSal,1
C:\Users\Madhu\Downloads\core-java-training-master\src\main\java\com\tutorialq\variabletypes\InstanceVariable.java,com.tutorialq.variabletypes.InstanceVariable,main/1[java.lang.String[]],args,0
C:\Users\Madhu\Downloads\core-java-training-master\src\main\java\com\tutorialq\variabletypes\InstanceVariable.java,com.tutorialq.variabletypes.InstanceVariable,main/1[java.lang.String[]],empOne,2
C:\Users\Madhu\Downloads\core-java-training-master\src\main\java\com\designpatterns\memento\Article.java,com.designpatterns.memento.Article,"Article/2[long,java.lang.String]",id,2
C:\Users\Madhu\Downloads\core-java-training-master\src\main\java\com\designpatterns\memento\Article.java,com.designpatterns.memento.Article,"Article/2[long,java.lang.String]",title,2
C:\Users\Madhu\Downloads\core-java-training-master\src\main\java\com\designpatterns\memento\Article.java,com.designpatterns.memento.Article,setContent/1[java.lang.String],content,2
C:\Users\Madhu\Downloads\core-java-training-master\src\main\java\com\designpatterns\memento\Article.java,com.designpatterns.memento.Article,restore/1[com.designpatterns.memento.ArticleMemento],m,3
C:\Users\Madhu\Downloads\core-java-training-master\src\main\java\com\designpatterns\memento\Article.java,com.designpatterns.memento.Article,createMemento/0,m,1
C:\Users\Madhu\Downloads\core-java-training-master\src\main\java\com\leetcode\ContainsDuplicates.java,com.leetcode.ContainsDuplicates,containsDuplicate/1[int[]],numSet,2
C:\Users\Madhu\Downloads\core-java-training-master\src\main\java\com\leetcode\ContainsDuplicates.java,com.leetcode.ContainsDuplicates,containsDuplicate/1[int[]],i,2
C:\Users\Madhu\Downloads\core-java-training-master\src\main\java\com\leetcode\ContainsDuplicates.java,com.leetcode.ContainsDuplicates,containsDuplicate/1[int[]],nums,1
C:\Users\Madhu\Downloads\core-java-training-master\src\main\java\com\leetcode\ContainsDuplicates.java,com.leetcode.ContainsDuplicates,main/1[java.lang.String[]],args,0
C:\Users\Madhu\Downloads\core-java-training-master\src\main\java\com\leetcode\ContainsDuplicates.java,com.leetcode.ContainsDuplicates,main/1[java.lang.String[]],nums,1
C:\Users\Madhu\Downloads\core-java-training-master\src\main\java\com\tutorialq\datatypes\DoubleExample.java,com.tutorialq.datatypes.DoubleExample,main/1[java.lang.String[]],args,0
C:\Users\Madhu\Downloads\core-java-training-master\src\main\java\com\tutorialq\datatypes\DoubleExample.java,com.tutorialq.datatypes.DoubleExample,main/1[java.lang.String[]],a,2
C:\Users\Madhu\Downloads\core-java-training-master\src\main\java\com\tutorialq\datatypes\DoubleExample.java,com.tutorialq.datatypes.DoubleExample,main/1[java.lang.String[]],x,4
C:\Users\Madhu\Downloads\core-java-training-master\src\main\java\com\tutorialq\variabletypes\StaticDemo.java,com.tutorialq.variabletypes.StaticDemo,main/1[java.lang.String[]],args,0
C:\Users\Madhu\Downloads\core-java-training-master\src\main\java\com\tutorialq\variabletypes\StaticDemo.java,com.tutorialq.variabletypes.StaticDemo,main/1[java.lang.String[]],s1,1
C:\Users\Madhu\Downloads\core-java-training-master\src\main\java\com\tutorialq\variabletypes\StaticDemo.java,com.tutorialq.variabletypes.StaticDemo,main/1[java.lang.String[]],s2,1
