file,class,type,cbo,cboModified,fanin,fanout,wmc,dit,noc,rfc,lcom,lcom*,tcc,lcc,totalMethodsQty,staticMethodsQty,publicMethodsQty,privateMethodsQty,protectedMethodsQty,defaultMethodsQty,visibleMethodsQty,abstractMethodsQty,finalMethodsQty,synchronizedMethodsQty,totalFieldsQty,staticFieldsQty,publicFieldsQty,privateFieldsQty,protectedFieldsQty,defaultFieldsQty,finalFieldsQty,synchronizedFieldsQty,nosi,loc,returnQty,loopQty,comparisonsQty,tryCatchQty,parenthesizedExpsQty,stringLiteralsQty,numbersQty,assignmentsQty,mathOperationsQty,variablesQty,maxNestedBlocksQty,anonymousClassesQty,innerClassesQty,lambdasQty,uniqueWordsQty,modifiers,logStatementsQty
C:\Users\Madhu\Downloads\lan-group-chat-app-java-swing-main\LanChatGUI\src\lanchat\MainFrame.java,lanchat.MainFrame,class,3,8,5,3,12,6,0,41,15,0.8333333,0.0,0.0,6,1,2,4,0,0,2,0,0,0,4,0,0,4,0,0,0,0,10,93,0,1,0,1,0,10,35,5,0,5,3,4,0,0,77,1,0
C:\Users\Madhu\Downloads\lan-group-chat-app-java-swing-main\LanChatGUI\src\lanchat\ClientFrame.java,lanchat.ClientFrame,class,1,6,5,1,13,6,0,27,21,0.85714287,0.0,0.0,7,1,2,5,0,0,2,0,0,0,2,0,0,2,0,0,0,0,7,76,0,1,0,1,0,4,2,3,0,3,3,3,0,0,72,1,0
C:\Users\Madhu\Downloads\lan-group-chat-app-java-swing-main\LanChatGUI\src\lanchat\ClientFrame.java,lanchat.ClientFrame$Anonymous3,anonymous,1,1,0,1,1,1,0,1,0,0.0,NaN,NaN,1,0,1,0,0,0,1,0,0,0,0,0,0,0,0,0,0,0,0,5,0,0,0,0,0,0,0,0,0,0,0,0,0,0,4,-1,0
C:\Users\Madhu\Downloads\lan-group-chat-app-java-swing-main\LanChatGUI\src\lanchat\ClientFrame.java,lanchat.ClientFrame$Anonymous2,anonymous,1,1,0,1,1,1,0,1,0,0.0,NaN,NaN,1,0,1,0,0,0,1,0,0,0,0,0,0,0,0,0,0,0,0,5,0,0,0,0,0,0,0,0,0,0,0,0,0,0,6,-1,0
C:\Users\Madhu\Downloads\lan-group-chat-app-java-swing-main\LanChatGUI\src\lanchat\MainFrame.java,lanchat.MainFrame$Anonymous4,anonymous,1,1,0,1,1,1,0,1,0,0.0,NaN,NaN,1,0,1,0,0,0,1,0,0,0,0,0,0,0,0,0,0,0,0,5,0,0,0,0,0,0,0,0,0,0,0,0,0,0,4,-1,0
C:\Users\Madhu\Downloads\lan-group-chat-app-java-swing-main\LanChatGUI\src\lanchat\ServerFrame.java,lanchat.ServerFrame$Anonymous2,anonymous,1,1,0,1,1,1,0,1,0,0.0,NaN,NaN,1,0,1,0,0,0,1,0,0,0,0,0,0,0,0,0,0,0,0,5,0,0,0,0,0,0,0,0,0,0,0,0,0,0,4,-1,0
C:\Users\Madhu\Downloads\lan-group-chat-app-java-swing-main\LanChatGUI\src\lanchat\ServerFrame.java,lanchat.ServerFrame,class,1,5,4,1,10,6,0,28,6,0.75,0.0,0.0,4,1,2,2,0,0,2,0,0,0,2,0,0,2,0,0,0,0,7,57,0,1,0,1,0,4,5,3,0,3,3,2,0,0,65,1,0
C:\Users\Madhu\Downloads\lan-group-chat-app-java-swing-main\LanChatGUI\src\lanchat\MainFrame.java,lanchat.MainFrame$Anonymous1,anonymous,1,1,0,1,1,1,0,1,0,0.0,NaN,NaN,1,0,1,0,0,0,1,0,0,0,0,0,0,0,0,0,0,0,0,5,0,0,0,0,0,0,0,0,0,0,0,0,0,0,7,-1,0
C:\Users\Madhu\Downloads\lan-group-chat-app-java-swing-main\LanChatGUI\src\lanchat\ServerFrame.java,lanchat.ServerFrame$Anonymous1,anonymous,1,1,0,1,1,1,0,1,0,0.0,NaN,NaN,1,0,1,0,0,0,1,0,0,0,0,0,0,0,0,0,0,0,0,5,0,0,0,0,0,0,0,0,0,0,0,0,0,0,6,-1,0
C:\Users\Madhu\Downloads\lan-group-chat-app-java-swing-main\LanChatGUI\src\lanchat\ClientFrame.java,lanchat.ClientFrame$Anonymous1,anonymous,1,1,0,1,3,1,0,3,3,0.0,0.0,0.0,3,0,3,0,0,0,3,0,0,0,0,0,0,0,0,0,0,0,0,11,0,0,0,0,0,0,0,0,0,0,0,0,0,0,7,-1,0
C:\Users\Madhu\Downloads\lan-group-chat-app-java-swing-main\LanChatGUI\src\lanchat\MainFrame.java,lanchat.MainFrame$Anonymous3,anonymous,1,1,0,1,1,1,0,1,0,0.0,NaN,NaN,1,0,1,0,0,0,1,0,0,0,0,0,0,0,0,0,0,0,0,5,0,0,0,0,0,0,0,0,0,0,0,0,0,0,6,-1,0
C:\Users\Madhu\Downloads\lan-group-chat-app-java-swing-main\LanChatGUI\src\lanchat\MainFrame.java,lanchat.MainFrame$Anonymous2,anonymous,1,1,0,1,1,1,0,1,0,0.0,NaN,NaN,1,0,1,0,0,0,1,0,0,0,0,0,0,0,0,0,0,0,0,5,0,0,0,0,0,0,0,0,0,0,0,0,0,0,7,-1,0
