file,class,method,variable,usage
C:\Users\Madhu\Downloads\lan-group-chat-app-java-swing-main\LanChatGUI\src\lanchat\MainFrame.java,lanchat.MainFrame,initComponents/0,jButton1,8
C:\Users\Madhu\Downloads\lan-group-chat-app-java-swing-main\LanChatGUI\src\lanchat\MainFrame.java,lanchat.MainFrame,initComponents/0,btnOpenClient,8
C:\Users\Madhu\Downloads\lan-group-chat-app-java-swing-main\LanChatGUI\src\lanchat\MainFrame.java,lanchat.MainFrame,initComponents/0,lblTitle,5
C:\Users\Madhu\Downloads\lan-group-chat-app-java-swing-main\LanChatGUI\src\lanchat\MainFrame.java,lanchat.MainFrame,initComponents/0,btnStartServer,8
C:\Users\Madhu\Downloads\lan-group-chat-app-java-swing-main\LanChatGUI\src\lanchat\ClientFrame.java,lanchat.ClientFrame,initComponents/0,btnBack,5
C:\Users\Madhu\Downloads\lan-group-chat-app-java-swing-main\LanChatGUI\src\lanchat\ClientFrame.java,lanchat.ClientFrame,initComponents/0,jButton1,2
C:\Users\Madhu\Downloads\lan-group-chat-app-java-swing-main\LanChatGUI\src\lanchat\ServerFrame.java,lanchat.ServerFrame,initComponents/0,btnBack,5
C:\Users\Madhu\Downloads\lan-group-chat-app-java-swing-main\LanChatGUI\src\lanchat\ServerFrame.java,lanchat.ServerFrame,initComponents/0,jLabel1,2
