file,class,method,constructor,line,cbo,cboModified,fanin,fanout,wmc,rfc,loc,returnsQty,variablesQty,parametersQty,methodsInvokedQty,methodsInvokedLocalQty,methodsInvokedIndirectLocalQty,loopQty,comparisonsQty,tryCatchQty,parenthesizedExpsQty,stringLiteralsQty,numbersQty,assignmentsQty,mathOperationsQty,maxNestedBlocksQty,anonymousClassesQty,innerClassesQty,lambdasQty,uniqueWordsQty,modifiers,logStatementsQty,hasJavaDoc
C:\Users\Madhu\Downloads\lan-group-chat-app-java-swing-main\LanChatGUI\src\lanchat\MainFrame.java,lanchat.MainFrame,main/1[java.lang.String[]],false,127,1,1,0,1,7,9,28,0,0,1,9,0,0,1,0,1,0,1,0,0,0,3,1,0,0,20,9,0,true
C:\Users\Madhu\Downloads\lan-group-chat-app-java-swing-main\LanChatGUI\src\lanchat\MainFrame.java,lanchat.MainFrame,MainFrame/0,true,16,1,2,1,1,1,1,3,0,0,0,1,1,1,0,0,0,0,0,0,0,0,0,0,0,0,6,1,0,true
C:\Users\Madhu\Downloads\lan-group-chat-app-java-swing-main\LanChatGUI\src\lanchat\MainFrame.java,lanchat.MainFrame,btnStartServerActionPerformed/1[java.awt.event.ActionEvent],false,114,1,2,1,1,1,1,3,0,0,1,1,0,0,0,0,0,0,0,0,0,0,0,0,0,0,8,2,0,false
C:\Users\Madhu\Downloads\lan-group-chat-app-java-swing-main\LanChatGUI\src\lanchat\MainFrame.java,lanchat.MainFrame,jButton1ActionPerformed/1[java.awt.event.ActionEvent],false,119,0,1,1,0,1,1,3,0,0,1,1,0,0,0,0,0,0,0,0,0,0,0,0,0,0,5,2,0,false
C:\Users\Madhu\Downloads\lan-group-chat-app-java-swing-main\LanChatGUI\src\lanchat\MainFrame.java,lanchat.MainFrame,initComponents/0,false,27,0,2,1,1,1,29,47,0,1,0,29,0,0,0,0,0,0,9,35,5,0,0,3,0,0,57,2,0,true
C:\Users\Madhu\Downloads\lan-group-chat-app-java-swing-main\LanChatGUI\src\lanchat\MainFrame.java,lanchat.MainFrame,btnOpenClientActionPerformed/1[java.awt.event.ActionEvent],false,109,1,2,1,1,1,1,3,0,0,1,1,0,0,0,0,0,0,0,0,0,0,0,0,0,0,8,2,0,false
C:\Users\Madhu\Downloads\lan-group-chat-app-java-swing-main\LanChatGUI\src\lanchat\ClientFrame.java,lanchat.ClientFrame,formWindowClosed/1[java.awt.event.WindowEvent],false,75,0,1,1,0,1,1,3,0,0,1,1,0,0,0,0,0,0,0,0,0,0,0,0,0,0,5,2,0,false
C:\Users\Madhu\Downloads\lan-group-chat-app-java-swing-main\LanChatGUI\src\lanchat\ClientFrame.java,lanchat.ClientFrame,formWindowClosing/1[java.awt.event.WindowEvent],false,87,0,1,1,0,1,0,2,0,0,1,0,0,0,0,0,0,0,0,0,0,0,0,0,0,0,4,2,0,false
C:\Users\Madhu\Downloads\lan-group-chat-app-java-swing-main\LanChatGUI\src\lanchat\ClientFrame.java,lanchat.ClientFrame,btnBackActionPerformed/1[java.awt.event.ActionEvent],false,81,0,1,1,0,1,1,3,0,0,1,1,0,0,0,0,0,0,0,0,0,0,0,0,0,0,5,2,0,false
C:\Users\Madhu\Downloads\lan-group-chat-app-java-swing-main\LanChatGUI\src\lanchat\ClientFrame.java,lanchat.ClientFrame,main/1[java.lang.String[]],false,98,1,1,0,1,7,9,28,0,0,1,9,0,0,1,0,1,0,1,0,0,0,3,1,0,0,20,9,0,true
C:\Users\Madhu\Downloads\lan-group-chat-app-java-swing-main\LanChatGUI\src\lanchat\ClientFrame.java,lanchat.ClientFrame,ClientFrame/0,true,16,1,3,2,1,1,1,3,0,0,0,1,1,1,0,0,0,0,0,0,0,0,0,0,0,0,6,1,0,true
C:\Users\Madhu\Downloads\lan-group-chat-app-java-swing-main\LanChatGUI\src\lanchat\ClientFrame.java,lanchat.ClientFrame,initComponents/0,false,27,0,2,1,1,1,16,31,0,1,0,16,0,0,0,0,0,0,3,2,3,0,0,2,0,0,53,2,0,true
C:\Users\Madhu\Downloads\lan-group-chat-app-java-swing-main\LanChatGUI\src\lanchat\ClientFrame.java,lanchat.ClientFrame,formWindowDeactivated/1[java.awt.event.WindowEvent],false,91,0,1,1,0,1,0,2,0,0,1,0,0,0,0,0,0,0,0,0,0,0,0,0,0,0,4,2,0,false
C:\Users\Madhu\Downloads\lan-group-chat-app-java-swing-main\LanChatGUI\src\lanchat\ClientFrame.java,lanchat.ClientFrame$Anonymous3,run/0,false,124,1,3,0,3,1,1,3,0,0,0,1,0,0,0,0,0,0,0,0,0,0,0,0,0,0,4,1,0,false
C:\Users\Madhu\Downloads\lan-group-chat-app-java-swing-main\LanChatGUI\src\lanchat\ClientFrame.java,lanchat.ClientFrame$Anonymous2,actionPerformed/1[java.awt.event.ActionEvent],false,49,1,5,0,5,1,1,3,0,0,1,1,0,0,0,0,0,0,0,0,0,0,0,0,0,0,6,1,0,false
C:\Users\Madhu\Downloads\lan-group-chat-app-java-swing-main\LanChatGUI\src\lanchat\MainFrame.java,lanchat.MainFrame$Anonymous4,run/0,false,153,1,3,0,3,1,1,3,0,0,0,1,0,0,0,0,0,0,0,0,0,0,0,0,0,0,4,1,0,false
C:\Users\Madhu\Downloads\lan-group-chat-app-java-swing-main\LanChatGUI\src\lanchat\ServerFrame.java,lanchat.ServerFrame$Anonymous2,run/0,false,98,1,3,0,3,1,1,3,0,0,0,1,0,0,0,0,0,0,0,0,0,0,0,0,0,0,4,1,0,false
C:\Users\Madhu\Downloads\lan-group-chat-app-java-swing-main\LanChatGUI\src\lanchat\ServerFrame.java,lanchat.ServerFrame,btnBackActionPerformed/1[java.awt.event.ActionEvent],false,64,0,1,1,0,1,1,3,0,0,1,1,0,0,0,0,0,0,0,0,0,0,0,0,0,0,5,2,0,false
C:\Users\Madhu\Downloads\lan-group-chat-app-java-swing-main\LanChatGUI\src\lanchat\ServerFrame.java,lanchat.ServerFrame,ServerFrame/0,true,16,1,3,2,1,1,1,3,0,0,0,1,1,1,0,0,0,0,0,0,0,0,0,0,0,0,6,1,0,true
C:\Users\Madhu\Downloads\lan-group-chat-app-java-swing-main\LanChatGUI\src\lanchat\ServerFrame.java,lanchat.ServerFrame,main/1[java.lang.String[]],false,72,1,1,0,1,7,9,28,0,0,1,9,0,0,1,0,1,0,1,0,0,0,3,1,0,0,20,9,0,true
C:\Users\Madhu\Downloads\lan-group-chat-app-java-swing-main\LanChatGUI\src\lanchat\ServerFrame.java,lanchat.ServerFrame,initComponents/0,false,27,0,2,1,1,1,17,19,0,1,0,17,0,0,0,0,0,0,3,5,3,0,0,1,0,0,45,2,0,true
C:\Users\Madhu\Downloads\lan-group-chat-app-java-swing-main\LanChatGUI\src\lanchat\MainFrame.java,lanchat.MainFrame$Anonymous1,actionPerformed/1[java.awt.event.ActionEvent],false,46,1,5,0,5,1,1,3,0,0,1,1,0,0,0,0,0,0,0,0,0,0,0,0,0,0,7,1,0,false
C:\Users\Madhu\Downloads\lan-group-chat-app-java-swing-main\LanChatGUI\src\lanchat\ServerFrame.java,lanchat.ServerFrame$Anonymous1,actionPerformed/1[java.awt.event.ActionEvent],false,38,1,5,0,5,1,1,3,0,0,1,1,0,0,0,0,0,0,0,0,0,0,0,0,0,0,6,1,0,false
C:\Users\Madhu\Downloads\lan-group-chat-app-java-swing-main\LanChatGUI\src\lanchat\ClientFrame.java,lanchat.ClientFrame$Anonymous1,windowClosed/1[java.awt.event.WindowEvent],false,36,1,1,0,1,1,1,3,0,0,1,1,0,0,0,0,0,0,0,0,0,0,0,0,0,0,5,1,0,false
C:\Users\Madhu\Downloads\lan-group-chat-app-java-swing-main\LanChatGUI\src\lanchat\ClientFrame.java,lanchat.ClientFrame$Anonymous1,windowClosing/1[java.awt.event.WindowEvent],false,39,1,1,0,1,1,1,3,0,0,1,1,0,0,0,0,0,0,0,0,0,0,0,0,0,0,5,1,0,false
C:\Users\Madhu\Downloads\lan-group-chat-app-java-swing-main\LanChatGUI\src\lanchat\ClientFrame.java,lanchat.ClientFrame$Anonymous1,windowDeactivated/1[java.awt.event.WindowEvent],false,42,1,1,0,1,1,1,3,0,0,1,1,0,0,0,0,0,0,0,0,0,0,0,0,0,0,5,1,0,false
C:\Users\Madhu\Downloads\lan-group-chat-app-java-swing-main\LanChatGUI\src\lanchat\MainFrame.java,lanchat.MainFrame$Anonymous3,actionPerformed/1[java.awt.event.ActionEvent],false,66,1,5,0,5,1,1,3,0,0,1,1,0,0,0,0,0,0,0,0,0,0,0,0,0,0,6,1,0,false
C:\Users\Madhu\Downloads\lan-group-chat-app-java-swing-main\LanChatGUI\src\lanchat\MainFrame.java,lanchat.MainFrame$Anonymous2,actionPerformed/1[java.awt.event.ActionEvent],false,56,1,5,0,5,1,1,3,0,0,1,1,0,0,0,0,0,0,0,0,0,0,0,0,0,0,7,1,0,false
