file,class,method,variable,usage
C:\Users\Madhu\Downloads\lan-group-chat-app-java-swing-main\LanChatGUI\src\lanchat\MainFrame.java,lanchat.MainFrame,main/1[java.lang.String[]],args,0
C:\Users\Madhu\Downloads\lan-group-chat-app-java-swing-main\LanChatGUI\src\lanchat\MainFrame.java,lanchat.MainFrame,main/1[java.lang.String[]],ex,7
C:\Users\Madhu\Downloads\lan-group-chat-app-java-swing-main\LanChatGUI\src\lanchat\MainFrame.java,lanchat.MainFrame,main/1[java.lang.String[]],info,2
C:\Users\Madhu\Downloads\lan-group-chat-app-java-swing-main\LanChatGUI\src\lanchat\MainFrame.java,lanchat.MainFrame,btnStartServerActionPerformed/1[java.awt.event.ActionEvent],evt,0
C:\Users\Madhu\Downloads\lan-group-chat-app-java-swing-main\LanChatGUI\src\lanchat\MainFrame.java,lanchat.MainFrame,jButton1ActionPerformed/1[java.awt.event.ActionEvent],evt,0
C:\Users\Madhu\Downloads\lan-group-chat-app-java-swing-main\LanChatGUI\src\lanchat\MainFrame.java,lanchat.MainFrame,initComponents/0,layout,12
C:\Users\Madhu\Downloads\lan-group-chat-app-java-swing-main\LanChatGUI\src\lanchat\MainFrame.java,lanchat.MainFrame,btnOpenClientActionPerformed/1[java.awt.event.ActionEvent],evt,0
C:\Users\Madhu\Downloads\lan-group-chat-app-java-swing-main\LanChatGUI\src\lanchat\ClientFrame.java,lanchat.ClientFrame,formWindowClosed/1[java.awt.event.WindowEvent],evt,0
C:\Users\Madhu\Downloads\lan-group-chat-app-java-swing-main\LanChatGUI\src\lanchat\ClientFrame.java,lanchat.ClientFrame,formWindowClosing/1[java.awt.event.WindowEvent],evt,0
C:\Users\Madhu\Downloads\lan-group-chat-app-java-swing-main\LanChatGUI\src\lanchat\ClientFrame.java,lanchat.ClientFrame,btnBackActionPerformed/1[java.awt.event.ActionEvent],evt,0
C:\Users\Madhu\Downloads\lan-group-chat-app-java-swing-main\LanChatGUI\src\lanchat\ClientFrame.java,lanchat.ClientFrame,main/1[java.lang.String[]],args,0
C:\Users\Madhu\Downloads\lan-group-chat-app-java-swing-main\LanChatGUI\src\lanchat\ClientFrame.java,lanchat.ClientFrame,main/1[java.lang.String[]],ex,7
C:\Users\Madhu\Downloads\lan-group-chat-app-java-swing-main\LanChatGUI\src\lanchat\ClientFrame.java,lanchat.ClientFrame,main/1[java.lang.String[]],info,2
C:\Users\Madhu\Downloads\lan-group-chat-app-java-swing-main\LanChatGUI\src\lanchat\ClientFrame.java,lanchat.ClientFrame,initComponents/0,layout,7
C:\Users\Madhu\Downloads\lan-group-chat-app-java-swing-main\LanChatGUI\src\lanchat\ClientFrame.java,lanchat.ClientFrame,formWindowDeactivated/1[java.awt.event.WindowEvent],evt,0
C:\Users\Madhu\Downloads\lan-group-chat-app-java-swing-main\LanChatGUI\src\lanchat\ClientFrame.java,lanchat.ClientFrame$Anonymous2,actionPerformed/1[java.awt.event.ActionEvent],evt,1
C:\Users\Madhu\Downloads\lan-group-chat-app-java-swing-main\LanChatGUI\src\lanchat\ServerFrame.java,lanchat.ServerFrame,btnBackActionPerformed/1[java.awt.event.ActionEvent],evt,0
C:\Users\Madhu\Downloads\lan-group-chat-app-java-swing-main\LanChatGUI\src\lanchat\ServerFrame.java,lanchat.ServerFrame,main/1[java.lang.String[]],args,0
C:\Users\Madhu\Downloads\lan-group-chat-app-java-swing-main\LanChatGUI\src\lanchat\ServerFrame.java,lanchat.ServerFrame,main/1[java.lang.String[]],ex,7
C:\Users\Madhu\Downloads\lan-group-chat-app-java-swing-main\LanChatGUI\src\lanchat\ServerFrame.java,lanchat.ServerFrame,main/1[java.lang.String[]],info,2
C:\Users\Madhu\Downloads\lan-group-chat-app-java-swing-main\LanChatGUI\src\lanchat\ServerFrame.java,lanchat.ServerFrame,initComponents/0,layout,7
C:\Users\Madhu\Downloads\lan-group-chat-app-java-swing-main\LanChatGUI\src\lanchat\MainFrame.java,lanchat.MainFrame$Anonymous1,actionPerformed/1[java.awt.event.ActionEvent],evt,1
C:\Users\Madhu\Downloads\lan-group-chat-app-java-swing-main\LanChatGUI\src\lanchat\ServerFrame.java,lanchat.ServerFrame$Anonymous1,actionPerformed/1[java.awt.event.ActionEvent],evt,1
C:\Users\Madhu\Downloads\lan-group-chat-app-java-swing-main\LanChatGUI\src\lanchat\ClientFrame.java,lanchat.ClientFrame$Anonymous1,windowClosed/1[java.awt.event.WindowEvent],evt,1
C:\Users\Madhu\Downloads\lan-group-chat-app-java-swing-main\LanChatGUI\src\lanchat\ClientFrame.java,lanchat.ClientFrame$Anonymous1,windowClosing/1[java.awt.event.WindowEvent],evt,1
C:\Users\Madhu\Downloads\lan-group-chat-app-java-swing-main\LanChatGUI\src\lanchat\ClientFrame.java,lanchat.ClientFrame$Anonymous1,windowDeactivated/1[java.awt.event.WindowEvent],evt,1
C:\Users\Madhu\Downloads\lan-group-chat-app-java-swing-main\LanChatGUI\src\lanchat\MainFrame.java,lanchat.MainFrame$Anonymous3,actionPerformed/1[java.awt.event.ActionEvent],evt,1
C:\Users\Madhu\Downloads\lan-group-chat-app-java-swing-main\LanChatGUI\src\lanchat\MainFrame.java,lanchat.MainFrame$Anonymous2,actionPerformed/1[java.awt.event.ActionEvent],evt,1
