file,class,type,cbo,cboModified,fanin,fanout,wmc,dit,noc,rfc,lcom,lcom*,tcc,lcc,totalMethodsQty,staticMethodsQty,publicMethodsQty,privateMethodsQty,protectedMethodsQty,defaultMethodsQty,visibleMethodsQty,abstractMethodsQty,finalMethodsQty,synchronizedMethodsQty,totalFieldsQty,staticFieldsQty,publicFieldsQty,privateFieldsQty,protectedFieldsQty,defaultFieldsQty,finalFieldsQty,synchronizedFieldsQty,nosi,loc,returnQty,loopQty,comparisonsQty,tryCatchQty,parenthesizedExpsQty,stringLiteralsQty,numbersQty,assignmentsQty,mathOperationsQty,variablesQty,maxNestedBlocksQty,anonymousClassesQty,innerClassesQty,lambdasQty,uniqueWordsQty,modifiers,logStatementsQty
C:\Users\Madhu\Downloads\Queue-Management-System-master\src\JavaConnector.java,JavaConnector,class,0,1,1,0,2,1,0,1,0,0.0,NaN,NaN,1,1,1,0,0,0,1,0,0,0,1,0,0,0,0,1,0,0,1,12,2,0,0,1,0,3,0,1,0,2,1,0,0,0,12,1,0
C:\Users\Madhu\Downloads\Queue-Management-System-master\src\Home.java,Home$Anonymous5,anonymous,1,1,0,1,1,1,0,1,0,0.0,NaN,NaN,1,0,1,0,0,0,1,0,0,0,0,0,0,0,0,0,0,0,0,5,0,0,0,0,0,0,0,0,0,0,0,0,0,0,3,-1,0
C:\Users\Madhu\Downloads\Queue-Management-System-master\src\Home.java,Home$Anonymous4,anonymous,1,1,0,1,1,1,0,1,0,0.0,NaN,NaN,1,0,1,0,0,0,1,0,0,0,0,0,0,0,0,0,0,0,0,5,0,0,0,0,0,0,0,0,0,0,0,0,0,0,6,-1,0
C:\Users\Madhu\Downloads\Queue-Management-System-master\src\Home.java,Home$Anonymous1,anonymous,1,1,0,1,1,1,0,1,0,0.0,NaN,NaN,1,0,1,0,0,0,1,0,0,0,0,0,0,0,0,0,0,0,0,5,0,0,0,0,0,0,0,0,0,0,0,0,0,0,7,-1,0
C:\Users\Madhu\Downloads\Queue-Management-System-master\src\Home.java,Home,class,2,8,6,2,22,6,0,67,6,0.8481484,0.5,0.5,9,1,4,5,0,0,4,0,0,0,30,0,0,27,0,3,0,0,20,257,0,1,0,6,2,54,81,58,2,52,3,5,0,0,113,1,0
C:\Users\Madhu\Downloads\Queue-Management-System-master\src\Home.java,Home$Anonymous3,anonymous,1,1,0,1,1,1,0,1,0,0.0,NaN,NaN,1,0,1,0,0,0,1,0,0,0,0,0,0,0,0,0,0,0,0,5,0,0,0,0,0,0,0,0,0,0,0,0,0,0,7,-1,0
C:\Users\Madhu\Downloads\Queue-Management-System-master\src\Home.java,Home$Anonymous2,anonymous,1,1,0,1,1,1,0,1,0,0.0,NaN,NaN,1,0,1,0,0,0,1,0,0,0,0,0,0,0,0,0,0,0,0,5,0,0,0,0,0,0,0,0,0,0,0,0,0,0,5,-1,0
