file,class,method,variable,usage
C:\Users\Madhu\Downloads\Queue-Management-System-master\src\Home.java,Home,initComponents/0,jLabel3,4
C:\Users\Madhu\Downloads\Queue-Management-System-master\src\Home.java,Home,initComponents/0,jTextField7,3
C:\Users\Madhu\Downloads\Queue-Management-System-master\src\Home.java,Home,initComponents/0,jLabel2,4
C:\Users\Madhu\Downloads\Queue-Management-System-master\src\Home.java,Home,initComponents/0,jLabel5,4
C:\Users\Madhu\Downloads\Queue-Management-System-master\src\Home.java,Home,initComponents/0,jLabel4,4
C:\Users\Madhu\Downloads\Queue-Management-System-master\src\Home.java,Home,initComponents/0,jLabel7,4
C:\Users\Madhu\Downloads\Queue-Management-System-master\src\Home.java,Home,initComponents/0,jTextField4,3
C:\Users\Madhu\Downloads\Queue-Management-System-master\src\Home.java,Home,initComponents/0,jLabel6,4
C:\Users\Madhu\Downloads\Queue-Management-System-master\src\Home.java,Home,initComponents/0,Start,7
C:\Users\Madhu\Downloads\Queue-Management-System-master\src\Home.java,Home,initComponents/0,jTextField3,3
C:\Users\Madhu\Downloads\Queue-Management-System-master\src\Home.java,Home,initComponents/0,jTextField6,3
C:\Users\Madhu\Downloads\Queue-Management-System-master\src\Home.java,Home,initComponents/0,jTextField5,2
C:\Users\Madhu\Downloads\Queue-Management-System-master\src\Home.java,Home,initComponents/0,jScrollPane1,2
C:\Users\Madhu\Downloads\Queue-Management-System-master\src\Home.java,Home,initComponents/0,jScrollPane2,4
C:\Users\Madhu\Downloads\Queue-Management-System-master\src\Home.java,Home,initComponents/0,jLabel1,4
C:\Users\Madhu\Downloads\Queue-Management-System-master\src\Home.java,Home,initComponents/0,jPanel1,8
C:\Users\Madhu\Downloads\Queue-Management-System-master\src\Home.java,Home,initComponents/0,jComboBox1,6
C:\Users\Madhu\Downloads\Queue-Management-System-master\src\Home.java,Home,initComponents/0,jPanel2,8
C:\Users\Madhu\Downloads\Queue-Management-System-master\src\Home.java,Home,initComponents/0,jTextField2,3
C:\Users\Madhu\Downloads\Queue-Management-System-master\src\Home.java,Home,initComponents/0,jTextField1,3
C:\Users\Madhu\Downloads\Queue-Management-System-master\src\Home.java,Home,initComponents/0,jPanel3,7
C:\Users\Madhu\Downloads\Queue-Management-System-master\src\Home.java,Home,initComponents/0,jTable1,3
C:\Users\Madhu\Downloads\Queue-Management-System-master\src\Home.java,Home,initComponents/0,jTable2,4
C:\Users\Madhu\Downloads\Queue-Management-System-master\src\Home.java,Home,initComponents/0,jBtnAdd,5
C:\Users\Madhu\Downloads\Queue-Management-System-master\src\Home.java,Home,initComponents/0,jMenuBar1,2
C:\Users\Madhu\Downloads\Queue-Management-System-master\src\Home.java,Home,initComponents/0,jLayeredPane1,9
C:\Users\Madhu\Downloads\Queue-Management-System-master\src\Home.java,Home,initComponents/0,jBtnComplete,7
C:\Users\Madhu\Downloads\Queue-Management-System-master\src\Home.java,Home,jTable2MouseClicked/1[java.awt.event.MouseEvent],pst,2
C:\Users\Madhu\Downloads\Queue-Management-System-master\src\Home.java,Home,jTable2MouseClicked/1[java.awt.event.MouseEvent],rs,6
C:\Users\Madhu\Downloads\Queue-Management-System-master\src\Home.java,Home,jTable2MouseClicked/1[java.awt.event.MouseEvent],jTextField7,1
C:\Users\Madhu\Downloads\Queue-Management-System-master\src\Home.java,Home,jTable2MouseClicked/1[java.awt.event.MouseEvent],conn,1
C:\Users\Madhu\Downloads\Queue-Management-System-master\src\Home.java,Home,jTable2MouseClicked/1[java.awt.event.MouseEvent],jTextField4,1
C:\Users\Madhu\Downloads\Queue-Management-System-master\src\Home.java,Home,jTable2MouseClicked/1[java.awt.event.MouseEvent],jTextField6,1
C:\Users\Madhu\Downloads\Queue-Management-System-master\src\Home.java,Home,jTable2MouseClicked/1[java.awt.event.MouseEvent],jTextField2,1
C:\Users\Madhu\Downloads\Queue-Management-System-master\src\Home.java,Home,jTable2MouseClicked/1[java.awt.event.MouseEvent],jTable2,2
C:\Users\Madhu\Downloads\Queue-Management-System-master\src\Home.java,Home,StartActionPerformed/1[java.awt.event.ActionEvent],pst,2
C:\Users\Madhu\Downloads\Queue-Management-System-master\src\Home.java,Home,StartActionPerformed/1[java.awt.event.ActionEvent],rs,6
C:\Users\Madhu\Downloads\Queue-Management-System-master\src\Home.java,Home,StartActionPerformed/1[java.awt.event.ActionEvent],jTextField7,1
C:\Users\Madhu\Downloads\Queue-Management-System-master\src\Home.java,Home,StartActionPerformed/1[java.awt.event.ActionEvent],conn,1
C:\Users\Madhu\Downloads\Queue-Management-System-master\src\Home.java,Home,StartActionPerformed/1[java.awt.event.ActionEvent],jTextField4,1
C:\Users\Madhu\Downloads\Queue-Management-System-master\src\Home.java,Home,StartActionPerformed/1[java.awt.event.ActionEvent],jTextField6,1
C:\Users\Madhu\Downloads\Queue-Management-System-master\src\Home.java,Home,StartActionPerformed/1[java.awt.event.ActionEvent],jTextField2,1
C:\Users\Madhu\Downloads\Queue-Management-System-master\src\Home.java,Home,StartActionPerformed/1[java.awt.event.ActionEvent],jTable2,2
C:\Users\Madhu\Downloads\Queue-Management-System-master\src\Home.java,Home,Delete/0,pst,3
C:\Users\Madhu\Downloads\Queue-Management-System-master\src\Home.java,Home,Delete/0,jTextField7,1
C:\Users\Madhu\Downloads\Queue-Management-System-master\src\Home.java,Home,Delete/0,conn,1
C:\Users\Madhu\Downloads\Queue-Management-System-master\src\Home.java,Home,jBtnAddActionPerformed/1[java.awt.event.ActionEvent],pst,5
C:\Users\Madhu\Downloads\Queue-Management-System-master\src\Home.java,Home,jBtnAddActionPerformed/1[java.awt.event.ActionEvent],conn,1
C:\Users\Madhu\Downloads\Queue-Management-System-master\src\Home.java,Home,jBtnAddActionPerformed/1[java.awt.event.ActionEvent],jTextField3,1
C:\Users\Madhu\Downloads\Queue-Management-System-master\src\Home.java,Home,jBtnAddActionPerformed/1[java.awt.event.ActionEvent],jComboBox1,1
C:\Users\Madhu\Downloads\Queue-Management-System-master\src\Home.java,Home,jBtnAddActionPerformed/1[java.awt.event.ActionEvent],jTextField1,1
C:\Users\Madhu\Downloads\Queue-Management-System-master\src\Home.java,Home,jBtnAddActionPerformed/1[java.awt.event.ActionEvent],jTable2,1
C:\Users\Madhu\Downloads\Queue-Management-System-master\src\Home.java,Home,Home/0,conn,1
C:\Users\Madhu\Downloads\Queue-Management-System-master\src\Home.java,Home,Home/0,jTable2,1
C:\Users\Madhu\Downloads\Queue-Management-System-master\src\Home.java,Home,jTable2/0,pst,2
C:\Users\Madhu\Downloads\Queue-Management-System-master\src\Home.java,Home,jTable2/0,rs,2
C:\Users\Madhu\Downloads\Queue-Management-System-master\src\Home.java,Home,jTable2/0,conn,1
C:\Users\Madhu\Downloads\Queue-Management-System-master\src\Home.java,Home,jTable2/0,jTable2,2
C:\Users\Madhu\Downloads\Queue-Management-System-master\src\Home.java,Home,jBtnCompleteActionPerformed/1[java.awt.event.ActionEvent],jTable2,1
