file,class,type,cbo,cboModified,fanin,fanout,wmc,dit,noc,rfc,lcom,lcom*,tcc,lcc,totalMethodsQty,staticMethodsQty,publicMethodsQty,privateMethodsQty,protectedMethodsQty,defaultMethodsQty,visibleMethodsQty,abstractMethodsQty,finalMethodsQty,synchronizedMethodsQty,totalFieldsQty,staticFieldsQty,publicFieldsQty,privateFieldsQty,protectedFieldsQty,defaultFieldsQty,finalFieldsQty,synchronizedFieldsQty,nosi,loc,returnQty,loopQty,comparisonsQty,tryCatchQty,parenthesizedExpsQty,stringLiteralsQty,numbersQty,assignmentsQty,mathOperationsQty,variablesQty,maxNestedBlocksQty,anonymousClassesQty,innerClassesQty,lambdasQty,uniqueWordsQty,modifiers,logStatementsQty
C:\Users\Madhu\Downloads\Payroll-main\Payroll\src\employee\Sale.java,employee.Sale,class,0,1,1,0,3,1,0,0,0,0.0,1.0,1.0,3,0,3,0,0,0,3,0,0,0,1,0,0,1,0,0,0,0,0,12,1,0,0,0,0,0,1,2,0,1,0,0,0,0,8,1,0
C:\Users\Madhu\Downloads\Payroll-main\Payroll\src\schedule\Schedule.java,schedule.Schedule,class,2,5,3,2,63,1,0,15,0,0.8529914,0.88394064,0.900135,39,0,39,0,0,0,39,0,0,0,14,0,13,1,0,0,0,0,0,228,13,12,0,0,0,0,96,61,24,15,2,0,0,0,35,1,0
C:\Users\Madhu\Downloads\Payroll-main\Payroll\src\employee\Commissioned.java,employee.Commissioned,class,3,7,4,3,9,2,0,5,4,0.65625,0.42857143,1.0,8,0,7,1,0,0,7,0,0,0,3,0,0,3,0,0,0,0,0,34,3,1,0,0,0,0,6,6,2,4,1,0,0,0,18,1,0
C:\Users\Madhu\Downloads\Payroll-main\Payroll\src\employee\Salaried.java,employee.Salaried,class,2,6,4,2,3,2,0,1,0,0.0,1.0,1.0,3,0,3,0,0,0,3,0,0,0,1,0,0,1,0,0,0,0,0,13,1,0,0,0,0,0,0,1,0,1,0,0,0,0,6,1,0
C:\Users\Madhu\Downloads\Payroll-main\Payroll\src\schedule\Day.java,schedule.Day,class,1,4,3,1,12,1,0,2,6,0.6,0.2,0.2,5,0,5,0,0,0,5,0,0,0,2,0,1,1,0,0,0,0,0,39,2,0,7,0,0,7,7,2,0,2,1,0,0,0,12,1,0
C:\Users\Madhu\Downloads\Payroll-main\Payroll\src\functionalities\Functionalities_Schedule.java,functionalities.Functionalities_Schedule,class,6,7,1,6,317,1,0,64,0,0.6857143,0.71428573,0.71428573,7,0,7,0,0,0,7,0,0,0,8,0,0,8,0,0,0,0,0,1510,0,115,33,0,324,475,511,477,700,15,5,0,0,0,44,1,0
C:\Users\Madhu\Downloads\Payroll-main\Payroll\src\employee\Hourly.java,employee.Hourly,class,3,7,4,3,16,2,0,14,0,0.62222224,0.7582418,1.0,15,0,14,1,0,0,14,0,0,0,3,0,0,3,0,0,0,0,0,56,8,1,0,0,0,0,16,4,13,3,1,0,0,0,21,1,0
C:\Users\Madhu\Downloads\Payroll-main\Payroll\src\employee\Timecard.java,employee.Timecard,class,1,3,2,1,13,1,0,6,66,0.8461538,0.07692308,0.07692308,13,0,13,0,0,0,13,0,0,0,3,0,0,3,0,0,0,0,0,49,6,0,0,0,0,0,6,6,0,6,0,0,0,0,13,1,0
C:\Users\Madhu\Downloads\Payroll-main\Payroll\src\functionalities\Functionalities_Employee.java,functionalities.Functionalities_Employee,class,4,5,1,4,139,1,0,40,0,0.7388889,0.8095238,0.8666667,15,0,15,0,0,0,15,0,0,0,7,0,0,7,0,0,0,0,0,713,3,36,79,0,16,145,135,144,15,24,5,0,0,0,87,1,0
C:\Users\Madhu\Downloads\Payroll-main\Payroll\src\employee\Employee.java,employee.Employee,class,1,7,6,1,21,1,3,9,150,0.8571428,0.14285715,1.0,21,0,21,0,0,0,21,0,0,0,3,0,0,3,0,0,0,0,0,77,10,0,0,0,0,0,1,11,0,10,0,0,0,0,24,1025,0
C:\Users\Madhu\Downloads\Payroll-main\Payroll\src\Main.java,Main,class,6,6,0,6,54,1,0,30,0,0.0,NaN,NaN,1,1,1,0,0,0,1,0,0,0,0,0,0,0,0,0,0,0,0,279,0,2,23,0,0,133,40,33,6,15,5,0,0,0,96,1,0
