file,class,method,variable,usage
C:\Users\Madhu\Downloads\Payroll-main\Payroll\src\employee\Sale.java,employee.Sale,setSales_of_the_day/1[double],sales_of_the_day,3
C:\Users\Madhu\Downloads\Payroll-main\Payroll\src\employee\Sale.java,employee.Sale,getSales_of_the_day/0,sales_of_the_day,1
C:\Users\Madhu\Downloads\Payroll-main\Payroll\src\employee\Sale.java,employee.Sale,Sale/0,sales_of_the_day,1
C:\Users\Madhu\Downloads\Payroll-main\Payroll\src\schedule\Schedule.java,schedule.Schedule,getOctober_day/1[int],October,1
C:\Users\Madhu\Downloads\Payroll-main\Payroll\src\schedule\Schedule.java,schedule.Schedule,getOctober_day/1[int],index,2
C:\Users\Madhu\Downloads\Payroll-main\Payroll\src\schedule\Schedule.java,schedule.Schedule,"setSchedule_December/2[int,java.lang.String]",December,1
C:\Users\Madhu\Downloads\Payroll-main\Payroll\src\schedule\Schedule.java,schedule.Schedule,"setSchedule_December/2[int,java.lang.String]",index,2
C:\Users\Madhu\Downloads\Payroll-main\Payroll\src\schedule\Schedule.java,schedule.Schedule,"setSchedule_June/2[int,java.lang.String]",June,1
C:\Users\Madhu\Downloads\Payroll-main\Payroll\src\schedule\Schedule.java,schedule.Schedule,"setSchedule_June/2[int,java.lang.String]",index,2
C:\Users\Madhu\Downloads\Payroll-main\Payroll\src\schedule\Schedule.java,schedule.Schedule,getApril_day/1[int],index,2
C:\Users\Madhu\Downloads\Payroll-main\Payroll\src\schedule\Schedule.java,schedule.Schedule,getApril_day/1[int],April,1
C:\Users\Madhu\Downloads\Payroll-main\Payroll\src\schedule\Schedule.java,schedule.Schedule,setSeptember/1[schedule.Day[]],index,4
C:\Users\Madhu\Downloads\Payroll-main\Payroll\src\schedule\Schedule.java,schedule.Schedule,setSeptember/1[schedule.Day[]],day_controll,5
C:\Users\Madhu\Downloads\Payroll-main\Payroll\src\schedule\Schedule.java,schedule.Schedule,"setSchedule_September/2[int,java.lang.String]",September,1
C:\Users\Madhu\Downloads\Payroll-main\Payroll\src\schedule\Schedule.java,schedule.Schedule,"setSchedule_September/2[int,java.lang.String]",index,2
C:\Users\Madhu\Downloads\Payroll-main\Payroll\src\schedule\Schedule.java,schedule.Schedule,"setSchedule_April/2[int,java.lang.String]",index,2
C:\Users\Madhu\Downloads\Payroll-main\Payroll\src\schedule\Schedule.java,schedule.Schedule,"setSchedule_April/2[int,java.lang.String]",April,1
C:\Users\Madhu\Downloads\Payroll-main\Payroll\src\schedule\Schedule.java,schedule.Schedule,"setSchedule_Ferbruary/2[int,java.lang.String]",index,2
C:\Users\Madhu\Downloads\Payroll-main\Payroll\src\schedule\Schedule.java,schedule.Schedule,"setSchedule_Ferbruary/2[int,java.lang.String]",Ferbruary,1
C:\Users\Madhu\Downloads\Payroll-main\Payroll\src\schedule\Schedule.java,schedule.Schedule,"setSchedule_August/2[int,java.lang.String]",index,2
C:\Users\Madhu\Downloads\Payroll-main\Payroll\src\schedule\Schedule.java,schedule.Schedule,"setSchedule_August/2[int,java.lang.String]",August,1
C:\Users\Madhu\Downloads\Payroll-main\Payroll\src\schedule\Schedule.java,schedule.Schedule,setNovember/1[schedule.Day[]],index,4
C:\Users\Madhu\Downloads\Payroll-main\Payroll\src\schedule\Schedule.java,schedule.Schedule,setNovember/1[schedule.Day[]],day_controll,5
C:\Users\Madhu\Downloads\Payroll-main\Payroll\src\schedule\Schedule.java,schedule.Schedule,"setSchedule_March/2[int,java.lang.String]",index,2
C:\Users\Madhu\Downloads\Payroll-main\Payroll\src\schedule\Schedule.java,schedule.Schedule,"setSchedule_March/2[int,java.lang.String]",March,1
C:\Users\Madhu\Downloads\Payroll-main\Payroll\src\schedule\Schedule.java,schedule.Schedule,getJanuary_day/1[int],index,2
C:\Users\Madhu\Downloads\Payroll-main\Payroll\src\schedule\Schedule.java,schedule.Schedule,getJanuary_day/1[int],January,1
C:\Users\Madhu\Downloads\Payroll-main\Payroll\src\schedule\Schedule.java,schedule.Schedule,getDecember_day/1[int],December,1
C:\Users\Madhu\Downloads\Payroll-main\Payroll\src\schedule\Schedule.java,schedule.Schedule,getDecember_day/1[int],index,2
C:\Users\Madhu\Downloads\Payroll-main\Payroll\src\schedule\Schedule.java,schedule.Schedule,setJanuary/1[schedule.Day[]],index,4
C:\Users\Madhu\Downloads\Payroll-main\Payroll\src\schedule\Schedule.java,schedule.Schedule,setJanuary/1[schedule.Day[]],day_controll,5
C:\Users\Madhu\Downloads\Payroll-main\Payroll\src\schedule\Schedule.java,schedule.Schedule,setMay/1[schedule.Day[]],index,4
C:\Users\Madhu\Downloads\Payroll-main\Payroll\src\schedule\Schedule.java,schedule.Schedule,setMay/1[schedule.Day[]],day_controll,5
C:\Users\Madhu\Downloads\Payroll-main\Payroll\src\schedule\Schedule.java,schedule.Schedule,setAugust/1[schedule.Day[]],index,4
C:\Users\Madhu\Downloads\Payroll-main\Payroll\src\schedule\Schedule.java,schedule.Schedule,setAugust/1[schedule.Day[]],day_controll,5
C:\Users\Madhu\Downloads\Payroll-main\Payroll\src\schedule\Schedule.java,schedule.Schedule,getJuly_day/1[int],index,2
C:\Users\Madhu\Downloads\Payroll-main\Payroll\src\schedule\Schedule.java,schedule.Schedule,getJuly_day/1[int],July,1
C:\Users\Madhu\Downloads\Payroll-main\Payroll\src\schedule\Schedule.java,schedule.Schedule,setJune/1[schedule.Day[]],index,4
C:\Users\Madhu\Downloads\Payroll-main\Payroll\src\schedule\Schedule.java,schedule.Schedule,setJune/1[schedule.Day[]],day_controll,5
C:\Users\Madhu\Downloads\Payroll-main\Payroll\src\schedule\Schedule.java,schedule.Schedule,getSeptember_day/1[int],September,1
C:\Users\Madhu\Downloads\Payroll-main\Payroll\src\schedule\Schedule.java,schedule.Schedule,getSeptember_day/1[int],index,2
C:\Users\Madhu\Downloads\Payroll-main\Payroll\src\schedule\Schedule.java,schedule.Schedule,getNovember_day/1[int],index,2
C:\Users\Madhu\Downloads\Payroll-main\Payroll\src\schedule\Schedule.java,schedule.Schedule,getNovember_day/1[int],November,1
C:\Users\Madhu\Downloads\Payroll-main\Payroll\src\schedule\Schedule.java,schedule.Schedule,setFerbruary/1[schedule.Day[]],index,4
C:\Users\Madhu\Downloads\Payroll-main\Payroll\src\schedule\Schedule.java,schedule.Schedule,setFerbruary/1[schedule.Day[]],day_controll,5
C:\Users\Madhu\Downloads\Payroll-main\Payroll\src\schedule\Schedule.java,schedule.Schedule,Schedule/0,June,1
C:\Users\Madhu\Downloads\Payroll-main\Payroll\src\schedule\Schedule.java,schedule.Schedule,Schedule/0,October,1
C:\Users\Madhu\Downloads\Payroll-main\Payroll\src\schedule\Schedule.java,schedule.Schedule,Schedule/0,December,1
C:\Users\Madhu\Downloads\Payroll-main\Payroll\src\schedule\Schedule.java,schedule.Schedule,Schedule/0,May,1
C:\Users\Madhu\Downloads\Payroll-main\Payroll\src\schedule\Schedule.java,schedule.Schedule,Schedule/0,September,1
C:\Users\Madhu\Downloads\Payroll-main\Payroll\src\schedule\Schedule.java,schedule.Schedule,Schedule/0,March,1
C:\Users\Madhu\Downloads\Payroll-main\Payroll\src\schedule\Schedule.java,schedule.Schedule,Schedule/0,July,1
C:\Users\Madhu\Downloads\Payroll-main\Payroll\src\schedule\Schedule.java,schedule.Schedule,Schedule/0,January,1
C:\Users\Madhu\Downloads\Payroll-main\Payroll\src\schedule\Schedule.java,schedule.Schedule,Schedule/0,Ferbruary,1
C:\Users\Madhu\Downloads\Payroll-main\Payroll\src\schedule\Schedule.java,schedule.Schedule,Schedule/0,April,1
C:\Users\Madhu\Downloads\Payroll-main\Payroll\src\schedule\Schedule.java,schedule.Schedule,Schedule/0,August,1
C:\Users\Madhu\Downloads\Payroll-main\Payroll\src\schedule\Schedule.java,schedule.Schedule,Schedule/0,November,1
C:\Users\Madhu\Downloads\Payroll-main\Payroll\src\schedule\Schedule.java,schedule.Schedule,getSchedules/0,schedules,1
C:\Users\Madhu\Downloads\Payroll-main\Payroll\src\schedule\Schedule.java,schedule.Schedule,setDecember/1[schedule.Day[]],index,4
C:\Users\Madhu\Downloads\Payroll-main\Payroll\src\schedule\Schedule.java,schedule.Schedule,setDecember/1[schedule.Day[]],day_controll,5
C:\Users\Madhu\Downloads\Payroll-main\Payroll\src\schedule\Schedule.java,schedule.Schedule,"setSchedule_January/2[int,java.lang.String]",index,2
C:\Users\Madhu\Downloads\Payroll-main\Payroll\src\schedule\Schedule.java,schedule.Schedule,"setSchedule_January/2[int,java.lang.String]",January,1
C:\Users\Madhu\Downloads\Payroll-main\Payroll\src\schedule\Schedule.java,schedule.Schedule,setApril/1[schedule.Day[]],index,4
C:\Users\Madhu\Downloads\Payroll-main\Payroll\src\schedule\Schedule.java,schedule.Schedule,setApril/1[schedule.Day[]],day_controll,5
C:\Users\Madhu\Downloads\Payroll-main\Payroll\src\schedule\Schedule.java,schedule.Schedule,setOctober/1[schedule.Day[]],index,4
C:\Users\Madhu\Downloads\Payroll-main\Payroll\src\schedule\Schedule.java,schedule.Schedule,setOctober/1[schedule.Day[]],day_controll,5
C:\Users\Madhu\Downloads\Payroll-main\Payroll\src\schedule\Schedule.java,schedule.Schedule,"setSchedule_October/2[int,java.lang.String]",October,1
C:\Users\Madhu\Downloads\Payroll-main\Payroll\src\schedule\Schedule.java,schedule.Schedule,"setSchedule_October/2[int,java.lang.String]",index,2
C:\Users\Madhu\Downloads\Payroll-main\Payroll\src\schedule\Schedule.java,schedule.Schedule,setMarch/1[schedule.Day[]],index,4
C:\Users\Madhu\Downloads\Payroll-main\Payroll\src\schedule\Schedule.java,schedule.Schedule,setMarch/1[schedule.Day[]],day_controll,5
C:\Users\Madhu\Downloads\Payroll-main\Payroll\src\schedule\Schedule.java,schedule.Schedule,getFerbruary_day/1[int],index,2
C:\Users\Madhu\Downloads\Payroll-main\Payroll\src\schedule\Schedule.java,schedule.Schedule,getFerbruary_day/1[int],Ferbruary,1
C:\Users\Madhu\Downloads\Payroll-main\Payroll\src\schedule\Schedule.java,schedule.Schedule,getMarch_day/1[int],index,2
C:\Users\Madhu\Downloads\Payroll-main\Payroll\src\schedule\Schedule.java,schedule.Schedule,getMarch_day/1[int],March,1
C:\Users\Madhu\Downloads\Payroll-main\Payroll\src\schedule\Schedule.java,schedule.Schedule,setJuly/1[schedule.Day[]],index,4
C:\Users\Madhu\Downloads\Payroll-main\Payroll\src\schedule\Schedule.java,schedule.Schedule,setJuly/1[schedule.Day[]],day_controll,5
C:\Users\Madhu\Downloads\Payroll-main\Payroll\src\schedule\Schedule.java,schedule.Schedule,setSchedules/1[java.lang.String],schedules,1
C:\Users\Madhu\Downloads\Payroll-main\Payroll\src\schedule\Schedule.java,schedule.Schedule,"setSchedule_November/2[int,java.lang.String]",index,2
C:\Users\Madhu\Downloads\Payroll-main\Payroll\src\schedule\Schedule.java,schedule.Schedule,"setSchedule_November/2[int,java.lang.String]",November,1
C:\Users\Madhu\Downloads\Payroll-main\Payroll\src\schedule\Schedule.java,schedule.Schedule,getAugust_day/1[int],index,2
C:\Users\Madhu\Downloads\Payroll-main\Payroll\src\schedule\Schedule.java,schedule.Schedule,getAugust_day/1[int],August,1
C:\Users\Madhu\Downloads\Payroll-main\Payroll\src\schedule\Schedule.java,schedule.Schedule,"setSchedule_July/2[int,java.lang.String]",index,2
C:\Users\Madhu\Downloads\Payroll-main\Payroll\src\schedule\Schedule.java,schedule.Schedule,"setSchedule_July/2[int,java.lang.String]",July,1
C:\Users\Madhu\Downloads\Payroll-main\Payroll\src\schedule\Schedule.java,schedule.Schedule,getMay_day/1[int],May,1
C:\Users\Madhu\Downloads\Payroll-main\Payroll\src\schedule\Schedule.java,schedule.Schedule,getMay_day/1[int],index,2
C:\Users\Madhu\Downloads\Payroll-main\Payroll\src\schedule\Schedule.java,schedule.Schedule,"setSchedule_May/2[int,java.lang.String]",May,1
C:\Users\Madhu\Downloads\Payroll-main\Payroll\src\schedule\Schedule.java,schedule.Schedule,"setSchedule_May/2[int,java.lang.String]",index,2
C:\Users\Madhu\Downloads\Payroll-main\Payroll\src\schedule\Schedule.java,schedule.Schedule,getJune_day/1[int],June,1
C:\Users\Madhu\Downloads\Payroll-main\Payroll\src\schedule\Schedule.java,schedule.Schedule,getJune_day/1[int],index,2
C:\Users\Madhu\Downloads\Payroll-main\Payroll\src\employee\Commissioned.java,employee.Commissioned,"Commissioned/11[java.lang.String,java.lang.String,java.lang.String,java.lang.String,java.lang.String,int,int,int,double,double,double]",commission,2
C:\Users\Madhu\Downloads\Payroll-main\Payroll\src\employee\Commissioned.java,employee.Commissioned,"Commissioned/11[java.lang.String,java.lang.String,java.lang.String,java.lang.String,java.lang.String,int,int,int,double,double,double]",salary,2
C:\Users\Madhu\Downloads\Payroll-main\Payroll\src\employee\Commissioned.java,employee.Commissioned,"Commissioned/11[java.lang.String,java.lang.String,java.lang.String,java.lang.String,java.lang.String,int,int,int,double,double,double]",sales,1
C:\Users\Madhu\Downloads\Payroll-main\Payroll\src\employee\Commissioned.java,employee.Commissioned,"setSales/2[double,int]",sales,1
C:\Users\Madhu\Downloads\Payroll-main\Payroll\src\employee\Commissioned.java,employee.Commissioned,setCommission/1[double],commission,3
C:\Users\Madhu\Downloads\Payroll-main\Payroll\src\employee\Commissioned.java,employee.Commissioned,set_sales_of_the_day/1[employee.Sale[]],index,4
C:\Users\Madhu\Downloads\Payroll-main\Payroll\src\employee\Commissioned.java,employee.Commissioned,set_sales_of_the_day/1[employee.Sale[]],sales,2
C:\Users\Madhu\Downloads\Payroll-main\Payroll\src\employee\Commissioned.java,employee.Commissioned,getSalary/0,salary,1
C:\Users\Madhu\Downloads\Payroll-main\Payroll\src\employee\Commissioned.java,employee.Commissioned,getCommission/0,commission,1
C:\Users\Madhu\Downloads\Payroll-main\Payroll\src\employee\Commissioned.java,employee.Commissioned,getSales/1[int],sales,1
C:\Users\Madhu\Downloads\Payroll-main\Payroll\src\employee\Commissioned.java,employee.Commissioned,setSalary/1[double],salary,3
C:\Users\Madhu\Downloads\Payroll-main\Payroll\src\employee\Salaried.java,employee.Salaried,"Salaried/10[java.lang.String,java.lang.String,java.lang.String,java.lang.String,java.lang.String,int,int,int,double,double]",salary,2
C:\Users\Madhu\Downloads\Payroll-main\Payroll\src\employee\Salaried.java,employee.Salaried,setSalary/1[double],salary,3
C:\Users\Madhu\Downloads\Payroll-main\Payroll\src\employee\Salaried.java,employee.Salaried,getSalary/0,salary,1
C:\Users\Madhu\Downloads\Payroll-main\Payroll\src\schedule\Day.java,schedule.Day,getName/0,name,1
C:\Users\Madhu\Downloads\Payroll-main\Payroll\src\schedule\Day.java,schedule.Day,setName/1[java.lang.String],name,3
C:\Users\Madhu\Downloads\Payroll-main\Payroll\src\schedule\Day.java,schedule.Day,getSchedules/0,schedules_of_the_day,1
C:\Users\Madhu\Downloads\Payroll-main\Payroll\src\schedule\Day.java,schedule.Day,setSchedules/1[java.lang.String],schedules_of_the_day,1
C:\Users\Madhu\Downloads\Payroll-main\Payroll\src\functionalities\Functionalities_Schedule.java,functionalities.Functionalities_Schedule,"change_Commissioned_schedule/3[java.util.ArrayList<employee.Commissioned>,schedule.Schedule,int]",input,1
C:\Users\Madhu\Downloads\Payroll-main\Payroll\src\functionalities\Functionalities_Schedule.java,functionalities.Functionalities_Schedule,"change_Commissioned_schedule/3[java.util.ArrayList<employee.Commissioned>,schedule.Schedule,int]",finded,3
C:\Users\Madhu\Downloads\Payroll-main\Payroll\src\functionalities\Functionalities_Schedule.java,functionalities.Functionalities_Schedule,"change_Commissioned_schedule/3[java.util.ArrayList<employee.Commissioned>,schedule.Schedule,int]",finded_e,3
C:\Users\Madhu\Downloads\Payroll-main\Payroll\src\functionalities\Functionalities_Schedule.java,functionalities.Functionalities_Schedule,"change_Commissioned_schedule/3[java.util.ArrayList<employee.Commissioned>,schedule.Schedule,int]",current_schedule,3
C:\Users\Madhu\Downloads\Payroll-main\Payroll\src\functionalities\Functionalities_Schedule.java,functionalities.Functionalities_Schedule,"change_Commissioned_schedule/3[java.util.ArrayList<employee.Commissioned>,schedule.Schedule,int]",index,10
C:\Users\Madhu\Downloads\Payroll-main\Payroll\src\functionalities\Functionalities_Schedule.java,functionalities.Functionalities_Schedule,"change_Commissioned_schedule/3[java.util.ArrayList<employee.Commissioned>,schedule.Schedule,int]",commissioned,4
C:\Users\Madhu\Downloads\Payroll-main\Payroll\src\functionalities\Functionalities_Schedule.java,functionalities.Functionalities_Schedule,"change_Hourly_schedule/3[java.util.ArrayList<employee.Hourly>,schedule.Schedule,int]",input,1
C:\Users\Madhu\Downloads\Payroll-main\Payroll\src\functionalities\Functionalities_Schedule.java,functionalities.Functionalities_Schedule,"change_Hourly_schedule/3[java.util.ArrayList<employee.Hourly>,schedule.Schedule,int]",finded,3
C:\Users\Madhu\Downloads\Payroll-main\Payroll\src\functionalities\Functionalities_Schedule.java,functionalities.Functionalities_Schedule,"change_Hourly_schedule/3[java.util.ArrayList<employee.Hourly>,schedule.Schedule,int]",finded_e,3
C:\Users\Madhu\Downloads\Payroll-main\Payroll\src\functionalities\Functionalities_Schedule.java,functionalities.Functionalities_Schedule,"change_Hourly_schedule/3[java.util.ArrayList<employee.Hourly>,schedule.Schedule,int]",current_schedule,3
C:\Users\Madhu\Downloads\Payroll-main\Payroll\src\functionalities\Functionalities_Schedule.java,functionalities.Functionalities_Schedule,"change_Hourly_schedule/3[java.util.ArrayList<employee.Hourly>,schedule.Schedule,int]",index,10
C:\Users\Madhu\Downloads\Payroll-main\Payroll\src\functionalities\Functionalities_Schedule.java,functionalities.Functionalities_Schedule,"change_Hourly_schedule/3[java.util.ArrayList<employee.Hourly>,schedule.Schedule,int]",hourly,4
C:\Users\Madhu\Downloads\Payroll-main\Payroll\src\functionalities\Functionalities_Schedule.java,functionalities.Functionalities_Schedule,"Payment/6[java.util.ArrayList<employee.Hourly>,java.util.ArrayList<employee.Commissioned>,java.util.ArrayList<employee.Salaried>,schedule.Schedule,int,int]",salaried,288
C:\Users\Madhu\Downloads\Payroll-main\Payroll\src\functionalities\Functionalities_Schedule.java,functionalities.Functionalities_Schedule,"Payment/6[java.util.ArrayList<employee.Hourly>,java.util.ArrayList<employee.Commissioned>,java.util.ArrayList<employee.Salaried>,schedule.Schedule,int,int]",index_employee,144
C:\Users\Madhu\Downloads\Payroll-main\Payroll\src\functionalities\Functionalities_Schedule.java,functionalities.Functionalities_Schedule,"Payment/6[java.util.ArrayList<employee.Hourly>,java.util.ArrayList<employee.Commissioned>,java.util.ArrayList<employee.Salaried>,schedule.Schedule,int,int]",index_to_hour,144
C:\Users\Madhu\Downloads\Payroll-main\Payroll\src\functionalities\Functionalities_Schedule.java,functionalities.Functionalities_Schedule,"Payment/6[java.util.ArrayList<employee.Hourly>,java.util.ArrayList<employee.Commissioned>,java.util.ArrayList<employee.Salaried>,schedule.Schedule,int,int]",current_schedule,48
C:\Users\Madhu\Downloads\Payroll-main\Payroll\src\functionalities\Functionalities_Schedule.java,functionalities.Functionalities_Schedule,"Payment/6[java.util.ArrayList<employee.Hourly>,java.util.ArrayList<employee.Commissioned>,java.util.ArrayList<employee.Salaried>,schedule.Schedule,int,int]",extra,96
C:\Users\Madhu\Downloads\Payroll-main\Payroll\src\functionalities\Functionalities_Schedule.java,functionalities.Functionalities_Schedule,"Payment/6[java.util.ArrayList<employee.Hourly>,java.util.ArrayList<employee.Commissioned>,java.util.ArrayList<employee.Salaried>,schedule.Schedule,int,int]",liquid_salary,120
C:\Users\Madhu\Downloads\Payroll-main\Payroll\src\functionalities\Functionalities_Schedule.java,functionalities.Functionalities_Schedule,"Payment/6[java.util.ArrayList<employee.Hourly>,java.util.ArrayList<employee.Commissioned>,java.util.ArrayList<employee.Salaried>,schedule.Schedule,int,int]",index,48
C:\Users\Madhu\Downloads\Payroll-main\Payroll\src\functionalities\Functionalities_Schedule.java,functionalities.Functionalities_Schedule,"Payment/6[java.util.ArrayList<employee.Hourly>,java.util.ArrayList<employee.Commissioned>,java.util.ArrayList<employee.Salaried>,schedule.Schedule,int,int]",hourly,204
C:\Users\Madhu\Downloads\Payroll-main\Payroll\src\functionalities\Functionalities_Schedule.java,functionalities.Functionalities_Schedule,"Payment/6[java.util.ArrayList<employee.Hourly>,java.util.ArrayList<employee.Commissioned>,java.util.ArrayList<employee.Salaried>,schedule.Schedule,int,int]",salary,168
C:\Users\Madhu\Downloads\Payroll-main\Payroll\src\functionalities\Functionalities_Schedule.java,functionalities.Functionalities_Schedule,"Payment/6[java.util.ArrayList<employee.Hourly>,java.util.ArrayList<employee.Commissioned>,java.util.ArrayList<employee.Salaried>,schedule.Schedule,int,int]",current_day,12
C:\Users\Madhu\Downloads\Payroll-main\Payroll\src\functionalities\Functionalities_Schedule.java,functionalities.Functionalities_Schedule,"Payment/6[java.util.ArrayList<employee.Hourly>,java.util.ArrayList<employee.Commissioned>,java.util.ArrayList<employee.Salaried>,schedule.Schedule,int,int]",commissioned,324
C:\Users\Madhu\Downloads\Payroll-main\Payroll\src\functionalities\Functionalities_Schedule.java,functionalities.Functionalities_Schedule,show_current_schedules/1[schedule.Schedule],current_schedule,2
C:\Users\Madhu\Downloads\Payroll-main\Payroll\src\functionalities\Functionalities_Schedule.java,functionalities.Functionalities_Schedule,show_current_schedules/1[schedule.Schedule],index,4
C:\Users\Madhu\Downloads\Payroll-main\Payroll\src\functionalities\Functionalities_Schedule.java,functionalities.Functionalities_Schedule,"change_Salaried_schedule/3[java.util.ArrayList<employee.Salaried>,schedule.Schedule,int]",input,1
C:\Users\Madhu\Downloads\Payroll-main\Payroll\src\functionalities\Functionalities_Schedule.java,functionalities.Functionalities_Schedule,"change_Salaried_schedule/3[java.util.ArrayList<employee.Salaried>,schedule.Schedule,int]",finded,3
C:\Users\Madhu\Downloads\Payroll-main\Payroll\src\functionalities\Functionalities_Schedule.java,functionalities.Functionalities_Schedule,"change_Salaried_schedule/3[java.util.ArrayList<employee.Salaried>,schedule.Schedule,int]",salaried,4
C:\Users\Madhu\Downloads\Payroll-main\Payroll\src\functionalities\Functionalities_Schedule.java,functionalities.Functionalities_Schedule,"change_Salaried_schedule/3[java.util.ArrayList<employee.Salaried>,schedule.Schedule,int]",finded_e,3
C:\Users\Madhu\Downloads\Payroll-main\Payroll\src\functionalities\Functionalities_Schedule.java,functionalities.Functionalities_Schedule,"change_Salaried_schedule/3[java.util.ArrayList<employee.Salaried>,schedule.Schedule,int]",current_schedule,3
C:\Users\Madhu\Downloads\Payroll-main\Payroll\src\functionalities\Functionalities_Schedule.java,functionalities.Functionalities_Schedule,"change_Salaried_schedule/3[java.util.ArrayList<employee.Salaried>,schedule.Schedule,int]",index,10
C:\Users\Madhu\Downloads\Payroll-main\Payroll\src\functionalities\Functionalities_Schedule.java,functionalities.Functionalities_Schedule,"create_schedule/3[schedule.Schedule,java.lang.String,java.lang.String]",index,192
C:\Users\Madhu\Downloads\Payroll-main\Payroll\src\functionalities\Functionalities_Schedule.java,functionalities.Functionalities_Schedule,"create_schedule/3[schedule.Schedule,java.lang.String,java.lang.String]",day_count,36
C:\Users\Madhu\Downloads\Payroll-main\Payroll\src\employee\Hourly.java,employee.Hourly,setSalaryperhour/1[double],salaryperhour,3
C:\Users\Madhu\Downloads\Payroll-main\Payroll\src\employee\Hourly.java,employee.Hourly,getIn_min/1[int],timecards,1
C:\Users\Madhu\Downloads\Payroll-main\Payroll\src\employee\Hourly.java,employee.Hourly,getOut_min/1[int],timecards,1
C:\Users\Madhu\Downloads\Payroll-main\Payroll\src\employee\Hourly.java,employee.Hourly,"Hourly/10[java.lang.String,java.lang.String,java.lang.String,java.lang.String,java.lang.String,int,int,int,double,double]",timecards,1
C:\Users\Madhu\Downloads\Payroll-main\Payroll\src\employee\Hourly.java,employee.Hourly,"Hourly/10[java.lang.String,java.lang.String,java.lang.String,java.lang.String,java.lang.String,int,int,int,double,double]",salaryperhour,2
C:\Users\Madhu\Downloads\Payroll-main\Payroll\src\employee\Hourly.java,employee.Hourly,getExtra_hour/1[int],timecards,1
C:\Users\Madhu\Downloads\Payroll-main\Payroll\src\employee\Hourly.java,employee.Hourly,"setWorkedours/2[int,int]",timecards,1
C:\Users\Madhu\Downloads\Payroll-main\Payroll\src\employee\Hourly.java,employee.Hourly,getIn_hour/1[int],timecards,1
C:\Users\Madhu\Downloads\Payroll-main\Payroll\src\employee\Hourly.java,employee.Hourly,setTimecards/1[employee.Timecard[]],timecards,2
C:\Users\Madhu\Downloads\Payroll-main\Payroll\src\employee\Hourly.java,employee.Hourly,setTimecards/1[employee.Timecard[]],index,4
C:\Users\Madhu\Downloads\Payroll-main\Payroll\src\employee\Hourly.java,employee.Hourly,getTimecards/1[int],timecards,1
C:\Users\Madhu\Downloads\Payroll-main\Payroll\src\employee\Hourly.java,employee.Hourly,"setTimecards_in/3[int,int,int]",timecards,2
C:\Users\Madhu\Downloads\Payroll-main\Payroll\src\employee\Hourly.java,employee.Hourly,getWorkedours/1[int],timecards,1
C:\Users\Madhu\Downloads\Payroll-main\Payroll\src\employee\Hourly.java,employee.Hourly,getOut_hour/1[int],timecards,1
C:\Users\Madhu\Downloads\Payroll-main\Payroll\src\employee\Hourly.java,employee.Hourly,getSalaryperhour/0,salaryperhour,1
C:\Users\Madhu\Downloads\Payroll-main\Payroll\src\employee\Hourly.java,employee.Hourly,"setExtra_hour/2[int,int]",timecards,1
C:\Users\Madhu\Downloads\Payroll-main\Payroll\src\employee\Hourly.java,employee.Hourly,"setTimecards_out/3[int,int,int]",timecards,2
C:\Users\Madhu\Downloads\Payroll-main\Payroll\src\employee\Timecard.java,employee.Timecard,setIn_hour/1[int],in_hour,3
C:\Users\Madhu\Downloads\Payroll-main\Payroll\src\employee\Timecard.java,employee.Timecard,getOut_hour/0,out_hour,1
C:\Users\Madhu\Downloads\Payroll-main\Payroll\src\employee\Timecard.java,employee.Timecard,getIn_hour/0,in_hour,1
C:\Users\Madhu\Downloads\Payroll-main\Payroll\src\employee\Timecard.java,employee.Timecard,getIn_min/0,in_min,1
C:\Users\Madhu\Downloads\Payroll-main\Payroll\src\employee\Timecard.java,employee.Timecard,getWorkedours/0,workedours,1
C:\Users\Madhu\Downloads\Payroll-main\Payroll\src\employee\Timecard.java,employee.Timecard,setIn_min/1[int],in_min,3
C:\Users\Madhu\Downloads\Payroll-main\Payroll\src\employee\Timecard.java,employee.Timecard,setWorkedours/1[int],workedours,3
C:\Users\Madhu\Downloads\Payroll-main\Payroll\src\employee\Timecard.java,employee.Timecard,setOut_min/1[int],out_min,3
C:\Users\Madhu\Downloads\Payroll-main\Payroll\src\employee\Timecard.java,employee.Timecard,getExtra_hour/0,extra_hour,1
C:\Users\Madhu\Downloads\Payroll-main\Payroll\src\employee\Timecard.java,employee.Timecard,getOut_min/0,out_min,1
C:\Users\Madhu\Downloads\Payroll-main\Payroll\src\employee\Timecard.java,employee.Timecard,setExtra_hour/1[int],extra_hour,3
C:\Users\Madhu\Downloads\Payroll-main\Payroll\src\employee\Timecard.java,employee.Timecard,setOut_hour/1[int],out_hour,3
C:\Users\Madhu\Downloads\Payroll-main\Payroll\src\functionalities\Functionalities_Employee.java,functionalities.Functionalities_Employee,register_Hourly/1[int],input,8
C:\Users\Madhu\Downloads\Payroll-main\Payroll\src\functionalities\Functionalities_Employee.java,functionalities.Functionalities_Employee,register_Hourly/1[int],address,2
C:\Users\Madhu\Downloads\Payroll-main\Payroll\src\functionalities\Functionalities_Employee.java,functionalities.Functionalities_Employee,register_Hourly/1[int],name,2
C:\Users\Madhu\Downloads\Payroll-main\Payroll\src\functionalities\Functionalities_Employee.java,functionalities.Functionalities_Employee,register_Hourly/1[int],salaryperhour,2
C:\Users\Madhu\Downloads\Payroll-main\Payroll\src\functionalities\Functionalities_Employee.java,functionalities.Functionalities_Employee,register_Hourly/1[int],hourly,2
C:\Users\Madhu\Downloads\Payroll-main\Payroll\src\functionalities\Functionalities_Employee.java,functionalities.Functionalities_Employee,register_Hourly/1[int],is_sindicate,3
C:\Users\Madhu\Downloads\Payroll-main\Payroll\src\functionalities\Functionalities_Employee.java,functionalities.Functionalities_Employee,register_Hourly/1[int],sindicate_controll,2
C:\Users\Madhu\Downloads\Payroll-main\Payroll\src\functionalities\Functionalities_Employee.java,functionalities.Functionalities_Employee,register_Hourly/1[int],union_fee,3
C:\Users\Madhu\Downloads\Payroll-main\Payroll\src\functionalities\Functionalities_Employee.java,functionalities.Functionalities_Employee,register_Hourly/1[int],paymentmethod,2
C:\Users\Madhu\Downloads\Payroll-main\Payroll\src\functionalities\Functionalities_Employee.java,functionalities.Functionalities_Employee,register_Hourly/1[int],sindicate_id,3
C:\Users\Madhu\Downloads\Payroll-main\Payroll\src\functionalities\Functionalities_Employee.java,functionalities.Functionalities_Employee,register_Salaried/1[int],input,8
C:\Users\Madhu\Downloads\Payroll-main\Payroll\src\functionalities\Functionalities_Employee.java,functionalities.Functionalities_Employee,register_Salaried/1[int],salaried,2
C:\Users\Madhu\Downloads\Payroll-main\Payroll\src\functionalities\Functionalities_Employee.java,functionalities.Functionalities_Employee,register_Salaried/1[int],address,2
C:\Users\Madhu\Downloads\Payroll-main\Payroll\src\functionalities\Functionalities_Employee.java,functionalities.Functionalities_Employee,register_Salaried/1[int],name,2
C:\Users\Madhu\Downloads\Payroll-main\Payroll\src\functionalities\Functionalities_Employee.java,functionalities.Functionalities_Employee,register_Salaried/1[int],salary,2
C:\Users\Madhu\Downloads\Payroll-main\Payroll\src\functionalities\Functionalities_Employee.java,functionalities.Functionalities_Employee,register_Salaried/1[int],is_sindicate,3
C:\Users\Madhu\Downloads\Payroll-main\Payroll\src\functionalities\Functionalities_Employee.java,functionalities.Functionalities_Employee,register_Salaried/1[int],sindicate_controll,2
C:\Users\Madhu\Downloads\Payroll-main\Payroll\src\functionalities\Functionalities_Employee.java,functionalities.Functionalities_Employee,register_Salaried/1[int],union_fee,3
C:\Users\Madhu\Downloads\Payroll-main\Payroll\src\functionalities\Functionalities_Employee.java,functionalities.Functionalities_Employee,register_Salaried/1[int],paymentmethod,2
C:\Users\Madhu\Downloads\Payroll-main\Payroll\src\functionalities\Functionalities_Employee.java,functionalities.Functionalities_Employee,register_Salaried/1[int],sindicate_id,3
C:\Users\Madhu\Downloads\Payroll-main\Payroll\src\functionalities\Functionalities_Employee.java,functionalities.Functionalities_Employee,register_Commissioned/1[int],input,10
C:\Users\Madhu\Downloads\Payroll-main\Payroll\src\functionalities\Functionalities_Employee.java,functionalities.Functionalities_Employee,register_Commissioned/1[int],address,2
C:\Users\Madhu\Downloads\Payroll-main\Payroll\src\functionalities\Functionalities_Employee.java,functionalities.Functionalities_Employee,register_Commissioned/1[int],name,2
C:\Users\Madhu\Downloads\Payroll-main\Payroll\src\functionalities\Functionalities_Employee.java,functionalities.Functionalities_Employee,register_Commissioned/1[int],commission,2
C:\Users\Madhu\Downloads\Payroll-main\Payroll\src\functionalities\Functionalities_Employee.java,functionalities.Functionalities_Employee,register_Commissioned/1[int],salary,2
C:\Users\Madhu\Downloads\Payroll-main\Payroll\src\functionalities\Functionalities_Employee.java,functionalities.Functionalities_Employee,register_Commissioned/1[int],is_sindicate,3
C:\Users\Madhu\Downloads\Payroll-main\Payroll\src\functionalities\Functionalities_Employee.java,functionalities.Functionalities_Employee,register_Commissioned/1[int],sindicate_controll,2
C:\Users\Madhu\Downloads\Payroll-main\Payroll\src\functionalities\Functionalities_Employee.java,functionalities.Functionalities_Employee,register_Commissioned/1[int],union_fee,3
C:\Users\Madhu\Downloads\Payroll-main\Payroll\src\functionalities\Functionalities_Employee.java,functionalities.Functionalities_Employee,register_Commissioned/1[int],paymentmethod,2
C:\Users\Madhu\Downloads\Payroll-main\Payroll\src\functionalities\Functionalities_Employee.java,functionalities.Functionalities_Employee,register_Commissioned/1[int],sindicate_id,3
C:\Users\Madhu\Downloads\Payroll-main\Payroll\src\functionalities\Functionalities_Employee.java,functionalities.Functionalities_Employee,register_Commissioned/1[int],commissioned,2
C:\Users\Madhu\Downloads\Payroll-main\Payroll\src\functionalities\Functionalities_Employee.java,functionalities.Functionalities_Employee,"add_service_Hourly/2[java.util.ArrayList<employee.Hourly>,int]",input,2
C:\Users\Madhu\Downloads\Payroll-main\Payroll\src\functionalities\Functionalities_Employee.java,functionalities.Functionalities_Employee,"add_service_Hourly/2[java.util.ArrayList<employee.Hourly>,int]",finded,3
C:\Users\Madhu\Downloads\Payroll-main\Payroll\src\functionalities\Functionalities_Employee.java,functionalities.Functionalities_Employee,"add_service_Hourly/2[java.util.ArrayList<employee.Hourly>,int]",service,2
C:\Users\Madhu\Downloads\Payroll-main\Payroll\src\functionalities\Functionalities_Employee.java,functionalities.Functionalities_Employee,"add_service_Hourly/2[java.util.ArrayList<employee.Hourly>,int]",index,6
C:\Users\Madhu\Downloads\Payroll-main\Payroll\src\functionalities\Functionalities_Employee.java,functionalities.Functionalities_Employee,"add_service_Hourly/2[java.util.ArrayList<employee.Hourly>,int]",hourly,5
C:\Users\Madhu\Downloads\Payroll-main\Payroll\src\functionalities\Functionalities_Employee.java,functionalities.Functionalities_Employee,"change_Commissioned/2[java.util.ArrayList<employee.Commissioned>,int]",input,7
C:\Users\Madhu\Downloads\Payroll-main\Payroll\src\functionalities\Functionalities_Employee.java,functionalities.Functionalities_Employee,"change_Commissioned/2[java.util.ArrayList<employee.Commissioned>,int]",address,2
C:\Users\Madhu\Downloads\Payroll-main\Payroll\src\functionalities\Functionalities_Employee.java,functionalities.Functionalities_Employee,"change_Commissioned/2[java.util.ArrayList<employee.Commissioned>,int]",change_controll,10
C:\Users\Madhu\Downloads\Payroll-main\Payroll\src\functionalities\Functionalities_Employee.java,functionalities.Functionalities_Employee,"change_Commissioned/2[java.util.ArrayList<employee.Commissioned>,int]",name,2
C:\Users\Madhu\Downloads\Payroll-main\Payroll\src\functionalities\Functionalities_Employee.java,functionalities.Functionalities_Employee,"change_Commissioned/2[java.util.ArrayList<employee.Commissioned>,int]",index,42
C:\Users\Madhu\Downloads\Payroll-main\Payroll\src\functionalities\Functionalities_Employee.java,functionalities.Functionalities_Employee,"change_Commissioned/2[java.util.ArrayList<employee.Commissioned>,int]",union_fee,2
C:\Users\Madhu\Downloads\Payroll-main\Payroll\src\functionalities\Functionalities_Employee.java,functionalities.Functionalities_Employee,"change_Commissioned/2[java.util.ArrayList<employee.Commissioned>,int]",paymentmethod,2
C:\Users\Madhu\Downloads\Payroll-main\Payroll\src\functionalities\Functionalities_Employee.java,functionalities.Functionalities_Employee,"change_Commissioned/2[java.util.ArrayList<employee.Commissioned>,int]",commissioned,33
C:\Users\Madhu\Downloads\Payroll-main\Payroll\src\functionalities\Functionalities_Employee.java,functionalities.Functionalities_Employee,"add_timecard/3[java.util.ArrayList<employee.Hourly>,int,int]",tc_in_h,2
C:\Users\Madhu\Downloads\Payroll-main\Payroll\src\functionalities\Functionalities_Employee.java,functionalities.Functionalities_Employee,"add_timecard/3[java.util.ArrayList<employee.Hourly>,int,int]",input,9
C:\Users\Madhu\Downloads\Payroll-main\Payroll\src\functionalities\Functionalities_Employee.java,functionalities.Functionalities_Employee,"add_timecard/3[java.util.ArrayList<employee.Hourly>,int,int]",finded,6
C:\Users\Madhu\Downloads\Payroll-main\Payroll\src\functionalities\Functionalities_Employee.java,functionalities.Functionalities_Employee,"add_timecard/3[java.util.ArrayList<employee.Hourly>,int,int]",tc_out_h,2
C:\Users\Madhu\Downloads\Payroll-main\Payroll\src\functionalities\Functionalities_Employee.java,functionalities.Functionalities_Employee,"add_timecard/3[java.util.ArrayList<employee.Hourly>,int,int]",index,12
C:\Users\Madhu\Downloads\Payroll-main\Payroll\src\functionalities\Functionalities_Employee.java,functionalities.Functionalities_Employee,"add_timecard/3[java.util.ArrayList<employee.Hourly>,int,int]",hourly,26
C:\Users\Madhu\Downloads\Payroll-main\Payroll\src\functionalities\Functionalities_Employee.java,functionalities.Functionalities_Employee,"add_timecard/3[java.util.ArrayList<employee.Hourly>,int,int]",tc_out_m,2
C:\Users\Madhu\Downloads\Payroll-main\Payroll\src\functionalities\Functionalities_Employee.java,functionalities.Functionalities_Employee,"add_timecard/3[java.util.ArrayList<employee.Hourly>,int,int]",tc_in_m,2
C:\Users\Madhu\Downloads\Payroll-main\Payroll\src\functionalities\Functionalities_Employee.java,functionalities.Functionalities_Employee,"add_timecard/3[java.util.ArrayList<employee.Hourly>,int,int]",option,3
C:\Users\Madhu\Downloads\Payroll-main\Payroll\src\functionalities\Functionalities_Employee.java,functionalities.Functionalities_Employee,"remove_Commissioned/2[java.util.ArrayList<employee.Commissioned>,int]",finded,3
C:\Users\Madhu\Downloads\Payroll-main\Payroll\src\functionalities\Functionalities_Employee.java,functionalities.Functionalities_Employee,"remove_Commissioned/2[java.util.ArrayList<employee.Commissioned>,int]",index,5
C:\Users\Madhu\Downloads\Payroll-main\Payroll\src\functionalities\Functionalities_Employee.java,functionalities.Functionalities_Employee,"remove_Commissioned/2[java.util.ArrayList<employee.Commissioned>,int]",commissioned,2
C:\Users\Madhu\Downloads\Payroll-main\Payroll\src\functionalities\Functionalities_Employee.java,functionalities.Functionalities_Employee,"remove_Houly/2[java.util.ArrayList<employee.Hourly>,int]",finded,3
C:\Users\Madhu\Downloads\Payroll-main\Payroll\src\functionalities\Functionalities_Employee.java,functionalities.Functionalities_Employee,"remove_Houly/2[java.util.ArrayList<employee.Hourly>,int]",index,5
C:\Users\Madhu\Downloads\Payroll-main\Payroll\src\functionalities\Functionalities_Employee.java,functionalities.Functionalities_Employee,"remove_Houly/2[java.util.ArrayList<employee.Hourly>,int]",hourly,2
C:\Users\Madhu\Downloads\Payroll-main\Payroll\src\functionalities\Functionalities_Employee.java,functionalities.Functionalities_Employee,"add_service_Salaried/2[java.util.ArrayList<employee.Salaried>,int]",input,2
C:\Users\Madhu\Downloads\Payroll-main\Payroll\src\functionalities\Functionalities_Employee.java,functionalities.Functionalities_Employee,"add_service_Salaried/2[java.util.ArrayList<employee.Salaried>,int]",finded,3
C:\Users\Madhu\Downloads\Payroll-main\Payroll\src\functionalities\Functionalities_Employee.java,functionalities.Functionalities_Employee,"add_service_Salaried/2[java.util.ArrayList<employee.Salaried>,int]",salaried,5
C:\Users\Madhu\Downloads\Payroll-main\Payroll\src\functionalities\Functionalities_Employee.java,functionalities.Functionalities_Employee,"add_service_Salaried/2[java.util.ArrayList<employee.Salaried>,int]",service,2
C:\Users\Madhu\Downloads\Payroll-main\Payroll\src\functionalities\Functionalities_Employee.java,functionalities.Functionalities_Employee,"add_service_Salaried/2[java.util.ArrayList<employee.Salaried>,int]",index,6
C:\Users\Madhu\Downloads\Payroll-main\Payroll\src\functionalities\Functionalities_Employee.java,functionalities.Functionalities_Employee,"remove_Salaried/2[java.util.ArrayList<employee.Salaried>,int]",finded,3
C:\Users\Madhu\Downloads\Payroll-main\Payroll\src\functionalities\Functionalities_Employee.java,functionalities.Functionalities_Employee,"remove_Salaried/2[java.util.ArrayList<employee.Salaried>,int]",salaried,2
C:\Users\Madhu\Downloads\Payroll-main\Payroll\src\functionalities\Functionalities_Employee.java,functionalities.Functionalities_Employee,"remove_Salaried/2[java.util.ArrayList<employee.Salaried>,int]",index,5
C:\Users\Madhu\Downloads\Payroll-main\Payroll\src\functionalities\Functionalities_Employee.java,functionalities.Functionalities_Employee,"change_Salaried/2[java.util.ArrayList<employee.Salaried>,int]",input,7
C:\Users\Madhu\Downloads\Payroll-main\Payroll\src\functionalities\Functionalities_Employee.java,functionalities.Functionalities_Employee,"change_Salaried/2[java.util.ArrayList<employee.Salaried>,int]",salaried,33
C:\Users\Madhu\Downloads\Payroll-main\Payroll\src\functionalities\Functionalities_Employee.java,functionalities.Functionalities_Employee,"change_Salaried/2[java.util.ArrayList<employee.Salaried>,int]",address,2
C:\Users\Madhu\Downloads\Payroll-main\Payroll\src\functionalities\Functionalities_Employee.java,functionalities.Functionalities_Employee,"change_Salaried/2[java.util.ArrayList<employee.Salaried>,int]",change_controll,10
C:\Users\Madhu\Downloads\Payroll-main\Payroll\src\functionalities\Functionalities_Employee.java,functionalities.Functionalities_Employee,"change_Salaried/2[java.util.ArrayList<employee.Salaried>,int]",name,2
C:\Users\Madhu\Downloads\Payroll-main\Payroll\src\functionalities\Functionalities_Employee.java,functionalities.Functionalities_Employee,"change_Salaried/2[java.util.ArrayList<employee.Salaried>,int]",index,42
C:\Users\Madhu\Downloads\Payroll-main\Payroll\src\functionalities\Functionalities_Employee.java,functionalities.Functionalities_Employee,"change_Salaried/2[java.util.ArrayList<employee.Salaried>,int]",union_fee,2
C:\Users\Madhu\Downloads\Payroll-main\Payroll\src\functionalities\Functionalities_Employee.java,functionalities.Functionalities_Employee,"change_Salaried/2[java.util.ArrayList<employee.Salaried>,int]",paymentmethod,2
C:\Users\Madhu\Downloads\Payroll-main\Payroll\src\functionalities\Functionalities_Employee.java,functionalities.Functionalities_Employee,"change_Hourly/2[java.util.ArrayList<employee.Hourly>,int]",input,7
C:\Users\Madhu\Downloads\Payroll-main\Payroll\src\functionalities\Functionalities_Employee.java,functionalities.Functionalities_Employee,"change_Hourly/2[java.util.ArrayList<employee.Hourly>,int]",salaried,1
C:\Users\Madhu\Downloads\Payroll-main\Payroll\src\functionalities\Functionalities_Employee.java,functionalities.Functionalities_Employee,"change_Hourly/2[java.util.ArrayList<employee.Hourly>,int]",address,2
C:\Users\Madhu\Downloads\Payroll-main\Payroll\src\functionalities\Functionalities_Employee.java,functionalities.Functionalities_Employee,"change_Hourly/2[java.util.ArrayList<employee.Hourly>,int]",change_controll,10
C:\Users\Madhu\Downloads\Payroll-main\Payroll\src\functionalities\Functionalities_Employee.java,functionalities.Functionalities_Employee,"change_Hourly/2[java.util.ArrayList<employee.Hourly>,int]",name,2
C:\Users\Madhu\Downloads\Payroll-main\Payroll\src\functionalities\Functionalities_Employee.java,functionalities.Functionalities_Employee,"change_Hourly/2[java.util.ArrayList<employee.Hourly>,int]",index,42
C:\Users\Madhu\Downloads\Payroll-main\Payroll\src\functionalities\Functionalities_Employee.java,functionalities.Functionalities_Employee,"change_Hourly/2[java.util.ArrayList<employee.Hourly>,int]",hourly,32
C:\Users\Madhu\Downloads\Payroll-main\Payroll\src\functionalities\Functionalities_Employee.java,functionalities.Functionalities_Employee,"change_Hourly/2[java.util.ArrayList<employee.Hourly>,int]",union_fee,2
C:\Users\Madhu\Downloads\Payroll-main\Payroll\src\functionalities\Functionalities_Employee.java,functionalities.Functionalities_Employee,"change_Hourly/2[java.util.ArrayList<employee.Hourly>,int]",paymentmethod,2
C:\Users\Madhu\Downloads\Payroll-main\Payroll\src\functionalities\Functionalities_Employee.java,functionalities.Functionalities_Employee,"add_sale/3[java.util.ArrayList<employee.Commissioned>,int,int]",sale_value,2
C:\Users\Madhu\Downloads\Payroll-main\Payroll\src\functionalities\Functionalities_Employee.java,functionalities.Functionalities_Employee,"add_sale/3[java.util.ArrayList<employee.Commissioned>,int,int]",input,2
C:\Users\Madhu\Downloads\Payroll-main\Payroll\src\functionalities\Functionalities_Employee.java,functionalities.Functionalities_Employee,"add_sale/3[java.util.ArrayList<employee.Commissioned>,int,int]",finded,3
C:\Users\Madhu\Downloads\Payroll-main\Payroll\src\functionalities\Functionalities_Employee.java,functionalities.Functionalities_Employee,"add_sale/3[java.util.ArrayList<employee.Commissioned>,int,int]",index,6
C:\Users\Madhu\Downloads\Payroll-main\Payroll\src\functionalities\Functionalities_Employee.java,functionalities.Functionalities_Employee,"add_sale/3[java.util.ArrayList<employee.Commissioned>,int,int]",commissioned,4
C:\Users\Madhu\Downloads\Payroll-main\Payroll\src\functionalities\Functionalities_Employee.java,functionalities.Functionalities_Employee,"add_service_Comissioned/2[java.util.ArrayList<employee.Commissioned>,int]",input,2
C:\Users\Madhu\Downloads\Payroll-main\Payroll\src\functionalities\Functionalities_Employee.java,functionalities.Functionalities_Employee,"add_service_Comissioned/2[java.util.ArrayList<employee.Commissioned>,int]",finded,3
C:\Users\Madhu\Downloads\Payroll-main\Payroll\src\functionalities\Functionalities_Employee.java,functionalities.Functionalities_Employee,"add_service_Comissioned/2[java.util.ArrayList<employee.Commissioned>,int]",service,2
C:\Users\Madhu\Downloads\Payroll-main\Payroll\src\functionalities\Functionalities_Employee.java,functionalities.Functionalities_Employee,"add_service_Comissioned/2[java.util.ArrayList<employee.Commissioned>,int]",index,6
C:\Users\Madhu\Downloads\Payroll-main\Payroll\src\functionalities\Functionalities_Employee.java,functionalities.Functionalities_Employee,"add_service_Comissioned/2[java.util.ArrayList<employee.Commissioned>,int]",commissioned,5
C:\Users\Madhu\Downloads\Payroll-main\Payroll\src\employee\Employee.java,employee.Employee,setType/1[java.lang.String],type,3
C:\Users\Madhu\Downloads\Payroll-main\Payroll\src\employee\Employee.java,employee.Employee,getId/0,id,1
C:\Users\Madhu\Downloads\Payroll-main\Payroll\src\employee\Employee.java,employee.Employee,"Employee/9[java.lang.String,java.lang.String,java.lang.String,java.lang.String,java.lang.String,int,int,int,double]",schedule,2
C:\Users\Madhu\Downloads\Payroll-main\Payroll\src\employee\Employee.java,employee.Employee,"Employee/9[java.lang.String,java.lang.String,java.lang.String,java.lang.String,java.lang.String,int,int,int,double]",address,2
C:\Users\Madhu\Downloads\Payroll-main\Payroll\src\employee\Employee.java,employee.Employee,"Employee/9[java.lang.String,java.lang.String,java.lang.String,java.lang.String,java.lang.String,int,int,int,double]",service,1
C:\Users\Madhu\Downloads\Payroll-main\Payroll\src\employee\Employee.java,employee.Employee,"Employee/9[java.lang.String,java.lang.String,java.lang.String,java.lang.String,java.lang.String,int,int,int,double]",name,2
C:\Users\Madhu\Downloads\Payroll-main\Payroll\src\employee\Employee.java,employee.Employee,"Employee/9[java.lang.String,java.lang.String,java.lang.String,java.lang.String,java.lang.String,int,int,int,double]",id,2
C:\Users\Madhu\Downloads\Payroll-main\Payroll\src\employee\Employee.java,employee.Employee,"Employee/9[java.lang.String,java.lang.String,java.lang.String,java.lang.String,java.lang.String,int,int,int,double]",type,2
C:\Users\Madhu\Downloads\Payroll-main\Payroll\src\employee\Employee.java,employee.Employee,"Employee/9[java.lang.String,java.lang.String,java.lang.String,java.lang.String,java.lang.String,int,int,int,double]",is_sindicate,2
C:\Users\Madhu\Downloads\Payroll-main\Payroll\src\employee\Employee.java,employee.Employee,"Employee/9[java.lang.String,java.lang.String,java.lang.String,java.lang.String,java.lang.String,int,int,int,double]",union_fee,2
C:\Users\Madhu\Downloads\Payroll-main\Payroll\src\employee\Employee.java,employee.Employee,"Employee/9[java.lang.String,java.lang.String,java.lang.String,java.lang.String,java.lang.String,int,int,int,double]",paymentmethod,2
C:\Users\Madhu\Downloads\Payroll-main\Payroll\src\employee\Employee.java,employee.Employee,"Employee/9[java.lang.String,java.lang.String,java.lang.String,java.lang.String,java.lang.String,int,int,int,double]",sindicate_id,2
C:\Users\Madhu\Downloads\Payroll-main\Payroll\src\employee\Employee.java,employee.Employee,getIs_sindicate/0,is_sindicate,1
C:\Users\Madhu\Downloads\Payroll-main\Payroll\src\employee\Employee.java,employee.Employee,setName/1[java.lang.String],name,3
C:\Users\Madhu\Downloads\Payroll-main\Payroll\src\employee\Employee.java,employee.Employee,setSindicate_id/1[int],sindicate_id,3
C:\Users\Madhu\Downloads\Payroll-main\Payroll\src\employee\Employee.java,employee.Employee,getSindicate_id/0,sindicate_id,1
C:\Users\Madhu\Downloads\Payroll-main\Payroll\src\employee\Employee.java,employee.Employee,getUnion_fee/0,union_fee,1
C:\Users\Madhu\Downloads\Payroll-main\Payroll\src\employee\Employee.java,employee.Employee,getType/0,type,1
C:\Users\Madhu\Downloads\Payroll-main\Payroll\src\employee\Employee.java,employee.Employee,getAddress/0,address,1
C:\Users\Madhu\Downloads\Payroll-main\Payroll\src\employee\Employee.java,employee.Employee,setService/1[double],service,3
C:\Users\Madhu\Downloads\Payroll-main\Payroll\src\employee\Employee.java,employee.Employee,setIs_sindicate/1[int],is_sindicate,3
C:\Users\Madhu\Downloads\Payroll-main\Payroll\src\employee\Employee.java,employee.Employee,setPaymentmethod/1[java.lang.String],paymentmethod,3
C:\Users\Madhu\Downloads\Payroll-main\Payroll\src\employee\Employee.java,employee.Employee,setId/1[int],id,3
C:\Users\Madhu\Downloads\Payroll-main\Payroll\src\employee\Employee.java,employee.Employee,getService/0,service,1
C:\Users\Madhu\Downloads\Payroll-main\Payroll\src\employee\Employee.java,employee.Employee,getName/0,name,1
C:\Users\Madhu\Downloads\Payroll-main\Payroll\src\employee\Employee.java,employee.Employee,setUnion_fee/1[double],union_fee,3
C:\Users\Madhu\Downloads\Payroll-main\Payroll\src\employee\Employee.java,employee.Employee,getPaymentmethod/0,paymentmethod,1
C:\Users\Madhu\Downloads\Payroll-main\Payroll\src\employee\Employee.java,employee.Employee,setAddress/1[java.lang.String],address,3
C:\Users\Madhu\Downloads\Payroll-main\Payroll\src\employee\Employee.java,employee.Employee,setSchedule/1[java.lang.String],schedule,3
C:\Users\Madhu\Downloads\Payroll-main\Payroll\src\employee\Employee.java,employee.Employee,getSchedule/0,schedule,1
