file,class,method,constructor,line,cbo,cboModified,fanin,fanout,wmc,rfc,loc,returnsQty,variablesQty,parametersQty,methodsInvokedQty,methodsInvokedLocalQty,methodsInvokedIndirectLocalQty,loopQty,comparisonsQty,tryCatchQty,parenthesizedExpsQty,stringLiteralsQty,numbersQty,assignmentsQty,mathOperationsQty,maxNestedBlocksQty,anonymousClassesQty,innerClassesQty,lambdasQty,uniqueWordsQty,modifiers,logStatementsQty,hasJavaDoc
C:\Users\Madhu\Downloads\Payroll-main\Payroll\src\employee\Sale.java,employee.Sale,setSales_of_the_day/1[double],false,12,0,1,1,0,1,0,3,0,0,1,0,0,0,0,0,0,0,0,0,1,0,0,0,0,0,6,1,0,false
C:\Users\Madhu\Downloads\Payroll-main\Payroll\src\employee\Sale.java,employee.Sale,getSales_of_the_day/0,false,16,0,1,1,0,1,0,3,1,0,0,0,0,0,0,0,0,0,0,0,0,0,0,0,0,0,6,1,0,false
C:\Users\Madhu\Downloads\Payroll-main\Payroll\src\employee\Sale.java,employee.Sale,Sale/0,true,7,0,1,1,0,1,0,3,0,0,0,0,0,0,0,0,0,0,0,1,1,0,0,0,0,0,1,1,0,false
C:\Users\Madhu\Downloads\Payroll-main\Payroll\src\schedule\Schedule.java,schedule.Schedule,getOctober_day/1[int],false,134,1,2,1,1,1,1,3,1,0,1,1,0,0,0,0,0,0,0,1,0,1,0,0,0,0,4,1,0,false
C:\Users\Madhu\Downloads\Payroll-main\Payroll\src\schedule\Schedule.java,schedule.Schedule,"setSchedule_December/2[int,java.lang.String]",false,93,1,2,1,1,1,1,3,0,0,2,1,0,0,0,0,0,0,0,1,0,1,0,0,0,0,5,1,0,false
C:\Users\Madhu\Downloads\Payroll-main\Payroll\src\schedule\Schedule.java,schedule.Schedule,"setSchedule_June/2[int,java.lang.String]",false,69,1,2,1,1,1,1,3,0,0,2,1,0,0,0,0,0,0,0,1,0,1,0,0,0,0,5,1,0,false
C:\Users\Madhu\Downloads\Payroll-main\Payroll\src\schedule\Schedule.java,schedule.Schedule,getApril_day/1[int],false,110,1,2,1,1,1,1,3,1,0,1,1,0,0,0,0,0,0,0,1,0,1,0,0,0,0,4,1,0,false
C:\Users\Madhu\Downloads\Payroll-main\Payroll\src\schedule\Schedule.java,schedule.Schedule,setSeptember/1[schedule.Day[]],false,251,1,2,1,1,3,0,10,0,0,1,0,0,0,1,0,0,0,0,5,4,0,2,0,0,0,7,1,0,false
C:\Users\Madhu\Downloads\Payroll-main\Payroll\src\schedule\Schedule.java,schedule.Schedule,"setSchedule_September/2[int,java.lang.String]",false,81,1,2,1,1,1,1,3,0,0,2,1,0,0,0,0,0,0,0,1,0,1,0,0,0,0,5,1,0,false
C:\Users\Madhu\Downloads\Payroll-main\Payroll\src\schedule\Schedule.java,schedule.Schedule,"setSchedule_April/2[int,java.lang.String]",false,61,1,2,1,1,1,1,3,0,0,2,1,0,0,0,0,0,0,0,1,0,1,0,0,0,0,5,1,0,false
C:\Users\Madhu\Downloads\Payroll-main\Payroll\src\schedule\Schedule.java,schedule.Schedule,"setSchedule_Ferbruary/2[int,java.lang.String]",false,53,1,2,1,1,1,1,3,0,0,2,1,0,0,0,0,0,0,0,1,0,1,0,0,0,0,5,1,0,false
C:\Users\Madhu\Downloads\Payroll-main\Payroll\src\schedule\Schedule.java,schedule.Schedule,"setSchedule_August/2[int,java.lang.String]",false,77,1,2,1,1,1,1,3,0,0,2,1,0,0,0,0,0,0,0,1,0,1,0,0,0,0,5,1,0,false
C:\Users\Madhu\Downloads\Payroll-main\Payroll\src\schedule\Schedule.java,schedule.Schedule,setNovember/1[schedule.Day[]],false,277,1,2,1,1,3,0,10,0,0,1,0,0,0,1,0,0,0,0,5,4,0,2,0,0,0,7,1,0,false
C:\Users\Madhu\Downloads\Payroll-main\Payroll\src\schedule\Schedule.java,schedule.Schedule,"setSchedule_March/2[int,java.lang.String]",false,57,1,2,1,1,1,1,3,0,0,2,1,0,0,0,0,0,0,0,1,0,1,0,0,0,0,5,1,0,false
C:\Users\Madhu\Downloads\Payroll-main\Payroll\src\schedule\Schedule.java,schedule.Schedule,getJanuary_day/1[int],false,98,1,2,1,1,1,1,3,1,0,1,1,0,0,0,0,0,0,0,1,0,1,0,0,0,0,4,1,0,false
C:\Users\Madhu\Downloads\Payroll-main\Payroll\src\schedule\Schedule.java,schedule.Schedule,getDecember_day/1[int],false,142,1,2,1,1,1,1,3,1,0,1,1,0,0,0,0,0,0,0,1,0,1,0,0,0,0,4,1,0,false
C:\Users\Madhu\Downloads\Payroll-main\Payroll\src\schedule\Schedule.java,schedule.Schedule,setJanuary/1[schedule.Day[]],false,147,1,2,1,1,3,0,10,0,0,1,0,0,0,1,0,0,0,0,5,4,0,2,0,0,0,7,1,0,false
C:\Users\Madhu\Downloads\Payroll-main\Payroll\src\schedule\Schedule.java,schedule.Schedule,setMay/1[schedule.Day[]],false,199,1,2,1,1,3,0,10,0,0,1,0,0,0,1,0,0,0,0,5,4,0,2,0,0,0,7,1,0,false
C:\Users\Madhu\Downloads\Payroll-main\Payroll\src\schedule\Schedule.java,schedule.Schedule,setAugust/1[schedule.Day[]],false,238,1,2,1,1,3,0,10,0,0,1,0,0,0,1,0,0,0,0,5,4,0,2,0,0,0,7,1,0,false
C:\Users\Madhu\Downloads\Payroll-main\Payroll\src\schedule\Schedule.java,schedule.Schedule,getJuly_day/1[int],false,122,1,2,1,1,1,1,3,1,0,1,1,0,0,0,0,0,0,0,1,0,1,0,0,0,0,4,1,0,false
C:\Users\Madhu\Downloads\Payroll-main\Payroll\src\schedule\Schedule.java,schedule.Schedule,setJune/1[schedule.Day[]],false,212,1,2,1,1,3,0,10,0,0,1,0,0,0,1,0,0,0,0,5,4,0,2,0,0,0,7,1,0,false
C:\Users\Madhu\Downloads\Payroll-main\Payroll\src\schedule\Schedule.java,schedule.Schedule,getSeptember_day/1[int],false,130,1,2,1,1,1,1,3,1,0,1,1,0,0,0,0,0,0,0,1,0,1,0,0,0,0,4,1,0,false
C:\Users\Madhu\Downloads\Payroll-main\Payroll\src\schedule\Schedule.java,schedule.Schedule,getNovember_day/1[int],false,138,1,2,1,1,1,1,3,1,0,1,1,0,0,0,0,0,0,0,1,0,1,0,0,0,0,4,1,0,false
C:\Users\Madhu\Downloads\Payroll-main\Payroll\src\schedule\Schedule.java,schedule.Schedule,setFerbruary/1[schedule.Day[]],false,160,1,2,1,1,3,0,10,0,0,1,0,0,0,1,0,0,0,0,5,4,0,2,0,0,0,7,1,0,false
C:\Users\Madhu\Downloads\Payroll-main\Payroll\src\schedule\Schedule.java,schedule.Schedule,Schedule/0,true,24,1,13,1,12,1,12,14,0,0,0,12,12,1,0,0,0,0,0,0,0,0,0,0,0,0,14,1,0,false
C:\Users\Madhu\Downloads\Payroll-main\Payroll\src\schedule\Schedule.java,schedule.Schedule,getSchedules/0,false,40,0,0,0,0,1,0,3,1,0,0,0,0,0,0,0,0,0,0,0,0,0,0,0,0,0,3,1,0,false
C:\Users\Madhu\Downloads\Payroll-main\Payroll\src\schedule\Schedule.java,schedule.Schedule,setDecember/1[schedule.Day[]],false,290,1,2,1,1,3,0,10,0,0,1,0,0,0,1,0,0,0,0,5,4,0,2,0,0,0,7,1,0,false
C:\Users\Madhu\Downloads\Payroll-main\Payroll\src\schedule\Schedule.java,schedule.Schedule,"setSchedule_January/2[int,java.lang.String]",false,49,1,2,1,1,1,1,3,0,0,2,1,0,0,0,0,0,0,0,1,0,1,0,0,0,0,5,1,0,false
C:\Users\Madhu\Downloads\Payroll-main\Payroll\src\schedule\Schedule.java,schedule.Schedule,setApril/1[schedule.Day[]],false,186,1,2,1,1,3,0,10,0,0,1,0,0,0,1,0,0,0,0,5,4,0,2,0,0,0,7,1,0,false
C:\Users\Madhu\Downloads\Payroll-main\Payroll\src\schedule\Schedule.java,schedule.Schedule,setOctober/1[schedule.Day[]],false,264,1,2,1,1,3,0,10,0,0,1,0,0,0,1,0,0,0,0,5,4,0,2,0,0,0,7,1,0,false
C:\Users\Madhu\Downloads\Payroll-main\Payroll\src\schedule\Schedule.java,schedule.Schedule,"setSchedule_October/2[int,java.lang.String]",false,85,1,2,1,1,1,1,3,0,0,2,1,0,0,0,0,0,0,0,1,0,1,0,0,0,0,5,1,0,false
C:\Users\Madhu\Downloads\Payroll-main\Payroll\src\schedule\Schedule.java,schedule.Schedule,setMarch/1[schedule.Day[]],false,173,1,2,1,1,3,0,10,0,0,1,0,0,0,1,0,0,0,0,5,4,0,2,0,0,0,7,1,0,false
C:\Users\Madhu\Downloads\Payroll-main\Payroll\src\schedule\Schedule.java,schedule.Schedule,getFerbruary_day/1[int],false,102,1,2,1,1,1,1,3,1,0,1,1,0,0,0,0,0,0,0,1,0,1,0,0,0,0,4,1,0,false
C:\Users\Madhu\Downloads\Payroll-main\Payroll\src\schedule\Schedule.java,schedule.Schedule,getMarch_day/1[int],false,106,1,2,1,1,1,1,3,1,0,1,1,0,0,0,0,0,0,0,1,0,1,0,0,0,0,4,1,0,false
C:\Users\Madhu\Downloads\Payroll-main\Payroll\src\schedule\Schedule.java,schedule.Schedule,setJuly/1[schedule.Day[]],false,225,1,2,1,1,3,0,10,0,0,1,0,0,0,1,0,0,0,0,5,4,0,2,0,0,0,7,1,0,false
C:\Users\Madhu\Downloads\Payroll-main\Payroll\src\schedule\Schedule.java,schedule.Schedule,setSchedules/1[java.lang.String],false,44,0,1,1,0,1,1,3,0,0,1,1,0,0,0,0,0,0,0,0,0,0,0,0,0,0,3,1,0,false
C:\Users\Madhu\Downloads\Payroll-main\Payroll\src\schedule\Schedule.java,schedule.Schedule,"setSchedule_November/2[int,java.lang.String]",false,89,1,2,1,1,1,1,3,0,0,2,1,0,0,0,0,0,0,0,1,0,1,0,0,0,0,5,1,0,false
C:\Users\Madhu\Downloads\Payroll-main\Payroll\src\schedule\Schedule.java,schedule.Schedule,getAugust_day/1[int],false,126,1,2,1,1,1,1,3,1,0,1,1,0,0,0,0,0,0,0,1,0,1,0,0,0,0,4,1,0,false
C:\Users\Madhu\Downloads\Payroll-main\Payroll\src\schedule\Schedule.java,schedule.Schedule,"setSchedule_July/2[int,java.lang.String]",false,73,1,2,1,1,1,1,3,0,0,2,1,0,0,0,0,0,0,0,1,0,1,0,0,0,0,5,1,0,false
C:\Users\Madhu\Downloads\Payroll-main\Payroll\src\schedule\Schedule.java,schedule.Schedule,getMay_day/1[int],false,114,1,2,1,1,1,1,3,1,0,1,1,0,0,0,0,0,0,0,1,0,1,0,0,0,0,4,1,0,false
C:\Users\Madhu\Downloads\Payroll-main\Payroll\src\schedule\Schedule.java,schedule.Schedule,"setSchedule_May/2[int,java.lang.String]",false,65,1,2,1,1,1,1,3,0,0,2,1,0,0,0,0,0,0,0,1,0,1,0,0,0,0,5,1,0,false
C:\Users\Madhu\Downloads\Payroll-main\Payroll\src\schedule\Schedule.java,schedule.Schedule,getJune_day/1[int],false,118,1,2,1,1,1,1,3,1,0,1,1,0,0,0,0,0,0,0,1,0,1,0,0,0,0,4,1,0,false
C:\Users\Madhu\Downloads\Payroll-main\Payroll\src\employee\Commissioned.java,employee.Commissioned,"Commissioned/11[java.lang.String,java.lang.String,java.lang.String,java.lang.String,java.lang.String,int,int,int,double,double,double]",true,10,1,4,1,3,1,3,6,0,0,11,3,3,1,0,0,0,0,0,0,0,0,0,0,0,0,10,1,0,false
C:\Users\Madhu\Downloads\Payroll-main\Payroll\src\employee\Commissioned.java,employee.Commissioned,"setSales/2[double,int]",false,34,1,3,2,1,1,1,3,0,0,2,1,0,0,0,0,0,0,0,1,0,1,0,0,0,0,5,1,0,false
C:\Users\Madhu\Downloads\Payroll-main\Payroll\src\employee\Commissioned.java,employee.Commissioned,setCommission/1[double],false,22,0,1,1,0,1,0,3,0,0,1,0,0,0,0,0,0,0,0,0,1,0,0,0,0,0,3,1,0,false
C:\Users\Madhu\Downloads\Payroll-main\Payroll\src\employee\Commissioned.java,employee.Commissioned,set_sales_of_the_day/1[employee.Sale[]],false,42,1,2,1,1,2,0,5,0,0,1,0,0,0,1,0,0,0,0,2,2,0,1,0,0,0,7,2,0,false
C:\Users\Madhu\Downloads\Payroll-main\Payroll\src\employee\Commissioned.java,employee.Commissioned,getSalary/0,false,26,0,1,1,0,1,0,3,1,0,0,0,0,0,0,0,0,0,0,0,0,0,0,0,0,0,3,1,0,false
C:\Users\Madhu\Downloads\Payroll-main\Payroll\src\employee\Commissioned.java,employee.Commissioned,getCommission/0,false,18,0,1,1,0,1,0,3,1,0,0,0,0,0,0,0,0,0,0,0,0,0,0,0,0,0,3,1,0,false
C:\Users\Madhu\Downloads\Payroll-main\Payroll\src\employee\Commissioned.java,employee.Commissioned,getSales/1[int],false,38,1,2,1,1,1,1,3,1,0,1,1,0,0,0,0,0,0,0,1,0,1,0,0,0,0,4,1,0,false
C:\Users\Madhu\Downloads\Payroll-main\Payroll\src\employee\Commissioned.java,employee.Commissioned,setSalary/1[double],false,30,0,1,1,0,1,0,3,0,0,1,0,0,0,0,0,0,0,0,0,1,0,0,0,0,0,3,1,0,false
C:\Users\Madhu\Downloads\Payroll-main\Payroll\src\employee\Salaried.java,employee.Salaried,"Salaried/10[java.lang.String,java.lang.String,java.lang.String,java.lang.String,java.lang.String,int,int,int,double,double]",true,8,1,2,1,1,1,1,4,0,0,10,1,1,1,0,0,0,0,0,0,0,0,0,0,0,0,4,1,0,false
C:\Users\Madhu\Downloads\Payroll-main\Payroll\src\employee\Salaried.java,employee.Salaried,setSalary/1[double],false,18,0,1,1,0,1,0,3,0,0,1,0,0,0,0,0,0,0,0,0,1,0,0,0,0,0,3,1,0,false
C:\Users\Madhu\Downloads\Payroll-main\Payroll\src\employee\Salaried.java,employee.Salaried,getSalary/0,false,14,0,1,1,0,1,0,3,1,0,0,0,0,0,0,0,0,0,0,0,0,0,0,0,0,0,3,1,0,false
C:\Users\Madhu\Downloads\Payroll-main\Payroll\src\schedule\Day.java,schedule.Day,getName/0,false,42,0,12,12,0,1,0,3,1,0,0,0,0,0,0,0,0,0,0,0,0,0,0,0,0,0,3,1,0,false
C:\Users\Madhu\Downloads\Payroll-main\Payroll\src\schedule\Day.java,schedule.Day,setName/1[java.lang.String],false,46,0,1,1,0,1,0,3,0,0,1,0,0,0,0,0,0,0,0,0,1,0,0,0,0,0,3,1,0,false
C:\Users\Madhu\Downloads\Payroll-main\Payroll\src\schedule\Day.java,schedule.Day,Day/1[int],true,10,1,13,12,1,8,1,23,0,0,1,1,1,1,0,7,0,0,7,7,0,0,1,0,0,0,5,1,0,false
C:\Users\Madhu\Downloads\Payroll-main\Payroll\src\schedule\Day.java,schedule.Day,getSchedules/0,false,50,0,0,0,0,1,0,3,1,0,0,0,0,0,0,0,0,0,0,0,0,0,0,0,0,0,6,1,0,false
C:\Users\Madhu\Downloads\Payroll-main\Payroll\src\schedule\Day.java,schedule.Day,setSchedules/1[java.lang.String],false,54,0,12,12,0,1,1,3,0,0,1,1,0,0,0,0,0,0,0,0,0,0,0,0,0,0,3,1,0,false
C:\Users\Madhu\Downloads\Payroll-main\Payroll\src\functionalities\Functionalities_Schedule.java,functionalities.Functionalities_Schedule,"change_Commissioned_schedule/3[java.util.ArrayList<employee.Commissioned>,schedule.Schedule,int]",false,455,3,3,1,2,7,11,29,0,0,3,11,0,0,2,3,0,0,4,8,8,0,3,0,0,0,23,1,0,false
C:\Users\Madhu\Downloads\Payroll-main\Payroll\src\functionalities\Functionalities_Schedule.java,functionalities.Functionalities_Schedule,"change_Hourly_schedule/3[java.util.ArrayList<employee.Hourly>,schedule.Schedule,int]",false,492,3,3,1,2,7,11,29,0,0,3,11,0,0,2,3,0,0,4,8,8,0,3,0,0,0,23,1,0,false
C:\Users\Madhu\Downloads\Payroll-main\Payroll\src\functionalities\Functionalities_Schedule.java,functionalities.Functionalities_Schedule,"Payment/6[java.util.ArrayList<employee.Hourly>,java.util.ArrayList<employee.Commissioned>,java.util.ArrayList<employee.Salaried>,schedule.Schedule,int,int]",false,532,5,19,1,18,193,31,1130,0,0,6,31,0,0,72,12,0,312,420,360,396,648,5,0,0,0,15,1,0,false
C:\Users\Madhu\Downloads\Payroll-main\Payroll\src\functionalities\Functionalities_Schedule.java,functionalities.Functionalities_Schedule,show_current_schedules/1[schedule.Schedule],false,409,1,1,1,0,2,3,6,0,0,1,3,0,0,1,0,0,0,1,1,2,1,1,0,0,0,6,1,0,false
C:\Users\Madhu\Downloads\Payroll-main\Payroll\src\functionalities\Functionalities_Schedule.java,functionalities.Functionalities_Schedule,"change_Salaried_schedule/3[java.util.ArrayList<employee.Salaried>,schedule.Schedule,int]",false,418,3,3,1,2,7,11,29,0,0,3,11,0,0,2,3,0,0,4,8,8,0,3,0,0,0,23,1,0,false
C:\Users\Madhu\Downloads\Payroll-main\Payroll\src\functionalities\Functionalities_Schedule.java,functionalities.Functionalities_Schedule,"create_schedule/3[schedule.Schedule,java.lang.String,java.lang.String]",false,28,1,26,1,25,100,26,275,0,0,3,26,0,0,36,12,0,12,42,120,48,51,4,0,0,0,6,1,0,false
C:\Users\Madhu\Downloads\Payroll-main\Payroll\src\functionalities\Functionalities_Schedule.java,functionalities.Functionalities_Schedule,Functionalities_Schedule/0,true,22,0,1,1,0,1,0,2,0,0,0,0,0,0,0,0,0,0,0,0,0,0,0,0,0,0,3,1,0,false
C:\Users\Madhu\Downloads\Payroll-main\Payroll\src\employee\Hourly.java,employee.Hourly,setSalaryperhour/1[double],false,22,0,1,1,0,1,0,3,0,0,1,0,0,0,0,0,0,0,0,0,1,0,0,0,0,0,3,1,0,false
C:\Users\Madhu\Downloads\Payroll-main\Payroll\src\employee\Hourly.java,employee.Hourly,getIn_min/1[int],false,52,1,2,1,1,1,1,3,1,0,1,1,0,0,0,0,0,0,0,1,0,1,0,0,0,0,4,1,0,false
C:\Users\Madhu\Downloads\Payroll-main\Payroll\src\employee\Hourly.java,employee.Hourly,getOut_min/1[int],false,60,1,2,1,1,1,1,3,1,0,1,1,0,0,0,0,0,0,0,1,0,1,0,0,0,0,4,1,0,false
C:\Users\Madhu\Downloads\Payroll-main\Payroll\src\employee\Hourly.java,employee.Hourly,"Hourly/10[java.lang.String,java.lang.String,java.lang.String,java.lang.String,java.lang.String,int,int,int,double,double]",true,11,1,3,1,2,1,2,5,0,0,10,2,2,1,0,0,0,0,0,0,0,0,0,0,0,0,6,1,0,false
C:\Users\Madhu\Downloads\Payroll-main\Payroll\src\employee\Hourly.java,employee.Hourly,getExtra_hour/1[int],false,72,1,3,2,1,1,1,3,1,0,1,1,0,0,0,0,0,0,0,1,0,1,0,0,0,0,4,1,0,false
C:\Users\Madhu\Downloads\Payroll-main\Payroll\src\employee\Hourly.java,employee.Hourly,"setWorkedours/2[int,int]",false,64,1,3,2,1,1,1,3,0,0,2,1,0,0,0,0,0,0,0,1,0,1,0,0,0,0,4,1,0,false
C:\Users\Madhu\Downloads\Payroll-main\Payroll\src\employee\Hourly.java,employee.Hourly,getIn_hour/1[int],false,48,1,2,1,1,1,1,3,1,0,1,1,0,0,0,0,0,0,0,1,0,1,0,0,0,0,4,1,0,false
C:\Users\Madhu\Downloads\Payroll-main\Payroll\src\employee\Hourly.java,employee.Hourly,setTimecards/1[employee.Timecard[]],false,41,1,2,1,1,2,0,5,0,0,1,0,0,0,1,0,0,0,0,2,2,0,1,0,0,0,4,2,0,false
C:\Users\Madhu\Downloads\Payroll-main\Payroll\src\employee\Hourly.java,employee.Hourly,getTimecards/1[int],false,26,1,0,0,0,1,0,3,1,0,1,0,0,0,0,0,0,0,0,1,0,1,0,0,0,0,4,1,0,false
C:\Users\Madhu\Downloads\Payroll-main\Payroll\src\employee\Hourly.java,employee.Hourly,"setTimecards_in/3[int,int,int]",false,31,1,3,1,2,1,2,4,0,0,3,2,0,0,0,0,0,0,0,2,0,2,0,0,0,0,6,1,0,false
C:\Users\Madhu\Downloads\Payroll-main\Payroll\src\employee\Hourly.java,employee.Hourly,getWorkedours/1[int],false,68,1,3,2,1,1,1,3,1,0,1,1,0,0,0,0,0,0,0,1,0,1,0,0,0,0,3,1,0,false
C:\Users\Madhu\Downloads\Payroll-main\Payroll\src\employee\Hourly.java,employee.Hourly,getOut_hour/1[int],false,56,1,2,1,1,1,1,3,1,0,1,1,0,0,0,0,0,0,0,1,0,1,0,0,0,0,4,1,0,false
C:\Users\Madhu\Downloads\Payroll-main\Payroll\src\employee\Hourly.java,employee.Hourly,getSalaryperhour/0,false,18,0,1,1,0,1,0,3,1,0,0,0,0,0,0,0,0,0,0,0,0,0,0,0,0,0,3,1,0,false
C:\Users\Madhu\Downloads\Payroll-main\Payroll\src\employee\Hourly.java,employee.Hourly,"setExtra_hour/2[int,int]",false,76,1,3,2,1,1,1,3,0,0,2,1,0,0,0,0,0,0,0,1,0,1,0,0,0,0,5,1,0,false
C:\Users\Madhu\Downloads\Payroll-main\Payroll\src\employee\Hourly.java,employee.Hourly,"setTimecards_out/3[int,int,int]",false,36,1,3,1,2,1,2,4,0,0,3,2,0,0,0,0,0,0,0,2,0,2,0,0,0,0,6,1,0,false
C:\Users\Madhu\Downloads\Payroll-main\Payroll\src\employee\Timecard.java,employee.Timecard,setIn_hour/1[int],false,24,0,2,2,0,1,0,3,0,0,1,0,0,0,0,0,0,0,0,0,1,0,0,0,0,0,4,1,0,false
C:\Users\Madhu\Downloads\Payroll-main\Payroll\src\employee\Timecard.java,employee.Timecard,getOut_hour/0,false,36,0,1,1,0,1,0,3,1,0,0,0,0,0,0,0,0,0,0,0,0,0,0,0,0,0,4,1,0,false
C:\Users\Madhu\Downloads\Payroll-main\Payroll\src\employee\Timecard.java,employee.Timecard,getIn_hour/0,false,20,0,1,1,0,1,0,3,1,0,0,0,0,0,0,0,0,0,0,0,0,0,0,0,0,0,4,1,0,false
C:\Users\Madhu\Downloads\Payroll-main\Payroll\src\employee\Timecard.java,employee.Timecard,getIn_min/0,false,28,0,1,1,0,1,0,3,1,0,0,0,0,0,0,0,0,0,0,0,0,0,0,0,0,0,4,1,0,false
C:\Users\Madhu\Downloads\Payroll-main\Payroll\src\employee\Timecard.java,employee.Timecard,getWorkedours/0,false,52,0,1,1,0,1,0,3,1,0,0,0,0,0,0,0,0,0,0,0,0,0,0,0,0,0,3,1,0,false
C:\Users\Madhu\Downloads\Payroll-main\Payroll\src\employee\Timecard.java,employee.Timecard,setIn_min/1[int],false,32,0,2,2,0,1,0,3,0,0,1,0,0,0,0,0,0,0,0,0,1,0,0,0,0,0,4,1,0,false
C:\Users\Madhu\Downloads\Payroll-main\Payroll\src\employee\Timecard.java,employee.Timecard,Timecard/0,true,10,1,7,1,6,1,6,8,0,0,0,6,6,1,0,0,0,0,0,6,0,0,0,0,0,0,8,1,0,false
C:\Users\Madhu\Downloads\Payroll-main\Payroll\src\employee\Timecard.java,employee.Timecard,setWorkedours/1[int],false,56,0,2,2,0,1,0,3,0,0,1,0,0,0,0,0,0,0,0,0,1,0,0,0,0,0,3,1,0,false
C:\Users\Madhu\Downloads\Payroll-main\Payroll\src\employee\Timecard.java,employee.Timecard,setOut_min/1[int],false,48,0,2,2,0,1,0,3,0,0,1,0,0,0,0,0,0,0,0,0,1,0,0,0,0,0,4,1,0,false
C:\Users\Madhu\Downloads\Payroll-main\Payroll\src\employee\Timecard.java,employee.Timecard,getExtra_hour/0,false,60,0,1,1,0,1,0,3,1,0,0,0,0,0,0,0,0,0,0,0,0,0,0,0,0,0,4,1,0,false
C:\Users\Madhu\Downloads\Payroll-main\Payroll\src\employee\Timecard.java,employee.Timecard,getOut_min/0,false,44,0,1,1,0,1,0,3,1,0,0,0,0,0,0,0,0,0,0,0,0,0,0,0,0,0,4,1,0,false
C:\Users\Madhu\Downloads\Payroll-main\Payroll\src\employee\Timecard.java,employee.Timecard,setExtra_hour/1[int],false,64,0,2,2,0,1,0,3,0,0,1,0,0,0,0,0,0,0,0,0,1,0,0,0,0,0,4,1,0,false
C:\Users\Madhu\Downloads\Payroll-main\Payroll\src\employee\Timecard.java,employee.Timecard,setOut_hour/1[int],false,40,0,2,2,0,1,0,3,0,0,1,0,0,0,0,0,0,0,0,0,1,0,0,0,0,0,4,1,0,false
C:\Users\Madhu\Downloads\Payroll-main\Payroll\src\functionalities\Functionalities_Employee.java,functionalities.Functionalities_Employee,Functionalities_Employee/0,true,20,0,1,1,0,1,0,2,0,0,0,0,0,0,0,0,0,0,0,0,0,0,0,0,0,0,3,1,0,false
C:\Users\Madhu\Downloads\Payroll-main\Payroll\src\functionalities\Functionalities_Employee.java,functionalities.Functionalities_Employee,register_Hourly/1[int],false,101,1,2,1,1,2,5,33,1,0,1,5,0,0,0,0,0,1,15,5,12,1,1,0,0,0,30,1,0,false
C:\Users\Madhu\Downloads\Payroll-main\Payroll\src\functionalities\Functionalities_Employee.java,functionalities.Functionalities_Employee,register_Salaried/1[int],false,26,1,2,1,1,2,5,33,1,0,1,5,0,0,0,0,0,1,15,5,12,1,1,0,0,0,32,1,0,false
C:\Users\Madhu\Downloads\Payroll-main\Payroll\src\functionalities\Functionalities_Employee.java,functionalities.Functionalities_Employee,register_Commissioned/1[int],false,62,1,2,1,1,2,5,36,1,0,1,5,0,0,0,0,0,1,16,5,13,1,1,0,0,0,33,1,0,false
C:\Users\Madhu\Downloads\Payroll-main\Payroll\src\functionalities\Functionalities_Employee.java,functionalities.Functionalities_Employee,"add_service_Hourly/2[java.util.ArrayList<employee.Hourly>,int]",false,748,2,4,1,3,5,11,22,0,0,2,11,0,0,1,3,0,0,3,5,5,0,2,0,0,0,14,1,0,false
C:\Users\Madhu\Downloads\Payroll-main\Payroll\src\functionalities\Functionalities_Employee.java,functionalities.Functionalities_Employee,"change_Commissioned/2[java.util.ArrayList<employee.Commissioned>,int]",false,368,2,10,1,9,29,19,128,0,0,2,19,0,0,9,18,0,0,20,23,19,1,5,0,0,0,36,1,0,false
C:\Users\Madhu\Downloads\Payroll-main\Payroll\src\functionalities\Functionalities_Employee.java,functionalities.Functionalities_Employee,"add_timecard/3[java.util.ArrayList<employee.Hourly>,int,int]",false,810,2,12,1,11,14,20,77,0,0,3,20,0,0,2,8,0,13,21,16,13,9,5,0,0,0,22,1,0,false
C:\Users\Madhu\Downloads\Payroll-main\Payroll\src\functionalities\Functionalities_Employee.java,functionalities.Functionalities_Employee,"remove_Commissioned/2[java.util.ArrayList<employee.Commissioned>,int]",false,161,2,2,1,1,4,5,17,0,0,2,5,0,0,1,2,0,0,2,4,4,0,2,0,0,0,10,1,0,false
C:\Users\Madhu\Downloads\Payroll-main\Payroll\src\functionalities\Functionalities_Employee.java,functionalities.Functionalities_Employee,"remove_Houly/2[java.util.ArrayList<employee.Hourly>,int]",false,183,2,2,1,1,4,5,17,0,0,2,5,0,0,1,2,0,0,2,4,4,0,2,0,0,0,10,1,0,false
C:\Users\Madhu\Downloads\Payroll-main\Payroll\src\functionalities\Functionalities_Employee.java,functionalities.Functionalities_Employee,"add_service_Salaried/2[java.util.ArrayList<employee.Salaried>,int]",false,692,2,4,1,3,5,11,22,0,0,2,11,0,0,1,3,0,0,3,5,5,0,2,0,0,0,14,1,0,false
C:\Users\Madhu\Downloads\Payroll-main\Payroll\src\functionalities\Functionalities_Employee.java,functionalities.Functionalities_Employee,"remove_Salaried/2[java.util.ArrayList<employee.Salaried>,int]",false,139,2,2,1,1,4,5,17,0,0,2,5,0,0,1,2,0,0,2,4,4,0,2,0,0,0,10,1,0,false
C:\Users\Madhu\Downloads\Payroll-main\Payroll\src\functionalities\Functionalities_Employee.java,functionalities.Functionalities_Employee,"change_Salaried/2[java.util.ArrayList<employee.Salaried>,int]",false,208,2,10,1,9,29,19,128,0,0,2,19,0,0,9,18,0,0,20,23,19,1,5,0,0,0,36,1,0,false
C:\Users\Madhu\Downloads\Payroll-main\Payroll\src\functionalities\Functionalities_Employee.java,functionalities.Functionalities_Employee,"change_Hourly/2[java.util.ArrayList<employee.Hourly>,int]",false,529,2,10,1,9,29,19,128,0,0,2,19,0,0,9,18,0,0,20,23,19,1,5,0,0,0,36,1,0,false
C:\Users\Madhu\Downloads\Payroll-main\Payroll\src\functionalities\Functionalities_Employee.java,functionalities.Functionalities_Employee,"add_sale/3[java.util.ArrayList<employee.Commissioned>,int,int]",false,779,2,3,1,2,4,10,22,0,0,3,10,0,0,1,2,0,0,3,4,5,0,2,0,0,0,12,1,0,false
C:\Users\Madhu\Downloads\Payroll-main\Payroll\src\functionalities\Functionalities_Employee.java,functionalities.Functionalities_Employee,"add_service_Comissioned/2[java.util.ArrayList<employee.Commissioned>,int]",false,720,2,4,1,3,5,11,22,0,0,2,11,0,0,1,3,0,0,3,5,5,0,2,0,0,0,14,1,0,false
C:\Users\Madhu\Downloads\Payroll-main\Payroll\src\employee\Employee.java,employee.Employee,setType/1[java.lang.String],false,45,0,1,1,0,1,0,3,0,0,1,0,0,0,0,0,0,0,0,0,1,0,0,0,0,0,3,1,0,false
C:\Users\Madhu\Downloads\Payroll-main\Payroll\src\employee\Employee.java,employee.Employee,getId/0,false,65,0,15,15,0,1,0,3,1,0,0,0,0,0,0,0,0,0,0,0,0,0,0,0,0,0,3,1,0,false
C:\Users\Madhu\Downloads\Payroll-main\Payroll\src\employee\Employee.java,employee.Employee,"Employee/9[java.lang.String,java.lang.String,java.lang.String,java.lang.String,java.lang.String,int,int,int,double]",true,11,1,9,0,9,1,9,12,0,0,9,9,9,1,0,0,0,0,0,1,1,0,0,0,0,0,21,1,0,false
C:\Users\Madhu\Downloads\Payroll-main\Payroll\src\employee\Employee.java,employee.Employee,getIs_sindicate/0,false,81,0,6,6,0,1,0,3,1,0,0,0,0,0,0,0,0,0,0,0,0,0,0,0,0,0,4,1,0,false
C:\Users\Madhu\Downloads\Payroll-main\Payroll\src\employee\Employee.java,employee.Employee,setName/1[java.lang.String],false,29,0,4,4,0,1,0,3,0,0,1,0,0,0,0,0,0,0,0,0,1,0,0,0,0,0,3,1,0,false
C:\Users\Madhu\Downloads\Payroll-main\Payroll\src\employee\Employee.java,employee.Employee,setSindicate_id/1[int],false,77,0,4,4,0,1,0,3,0,0,1,0,0,0,0,0,0,0,0,0,1,0,0,0,0,0,4,1,0,false
C:\Users\Madhu\Downloads\Payroll-main\Payroll\src\employee\Employee.java,employee.Employee,getSindicate_id/0,false,73,0,3,3,0,1,0,3,1,0,0,0,0,0,0,0,0,0,0,0,0,0,0,0,0,0,4,1,0,false
C:\Users\Madhu\Downloads\Payroll-main\Payroll\src\employee\Employee.java,employee.Employee,getUnion_fee/0,false,89,0,1,1,0,1,0,3,1,0,0,0,0,0,0,0,0,0,0,0,0,0,0,0,0,0,4,1,0,false
C:\Users\Madhu\Downloads\Payroll-main\Payroll\src\employee\Employee.java,employee.Employee,getType/0,false,41,0,1,1,0,1,0,3,1,0,0,0,0,0,0,0,0,0,0,0,0,0,0,0,0,0,3,1,0,false
C:\Users\Madhu\Downloads\Payroll-main\Payroll\src\employee\Employee.java,employee.Employee,getAddress/0,false,33,0,1,1,0,1,0,3,1,0,0,0,0,0,0,0,0,0,0,0,0,0,0,0,0,0,3,1,0,false
C:\Users\Madhu\Downloads\Payroll-main\Payroll\src\employee\Employee.java,employee.Employee,setService/1[double],false,101,0,3,3,0,1,0,3,0,0,1,0,0,0,0,0,0,0,0,0,1,0,0,0,0,0,3,1,0,false
C:\Users\Madhu\Downloads\Payroll-main\Payroll\src\employee\Employee.java,employee.Employee,setIs_sindicate/1[int],false,85,0,4,4,0,1,0,3,0,0,1,0,0,0,0,0,0,0,0,0,1,0,0,0,0,0,4,1,0,false
C:\Users\Madhu\Downloads\Payroll-main\Payroll\src\employee\Employee.java,employee.Employee,setPaymentmethod/1[java.lang.String],false,53,0,4,4,0,1,0,3,0,0,1,0,0,0,0,0,0,0,0,0,1,0,0,0,0,0,3,1,0,false
C:\Users\Madhu\Downloads\Payroll-main\Payroll\src\employee\Employee.java,employee.Employee,setId/1[int],false,69,0,1,1,0,1,0,3,0,0,1,0,0,0,0,0,0,0,0,0,1,0,0,0,0,0,3,1,0,false
C:\Users\Madhu\Downloads\Payroll-main\Payroll\src\employee\Employee.java,employee.Employee,getService/0,false,97,0,1,1,0,1,0,3,1,0,0,0,0,0,0,0,0,0,0,0,0,0,0,0,0,0,3,1,0,false
C:\Users\Madhu\Downloads\Payroll-main\Payroll\src\employee\Employee.java,employee.Employee,getName/0,false,25,0,1,1,0,1,0,3,1,0,0,0,0,0,0,0,0,0,0,0,0,0,0,0,0,0,3,1,0,false
C:\Users\Madhu\Downloads\Payroll-main\Payroll\src\employee\Employee.java,employee.Employee,setUnion_fee/1[double],false,93,0,4,4,0,1,0,3,0,0,1,0,0,0,0,0,0,0,0,0,1,0,0,0,0,0,4,1,0,false
C:\Users\Madhu\Downloads\Payroll-main\Payroll\src\employee\Employee.java,employee.Employee,getPaymentmethod/0,false,49,0,1,1,0,1,0,3,1,0,0,0,0,0,0,0,0,0,0,0,0,0,0,0,0,0,3,1,0,false
C:\Users\Madhu\Downloads\Payroll-main\Payroll\src\employee\Employee.java,employee.Employee,setAddress/1[java.lang.String],false,37,0,4,4,0,1,0,3,0,0,1,0,0,0,0,0,0,0,0,0,1,0,0,0,0,0,3,1,0,false
C:\Users\Madhu\Downloads\Payroll-main\Payroll\src\employee\Employee.java,employee.Employee,setSchedule/1[java.lang.String],false,61,0,4,4,0,1,0,3,0,0,1,0,0,0,0,0,0,0,0,0,1,0,0,0,0,0,3,1,0,false
C:\Users\Madhu\Downloads\Payroll-main\Payroll\src\employee\Employee.java,employee.Employee,getSchedule/0,false,57,0,1,1,0,1,0,3,1,0,0,0,0,0,0,0,0,0,0,0,0,0,0,0,0,0,3,1,0,false
C:\Users\Madhu\Downloads\Payroll-main\Payroll\src\Main.java,Main,main/1[java.lang.String[]],false,12,6,23,0,23,54,30,277,0,15,1,30,0,0,2,23,0,0,133,40,33,6,5,0,0,0,95,9,0,false
