file,class,method,variable,usage
C:\Users\Madhu\Downloads\Payroll-main\Payroll\src\employee\Sale.java,employee.Sale,setSales_of_the_day/1[double],sales_of_the_day,2
C:\Users\Madhu\Downloads\Payroll-main\Payroll\src\schedule\Schedule.java,schedule.Schedule,getOctober_day/1[int],index,1
C:\Users\Madhu\Downloads\Payroll-main\Payroll\src\schedule\Schedule.java,schedule.Schedule,"setSchedule_December/2[int,java.lang.String]",schedule,1
C:\Users\Madhu\Downloads\Payroll-main\Payroll\src\schedule\Schedule.java,schedule.Schedule,"setSchedule_December/2[int,java.lang.String]",index,1
C:\Users\Madhu\Downloads\Payroll-main\Payroll\src\schedule\Schedule.java,schedule.Schedule,"setSchedule_June/2[int,java.lang.String]",schedule,1
C:\Users\Madhu\Downloads\Payroll-main\Payroll\src\schedule\Schedule.java,schedule.Schedule,"setSchedule_June/2[int,java.lang.String]",index,1
C:\Users\Madhu\Downloads\Payroll-main\Payroll\src\schedule\Schedule.java,schedule.Schedule,getApril_day/1[int],index,1
C:\Users\Madhu\Downloads\Payroll-main\Payroll\src\schedule\Schedule.java,schedule.Schedule,setSeptember/1[schedule.Day[]],september,1
C:\Users\Madhu\Downloads\Payroll-main\Payroll\src\schedule\Schedule.java,schedule.Schedule,"setSchedule_September/2[int,java.lang.String]",schedule,1
C:\Users\Madhu\Downloads\Payroll-main\Payroll\src\schedule\Schedule.java,schedule.Schedule,"setSchedule_September/2[int,java.lang.String]",index,1
C:\Users\Madhu\Downloads\Payroll-main\Payroll\src\schedule\Schedule.java,schedule.Schedule,"setSchedule_April/2[int,java.lang.String]",schedule,1
C:\Users\Madhu\Downloads\Payroll-main\Payroll\src\schedule\Schedule.java,schedule.Schedule,"setSchedule_April/2[int,java.lang.String]",index,1
C:\Users\Madhu\Downloads\Payroll-main\Payroll\src\schedule\Schedule.java,schedule.Schedule,"setSchedule_Ferbruary/2[int,java.lang.String]",schedule,1
C:\Users\Madhu\Downloads\Payroll-main\Payroll\src\schedule\Schedule.java,schedule.Schedule,"setSchedule_Ferbruary/2[int,java.lang.String]",index,1
C:\Users\Madhu\Downloads\Payroll-main\Payroll\src\schedule\Schedule.java,schedule.Schedule,"setSchedule_August/2[int,java.lang.String]",schedule,1
C:\Users\Madhu\Downloads\Payroll-main\Payroll\src\schedule\Schedule.java,schedule.Schedule,"setSchedule_August/2[int,java.lang.String]",index,1
C:\Users\Madhu\Downloads\Payroll-main\Payroll\src\schedule\Schedule.java,schedule.Schedule,setNovember/1[schedule.Day[]],november,1
C:\Users\Madhu\Downloads\Payroll-main\Payroll\src\schedule\Schedule.java,schedule.Schedule,"setSchedule_March/2[int,java.lang.String]",schedule,1
C:\Users\Madhu\Downloads\Payroll-main\Payroll\src\schedule\Schedule.java,schedule.Schedule,"setSchedule_March/2[int,java.lang.String]",index,1
C:\Users\Madhu\Downloads\Payroll-main\Payroll\src\schedule\Schedule.java,schedule.Schedule,getJanuary_day/1[int],index,1
C:\Users\Madhu\Downloads\Payroll-main\Payroll\src\schedule\Schedule.java,schedule.Schedule,getDecember_day/1[int],index,1
C:\Users\Madhu\Downloads\Payroll-main\Payroll\src\schedule\Schedule.java,schedule.Schedule,setJanuary/1[schedule.Day[]],january,1
C:\Users\Madhu\Downloads\Payroll-main\Payroll\src\schedule\Schedule.java,schedule.Schedule,setMay/1[schedule.Day[]],may,1
C:\Users\Madhu\Downloads\Payroll-main\Payroll\src\schedule\Schedule.java,schedule.Schedule,setAugust/1[schedule.Day[]],august,1
C:\Users\Madhu\Downloads\Payroll-main\Payroll\src\schedule\Schedule.java,schedule.Schedule,getJuly_day/1[int],index,1
C:\Users\Madhu\Downloads\Payroll-main\Payroll\src\schedule\Schedule.java,schedule.Schedule,setJune/1[schedule.Day[]],june,1
C:\Users\Madhu\Downloads\Payroll-main\Payroll\src\schedule\Schedule.java,schedule.Schedule,getSeptember_day/1[int],index,1
C:\Users\Madhu\Downloads\Payroll-main\Payroll\src\schedule\Schedule.java,schedule.Schedule,getNovember_day/1[int],index,1
C:\Users\Madhu\Downloads\Payroll-main\Payroll\src\schedule\Schedule.java,schedule.Schedule,setFerbruary/1[schedule.Day[]],ferbruary,1
C:\Users\Madhu\Downloads\Payroll-main\Payroll\src\schedule\Schedule.java,schedule.Schedule,setDecember/1[schedule.Day[]],december,1
C:\Users\Madhu\Downloads\Payroll-main\Payroll\src\schedule\Schedule.java,schedule.Schedule,"setSchedule_January/2[int,java.lang.String]",schedule,1
C:\Users\Madhu\Downloads\Payroll-main\Payroll\src\schedule\Schedule.java,schedule.Schedule,"setSchedule_January/2[int,java.lang.String]",index,1
C:\Users\Madhu\Downloads\Payroll-main\Payroll\src\schedule\Schedule.java,schedule.Schedule,setApril/1[schedule.Day[]],april,1
C:\Users\Madhu\Downloads\Payroll-main\Payroll\src\schedule\Schedule.java,schedule.Schedule,setOctober/1[schedule.Day[]],october,1
C:\Users\Madhu\Downloads\Payroll-main\Payroll\src\schedule\Schedule.java,schedule.Schedule,"setSchedule_October/2[int,java.lang.String]",schedule,1
C:\Users\Madhu\Downloads\Payroll-main\Payroll\src\schedule\Schedule.java,schedule.Schedule,"setSchedule_October/2[int,java.lang.String]",index,1
C:\Users\Madhu\Downloads\Payroll-main\Payroll\src\schedule\Schedule.java,schedule.Schedule,setMarch/1[schedule.Day[]],march,1
C:\Users\Madhu\Downloads\Payroll-main\Payroll\src\schedule\Schedule.java,schedule.Schedule,getFerbruary_day/1[int],index,1
C:\Users\Madhu\Downloads\Payroll-main\Payroll\src\schedule\Schedule.java,schedule.Schedule,getMarch_day/1[int],index,1
C:\Users\Madhu\Downloads\Payroll-main\Payroll\src\schedule\Schedule.java,schedule.Schedule,setJuly/1[schedule.Day[]],july,1
C:\Users\Madhu\Downloads\Payroll-main\Payroll\src\schedule\Schedule.java,schedule.Schedule,setSchedules/1[java.lang.String],schedule,1
C:\Users\Madhu\Downloads\Payroll-main\Payroll\src\schedule\Schedule.java,schedule.Schedule,"setSchedule_November/2[int,java.lang.String]",schedule,1
C:\Users\Madhu\Downloads\Payroll-main\Payroll\src\schedule\Schedule.java,schedule.Schedule,"setSchedule_November/2[int,java.lang.String]",index,1
C:\Users\Madhu\Downloads\Payroll-main\Payroll\src\schedule\Schedule.java,schedule.Schedule,getAugust_day/1[int],index,1
C:\Users\Madhu\Downloads\Payroll-main\Payroll\src\schedule\Schedule.java,schedule.Schedule,"setSchedule_July/2[int,java.lang.String]",schedule,1
C:\Users\Madhu\Downloads\Payroll-main\Payroll\src\schedule\Schedule.java,schedule.Schedule,"setSchedule_July/2[int,java.lang.String]",index,1
C:\Users\Madhu\Downloads\Payroll-main\Payroll\src\schedule\Schedule.java,schedule.Schedule,getMay_day/1[int],index,1
C:\Users\Madhu\Downloads\Payroll-main\Payroll\src\schedule\Schedule.java,schedule.Schedule,"setSchedule_May/2[int,java.lang.String]",schedule,1
C:\Users\Madhu\Downloads\Payroll-main\Payroll\src\schedule\Schedule.java,schedule.Schedule,"setSchedule_May/2[int,java.lang.String]",index,1
C:\Users\Madhu\Downloads\Payroll-main\Payroll\src\schedule\Schedule.java,schedule.Schedule,getJune_day/1[int],index,1
C:\Users\Madhu\Downloads\Payroll-main\Payroll\src\employee\Commissioned.java,employee.Commissioned,"Commissioned/11[java.lang.String,java.lang.String,java.lang.String,java.lang.String,java.lang.String,int,int,int,double,double,double]",schedule,1
C:\Users\Madhu\Downloads\Payroll-main\Payroll\src\employee\Commissioned.java,employee.Commissioned,"Commissioned/11[java.lang.String,java.lang.String,java.lang.String,java.lang.String,java.lang.String,int,int,int,double,double,double]",address,1
C:\Users\Madhu\Downloads\Payroll-main\Payroll\src\employee\Commissioned.java,employee.Commissioned,"Commissioned/11[java.lang.String,java.lang.String,java.lang.String,java.lang.String,java.lang.String,int,int,int,double,double,double]",name,1
C:\Users\Madhu\Downloads\Payroll-main\Payroll\src\employee\Commissioned.java,employee.Commissioned,"Commissioned/11[java.lang.String,java.lang.String,java.lang.String,java.lang.String,java.lang.String,int,int,int,double,double,double]",commission,1
C:\Users\Madhu\Downloads\Payroll-main\Payroll\src\employee\Commissioned.java,employee.Commissioned,"Commissioned/11[java.lang.String,java.lang.String,java.lang.String,java.lang.String,java.lang.String,int,int,int,double,double,double]",id,1
C:\Users\Madhu\Downloads\Payroll-main\Payroll\src\employee\Commissioned.java,employee.Commissioned,"Commissioned/11[java.lang.String,java.lang.String,java.lang.String,java.lang.String,java.lang.String,int,int,int,double,double,double]",type,1
C:\Users\Madhu\Downloads\Payroll-main\Payroll\src\employee\Commissioned.java,employee.Commissioned,"Commissioned/11[java.lang.String,java.lang.String,java.lang.String,java.lang.String,java.lang.String,int,int,int,double,double,double]",is_sindicate,1
C:\Users\Madhu\Downloads\Payroll-main\Payroll\src\employee\Commissioned.java,employee.Commissioned,"Commissioned/11[java.lang.String,java.lang.String,java.lang.String,java.lang.String,java.lang.String,int,int,int,double,double,double]",salary,1
C:\Users\Madhu\Downloads\Payroll-main\Payroll\src\employee\Commissioned.java,employee.Commissioned,"Commissioned/11[java.lang.String,java.lang.String,java.lang.String,java.lang.String,java.lang.String,int,int,int,double,double,double]",union_fee,1
C:\Users\Madhu\Downloads\Payroll-main\Payroll\src\employee\Commissioned.java,employee.Commissioned,"Commissioned/11[java.lang.String,java.lang.String,java.lang.String,java.lang.String,java.lang.String,int,int,int,double,double,double]",paymentmethod,1
C:\Users\Madhu\Downloads\Payroll-main\Payroll\src\employee\Commissioned.java,employee.Commissioned,"Commissioned/11[java.lang.String,java.lang.String,java.lang.String,java.lang.String,java.lang.String,int,int,int,double,double,double]",sindicate_id,1
C:\Users\Madhu\Downloads\Payroll-main\Payroll\src\employee\Commissioned.java,employee.Commissioned,"setSales/2[double,int]",sale_value,1
C:\Users\Madhu\Downloads\Payroll-main\Payroll\src\employee\Commissioned.java,employee.Commissioned,"setSales/2[double,int]",day,1
C:\Users\Madhu\Downloads\Payroll-main\Payroll\src\employee\Commissioned.java,employee.Commissioned,setCommission/1[double],commission,2
C:\Users\Madhu\Downloads\Payroll-main\Payroll\src\employee\Commissioned.java,employee.Commissioned,set_sales_of_the_day/1[employee.Sale[]],sales,1
C:\Users\Madhu\Downloads\Payroll-main\Payroll\src\employee\Commissioned.java,employee.Commissioned,getSales/1[int],day,1
C:\Users\Madhu\Downloads\Payroll-main\Payroll\src\employee\Commissioned.java,employee.Commissioned,setSalary/1[double],salary,2
C:\Users\Madhu\Downloads\Payroll-main\Payroll\src\employee\Salaried.java,employee.Salaried,"Salaried/10[java.lang.String,java.lang.String,java.lang.String,java.lang.String,java.lang.String,int,int,int,double,double]",schedule,1
C:\Users\Madhu\Downloads\Payroll-main\Payroll\src\employee\Salaried.java,employee.Salaried,"Salaried/10[java.lang.String,java.lang.String,java.lang.String,java.lang.String,java.lang.String,int,int,int,double,double]",address,1
C:\Users\Madhu\Downloads\Payroll-main\Payroll\src\employee\Salaried.java,employee.Salaried,"Salaried/10[java.lang.String,java.lang.String,java.lang.String,java.lang.String,java.lang.String,int,int,int,double,double]",name,1
C:\Users\Madhu\Downloads\Payroll-main\Payroll\src\employee\Salaried.java,employee.Salaried,"Salaried/10[java.lang.String,java.lang.String,java.lang.String,java.lang.String,java.lang.String,int,int,int,double,double]",id,1
C:\Users\Madhu\Downloads\Payroll-main\Payroll\src\employee\Salaried.java,employee.Salaried,"Salaried/10[java.lang.String,java.lang.String,java.lang.String,java.lang.String,java.lang.String,int,int,int,double,double]",type,1
C:\Users\Madhu\Downloads\Payroll-main\Payroll\src\employee\Salaried.java,employee.Salaried,"Salaried/10[java.lang.String,java.lang.String,java.lang.String,java.lang.String,java.lang.String,int,int,int,double,double]",is_sindicate,1
C:\Users\Madhu\Downloads\Payroll-main\Payroll\src\employee\Salaried.java,employee.Salaried,"Salaried/10[java.lang.String,java.lang.String,java.lang.String,java.lang.String,java.lang.String,int,int,int,double,double]",salary,1
C:\Users\Madhu\Downloads\Payroll-main\Payroll\src\employee\Salaried.java,employee.Salaried,"Salaried/10[java.lang.String,java.lang.String,java.lang.String,java.lang.String,java.lang.String,int,int,int,double,double]",union_fee,1
C:\Users\Madhu\Downloads\Payroll-main\Payroll\src\employee\Salaried.java,employee.Salaried,"Salaried/10[java.lang.String,java.lang.String,java.lang.String,java.lang.String,java.lang.String,int,int,int,double,double]",paymentmethod,1
C:\Users\Madhu\Downloads\Payroll-main\Payroll\src\employee\Salaried.java,employee.Salaried,"Salaried/10[java.lang.String,java.lang.String,java.lang.String,java.lang.String,java.lang.String,int,int,int,double,double]",sindicate_id,1
C:\Users\Madhu\Downloads\Payroll-main\Payroll\src\employee\Salaried.java,employee.Salaried,setSalary/1[double],salary,2
C:\Users\Madhu\Downloads\Payroll-main\Payroll\src\schedule\Day.java,schedule.Day,setName/1[java.lang.String],name,2
C:\Users\Madhu\Downloads\Payroll-main\Payroll\src\schedule\Day.java,schedule.Day,Day/1[int],day_controll,7
C:\Users\Madhu\Downloads\Payroll-main\Payroll\src\schedule\Day.java,schedule.Day,setSchedules/1[java.lang.String],schedule,1
C:\Users\Madhu\Downloads\Payroll-main\Payroll\src\functionalities\Functionalities_Schedule.java,functionalities.Functionalities_Schedule,"change_Commissioned_schedule/3[java.util.ArrayList<employee.Commissioned>,schedule.Schedule,int]",commissioneds,4
C:\Users\Madhu\Downloads\Payroll-main\Payroll\src\functionalities\Functionalities_Schedule.java,functionalities.Functionalities_Schedule,"change_Commissioned_schedule/3[java.util.ArrayList<employee.Commissioned>,schedule.Schedule,int]",schedule,2
C:\Users\Madhu\Downloads\Payroll-main\Payroll\src\functionalities\Functionalities_Schedule.java,functionalities.Functionalities_Schedule,"change_Commissioned_schedule/3[java.util.ArrayList<employee.Commissioned>,schedule.Schedule,int]",id,1
C:\Users\Madhu\Downloads\Payroll-main\Payroll\src\functionalities\Functionalities_Schedule.java,functionalities.Functionalities_Schedule,"change_Hourly_schedule/3[java.util.ArrayList<employee.Hourly>,schedule.Schedule,int]",hourlies,4
C:\Users\Madhu\Downloads\Payroll-main\Payroll\src\functionalities\Functionalities_Schedule.java,functionalities.Functionalities_Schedule,"change_Hourly_schedule/3[java.util.ArrayList<employee.Hourly>,schedule.Schedule,int]",schedule,2
C:\Users\Madhu\Downloads\Payroll-main\Payroll\src\functionalities\Functionalities_Schedule.java,functionalities.Functionalities_Schedule,"change_Hourly_schedule/3[java.util.ArrayList<employee.Hourly>,schedule.Schedule,int]",id,1
C:\Users\Madhu\Downloads\Payroll-main\Payroll\src\functionalities\Functionalities_Schedule.java,functionalities.Functionalities_Schedule,"Payment/6[java.util.ArrayList<employee.Hourly>,java.util.ArrayList<employee.Commissioned>,java.util.ArrayList<employee.Salaried>,schedule.Schedule,int,int]",commissioneds,24
C:\Users\Madhu\Downloads\Payroll-main\Payroll\src\functionalities\Functionalities_Schedule.java,functionalities.Functionalities_Schedule,"Payment/6[java.util.ArrayList<employee.Hourly>,java.util.ArrayList<employee.Commissioned>,java.util.ArrayList<employee.Salaried>,schedule.Schedule,int,int]",hourlies,24
C:\Users\Madhu\Downloads\Payroll-main\Payroll\src\functionalities\Functionalities_Schedule.java,functionalities.Functionalities_Schedule,"Payment/6[java.util.ArrayList<employee.Hourly>,java.util.ArrayList<employee.Commissioned>,java.util.ArrayList<employee.Salaried>,schedule.Schedule,int,int]",schedule,12
C:\Users\Madhu\Downloads\Payroll-main\Payroll\src\functionalities\Functionalities_Schedule.java,functionalities.Functionalities_Schedule,"Payment/6[java.util.ArrayList<employee.Hourly>,java.util.ArrayList<employee.Commissioned>,java.util.ArrayList<employee.Salaried>,schedule.Schedule,int,int]",salarieds,24
C:\Users\Madhu\Downloads\Payroll-main\Payroll\src\functionalities\Functionalities_Schedule.java,functionalities.Functionalities_Schedule,"Payment/6[java.util.ArrayList<employee.Hourly>,java.util.ArrayList<employee.Commissioned>,java.util.ArrayList<employee.Salaried>,schedule.Schedule,int,int]",month,12
C:\Users\Madhu\Downloads\Payroll-main\Payroll\src\functionalities\Functionalities_Schedule.java,functionalities.Functionalities_Schedule,"Payment/6[java.util.ArrayList<employee.Hourly>,java.util.ArrayList<employee.Commissioned>,java.util.ArrayList<employee.Salaried>,schedule.Schedule,int,int]",day,36
C:\Users\Madhu\Downloads\Payroll-main\Payroll\src\functionalities\Functionalities_Schedule.java,functionalities.Functionalities_Schedule,show_current_schedules/1[schedule.Schedule],schedule,2
C:\Users\Madhu\Downloads\Payroll-main\Payroll\src\functionalities\Functionalities_Schedule.java,functionalities.Functionalities_Schedule,"change_Salaried_schedule/3[java.util.ArrayList<employee.Salaried>,schedule.Schedule,int]",schedule,2
C:\Users\Madhu\Downloads\Payroll-main\Payroll\src\functionalities\Functionalities_Schedule.java,functionalities.Functionalities_Schedule,"change_Salaried_schedule/3[java.util.ArrayList<employee.Salaried>,schedule.Schedule,int]",salarieds,4
C:\Users\Madhu\Downloads\Payroll-main\Payroll\src\functionalities\Functionalities_Schedule.java,functionalities.Functionalities_Schedule,"change_Salaried_schedule/3[java.util.ArrayList<employee.Salaried>,schedule.Schedule,int]",id,1
C:\Users\Madhu\Downloads\Payroll-main\Payroll\src\functionalities\Functionalities_Schedule.java,functionalities.Functionalities_Schedule,"create_schedule/3[schedule.Schedule,java.lang.String,java.lang.String]",schedule,75
C:\Users\Madhu\Downloads\Payroll-main\Payroll\src\functionalities\Functionalities_Schedule.java,functionalities.Functionalities_Schedule,"create_schedule/3[schedule.Schedule,java.lang.String,java.lang.String]",type,3
C:\Users\Madhu\Downloads\Payroll-main\Payroll\src\functionalities\Functionalities_Schedule.java,functionalities.Functionalities_Schedule,"create_schedule/3[schedule.Schedule,java.lang.String,java.lang.String]",day,75
C:\Users\Madhu\Downloads\Payroll-main\Payroll\src\employee\Hourly.java,employee.Hourly,setSalaryperhour/1[double],salaryperhour,2
C:\Users\Madhu\Downloads\Payroll-main\Payroll\src\employee\Hourly.java,employee.Hourly,getIn_min/1[int],day,1
C:\Users\Madhu\Downloads\Payroll-main\Payroll\src\employee\Hourly.java,employee.Hourly,getOut_min/1[int],day,1
C:\Users\Madhu\Downloads\Payroll-main\Payroll\src\employee\Hourly.java,employee.Hourly,"Hourly/10[java.lang.String,java.lang.String,java.lang.String,java.lang.String,java.lang.String,int,int,int,double,double]",schedule,1
C:\Users\Madhu\Downloads\Payroll-main\Payroll\src\employee\Hourly.java,employee.Hourly,"Hourly/10[java.lang.String,java.lang.String,java.lang.String,java.lang.String,java.lang.String,int,int,int,double,double]",address,1
C:\Users\Madhu\Downloads\Payroll-main\Payroll\src\employee\Hourly.java,employee.Hourly,"Hourly/10[java.lang.String,java.lang.String,java.lang.String,java.lang.String,java.lang.String,int,int,int,double,double]",name,1
C:\Users\Madhu\Downloads\Payroll-main\Payroll\src\employee\Hourly.java,employee.Hourly,"Hourly/10[java.lang.String,java.lang.String,java.lang.String,java.lang.String,java.lang.String,int,int,int,double,double]",salaryperhour,1
C:\Users\Madhu\Downloads\Payroll-main\Payroll\src\employee\Hourly.java,employee.Hourly,"Hourly/10[java.lang.String,java.lang.String,java.lang.String,java.lang.String,java.lang.String,int,int,int,double,double]",id,1
C:\Users\Madhu\Downloads\Payroll-main\Payroll\src\employee\Hourly.java,employee.Hourly,"Hourly/10[java.lang.String,java.lang.String,java.lang.String,java.lang.String,java.lang.String,int,int,int,double,double]",type,1
C:\Users\Madhu\Downloads\Payroll-main\Payroll\src\employee\Hourly.java,employee.Hourly,"Hourly/10[java.lang.String,java.lang.String,java.lang.String,java.lang.String,java.lang.String,int,int,int,double,double]",is_sindicate,1
C:\Users\Madhu\Downloads\Payroll-main\Payroll\src\employee\Hourly.java,employee.Hourly,"Hourly/10[java.lang.String,java.lang.String,java.lang.String,java.lang.String,java.lang.String,int,int,int,double,double]",union_fee,1
C:\Users\Madhu\Downloads\Payroll-main\Payroll\src\employee\Hourly.java,employee.Hourly,"Hourly/10[java.lang.String,java.lang.String,java.lang.String,java.lang.String,java.lang.String,int,int,int,double,double]",paymentmethod,1
C:\Users\Madhu\Downloads\Payroll-main\Payroll\src\employee\Hourly.java,employee.Hourly,"Hourly/10[java.lang.String,java.lang.String,java.lang.String,java.lang.String,java.lang.String,int,int,int,double,double]",sindicate_id,1
C:\Users\Madhu\Downloads\Payroll-main\Payroll\src\employee\Hourly.java,employee.Hourly,getExtra_hour/1[int],day,1
C:\Users\Madhu\Downloads\Payroll-main\Payroll\src\employee\Hourly.java,employee.Hourly,"setWorkedours/2[int,int]",workedours,1
C:\Users\Madhu\Downloads\Payroll-main\Payroll\src\employee\Hourly.java,employee.Hourly,"setWorkedours/2[int,int]",day,1
C:\Users\Madhu\Downloads\Payroll-main\Payroll\src\employee\Hourly.java,employee.Hourly,getIn_hour/1[int],day,1
C:\Users\Madhu\Downloads\Payroll-main\Payroll\src\employee\Hourly.java,employee.Hourly,setTimecards/1[employee.Timecard[]],timecards,1
C:\Users\Madhu\Downloads\Payroll-main\Payroll\src\employee\Hourly.java,employee.Hourly,getTimecards/1[int],day,1
C:\Users\Madhu\Downloads\Payroll-main\Payroll\src\employee\Hourly.java,employee.Hourly,"setTimecards_in/3[int,int,int]",min,1
C:\Users\Madhu\Downloads\Payroll-main\Payroll\src\employee\Hourly.java,employee.Hourly,"setTimecards_in/3[int,int,int]",hour,1
C:\Users\Madhu\Downloads\Payroll-main\Payroll\src\employee\Hourly.java,employee.Hourly,"setTimecards_in/3[int,int,int]",day,2
C:\Users\Madhu\Downloads\Payroll-main\Payroll\src\employee\Hourly.java,employee.Hourly,getWorkedours/1[int],day,1
C:\Users\Madhu\Downloads\Payroll-main\Payroll\src\employee\Hourly.java,employee.Hourly,getOut_hour/1[int],day,1
C:\Users\Madhu\Downloads\Payroll-main\Payroll\src\employee\Hourly.java,employee.Hourly,"setExtra_hour/2[int,int]",extra_hour,1
C:\Users\Madhu\Downloads\Payroll-main\Payroll\src\employee\Hourly.java,employee.Hourly,"setExtra_hour/2[int,int]",day,1
C:\Users\Madhu\Downloads\Payroll-main\Payroll\src\employee\Hourly.java,employee.Hourly,"setTimecards_out/3[int,int,int]",min,1
C:\Users\Madhu\Downloads\Payroll-main\Payroll\src\employee\Hourly.java,employee.Hourly,"setTimecards_out/3[int,int,int]",hour,1
C:\Users\Madhu\Downloads\Payroll-main\Payroll\src\employee\Hourly.java,employee.Hourly,"setTimecards_out/3[int,int,int]",day,2
C:\Users\Madhu\Downloads\Payroll-main\Payroll\src\employee\Timecard.java,employee.Timecard,setIn_hour/1[int],in_hour,2
C:\Users\Madhu\Downloads\Payroll-main\Payroll\src\employee\Timecard.java,employee.Timecard,setIn_min/1[int],in_min,2
C:\Users\Madhu\Downloads\Payroll-main\Payroll\src\employee\Timecard.java,employee.Timecard,setWorkedours/1[int],workedours,2
C:\Users\Madhu\Downloads\Payroll-main\Payroll\src\employee\Timecard.java,employee.Timecard,setOut_min/1[int],out_min,2
C:\Users\Madhu\Downloads\Payroll-main\Payroll\src\employee\Timecard.java,employee.Timecard,setExtra_hour/1[int],extra_hour,2
C:\Users\Madhu\Downloads\Payroll-main\Payroll\src\employee\Timecard.java,employee.Timecard,setOut_hour/1[int],out_hour,2
C:\Users\Madhu\Downloads\Payroll-main\Payroll\src\functionalities\Functionalities_Employee.java,functionalities.Functionalities_Employee,register_Hourly/1[int],id,2
C:\Users\Madhu\Downloads\Payroll-main\Payroll\src\functionalities\Functionalities_Employee.java,functionalities.Functionalities_Employee,register_Salaried/1[int],id,2
C:\Users\Madhu\Downloads\Payroll-main\Payroll\src\functionalities\Functionalities_Employee.java,functionalities.Functionalities_Employee,register_Commissioned/1[int],id,2
C:\Users\Madhu\Downloads\Payroll-main\Payroll\src\functionalities\Functionalities_Employee.java,functionalities.Functionalities_Employee,"add_service_Hourly/2[java.util.ArrayList<employee.Hourly>,int]",hourlies,4
C:\Users\Madhu\Downloads\Payroll-main\Payroll\src\functionalities\Functionalities_Employee.java,functionalities.Functionalities_Employee,"add_service_Hourly/2[java.util.ArrayList<employee.Hourly>,int]",id,1
C:\Users\Madhu\Downloads\Payroll-main\Payroll\src\functionalities\Functionalities_Employee.java,functionalities.Functionalities_Employee,"change_Commissioned/2[java.util.ArrayList<employee.Commissioned>,int]",commissioneds,28
C:\Users\Madhu\Downloads\Payroll-main\Payroll\src\functionalities\Functionalities_Employee.java,functionalities.Functionalities_Employee,"change_Commissioned/2[java.util.ArrayList<employee.Commissioned>,int]",id,7
C:\Users\Madhu\Downloads\Payroll-main\Payroll\src\functionalities\Functionalities_Employee.java,functionalities.Functionalities_Employee,"add_timecard/3[java.util.ArrayList<employee.Hourly>,int,int]",hourlies,8
C:\Users\Madhu\Downloads\Payroll-main\Payroll\src\functionalities\Functionalities_Employee.java,functionalities.Functionalities_Employee,"add_timecard/3[java.util.ArrayList<employee.Hourly>,int,int]",id,2
C:\Users\Madhu\Downloads\Payroll-main\Payroll\src\functionalities\Functionalities_Employee.java,functionalities.Functionalities_Employee,"add_timecard/3[java.util.ArrayList<employee.Hourly>,int,int]",day,20
C:\Users\Madhu\Downloads\Payroll-main\Payroll\src\functionalities\Functionalities_Employee.java,functionalities.Functionalities_Employee,"remove_Commissioned/2[java.util.ArrayList<employee.Commissioned>,int]",commissioneds,3
C:\Users\Madhu\Downloads\Payroll-main\Payroll\src\functionalities\Functionalities_Employee.java,functionalities.Functionalities_Employee,"remove_Commissioned/2[java.util.ArrayList<employee.Commissioned>,int]",id,1
C:\Users\Madhu\Downloads\Payroll-main\Payroll\src\functionalities\Functionalities_Employee.java,functionalities.Functionalities_Employee,"remove_Houly/2[java.util.ArrayList<employee.Hourly>,int]",hourlies,3
C:\Users\Madhu\Downloads\Payroll-main\Payroll\src\functionalities\Functionalities_Employee.java,functionalities.Functionalities_Employee,"remove_Houly/2[java.util.ArrayList<employee.Hourly>,int]",id,1
C:\Users\Madhu\Downloads\Payroll-main\Payroll\src\functionalities\Functionalities_Employee.java,functionalities.Functionalities_Employee,"add_service_Salaried/2[java.util.ArrayList<employee.Salaried>,int]",salarieds,4
C:\Users\Madhu\Downloads\Payroll-main\Payroll\src\functionalities\Functionalities_Employee.java,functionalities.Functionalities_Employee,"add_service_Salaried/2[java.util.ArrayList<employee.Salaried>,int]",id,1
C:\Users\Madhu\Downloads\Payroll-main\Payroll\src\functionalities\Functionalities_Employee.java,functionalities.Functionalities_Employee,"remove_Salaried/2[java.util.ArrayList<employee.Salaried>,int]",salarieds,3
C:\Users\Madhu\Downloads\Payroll-main\Payroll\src\functionalities\Functionalities_Employee.java,functionalities.Functionalities_Employee,"remove_Salaried/2[java.util.ArrayList<employee.Salaried>,int]",id,1
C:\Users\Madhu\Downloads\Payroll-main\Payroll\src\functionalities\Functionalities_Employee.java,functionalities.Functionalities_Employee,"change_Salaried/2[java.util.ArrayList<employee.Salaried>,int]",salarieds,28
C:\Users\Madhu\Downloads\Payroll-main\Payroll\src\functionalities\Functionalities_Employee.java,functionalities.Functionalities_Employee,"change_Salaried/2[java.util.ArrayList<employee.Salaried>,int]",id,7
C:\Users\Madhu\Downloads\Payroll-main\Payroll\src\functionalities\Functionalities_Employee.java,functionalities.Functionalities_Employee,"change_Hourly/2[java.util.ArrayList<employee.Hourly>,int]",hourlies,28
C:\Users\Madhu\Downloads\Payroll-main\Payroll\src\functionalities\Functionalities_Employee.java,functionalities.Functionalities_Employee,"change_Hourly/2[java.util.ArrayList<employee.Hourly>,int]",id,7
C:\Users\Madhu\Downloads\Payroll-main\Payroll\src\functionalities\Functionalities_Employee.java,functionalities.Functionalities_Employee,"add_sale/3[java.util.ArrayList<employee.Commissioned>,int,int]",commissioneds,4
C:\Users\Madhu\Downloads\Payroll-main\Payroll\src\functionalities\Functionalities_Employee.java,functionalities.Functionalities_Employee,"add_sale/3[java.util.ArrayList<employee.Commissioned>,int,int]",id,1
C:\Users\Madhu\Downloads\Payroll-main\Payroll\src\functionalities\Functionalities_Employee.java,functionalities.Functionalities_Employee,"add_sale/3[java.util.ArrayList<employee.Commissioned>,int,int]",day,1
C:\Users\Madhu\Downloads\Payroll-main\Payroll\src\functionalities\Functionalities_Employee.java,functionalities.Functionalities_Employee,"add_service_Comissioned/2[java.util.ArrayList<employee.Commissioned>,int]",commissioneds,4
C:\Users\Madhu\Downloads\Payroll-main\Payroll\src\functionalities\Functionalities_Employee.java,functionalities.Functionalities_Employee,"add_service_Comissioned/2[java.util.ArrayList<employee.Commissioned>,int]",id,1
C:\Users\Madhu\Downloads\Payroll-main\Payroll\src\employee\Employee.java,employee.Employee,setType/1[java.lang.String],type,2
C:\Users\Madhu\Downloads\Payroll-main\Payroll\src\employee\Employee.java,employee.Employee,"Employee/9[java.lang.String,java.lang.String,java.lang.String,java.lang.String,java.lang.String,int,int,int,double]",schedule,1
C:\Users\Madhu\Downloads\Payroll-main\Payroll\src\employee\Employee.java,employee.Employee,"Employee/9[java.lang.String,java.lang.String,java.lang.String,java.lang.String,java.lang.String,int,int,int,double]",address,1
C:\Users\Madhu\Downloads\Payroll-main\Payroll\src\employee\Employee.java,employee.Employee,"Employee/9[java.lang.String,java.lang.String,java.lang.String,java.lang.String,java.lang.String,int,int,int,double]",name,1
C:\Users\Madhu\Downloads\Payroll-main\Payroll\src\employee\Employee.java,employee.Employee,"Employee/9[java.lang.String,java.lang.String,java.lang.String,java.lang.String,java.lang.String,int,int,int,double]",id,1
C:\Users\Madhu\Downloads\Payroll-main\Payroll\src\employee\Employee.java,employee.Employee,"Employee/9[java.lang.String,java.lang.String,java.lang.String,java.lang.String,java.lang.String,int,int,int,double]",type,1
C:\Users\Madhu\Downloads\Payroll-main\Payroll\src\employee\Employee.java,employee.Employee,"Employee/9[java.lang.String,java.lang.String,java.lang.String,java.lang.String,java.lang.String,int,int,int,double]",is_sindicate,1
C:\Users\Madhu\Downloads\Payroll-main\Payroll\src\employee\Employee.java,employee.Employee,"Employee/9[java.lang.String,java.lang.String,java.lang.String,java.lang.String,java.lang.String,int,int,int,double]",union_fee,1
C:\Users\Madhu\Downloads\Payroll-main\Payroll\src\employee\Employee.java,employee.Employee,"Employee/9[java.lang.String,java.lang.String,java.lang.String,java.lang.String,java.lang.String,int,int,int,double]",paymentmethod,1
C:\Users\Madhu\Downloads\Payroll-main\Payroll\src\employee\Employee.java,employee.Employee,"Employee/9[java.lang.String,java.lang.String,java.lang.String,java.lang.String,java.lang.String,int,int,int,double]",sindicate_id,1
C:\Users\Madhu\Downloads\Payroll-main\Payroll\src\employee\Employee.java,employee.Employee,setName/1[java.lang.String],name,2
C:\Users\Madhu\Downloads\Payroll-main\Payroll\src\employee\Employee.java,employee.Employee,setSindicate_id/1[int],sindicate_id,2
C:\Users\Madhu\Downloads\Payroll-main\Payroll\src\employee\Employee.java,employee.Employee,setService/1[double],service,2
C:\Users\Madhu\Downloads\Payroll-main\Payroll\src\employee\Employee.java,employee.Employee,setIs_sindicate/1[int],is_sindicate,2
C:\Users\Madhu\Downloads\Payroll-main\Payroll\src\employee\Employee.java,employee.Employee,setPaymentmethod/1[java.lang.String],paymentmethod,2
C:\Users\Madhu\Downloads\Payroll-main\Payroll\src\employee\Employee.java,employee.Employee,setId/1[int],id,2
C:\Users\Madhu\Downloads\Payroll-main\Payroll\src\employee\Employee.java,employee.Employee,setUnion_fee/1[double],union_fee,2
C:\Users\Madhu\Downloads\Payroll-main\Payroll\src\employee\Employee.java,employee.Employee,setAddress/1[java.lang.String],address,2
C:\Users\Madhu\Downloads\Payroll-main\Payroll\src\employee\Employee.java,employee.Employee,setSchedule/1[java.lang.String],schedule,2
C:\Users\Madhu\Downloads\Payroll-main\Payroll\src\Main.java,Main,main/1[java.lang.String[]],employeetype,27
C:\Users\Madhu\Downloads\Payroll-main\Payroll\src\Main.java,Main,main/1[java.lang.String[]],scheduletype,10
C:\Users\Madhu\Downloads\Payroll-main\Payroll\src\Main.java,Main,main/1[java.lang.String[]],salaried,6
C:\Users\Madhu\Downloads\Payroll-main\Payroll\src\Main.java,Main,main/1[java.lang.String[]],id_controll,20
C:\Users\Madhu\Downloads\Payroll-main\Payroll\src\Main.java,Main,main/1[java.lang.String[]],idnumber,9
C:\Users\Madhu\Downloads\Payroll-main\Payroll\src\Main.java,Main,main/1[java.lang.String[]],commissioned,7
C:\Users\Madhu\Downloads\Payroll-main\Payroll\src\Main.java,Main,main/1[java.lang.String[]],shedule_Functionalities,11
C:\Users\Madhu\Downloads\Payroll-main\Payroll\src\Main.java,Main,main/1[java.lang.String[]],args,0
C:\Users\Madhu\Downloads\Payroll-main\Payroll\src\Main.java,Main,main/1[java.lang.String[]],input,24
C:\Users\Madhu\Downloads\Payroll-main\Payroll\src\Main.java,Main,main/1[java.lang.String[]],schedule,11
C:\Users\Madhu\Downloads\Payroll-main\Payroll\src\Main.java,Main,main/1[java.lang.String[]],month,22
C:\Users\Madhu\Downloads\Payroll-main\Payroll\src\Main.java,Main,main/1[java.lang.String[]],functionalities,14
C:\Users\Madhu\Downloads\Payroll-main\Payroll\src\Main.java,Main,main/1[java.lang.String[]],controll,14
C:\Users\Madhu\Downloads\Payroll-main\Payroll\src\Main.java,Main,main/1[java.lang.String[]],hourly,7
C:\Users\Madhu\Downloads\Payroll-main\Payroll\src\Main.java,Main,main/1[java.lang.String[]],daycontroll,7
C:\Users\Madhu\Downloads\Payroll-main\Payroll\src\Main.java,Main,main/1[java.lang.String[]],day,10
