file,class,method,variable,usage
C:\Users\Madhu\Downloads\Hotel-Management-Project-Java-master\Main.java,Doubleroom,"Doubleroom/6[java.lang.String,java.lang.String,java.lang.String,java.lang.String,java.lang.String,java.lang.String]",gender,2
C:\Users\Madhu\Downloads\Hotel-Management-Project-Java-master\Main.java,Doubleroom,"Doubleroom/6[java.lang.String,java.lang.String,java.lang.String,java.lang.String,java.lang.String,java.lang.String]",contact,2
C:\Users\Madhu\Downloads\Hotel-Management-Project-Java-master\Main.java,Doubleroom,"Doubleroom/6[java.lang.String,java.lang.String,java.lang.String,java.lang.String,java.lang.String,java.lang.String]",name,2
C:\Users\Madhu\Downloads\Hotel-Management-Project-Java-master\Main.java,Doubleroom,"Doubleroom/6[java.lang.String,java.lang.String,java.lang.String,java.lang.String,java.lang.String,java.lang.String]",gender2,2
C:\Users\Madhu\Downloads\Hotel-Management-Project-Java-master\Main.java,Doubleroom,"Doubleroom/6[java.lang.String,java.lang.String,java.lang.String,java.lang.String,java.lang.String,java.lang.String]",name2,2
C:\Users\Madhu\Downloads\Hotel-Management-Project-Java-master\Main.java,Doubleroom,"Doubleroom/6[java.lang.String,java.lang.String,java.lang.String,java.lang.String,java.lang.String,java.lang.String]",contact2,2
C:\Users\Madhu\Downloads\Hotel-Management-Project-Java-master\Main.java,Singleroom,"Singleroom/3[java.lang.String,java.lang.String,java.lang.String]",gender,2
C:\Users\Madhu\Downloads\Hotel-Management-Project-Java-master\Main.java,Singleroom,"Singleroom/3[java.lang.String,java.lang.String,java.lang.String]",contact,2
C:\Users\Madhu\Downloads\Hotel-Management-Project-Java-master\Main.java,Singleroom,"Singleroom/3[java.lang.String,java.lang.String,java.lang.String]",name,2
C:\Users\Madhu\Downloads\Hotel-Management-Project-Java-master\Main.java,write,run/0,oos,1
C:\Users\Madhu\Downloads\Hotel-Management-Project-Java-master\Main.java,write,run/0,e,1
C:\Users\Madhu\Downloads\Hotel-Management-Project-Java-master\Main.java,write,run/0,fout,1
C:\Users\Madhu\Downloads\Hotel-Management-Project-Java-master\Main.java,write,write/1[holder],hotel_ob,2
C:\Users\Madhu\Downloads\Hotel-Management-Project-Java-master\Main.java,Main,main/1[java.lang.String[]],args,0
C:\Users\Madhu\Downloads\Hotel-Management-Project-Java-master\Main.java,Main,main/1[java.lang.String[]],sc,8
C:\Users\Madhu\Downloads\Hotel-Management-Project-Java-master\Main.java,Main,main/1[java.lang.String[]],wish,8
C:\Users\Madhu\Downloads\Hotel-Management-Project-Java-master\Main.java,Main,main/1[java.lang.String[]],t,1
C:\Users\Madhu\Downloads\Hotel-Management-Project-Java-master\Main.java,Main,main/1[java.lang.String[]],ch,2
C:\Users\Madhu\Downloads\Hotel-Management-Project-Java-master\Main.java,Main,main/1[java.lang.String[]],e,0
C:\Users\Madhu\Downloads\Hotel-Management-Project-Java-master\Main.java,Main,main/1[java.lang.String[]],f,2
C:\Users\Madhu\Downloads\Hotel-Management-Project-Java-master\Main.java,Main,main/1[java.lang.String[]],ois,1
C:\Users\Madhu\Downloads\Hotel-Management-Project-Java-master\Main.java,Main,main/1[java.lang.String[]],fin,1
C:\Users\Madhu\Downloads\Hotel-Management-Project-Java-master\Main.java,Main,main/1[java.lang.String[]],ch2,26
C:\Users\Madhu\Downloads\Hotel-Management-Project-Java-master\Main.java,Hotel,"deallocate/2[int,int]",rtype,5
C:\Users\Madhu\Downloads\Hotel-Management-Project-Java-master\Main.java,Hotel,"deallocate/2[int,int]",w,12
C:\Users\Madhu\Downloads\Hotel-Management-Project-Java-master\Main.java,Hotel,"deallocate/2[int,int]",j,0
C:\Users\Madhu\Downloads\Hotel-Management-Project-Java-master\Main.java,Hotel,"deallocate/2[int,int]",rn,16
C:\Users\Madhu\Downloads\Hotel-Management-Project-Java-master\Main.java,Hotel,"order/2[int,int]",wish,3
C:\Users\Madhu\Downloads\Hotel-Management-Project-Java-master\Main.java,Hotel,"order/2[int,int]",rtype,1
C:\Users\Madhu\Downloads\Hotel-Management-Project-Java-master\Main.java,Hotel,"order/2[int,int]",q,5
C:\Users\Madhu\Downloads\Hotel-Management-Project-Java-master\Main.java,Hotel,"order/2[int,int]",e,1
C:\Users\Madhu\Downloads\Hotel-Management-Project-Java-master\Main.java,Hotel,"order/2[int,int]",i,5
C:\Users\Madhu\Downloads\Hotel-Management-Project-Java-master\Main.java,Hotel,"order/2[int,int]",rn,4
C:\Users\Madhu\Downloads\Hotel-Management-Project-Java-master\Main.java,Hotel,"bill/2[int,int]",rtype,1
C:\Users\Madhu\Downloads\Hotel-Management-Project-Java-master\Main.java,Hotel,"bill/2[int,int]",amount,9
C:\Users\Madhu\Downloads\Hotel-Management-Project-Java-master\Main.java,Hotel,"bill/2[int,int]",format,7
C:\Users\Madhu\Downloads\Hotel-Management-Project-Java-master\Main.java,Hotel,"bill/2[int,int]",rn,4
C:\Users\Madhu\Downloads\Hotel-Management-Project-Java-master\Main.java,Hotel,"bill/2[int,int]",list,4
C:\Users\Madhu\Downloads\Hotel-Management-Project-Java-master\Main.java,Hotel,"bill/2[int,int]",obb,19
C:\Users\Madhu\Downloads\Hotel-Management-Project-Java-master\Main.java,Hotel,"CustDetails/2[int,int]",gender,5
C:\Users\Madhu\Downloads\Hotel-Management-Project-Java-master\Main.java,Hotel,"CustDetails/2[int,int]",contact,5
C:\Users\Madhu\Downloads\Hotel-Management-Project-Java-master\Main.java,Hotel,"CustDetails/2[int,int]",name,5
C:\Users\Madhu\Downloads\Hotel-Management-Project-Java-master\Main.java,Hotel,"CustDetails/2[int,int]",i,2
C:\Users\Madhu\Downloads\Hotel-Management-Project-Java-master\Main.java,Hotel,"CustDetails/2[int,int]",gender2,3
C:\Users\Madhu\Downloads\Hotel-Management-Project-Java-master\Main.java,Hotel,"CustDetails/2[int,int]",rn,4
C:\Users\Madhu\Downloads\Hotel-Management-Project-Java-master\Main.java,Hotel,"CustDetails/2[int,int]",name2,3
C:\Users\Madhu\Downloads\Hotel-Management-Project-Java-master\Main.java,Hotel,"CustDetails/2[int,int]",contact2,3
C:\Users\Madhu\Downloads\Hotel-Management-Project-Java-master\Main.java,Hotel,bookroom/1[int],e,3
C:\Users\Madhu\Downloads\Hotel-Management-Project-Java-master\Main.java,Hotel,bookroom/1[int],i,5
C:\Users\Madhu\Downloads\Hotel-Management-Project-Java-master\Main.java,Hotel,bookroom/1[int],j,20
C:\Users\Madhu\Downloads\Hotel-Management-Project-Java-master\Main.java,Hotel,bookroom/1[int],rn,19
C:\Users\Madhu\Downloads\Hotel-Management-Project-Java-master\Main.java,Hotel,availability/1[int],count,5
C:\Users\Madhu\Downloads\Hotel-Management-Project-Java-master\Main.java,Hotel,availability/1[int],i,1
C:\Users\Madhu\Downloads\Hotel-Management-Project-Java-master\Main.java,Hotel,availability/1[int],j,16
C:\Users\Madhu\Downloads\Hotel-Management-Project-Java-master\Main.java,Hotel,features/1[int],i,1
C:\Users\Madhu\Downloads\Hotel-Management-Project-Java-master\Main.java,Food,"Food/2[int,int]",quantity,6
C:\Users\Madhu\Downloads\Hotel-Management-Project-Java-master\Main.java,Food,"Food/2[int,int]",itemno,3
