file,class,type,cbo,cboModified,fanin,fanout,wmc,dit,noc,rfc,lcom,lcom*,tcc,lcc,totalMethodsQty,staticMethodsQty,publicMethodsQty,privateMethodsQty,protectedMethodsQty,defaultMethodsQty,visibleMethodsQty,abstractMethodsQty,finalMethodsQty,synchronizedMethodsQty,totalFieldsQty,staticFieldsQty,publicFieldsQty,privateFieldsQty,protectedFieldsQty,defaultFieldsQty,finalFieldsQty,synchronizedFieldsQty,nosi,loc,returnQty,loopQty,comparisonsQty,tryCatchQty,parenthesizedExpsQty,stringLiteralsQty,numbersQty,assignmentsQty,mathOperationsQty,variablesQty,maxNestedBlocksQty,anonymousClassesQty,innerClassesQty,lambdasQty,uniqueWordsQty,modifiers,logStatementsQty
C:\Users\Madhu\Downloads\Billing-Software-in-JAVA-with-Print-API-master\src\gstbilling\admin\changepassword.java,gstbilling.admin.changepassword,class,2,6,4,2,8,5,0,41,6,0.75,NaN,NaN,4,0,1,3,0,0,1,0,0,0,8,0,0,8,0,0,0,0,6,88,0,1,0,2,0,27,51,15,2,15,2,2,0,0,81,1,0
C:\Users\Madhu\Downloads\Billing-Software-in-JAVA-with-Print-API-master\src\gstbilling\admin\CreateInvoice.java,gstbilling.admin.CreateInvoice$Anonymous33,anonymous,1,1,0,1,1,1,0,1,0,0.0,NaN,NaN,1,0,1,0,0,0,1,0,0,0,0,0,0,0,0,0,0,0,0,5,0,0,0,0,0,0,0,0,0,0,0,0,0,0,5,-1,0
C:\Users\Madhu\Downloads\Billing-Software-in-JAVA-with-Print-API-master\src\gstbilling\admin\changepassword.java,gstbilling.admin.changepassword$Anonymous2,anonymous,1,1,0,1,1,1,0,1,0,0.0,NaN,NaN,1,0,1,0,0,0,1,0,0,0,0,0,0,0,0,0,0,0,0,5,0,0,0,0,0,0,0,0,0,0,0,0,0,0,7,-1,0
C:\Users\Madhu\Downloads\Billing-Software-in-JAVA-with-Print-API-master\src\gstbilling\employee\CreateInvoice.java,gstbilling.employee.CreateInvoice,class,4,27,23,4,46,5,0,80,433,0.965728,0.0,0.0,30,2,2,26,2,0,4,0,0,0,67,2,0,65,0,2,0,0,33,737,3,1,2,7,14,301,341,143,31,128,4,22,1,0,212,1,0
C:\Users\Madhu\Downloads\Billing-Software-in-JAVA-with-Print-API-master\src\gstbilling\employee\CreateInvoice.java,gstbilling.employee.CreateInvoice$Anonymous9,anonymous,1,1,0,1,1,1,0,1,0,0.0,NaN,NaN,1,0,1,0,0,0,1,0,0,0,0,0,0,0,0,0,0,0,0,5,0,0,0,0,0,0,0,0,0,0,0,0,0,0,5,-1,0
C:\Users\Madhu\Downloads\Billing-Software-in-JAVA-with-Print-API-master\src\gstbilling\employee\CreateInvoice.java,gstbilling.employee.CreateInvoice$Anonymous6,anonymous,1,1,0,1,1,1,0,1,0,0.0,NaN,NaN,1,0,1,0,0,0,1,0,0,0,0,0,0,0,0,0,0,0,0,5,0,0,0,0,0,0,0,0,0,0,0,0,0,0,5,-1,0
C:\Users\Madhu\Downloads\Billing-Software-in-JAVA-with-Print-API-master\src\gstbilling\employee\CreateInvoice.java,gstbilling.employee.CreateInvoice$Anonymous5,anonymous,1,1,0,1,1,1,0,1,0,0.0,NaN,NaN,1,0,1,0,0,0,1,0,0,0,0,0,0,0,0,0,0,0,0,5,0,0,0,0,0,0,0,0,0,0,0,0,0,0,5,-1,0
C:\Users\Madhu\Downloads\Billing-Software-in-JAVA-with-Print-API-master\src\gstbilling\employee\CreateInvoice.java,gstbilling.employee.CreateInvoice$Anonymous8,anonymous,1,1,0,1,1,1,0,1,0,0.0,NaN,NaN,1,0,1,0,0,0,1,0,0,0,0,0,0,0,0,0,0,0,0,5,0,0,0,0,0,0,0,0,0,0,0,0,0,0,6,-1,0
C:\Users\Madhu\Downloads\Billing-Software-in-JAVA-with-Print-API-master\src\gstbilling\admin\changepassword.java,gstbilling.admin.changepassword$Anonymous1,anonymous,1,1,0,1,1,1,0,1,0,0.0,NaN,NaN,1,0,1,0,0,0,1,0,0,0,0,0,0,0,0,0,0,0,0,5,0,0,0,0,0,0,0,0,0,0,0,0,0,0,6,-1,0
C:\Users\Madhu\Downloads\Billing-Software-in-JAVA-with-Print-API-master\src\gstbilling\employee\CreateInvoice.java,gstbilling.employee.CreateInvoice$Anonymous7,anonymous,1,1,0,1,1,1,0,1,0,0.0,NaN,NaN,1,0,1,0,0,0,1,0,0,0,0,0,0,0,0,0,0,0,0,5,0,0,0,0,0,0,0,0,0,0,0,0,0,0,6,-1,0
C:\Users\Madhu\Downloads\Billing-Software-in-JAVA-with-Print-API-master\src\gstbilling\employee\CreateInvoice.java,gstbilling.employee.CreateInvoice$Anonymous2,anonymous,1,1,0,1,1,1,0,1,0,0.0,NaN,NaN,1,0,1,0,0,0,1,0,0,0,0,0,0,0,0,0,0,0,0,5,0,0,0,0,0,0,0,0,0,0,0,0,0,0,5,-1,0
C:\Users\Madhu\Downloads\Billing-Software-in-JAVA-with-Print-API-master\src\gstbilling\employee\CreateInvoice.java,gstbilling.employee.CreateInvoice$Anonymous1,anonymous,1,1,0,1,1,1,0,1,0,0.0,NaN,NaN,1,0,1,0,0,0,1,0,0,0,0,0,0,0,0,0,0,0,0,5,0,0,0,0,0,0,0,0,0,0,0,0,0,0,5,-1,0
C:\Users\Madhu\Downloads\Billing-Software-in-JAVA-with-Print-API-master\src\gstbilling\employee\CreateInvoice.java,gstbilling.employee.CreateInvoice$Anonymous4,anonymous,1,1,0,1,1,1,0,1,0,0.0,NaN,NaN,1,0,1,0,0,0,1,0,0,0,0,0,0,0,0,0,0,0,0,5,0,0,0,0,0,0,0,0,0,0,0,0,0,0,6,-1,0
C:\Users\Madhu\Downloads\Billing-Software-in-JAVA-with-Print-API-master\src\gstbilling\employee\CreateInvoice.java,gstbilling.employee.CreateInvoice$Anonymous3,anonymous,1,1,0,1,1,1,0,1,0,0.0,NaN,NaN,1,0,1,0,0,0,1,0,0,0,0,0,0,0,0,0,0,0,0,5,0,0,0,0,0,0,0,0,0,0,0,0,0,0,6,-1,0
C:\Users\Madhu\Downloads\Billing-Software-in-JAVA-with-Print-API-master\src\gstbilling\employee\UpdateInvoice.java,gstbilling.employee.UpdateInvoice$Anonymous19,anonymous,1,1,0,1,1,1,0,1,0,0.0,NaN,NaN,1,0,1,0,0,0,1,0,0,0,0,0,0,0,0,0,0,0,0,5,0,0,0,0,0,0,0,0,0,0,0,0,0,0,5,-1,0
C:\Users\Madhu\Downloads\Billing-Software-in-JAVA-with-Print-API-master\src\gstbilling\admin\CreateInvoice.java,gstbilling.admin.CreateInvoice$Anonymous30,anonymous,1,1,0,1,1,1,0,1,0,0.0,NaN,NaN,1,0,1,0,0,0,1,0,0,0,0,0,0,0,0,0,0,0,0,5,0,0,0,0,0,0,0,0,0,0,0,0,0,0,5,-1,0
C:\Users\Madhu\Downloads\Billing-Software-in-JAVA-with-Print-API-master\src\gstbilling\admin\CreateInvoice.java,gstbilling.admin.CreateInvoice$Anonymous31,anonymous,1,1,0,1,1,1,0,1,0,0.0,NaN,NaN,1,0,1,0,0,0,1,0,0,0,0,0,0,0,0,0,0,0,0,5,0,0,0,0,0,0,0,0,0,0,0,0,0,0,5,-1,0
C:\Users\Madhu\Downloads\Billing-Software-in-JAVA-with-Print-API-master\src\gstbilling\admin\CreateInvoice.java,gstbilling.admin.CreateInvoice$Anonymous32,anonymous,1,1,0,1,1,1,0,1,0,0.0,NaN,NaN,1,0,1,0,0,0,1,0,0,0,0,0,0,0,0,0,0,0,0,5,0,0,0,0,0,0,0,0,0,0,0,0,0,0,5,-1,0
C:\Users\Madhu\Downloads\Billing-Software-in-JAVA-with-Print-API-master\src\gstbilling\admin\CreateInvoice.java,gstbilling.admin.CreateInvoice$Anonymous26,anonymous,1,1,0,1,1,1,0,1,0,0.0,NaN,NaN,1,0,1,0,0,0,1,0,0,0,0,0,0,0,0,0,0,0,0,5,0,0,0,0,0,0,0,0,0,0,0,0,0,0,5,-1,0
C:\Users\Madhu\Downloads\Billing-Software-in-JAVA-with-Print-API-master\src\gstbilling\employee\UpdateInvoice.java,gstbilling.employee.UpdateInvoice$Anonymous11,anonymous,1,1,0,1,1,1,0,1,0,0.0,NaN,NaN,1,0,1,0,0,0,1,0,0,0,0,0,0,0,0,0,0,0,0,5,0,0,0,0,0,0,0,0,0,0,0,0,0,0,6,-1,0
C:\Users\Madhu\Downloads\Billing-Software-in-JAVA-with-Print-API-master\src\gstbilling\admin\CreateInvoice.java,gstbilling.admin.CreateInvoice$Anonymous27,anonymous,1,1,0,1,1,1,0,1,0,0.0,NaN,NaN,1,0,1,0,0,0,1,0,0,0,0,0,0,0,0,0,0,0,0,5,0,0,0,0,0,0,0,0,0,0,0,0,0,0,5,-1,0
C:\Users\Madhu\Downloads\Billing-Software-in-JAVA-with-Print-API-master\src\gstbilling\employee\UpdateInvoice.java,gstbilling.employee.UpdateInvoice$Anonymous12,anonymous,1,1,0,1,1,1,0,1,0,0.0,NaN,NaN,1,0,1,0,0,0,1,0,0,0,0,0,0,0,0,0,0,0,0,5,0,0,0,0,0,0,0,0,0,0,0,0,0,0,5,-1,0
C:\Users\Madhu\Downloads\Billing-Software-in-JAVA-with-Print-API-master\src\gstbilling\admin\CreateInvoice.java,gstbilling.admin.CreateInvoice$Anonymous28,anonymous,1,1,0,1,1,1,0,1,0,0.0,NaN,NaN,1,0,1,0,0,0,1,0,0,0,0,0,0,0,0,0,0,0,0,5,0,0,0,0,0,0,0,0,0,0,0,0,0,0,6,-1,0
C:\Users\Madhu\Downloads\Billing-Software-in-JAVA-with-Print-API-master\src\gstbilling\AdminHome.java,gstbilling.AdminHome,class,11,22,11,11,13,6,0,32,55,0.919192,NaN,NaN,11,0,1,10,0,0,1,0,0,0,18,2,2,16,0,0,0,0,1,225,0,0,0,1,0,29,108,29,0,31,2,9,0,0,118,1,0
C:\Users\Madhu\Downloads\Billing-Software-in-JAVA-with-Print-API-master\src\gstbilling\employee\UpdateInvoice.java,gstbilling.employee.UpdateInvoice$Anonymous13,anonymous,1,1,0,1,1,1,0,1,0,0.0,NaN,NaN,1,0,1,0,0,0,1,0,0,0,0,0,0,0,0,0,0,0,0,5,0,0,0,0,0,0,0,0,0,0,0,0,0,0,5,-1,0
C:\Users\Madhu\Downloads\Billing-Software-in-JAVA-with-Print-API-master\src\gstbilling\admin\CreateInvoice.java,gstbilling.admin.CreateInvoice$Anonymous29,anonymous,1,1,0,1,1,1,0,1,0,0.0,NaN,NaN,1,0,1,0,0,0,1,0,0,0,0,0,0,0,0,0,0,0,0,5,0,0,0,0,0,0,0,0,0,0,0,0,0,0,5,-1,0
C:\Users\Madhu\Downloads\Billing-Software-in-JAVA-with-Print-API-master\src\gstbilling\employee\UpdateInvoice.java,gstbilling.employee.UpdateInvoice$Anonymous14,anonymous,1,1,0,1,1,1,0,1,0,0.0,NaN,NaN,1,0,1,0,0,0,1,0,0,0,0,0,0,0,0,0,0,0,0,5,0,0,0,0,0,0,0,0,0,0,0,0,0,0,5,-1,0
C:\Users\Madhu\Downloads\Billing-Software-in-JAVA-with-Print-API-master\src\gstbilling\admin\CreateInvoice.java,gstbilling.admin.CreateInvoice$Anonymous22,anonymous,1,1,0,1,1,1,0,1,0,0.0,NaN,NaN,1,0,1,0,0,0,1,0,0,0,0,0,0,0,0,0,0,0,0,5,0,0,0,0,0,0,0,0,0,0,0,0,0,0,5,-1,0
C:\Users\Madhu\Downloads\Billing-Software-in-JAVA-with-Print-API-master\src\gstbilling\employee\UpdateInvoice.java,gstbilling.employee.UpdateInvoice$Anonymous15,anonymous,1,1,0,1,1,1,0,1,0,0.0,NaN,NaN,1,0,1,0,0,0,1,0,0,0,0,0,0,0,0,0,0,0,0,5,0,0,0,0,0,0,0,0,0,0,0,0,0,0,5,-1,0
C:\Users\Madhu\Downloads\Billing-Software-in-JAVA-with-Print-API-master\src\gstbilling\admin\CreateInvoice.java,gstbilling.admin.CreateInvoice$Anonymous23,anonymous,1,1,0,1,1,1,0,1,0,0.0,NaN,NaN,1,0,1,0,0,0,1,0,0,0,0,0,0,0,0,0,0,0,0,5,0,0,0,0,0,0,0,0,0,0,0,0,0,0,6,-1,0
C:\Users\Madhu\Downloads\Billing-Software-in-JAVA-with-Print-API-master\src\gstbilling\employee\UpdateInvoice.java,gstbilling.employee.UpdateInvoice$Anonymous16,anonymous,1,1,0,1,1,1,0,1,0,0.0,NaN,NaN,1,0,1,0,0,0,1,0,0,0,0,0,0,0,0,0,0,0,0,5,0,0,0,0,0,0,0,0,0,0,0,0,0,0,6,-1,0
C:\Users\Madhu\Downloads\Billing-Software-in-JAVA-with-Print-API-master\src\gstbilling\admin\CreateInvoice.java,gstbilling.admin.CreateInvoice$Anonymous24,anonymous,1,1,0,1,1,1,0,1,0,0.0,NaN,NaN,1,0,1,0,0,0,1,0,0,0,0,0,0,0,0,0,0,0,0,5,0,0,0,0,0,0,0,0,0,0,0,0,0,0,6,-1,0
C:\Users\Madhu\Downloads\Billing-Software-in-JAVA-with-Print-API-master\src\gstbilling\employee\UpdateInvoice.java,gstbilling.employee.UpdateInvoice$Anonymous17,anonymous,1,1,0,1,1,1,0,1,0,0.0,NaN,NaN,1,0,1,0,0,0,1,0,0,0,0,0,0,0,0,0,0,0,0,5,0,0,0,0,0,0,0,0,0,0,0,0,0,0,6,-1,0
C:\Users\Madhu\Downloads\Billing-Software-in-JAVA-with-Print-API-master\src\gstbilling\admin\CreateInvoice.java,gstbilling.admin.CreateInvoice$Anonymous25,anonymous,1,1,0,1,1,1,0,1,0,0.0,NaN,NaN,1,0,1,0,0,0,1,0,0,0,0,0,0,0,0,0,0,0,0,5,0,0,0,0,0,0,0,0,0,0,0,0,0,0,5,-1,0
C:\Users\Madhu\Downloads\Billing-Software-in-JAVA-with-Print-API-master\src\gstbilling\employee\Invoice.java,gstbilling.employee.Invoice$Anonymous9,anonymous,1,1,0,1,1,1,0,1,0,0.0,NaN,NaN,1,0,1,0,0,0,1,0,0,0,0,0,0,0,0,0,0,0,0,5,0,0,0,0,0,0,0,0,0,0,0,0,0,0,5,-1,0
C:\Users\Madhu\Downloads\Billing-Software-in-JAVA-with-Print-API-master\src\gstbilling\employee\UpdateInvoice.java,gstbilling.employee.UpdateInvoice$Anonymous18,anonymous,1,1,0,1,1,1,0,1,0,0.0,NaN,NaN,1,0,1,0,0,0,1,0,0,0,0,0,0,0,0,0,0,0,0,5,0,0,0,0,0,0,0,0,0,0,0,0,0,0,6,-1,0
C:\Users\Madhu\Downloads\Billing-Software-in-JAVA-with-Print-API-master\src\gstbilling\employee\Invoice.java,gstbilling.employee.Invoice$Anonymous8,anonymous,1,1,0,1,1,1,0,1,0,0.0,NaN,NaN,1,0,1,0,0,0,1,0,0,0,0,0,0,0,0,0,0,0,0,5,0,0,0,0,0,0,0,0,0,0,0,0,0,0,5,-1,0
C:\Users\Madhu\Downloads\Billing-Software-in-JAVA-with-Print-API-master\src\gstbilling\employee\Invoice.java,gstbilling.employee.Invoice$Anonymous7,anonymous,1,1,0,1,1,1,0,1,0,0.0,NaN,NaN,1,0,1,0,0,0,1,0,0,0,0,0,0,0,0,0,0,0,0,5,0,0,0,0,0,0,0,0,0,0,0,0,0,0,5,-1,0
C:\Users\Madhu\Downloads\Billing-Software-in-JAVA-with-Print-API-master\src\gstbilling\employee\Invoice.java,gstbilling.employee.Invoice$Anonymous6,anonymous,1,1,0,1,1,1,0,1,0,0.0,NaN,NaN,1,0,1,0,0,0,1,0,0,0,0,0,0,0,0,0,0,0,0,5,0,0,0,0,0,0,0,0,0,0,0,0,0,0,5,-1,0
C:\Users\Madhu\Downloads\Billing-Software-in-JAVA-with-Print-API-master\src\gstbilling\employee\Invoice.java,gstbilling.employee.Invoice$Anonymous5,anonymous,1,1,0,1,1,1,0,1,0,0.0,NaN,NaN,1,0,1,0,0,0,1,0,0,0,0,0,0,0,0,0,0,0,0,5,0,0,0,0,0,0,0,0,0,0,0,0,0,0,5,-1,0
C:\Users\Madhu\Downloads\Billing-Software-in-JAVA-with-Print-API-master\src\gstbilling\employee\Invoice.java,gstbilling.employee.Invoice$Anonymous4,anonymous,1,1,0,1,1,1,0,1,0,0.0,NaN,NaN,1,0,1,0,0,0,1,0,0,0,0,0,0,0,0,0,0,0,0,5,0,0,0,0,0,0,0,0,0,0,0,0,0,0,5,-1,0
C:\Users\Madhu\Downloads\Billing-Software-in-JAVA-with-Print-API-master\src\gstbilling\employee\Invoice.java,gstbilling.employee.Invoice$Anonymous3,anonymous,1,1,0,1,1,1,0,1,0,0.0,NaN,NaN,1,0,1,0,0,0,1,0,0,0,0,0,0,0,0,0,0,0,0,5,0,0,0,0,0,0,0,0,0,0,0,0,0,0,6,-1,0
C:\Users\Madhu\Downloads\Billing-Software-in-JAVA-with-Print-API-master\src\gstbilling\employee\Invoice.java,gstbilling.employee.Invoice$Anonymous2,anonymous,1,1,0,1,1,1,0,1,0,0.0,NaN,NaN,1,0,1,0,0,0,1,0,0,0,0,0,0,0,0,0,0,0,0,5,0,0,0,0,0,0,0,0,0,0,0,0,0,0,6,-1,0
C:\Users\Madhu\Downloads\Billing-Software-in-JAVA-with-Print-API-master\src\gstbilling\employee\Invoice.java,gstbilling.employee.Invoice$Anonymous1,anonymous,1,1,0,1,1,1,0,1,0,0.0,NaN,NaN,1,0,1,0,0,0,1,0,0,0,0,0,0,0,0,0,0,0,0,5,0,0,0,0,0,0,0,0,0,0,0,0,0,0,6,-1,0
C:\Users\Madhu\Downloads\Billing-Software-in-JAVA-with-Print-API-master\src\gstbilling\employee\UpdateInvoice.java,gstbilling.employee.UpdateInvoice$Anonymous10,anonymous,1,1,0,1,1,1,0,1,0,0.0,NaN,NaN,1,0,1,0,0,0,1,0,0,0,0,0,0,0,0,0,0,0,0,5,0,0,0,0,0,0,0,0,0,0,0,0,0,0,6,-1,0
C:\Users\Madhu\Downloads\Billing-Software-in-JAVA-with-Print-API-master\src\gstbilling\employee\User.java,gstbilling.employee.User,class,0,2,2,0,12,1,0,0,42,0.825,0.18181819,1.0,12,0,12,0,0,0,12,0,0,0,3,0,0,2,0,1,0,0,0,50,11,0,0,0,0,0,0,10,0,10,0,0,0,0,26,1,0
C:\Users\Madhu\Downloads\Billing-Software-in-JAVA-with-Print-API-master\src\gstbilling\employee\UpdateInvoice.java,gstbilling.employee.UpdateInvoice$BillPrintable,innerclass,1,1,0,1,4,1,0,20,0,0.0,NaN,NaN,1,0,1,0,0,0,1,0,0,0,0,0,0,0,0,0,0,0,1,131,1,1,1,1,0,88,71,64,33,28,3,0,0,0,77,1,0
C:\Users\Madhu\Downloads\Billing-Software-in-JAVA-with-Print-API-master\src\gstbilling\employee\CreateInvoice.java,gstbilling.employee.CreateInvoice$BillPrintable,innerclass,0,0,0,0,3,1,0,13,0,0.0,NaN,NaN,1,0,1,0,0,0,1,0,0,0,0,0,0,0,0,0,0,0,0,110,1,0,1,1,0,49,67,49,20,18,2,0,0,0,59,1,0
C:\Users\Madhu\Downloads\Billing-Software-in-JAVA-with-Print-API-master\src\gstbilling\employee\PreviousInvoice.java,gstbilling.employee.PreviousInvoice,class,2,3,1,2,4,5,0,22,3,0.66666657,NaN,NaN,3,0,1,2,0,0,1,0,0,0,11,0,0,11,0,0,0,0,1,75,0,0,0,1,0,30,3,22,0,16,1,0,0,0,75,1,0
C:\Users\Madhu\Downloads\Billing-Software-in-JAVA-with-Print-API-master\src\gstbilling\admin\CreateInvoice.java,gstbilling.admin.CreateInvoice$Anonymous20,anonymous,1,1,0,1,1,1,0,1,0,0.0,NaN,NaN,1,0,1,0,0,0,1,0,0,0,0,0,0,0,0,0,0,0,0,5,0,0,0,0,0,0,0,0,0,0,0,0,0,0,6,-1,0
C:\Users\Madhu\Downloads\Billing-Software-in-JAVA-with-Print-API-master\src\gstbilling\admin\CreateInvoice.java,gstbilling.admin.CreateInvoice$Anonymous21,anonymous,1,1,0,1,1,1,0,1,0,0.0,NaN,NaN,1,0,1,0,0,0,1,0,0,0,0,0,0,0,0,0,0,0,0,5,0,0,0,0,0,0,0,0,0,0,0,0,0,0,5,-1,0
C:\Users\Madhu\Downloads\Billing-Software-in-JAVA-with-Print-API-master\src\gstbilling\admin\ViewProduct.java,gstbilling.admin.ViewProduct,class,2,3,1,2,3,5,0,21,1,0.5,NaN,NaN,2,0,1,1,0,0,1,0,0,0,8,0,0,8,0,0,0,0,1,56,0,0,0,1,0,20,2,16,0,14,1,0,0,0,63,1,0
C:\Users\Madhu\Downloads\Billing-Software-in-JAVA-with-Print-API-master\src\gstbilling\employee\Invoice.java,gstbilling.employee.Invoice$BillPrintable,innerclass,1,1,0,1,4,1,0,20,0,0.0,NaN,NaN,1,0,1,0,0,0,1,0,0,0,0,0,0,0,0,0,0,0,1,131,1,1,1,1,0,88,71,64,33,28,3,0,0,0,76,1,0
C:\Users\Madhu\Downloads\Billing-Software-in-JAVA-with-Print-API-master\src\gstbilling\admin\GstClassificationCreation.java,gstbilling.admin.GstClassificationCreation,class,2,10,8,2,17,5,0,49,24,0.86513156,NaN,NaN,8,0,1,7,0,0,1,0,0,0,37,0,0,35,0,2,0,0,5,253,0,0,0,1,2,203,150,43,1,42,3,6,0,0,114,1,0
C:\Users\Madhu\Downloads\Billing-Software-in-JAVA-with-Print-API-master\src\gstbilling\admin\CreateInvoice.java,gstbilling.admin.CreateInvoice$Anonymous15,anonymous,1,1,0,1,1,1,0,1,0,0.0,NaN,NaN,1,0,1,0,0,0,1,0,0,0,0,0,0,0,0,0,0,0,0,5,0,0,0,0,0,0,0,0,0,0,0,0,0,0,5,-1,0
C:\Users\Madhu\Downloads\Billing-Software-in-JAVA-with-Print-API-master\src\gstbilling\employee\UpdateInvoice.java,gstbilling.employee.UpdateInvoice$Anonymous22,anonymous,1,1,0,1,1,1,0,1,0,0.0,NaN,NaN,1,0,1,0,0,0,1,0,0,0,0,0,0,0,0,0,0,0,0,5,0,0,0,0,0,0,0,0,0,0,0,0,0,0,5,-1,0
C:\Users\Madhu\Downloads\Billing-Software-in-JAVA-with-Print-API-master\src\gstbilling\admin\CreateInvoice.java,gstbilling.admin.CreateInvoice$Anonymous16,anonymous,1,1,0,1,1,1,0,1,0,0.0,NaN,NaN,1,0,1,0,0,0,1,0,0,0,0,0,0,0,0,0,0,0,0,5,0,0,0,0,0,0,0,0,0,0,0,0,0,0,5,-1,0
C:\Users\Madhu\Downloads\Billing-Software-in-JAVA-with-Print-API-master\src\gstbilling\employee\UpdateInvoice.java,gstbilling.employee.UpdateInvoice$Anonymous23,anonymous,1,1,0,1,1,1,0,1,0,0.0,NaN,NaN,1,0,1,0,0,0,1,0,0,0,0,0,0,0,0,0,0,0,0,5,0,0,0,0,0,0,0,0,0,0,0,0,0,0,5,-1,0
C:\Users\Madhu\Downloads\Billing-Software-in-JAVA-with-Print-API-master\src\gstbilling\admin\CreateInvoice.java,gstbilling.admin.CreateInvoice$Anonymous17,anonymous,1,1,0,1,1,1,0,1,0,0.0,NaN,NaN,1,0,1,0,0,0,1,0,0,0,0,0,0,0,0,0,0,0,0,5,0,0,0,0,0,0,0,0,0,0,0,0,0,0,5,-1,0
C:\Users\Madhu\Downloads\Billing-Software-in-JAVA-with-Print-API-master\src\gstbilling\employee\UpdateInvoice.java,gstbilling.employee.UpdateInvoice$Anonymous24,anonymous,1,1,0,1,1,1,0,1,0,0.0,NaN,NaN,1,0,1,0,0,0,1,0,0,0,0,0,0,0,0,0,0,0,0,5,0,0,0,0,0,0,0,0,0,0,0,0,0,0,5,-1,0
C:\Users\Madhu\Downloads\Billing-Software-in-JAVA-with-Print-API-master\src\gstbilling\admin\CreateInvoice.java,gstbilling.admin.CreateInvoice$Anonymous18,anonymous,1,1,0,1,1,1,0,1,0,0.0,NaN,NaN,1,0,1,0,0,0,1,0,0,0,0,0,0,0,0,0,0,0,0,5,0,0,0,0,0,0,0,0,0,0,0,0,0,0,6,-1,0
C:\Users\Madhu\Downloads\Billing-Software-in-JAVA-with-Print-API-master\src\gstbilling\employee\UpdateInvoice.java,gstbilling.employee.UpdateInvoice$Anonymous25,anonymous,1,1,0,1,1,1,0,1,0,0.0,NaN,NaN,1,0,1,0,0,0,1,0,0,0,0,0,0,0,0,0,0,0,0,5,0,0,0,0,0,0,0,0,0,0,0,0,0,0,5,-1,0
C:\Users\Madhu\Downloads\Billing-Software-in-JAVA-with-Print-API-master\src\gstbilling\admin\CreateInvoice.java,gstbilling.admin.CreateInvoice$Anonymous11,anonymous,1,1,0,1,1,1,0,1,0,0.0,NaN,NaN,1,0,1,0,0,0,1,0,0,0,0,0,0,0,0,0,0,0,0,5,0,0,0,0,0,0,0,0,0,0,0,0,0,0,5,-1,0
C:\Users\Madhu\Downloads\Billing-Software-in-JAVA-with-Print-API-master\src\gstbilling\employee\UpdateInvoice.java,gstbilling.employee.UpdateInvoice$Anonymous26,anonymous,1,1,0,1,1,1,0,1,0,0.0,NaN,NaN,1,0,1,0,0,0,1,0,0,0,0,0,0,0,0,0,0,0,0,5,0,0,0,0,0,0,0,0,0,0,0,0,0,0,5,-1,0
C:\Users\Madhu\Downloads\Billing-Software-in-JAVA-with-Print-API-master\src\gstbilling\admin\CreateInvoice.java,gstbilling.admin.CreateInvoice$Anonymous12,anonymous,1,1,0,1,1,1,0,1,0,0.0,NaN,NaN,1,0,1,0,0,0,1,0,0,0,0,0,0,0,0,0,0,0,0,5,0,0,0,0,0,0,0,0,0,0,0,0,0,0,5,-1,0
C:\Users\Madhu\Downloads\Billing-Software-in-JAVA-with-Print-API-master\src\gstbilling\employee\UpdateInvoice.java,gstbilling.employee.UpdateInvoice$Anonymous27,anonymous,1,1,0,1,1,1,0,1,0,0.0,NaN,NaN,1,0,1,0,0,0,1,0,0,0,0,0,0,0,0,0,0,0,0,5,0,0,0,0,0,0,0,0,0,0,0,0,0,0,5,-1,0
C:\Users\Madhu\Downloads\Billing-Software-in-JAVA-with-Print-API-master\src\gstbilling\admin\CreateInvoice.java,gstbilling.admin.CreateInvoice$Anonymous13,anonymous,1,1,0,1,1,1,0,1,0,0.0,NaN,NaN,1,0,1,0,0,0,1,0,0,0,0,0,0,0,0,0,0,0,0,5,0,0,0,0,0,0,0,0,0,0,0,0,0,0,5,-1,0
C:\Users\Madhu\Downloads\Billing-Software-in-JAVA-with-Print-API-master\src\gstbilling\employee\UpdateInvoice.java,gstbilling.employee.UpdateInvoice$Anonymous28,anonymous,1,1,0,1,1,1,0,1,0,0.0,NaN,NaN,1,0,1,0,0,0,1,0,0,0,0,0,0,0,0,0,0,0,0,5,0,0,0,0,0,0,0,0,0,0,0,0,0,0,6,-1,0
C:\Users\Madhu\Downloads\Billing-Software-in-JAVA-with-Print-API-master\src\gstbilling\admin\CreateInvoice.java,gstbilling.admin.CreateInvoice$Anonymous14,anonymous,1,1,0,1,1,1,0,1,0,0.0,NaN,NaN,1,0,1,0,0,0,1,0,0,0,0,0,0,0,0,0,0,0,0,5,0,0,0,0,0,0,0,0,0,0,0,0,0,0,5,-1,0
C:\Users\Madhu\Downloads\Billing-Software-in-JAVA-with-Print-API-master\src\gstbilling\employee\UpdateInvoice.java,gstbilling.employee.UpdateInvoice$Anonymous29,anonymous,1,1,0,1,1,1,0,1,0,0.0,NaN,NaN,1,0,1,0,0,0,1,0,0,0,0,0,0,0,0,0,0,0,0,5,0,0,0,0,0,0,0,0,0,0,0,0,0,0,5,-1,0
C:\Users\Madhu\Downloads\Billing-Software-in-JAVA-with-Print-API-master\src\gstbilling\admin\CreateInvoice.java,gstbilling.admin.CreateInvoice$Anonymous19,anonymous,1,1,0,1,1,1,0,1,0,0.0,NaN,NaN,1,0,1,0,0,0,1,0,0,0,0,0,0,0,0,0,0,0,0,5,0,0,0,0,0,0,0,0,0,0,0,0,0,0,6,-1,0
C:\Users\Madhu\Downloads\Billing-Software-in-JAVA-with-Print-API-master\src\gstbilling\FirstSetup.java,gstbilling.FirstSetup,class,5,11,6,5,18,6,0,59,17,0.8190476,0.0,0.0,7,1,2,5,0,0,2,0,0,0,15,4,0,10,0,5,4,0,16,186,0,1,2,5,0,46,55,45,2,42,3,4,0,0,156,1,0
C:\Users\Madhu\Downloads\Billing-Software-in-JAVA-with-Print-API-master\src\gstbilling\employee\UpdateInvoice.java,gstbilling.employee.UpdateInvoice$Anonymous20,anonymous,1,1,0,1,1,1,0,1,0,0.0,NaN,NaN,1,0,1,0,0,0,1,0,0,0,0,0,0,0,0,0,0,0,0,5,0,0,0,0,0,0,0,0,0,0,0,0,0,0,5,-1,0
C:\Users\Madhu\Downloads\Billing-Software-in-JAVA-with-Print-API-master\src\gstbilling\employee\Invoice.java,gstbilling.employee.Invoice,class,5,37,32,5,83,5,0,98,610,0.9631449,0.0,0.0,37,2,4,31,2,0,6,0,0,0,66,1,1,52,0,13,0,0,46,993,4,7,8,10,4,390,407,189,41,154,5,29,1,0,198,1,0
C:\Users\Madhu\Downloads\Billing-Software-in-JAVA-with-Print-API-master\src\gstbilling\employee\UpdateInvoice.java,gstbilling.employee.UpdateInvoice$Anonymous21,anonymous,1,1,0,1,1,1,0,1,0,0.0,NaN,NaN,1,0,1,0,0,0,1,0,0,0,0,0,0,0,0,0,0,0,0,5,0,0,0,0,0,0,0,0,0,0,0,0,0,0,5,-1,0
C:\Users\Madhu\Downloads\Billing-Software-in-JAVA-with-Print-API-master\src\gstbilling\FirstSetup.java,gstbilling.FirstSetup$Anonymous4,anonymous,1,1,0,1,1,1,0,1,0,0.0,NaN,NaN,1,0,1,0,0,0,1,0,0,0,0,0,0,0,0,0,0,0,0,5,0,0,0,0,0,0,0,0,0,0,0,0,0,0,6,-1,0
C:\Users\Madhu\Downloads\Billing-Software-in-JAVA-with-Print-API-master\src\gstbilling\FirstSetup.java,gstbilling.FirstSetup$Anonymous3,anonymous,1,1,0,1,1,1,0,1,0,0.0,NaN,NaN,1,0,1,0,0,0,1,0,0,0,0,0,0,0,0,0,0,0,0,5,0,0,0,0,0,0,0,0,0,0,0,0,0,0,5,-1,0
C:\Users\Madhu\Downloads\Billing-Software-in-JAVA-with-Print-API-master\src\gstbilling\FirstSetup.java,gstbilling.FirstSetup$Anonymous2,anonymous,1,1,0,1,1,1,0,1,0,0.0,NaN,NaN,1,0,1,0,0,0,1,0,0,0,0,0,0,0,0,0,0,0,0,5,0,0,0,0,0,0,0,0,0,0,0,0,0,0,5,-1,0
C:\Users\Madhu\Downloads\Billing-Software-in-JAVA-with-Print-API-master\src\gstbilling\FirstSetup.java,gstbilling.FirstSetup$Anonymous1,anonymous,1,1,0,1,1,1,0,1,0,0.0,NaN,NaN,1,0,1,0,0,0,1,0,0,0,0,0,0,0,0,0,0,0,0,5,0,0,0,0,0,0,0,0,0,0,0,0,0,0,5,-1,0
C:\Users\Madhu\Downloads\Billing-Software-in-JAVA-with-Print-API-master\src\gstbilling\employee\Invoice.java,gstbilling.employee.Invoice$Anonymous20,anonymous,1,1,0,1,1,1,0,1,0,0.0,NaN,NaN,1,0,1,0,0,0,1,0,0,0,0,0,0,0,0,0,0,0,0,5,0,0,0,0,0,0,0,0,0,0,0,0,0,0,5,-1,0
C:\Users\Madhu\Downloads\Billing-Software-in-JAVA-with-Print-API-master\src\gstbilling\admin\CreateInvoice.java,gstbilling.admin.CreateInvoice$Anonymous10,anonymous,1,1,0,1,1,1,0,1,0,0.0,NaN,NaN,1,0,1,0,0,0,1,0,0,0,0,0,0,0,0,0,0,0,0,5,0,0,0,0,0,0,0,0,0,0,0,0,0,0,6,-1,0
C:\Users\Madhu\Downloads\Billing-Software-in-JAVA-with-Print-API-master\src\gstbilling\EmployeeHome.java,gstbilling.EmployeeHome,class,5,11,6,5,6,6,0,30,15,0.8703704,NaN,NaN,6,0,1,5,0,0,1,0,0,0,9,2,2,7,0,0,0,0,0,98,0,0,0,0,0,11,36,12,0,14,0,4,0,0,70,1,0
C:\Users\Madhu\Downloads\Billing-Software-in-JAVA-with-Print-API-master\src\gstbilling\admin\GstClassificationCreation.java,gstbilling.admin.GstClassificationCreation$Anonymous5,anonymous,1,1,0,1,1,1,0,1,0,0.0,NaN,NaN,1,0,1,0,0,0,1,0,0,0,0,0,0,0,0,0,0,0,0,5,0,0,0,0,0,0,0,0,0,0,0,0,0,0,6,-1,0
C:\Users\Madhu\Downloads\Billing-Software-in-JAVA-with-Print-API-master\src\gstbilling\employee\Invoice.java,gstbilling.employee.Invoice$Anonymous28,anonymous,1,1,0,1,1,1,0,1,0,0.0,NaN,NaN,1,0,1,0,0,0,1,0,0,0,0,0,0,0,0,0,0,0,0,5,0,0,0,0,0,0,0,0,0,0,0,0,0,0,5,-1,0
C:\Users\Madhu\Downloads\Billing-Software-in-JAVA-with-Print-API-master\src\gstbilling\admin\GstClassificationCreation.java,gstbilling.admin.GstClassificationCreation$Anonymous4,anonymous,1,1,0,1,1,1,0,1,0,0.0,NaN,NaN,1,0,1,0,0,0,1,0,0,0,0,0,0,0,0,0,0,0,0,5,0,0,0,0,0,0,0,0,0,0,0,0,0,0,6,-1,0
C:\Users\Madhu\Downloads\Billing-Software-in-JAVA-with-Print-API-master\src\gstbilling\employee\Invoice.java,gstbilling.employee.Invoice$Anonymous27,anonymous,1,1,0,1,1,1,0,1,0,0.0,NaN,NaN,1,0,1,0,0,0,1,0,0,0,0,0,0,0,0,0,0,0,0,5,0,0,0,0,0,0,0,0,0,0,0,0,0,0,6,-1,0
C:\Users\Madhu\Downloads\Billing-Software-in-JAVA-with-Print-API-master\src\gstbilling\employee\Invoice.java,gstbilling.employee.Invoice$Anonymous26,anonymous,1,1,0,1,1,1,0,1,0,0.0,NaN,NaN,1,0,1,0,0,0,1,0,0,0,0,0,0,0,0,0,0,0,0,5,0,0,0,0,0,0,0,0,0,0,0,0,0,0,5,-1,0
C:\Users\Madhu\Downloads\Billing-Software-in-JAVA-with-Print-API-master\src\gstbilling\admin\GstClassificationCreation.java,gstbilling.admin.GstClassificationCreation$Anonymous6,anonymous,1,1,0,1,1,1,0,1,0,0.0,NaN,NaN,1,0,1,0,0,0,1,0,0,0,0,0,0,0,0,0,0,0,0,5,0,0,0,0,0,0,0,0,0,0,0,0,0,0,6,-1,0
C:\Users\Madhu\Downloads\Billing-Software-in-JAVA-with-Print-API-master\src\gstbilling\employee\Invoice.java,gstbilling.employee.Invoice$Anonymous25,anonymous,1,1,0,1,1,1,0,1,0,0.0,NaN,NaN,1,0,1,0,0,0,1,0,0,0,0,0,0,0,0,0,0,0,0,5,0,0,0,0,0,0,0,0,0,0,0,0,0,0,5,-1,0
C:\Users\Madhu\Downloads\Billing-Software-in-JAVA-with-Print-API-master\src\gstbilling\employee\Invoice.java,gstbilling.employee.Invoice$Anonymous24,anonymous,1,1,0,1,1,1,0,1,0,0.0,NaN,NaN,1,0,1,0,0,0,1,0,0,0,0,0,0,0,0,0,0,0,0,5,0,0,0,0,0,0,0,0,0,0,0,0,0,0,5,-1,0
C:\Users\Madhu\Downloads\Billing-Software-in-JAVA-with-Print-API-master\src\gstbilling\admin\GstCompanyDetail.java,gstbilling.admin.GstCompanyDetail,class,2,7,5,2,9,5,0,46,10,0.80000013,NaN,NaN,5,0,1,4,0,0,1,0,0,0,19,1,0,19,0,0,0,0,6,150,0,0,0,2,0,134,91,30,2,29,2,3,0,0,111,1,0
C:\Users\Madhu\Downloads\Billing-Software-in-JAVA-with-Print-API-master\src\gstbilling\employee\Invoice.java,gstbilling.employee.Invoice$Anonymous23,anonymous,1,1,0,1,1,1,0,1,0,0.0,NaN,NaN,1,0,1,0,0,0,1,0,0,0,0,0,0,0,0,0,0,0,0,5,0,0,0,0,0,0,0,0,0,0,0,0,0,0,6,-1,0
C:\Users\Madhu\Downloads\Billing-Software-in-JAVA-with-Print-API-master\src\gstbilling\employee\Invoice.java,gstbilling.employee.Invoice$Anonymous22,anonymous,1,1,0,1,1,1,0,1,0,0.0,NaN,NaN,1,0,1,0,0,0,1,0,0,0,0,0,0,0,0,0,0,0,0,5,0,0,0,0,0,0,0,0,0,0,0,0,0,0,5,-1,0
C:\Users\Madhu\Downloads\Billing-Software-in-JAVA-with-Print-API-master\src\gstbilling\employee\Invoice.java,gstbilling.employee.Invoice$Anonymous21,anonymous,1,1,0,1,1,1,0,1,0,0.0,NaN,NaN,1,0,1,0,0,0,1,0,0,0,0,0,0,0,0,0,0,0,0,5,0,0,0,0,0,0,0,0,0,0,0,0,0,0,5,-1,0
C:\Users\Madhu\Downloads\Billing-Software-in-JAVA-with-Print-API-master\src\gstbilling\admin\CreateNewUser.java,gstbilling.admin.CreateNewUser,class,2,5,3,2,5,5,0,37,3,0.66666657,NaN,NaN,3,0,1,2,0,0,1,0,0,0,12,0,0,12,0,0,0,0,4,85,0,0,0,1,0,31,60,16,1,16,2,1,0,0,78,1,0
C:\Users\Madhu\Downloads\Billing-Software-in-JAVA-with-Print-API-master\src\gstbilling\admin\GstClassificationCreation.java,gstbilling.admin.GstClassificationCreation$Anonymous1,anonymous,1,1,0,1,1,1,0,1,0,0.0,NaN,NaN,1,0,1,0,0,0,1,0,0,0,0,0,0,0,0,0,0,0,0,5,0,0,0,0,0,0,0,0,0,0,0,0,0,0,6,-1,0
C:\Users\Madhu\Downloads\Billing-Software-in-JAVA-with-Print-API-master\src\gstbilling\admin\GstClassificationCreation.java,gstbilling.admin.GstClassificationCreation$Anonymous3,anonymous,1,1,0,1,1,1,0,1,0,0.0,NaN,NaN,1,0,1,0,0,0,1,0,0,0,0,0,0,0,0,0,0,0,0,5,0,0,0,0,0,0,0,0,0,0,0,0,0,0,6,-1,0
C:\Users\Madhu\Downloads\Billing-Software-in-JAVA-with-Print-API-master\src\gstbilling\admin\GstClassificationCreation.java,gstbilling.admin.GstClassificationCreation$Anonymous2,anonymous,1,1,0,1,1,1,0,1,0,0.0,NaN,NaN,1,0,1,0,0,0,1,0,0,0,0,0,0,0,0,0,0,0,0,5,0,0,0,0,0,0,0,0,0,0,0,0,0,0,6,-1,0
C:\Users\Madhu\Downloads\Billing-Software-in-JAVA-with-Print-API-master\src\gstbilling\employee\Invoice.java,gstbilling.employee.Invoice$Anonymous29,anonymous,1,1,0,1,1,1,0,1,0,0.0,NaN,NaN,1,0,1,0,0,0,1,0,0,0,0,0,0,0,0,0,0,0,0,5,0,0,0,0,0,0,0,0,0,0,0,0,0,0,5,-1,0
C:\Users\Madhu\Downloads\Billing-Software-in-JAVA-with-Print-API-master\src\gstbilling\admin\CreateInvoice.java,gstbilling.admin.CreateInvoice$Anonymous9,anonymous,1,1,0,1,1,1,0,1,0,0.0,NaN,NaN,1,0,1,0,0,0,1,0,0,0,0,0,0,0,0,0,0,0,0,5,0,0,0,0,0,0,0,0,0,0,0,0,0,0,6,-1,0
C:\Users\Madhu\Downloads\Billing-Software-in-JAVA-with-Print-API-master\src\gstbilling\admin\CreateInvoice.java,gstbilling.admin.CreateInvoice$Anonymous8,anonymous,1,1,0,1,1,1,0,1,0,0.0,NaN,NaN,1,0,1,0,0,0,1,0,0,0,0,0,0,0,0,0,0,0,0,5,0,0,0,0,0,0,0,0,0,0,0,0,0,0,5,-1,0
C:\Users\Madhu\Downloads\Billing-Software-in-JAVA-with-Print-API-master\src\gstbilling\AdminHome.java,gstbilling.AdminHome$Anonymous1,anonymous,1,1,0,1,1,1,0,1,0,0.0,NaN,NaN,1,0,1,0,0,0,1,0,0,0,0,0,0,0,0,0,0,0,0,5,0,0,0,0,0,0,0,0,0,0,0,0,0,0,5,-1,0
C:\Users\Madhu\Downloads\Billing-Software-in-JAVA-with-Print-API-master\src\gstbilling\AdminHome.java,gstbilling.AdminHome$Anonymous2,anonymous,1,1,0,1,1,1,0,1,0,0.0,NaN,NaN,1,0,1,0,0,0,1,0,0,0,0,0,0,0,0,0,0,0,0,5,0,0,0,0,0,0,0,0,0,0,0,0,0,0,5,-1,0
C:\Users\Madhu\Downloads\Billing-Software-in-JAVA-with-Print-API-master\src\gstbilling\AdminHome.java,gstbilling.AdminHome$Anonymous3,anonymous,1,1,0,1,1,1,0,1,0,0.0,NaN,NaN,1,0,1,0,0,0,1,0,0,0,0,0,0,0,0,0,0,0,0,5,0,0,0,0,0,0,0,0,0,0,0,0,0,0,5,-1,0
C:\Users\Madhu\Downloads\Billing-Software-in-JAVA-with-Print-API-master\src\gstbilling\admin\CreateInvoice.java,gstbilling.admin.CreateInvoice$Anonymous1,anonymous,1,1,0,1,1,1,0,1,0,0.0,NaN,NaN,1,0,1,0,0,0,1,0,0,0,0,0,0,0,0,0,0,0,0,5,0,0,0,0,0,0,0,0,0,0,0,0,0,0,5,-1,0
C:\Users\Madhu\Downloads\Billing-Software-in-JAVA-with-Print-API-master\src\gstbilling\AdminHome.java,gstbilling.AdminHome$Anonymous4,anonymous,1,1,0,1,1,1,0,1,0,0.0,NaN,NaN,1,0,1,0,0,0,1,0,0,0,0,0,0,0,0,0,0,0,0,5,0,0,0,0,0,0,0,0,0,0,0,0,0,0,5,-1,0
C:\Users\Madhu\Downloads\Billing-Software-in-JAVA-with-Print-API-master\src\gstbilling\AdminHome.java,gstbilling.AdminHome$Anonymous5,anonymous,1,1,0,1,1,1,0,1,0,0.0,NaN,NaN,1,0,1,0,0,0,1,0,0,0,0,0,0,0,0,0,0,0,0,5,0,0,0,0,0,0,0,0,0,0,0,0,0,0,5,-1,0
C:\Users\Madhu\Downloads\Billing-Software-in-JAVA-with-Print-API-master\src\gstbilling\admin\CreateInvoice.java,gstbilling.admin.CreateInvoice$Anonymous3,anonymous,1,1,0,1,1,1,0,1,0,0.0,NaN,NaN,1,0,1,0,0,0,1,0,0,0,0,0,0,0,0,0,0,0,0,5,0,0,0,0,0,0,0,0,0,0,0,0,0,0,5,-1,0
C:\Users\Madhu\Downloads\Billing-Software-in-JAVA-with-Print-API-master\src\gstbilling\AdminHome.java,gstbilling.AdminHome$Anonymous6,anonymous,1,1,0,1,1,1,0,1,0,0.0,NaN,NaN,1,0,1,0,0,0,1,0,0,0,0,0,0,0,0,0,0,0,0,5,0,0,0,0,0,0,0,0,0,0,0,0,0,0,5,-1,0
C:\Users\Madhu\Downloads\Billing-Software-in-JAVA-with-Print-API-master\src\gstbilling\admin\CreateInvoice.java,gstbilling.admin.CreateInvoice$Anonymous2,anonymous,1,1,0,1,1,1,0,1,0,0.0,NaN,NaN,1,0,1,0,0,0,1,0,0,0,0,0,0,0,0,0,0,0,0,5,0,0,0,0,0,0,0,0,0,0,0,0,0,0,5,-1,0
C:\Users\Madhu\Downloads\Billing-Software-in-JAVA-with-Print-API-master\src\gstbilling\admin\CreateNewUser.java,gstbilling.admin.CreateNewUser$Anonymous1,anonymous,1,1,0,1,1,1,0,1,0,0.0,NaN,NaN,1,0,1,0,0,0,1,0,0,0,0,0,0,0,0,0,0,0,0,5,0,0,0,0,0,0,0,0,0,0,0,0,0,0,6,-1,0
C:\Users\Madhu\Downloads\Billing-Software-in-JAVA-with-Print-API-master\src\gstbilling\AdminHome.java,gstbilling.AdminHome$Anonymous7,anonymous,1,1,0,1,1,1,0,1,0,0.0,NaN,NaN,1,0,1,0,0,0,1,0,0,0,0,0,0,0,0,0,0,0,0,5,0,0,0,0,0,0,0,0,0,0,0,0,0,0,5,-1,0
C:\Users\Madhu\Downloads\Billing-Software-in-JAVA-with-Print-API-master\src\gstbilling\DbDatabase.java,gstbilling.DbDatabase,class,0,3,3,0,8,1,0,0,20,0.75,0.14285715,0.14285715,8,8,8,0,0,0,8,0,0,0,1,1,1,0,0,0,0,0,0,27,4,0,0,0,0,0,0,4,0,4,0,0,0,0,13,1,0
C:\Users\Madhu\Downloads\Billing-Software-in-JAVA-with-Print-API-master\src\gstbilling\admin\CreateInvoice.java,gstbilling.admin.CreateInvoice$Anonymous5,anonymous,1,1,0,1,1,1,0,1,0,0.0,NaN,NaN,1,0,1,0,0,0,1,0,0,0,0,0,0,0,0,0,0,0,0,5,0,0,0,0,0,0,0,0,0,0,0,0,0,0,6,-1,0
C:\Users\Madhu\Downloads\Billing-Software-in-JAVA-with-Print-API-master\src\gstbilling\admin\PreviousInvoice.java,gstbilling.admin.PreviousInvoice,class,2,4,2,2,4,5,0,21,3,0.6666666,NaN,NaN,3,0,1,2,0,0,1,0,0,0,9,0,0,9,0,0,0,0,1,63,0,0,0,1,0,24,2,17,0,13,1,0,0,0,63,1,0
C:\Users\Madhu\Downloads\Billing-Software-in-JAVA-with-Print-API-master\src\gstbilling\AdminHome.java,gstbilling.AdminHome$Anonymous8,anonymous,1,1,0,1,1,1,0,1,0,0.0,NaN,NaN,1,0,1,0,0,0,1,0,0,0,0,0,0,0,0,0,0,0,0,5,0,0,0,0,0,0,0,0,0,0,0,0,0,0,5,-1,0
C:\Users\Madhu\Downloads\Billing-Software-in-JAVA-with-Print-API-master\src\gstbilling\admin\CreateInvoice.java,gstbilling.admin.CreateInvoice$Anonymous4,anonymous,1,1,0,1,1,1,0,1,0,0.0,NaN,NaN,1,0,1,0,0,0,1,0,0,0,0,0,0,0,0,0,0,0,0,5,0,0,0,0,0,0,0,0,0,0,0,0,0,0,6,-1,0
C:\Users\Madhu\Downloads\Billing-Software-in-JAVA-with-Print-API-master\src\gstbilling\AdminHome.java,gstbilling.AdminHome$Anonymous9,anonymous,1,1,0,1,1,1,0,1,0,0.0,NaN,NaN,1,0,1,0,0,0,1,0,0,0,0,0,0,0,0,0,0,0,0,5,0,0,0,0,0,0,0,0,0,0,0,0,0,0,6,-1,0
C:\Users\Madhu\Downloads\Billing-Software-in-JAVA-with-Print-API-master\src\gstbilling\admin\CreateInvoice.java,gstbilling.admin.CreateInvoice$Anonymous7,anonymous,1,1,0,1,1,1,0,1,0,0.0,NaN,NaN,1,0,1,0,0,0,1,0,0,0,0,0,0,0,0,0,0,0,0,5,0,0,0,0,0,0,0,0,0,0,0,0,0,0,5,-1,0
C:\Users\Madhu\Downloads\Billing-Software-in-JAVA-with-Print-API-master\src\gstbilling\admin\CreateInvoice.java,gstbilling.admin.CreateInvoice$Anonymous6,anonymous,1,1,0,1,1,1,0,1,0,0.0,NaN,NaN,1,0,1,0,0,0,1,0,0,0,0,0,0,0,0,0,0,0,0,5,0,0,0,0,0,0,0,0,0,0,0,0,0,0,6,-1,0
C:\Users\Madhu\Downloads\Billing-Software-in-JAVA-with-Print-API-master\src\gstbilling\employee\Invoice.java,gstbilling.employee.Invoice$Anonymous17,anonymous,1,1,0,1,1,1,0,1,0,0.0,NaN,NaN,1,0,1,0,0,0,1,0,0,0,0,0,0,0,0,0,0,0,0,5,0,0,0,0,0,0,0,0,0,0,0,0,0,0,5,-1,0
C:\Users\Madhu\Downloads\Billing-Software-in-JAVA-with-Print-API-master\src\gstbilling\employee\Invoice.java,gstbilling.employee.Invoice$Anonymous16,anonymous,1,1,0,1,1,1,0,1,0,0.0,NaN,NaN,1,0,1,0,0,0,1,0,0,0,0,0,0,0,0,0,0,0,0,5,0,0,0,0,0,0,0,0,0,0,0,0,0,0,5,-1,0
C:\Users\Madhu\Downloads\Billing-Software-in-JAVA-with-Print-API-master\src\gstbilling\admin\EditClassification.java,gstbilling.admin.EditClassification$Anonymous2,anonymous,1,1,0,1,1,1,0,1,0,0.0,NaN,NaN,1,0,1,0,0,0,1,0,0,0,0,0,0,0,0,0,0,0,0,5,0,0,0,0,0,0,0,0,0,0,0,0,0,0,5,-1,0
C:\Users\Madhu\Downloads\Billing-Software-in-JAVA-with-Print-API-master\src\gstbilling\employee\Invoice.java,gstbilling.employee.Invoice$Anonymous15,anonymous,1,1,0,1,1,1,0,1,0,0.0,NaN,NaN,1,0,1,0,0,0,1,0,0,0,0,0,0,0,0,0,0,0,0,5,0,0,0,0,0,0,0,0,0,0,0,0,0,0,5,-1,0
C:\Users\Madhu\Downloads\Billing-Software-in-JAVA-with-Print-API-master\src\gstbilling\admin\EditClassification.java,gstbilling.admin.EditClassification$Anonymous1,anonymous,1,1,0,1,1,1,0,1,0,0.0,NaN,NaN,1,0,1,0,0,0,1,0,0,0,0,0,0,0,0,0,0,0,0,5,0,0,0,0,0,0,0,0,0,0,0,0,0,0,7,-1,0
C:\Users\Madhu\Downloads\Billing-Software-in-JAVA-with-Print-API-master\src\gstbilling\employee\Invoice.java,gstbilling.employee.Invoice$Anonymous14,anonymous,1,1,0,1,1,1,0,1,0,0.0,NaN,NaN,1,0,1,0,0,0,1,0,0,0,0,0,0,0,0,0,0,0,0,5,0,0,0,0,0,0,0,0,0,0,0,0,0,0,6,-1,0
C:\Users\Madhu\Downloads\Billing-Software-in-JAVA-with-Print-API-master\src\gstbilling\employee\Invoice.java,gstbilling.employee.Invoice$Anonymous13,anonymous,1,1,0,1,1,1,0,1,0,0.0,NaN,NaN,1,0,1,0,0,0,1,0,0,0,0,0,0,0,0,0,0,0,0,5,0,0,0,0,0,0,0,0,0,0,0,0,0,0,6,-1,0
C:\Users\Madhu\Downloads\Billing-Software-in-JAVA-with-Print-API-master\src\gstbilling\EmployeeHome.java,gstbilling.EmployeeHome$Anonymous1,anonymous,1,1,0,1,1,1,0,1,0,0.0,NaN,NaN,1,0,1,0,0,0,1,0,0,0,0,0,0,0,0,0,0,0,0,5,0,0,0,0,0,0,0,0,0,0,0,0,0,0,6,-1,0
C:\Users\Madhu\Downloads\Billing-Software-in-JAVA-with-Print-API-master\src\gstbilling\employee\Invoice.java,gstbilling.employee.Invoice$Anonymous12,anonymous,1,1,0,1,1,1,0,1,0,0.0,NaN,NaN,1,0,1,0,0,0,1,0,0,0,0,0,0,0,0,0,0,0,0,5,0,0,0,0,0,0,0,0,0,0,0,0,0,0,6,-1,0
C:\Users\Madhu\Downloads\Billing-Software-in-JAVA-with-Print-API-master\src\gstbilling\EmployeeHome.java,gstbilling.EmployeeHome$Anonymous2,anonymous,1,1,0,1,1,1,0,1,0,0.0,NaN,NaN,1,0,1,0,0,0,1,0,0,0,0,0,0,0,0,0,0,0,0,5,0,0,0,0,0,0,0,0,0,0,0,0,0,0,6,-1,0
C:\Users\Madhu\Downloads\Billing-Software-in-JAVA-with-Print-API-master\src\gstbilling\employee\Invoice.java,gstbilling.employee.Invoice$Anonymous11,anonymous,1,1,0,1,1,1,0,1,0,0.0,NaN,NaN,1,0,1,0,0,0,1,0,0,0,0,0,0,0,0,0,0,0,0,5,0,0,0,0,0,0,0,0,0,0,0,0,0,0,5,-1,0
C:\Users\Madhu\Downloads\Billing-Software-in-JAVA-with-Print-API-master\src\gstbilling\EmployeeHome.java,gstbilling.EmployeeHome$Anonymous3,anonymous,1,1,0,1,1,1,0,1,0,0.0,NaN,NaN,1,0,1,0,0,0,1,0,0,0,0,0,0,0,0,0,0,0,0,5,0,0,0,0,0,0,0,0,0,0,0,0,0,0,6,-1,0
C:\Users\Madhu\Downloads\Billing-Software-in-JAVA-with-Print-API-master\src\gstbilling\employee\Invoice.java,gstbilling.employee.Invoice$Anonymous10,anonymous,1,1,0,1,1,1,0,1,0,0.0,NaN,NaN,1,0,1,0,0,0,1,0,0,0,0,0,0,0,0,0,0,0,0,5,0,0,0,0,0,0,0,0,0,0,0,0,0,0,5,-1,0
C:\Users\Madhu\Downloads\Billing-Software-in-JAVA-with-Print-API-master\src\gstbilling\EmployeeHome.java,gstbilling.EmployeeHome$Anonymous4,anonymous,1,1,0,1,1,1,0,1,0,0.0,NaN,NaN,1,0,1,0,0,0,1,0,0,0,0,0,0,0,0,0,0,0,0,5,0,0,0,0,0,0,0,0,0,0,0,0,0,0,6,-1,0
C:\Users\Madhu\Downloads\Billing-Software-in-JAVA-with-Print-API-master\src\gstbilling\employee\UpdateInvoice.java,gstbilling.employee.UpdateInvoice,class,5,36,31,5,70,5,0,99,638,0.9679833,0.0,0.0,37,2,4,31,2,0,6,0,0,0,65,1,1,52,0,12,0,0,39,913,4,6,3,11,0,373,383,153,30,135,3,29,1,0,206,1,0
C:\Users\Madhu\Downloads\Billing-Software-in-JAVA-with-Print-API-master\src\gstbilling\employee\ViewProduct.java,gstbilling.employee.ViewProduct,class,2,5,3,2,3,5,0,21,1,0.5,NaN,NaN,2,0,1,1,0,0,1,0,0,0,4,0,0,4,0,0,0,0,1,36,0,0,0,1,0,8,2,8,0,8,1,0,0,0,58,1,0
C:\Users\Madhu\Downloads\Billing-Software-in-JAVA-with-Print-API-master\src\gstbilling\Login.java,gstbilling.Login,class,7,15,8,7,30,6,0,72,21,0.8714286,0.0,0.0,7,2,3,4,0,0,3,0,0,0,10,3,1,7,0,2,0,0,25,209,0,3,3,7,1,43,62,43,3,33,3,4,0,0,143,1,0
C:\Users\Madhu\Downloads\Billing-Software-in-JAVA-with-Print-API-master\src\gstbilling\employee\Invoice.java,gstbilling.employee.Invoice$Anonymous19,anonymous,1,1,0,1,1,1,0,1,0,0.0,NaN,NaN,1,0,1,0,0,0,1,0,0,0,0,0,0,0,0,0,0,0,0,5,0,0,0,0,0,0,0,0,0,0,0,0,0,0,5,-1,0
C:\Users\Madhu\Downloads\Billing-Software-in-JAVA-with-Print-API-master\src\gstbilling\employee\Invoice.java,gstbilling.employee.Invoice$Anonymous18,anonymous,1,1,0,1,1,1,0,1,0,0.0,NaN,NaN,1,0,1,0,0,0,1,0,0,0,0,0,0,0,0,0,0,0,0,5,0,0,0,0,0,0,0,0,0,0,0,0,0,0,5,-1,0
C:\Users\Madhu\Downloads\Billing-Software-in-JAVA-with-Print-API-master\src\gstbilling\admin\EditClassification.java,gstbilling.admin.EditClassification$Anonymous8,anonymous,1,1,0,1,1,1,0,1,0,0.0,NaN,NaN,1,0,1,0,0,0,1,0,0,0,0,0,0,0,0,0,0,0,0,5,0,0,0,0,0,0,0,0,0,0,0,0,0,0,5,-1,0
C:\Users\Madhu\Downloads\Billing-Software-in-JAVA-with-Print-API-master\src\gstbilling\admin\EditClassification.java,gstbilling.admin.EditClassification$Anonymous7,anonymous,1,1,0,1,1,1,0,1,0,0.0,NaN,NaN,1,0,1,0,0,0,1,0,0,0,0,0,0,0,0,0,0,0,0,5,0,0,0,0,0,0,0,0,0,0,0,0,0,0,7,-1,0
C:\Users\Madhu\Downloads\Billing-Software-in-JAVA-with-Print-API-master\src\gstbilling\admin\EditClassification.java,gstbilling.admin.EditClassification$Anonymous9,anonymous,1,1,0,1,1,1,0,1,0,0.0,NaN,NaN,1,0,1,0,0,0,1,0,0,0,0,0,0,0,0,0,0,0,0,5,0,0,0,0,0,0,0,0,0,0,0,0,0,0,5,-1,0
C:\Users\Madhu\Downloads\Billing-Software-in-JAVA-with-Print-API-master\src\gstbilling\admin\EditClassification.java,gstbilling.admin.EditClassification$Anonymous4,anonymous,1,1,0,1,1,1,0,1,0,0.0,NaN,NaN,1,0,1,0,0,0,1,0,0,0,0,0,0,0,0,0,0,0,0,5,0,0,0,0,0,0,0,0,0,0,0,0,0,0,7,-1,0
C:\Users\Madhu\Downloads\Billing-Software-in-JAVA-with-Print-API-master\src\gstbilling\admin\EditClassification.java,gstbilling.admin.EditClassification$Anonymous3,anonymous,1,1,0,1,1,1,0,1,0,0.0,NaN,NaN,1,0,1,0,0,0,1,0,0,0,0,0,0,0,0,0,0,0,0,5,0,0,0,0,0,0,0,0,0,0,0,0,0,0,7,-1,0
C:\Users\Madhu\Downloads\Billing-Software-in-JAVA-with-Print-API-master\src\gstbilling\admin\EditClassification.java,gstbilling.admin.EditClassification$Anonymous6,anonymous,1,1,0,1,1,1,0,1,0,0.0,NaN,NaN,1,0,1,0,0,0,1,0,0,0,0,0,0,0,0,0,0,0,0,5,0,0,0,0,0,0,0,0,0,0,0,0,0,0,7,-1,0
C:\Users\Madhu\Downloads\Billing-Software-in-JAVA-with-Print-API-master\src\gstbilling\admin\EditClassification.java,gstbilling.admin.EditClassification$Anonymous5,anonymous,1,1,0,1,1,1,0,1,0,0.0,NaN,NaN,1,0,1,0,0,0,1,0,0,0,0,0,0,0,0,0,0,0,0,5,0,0,0,0,0,0,0,0,0,0,0,0,0,0,7,-1,0
C:\Users\Madhu\Downloads\Billing-Software-in-JAVA-with-Print-API-master\src\gstbilling\Connect.java,gstbilling.Connect,class,1,19,18,1,1,1,0,6,0,0.0,NaN,NaN,1,1,1,0,0,0,1,0,0,0,4,4,4,0,0,0,4,0,6,11,1,0,0,0,0,3,0,5,2,5,0,0,0,0,18,1,0
C:\Users\Madhu\Downloads\Billing-Software-in-JAVA-with-Print-API-master\src\gstbilling\employee\UpdateInvoice.java,gstbilling.employee.UpdateInvoice$Anonymous8,anonymous,1,1,0,1,1,1,0,1,0,0.0,NaN,NaN,1,0,1,0,0,0,1,0,0,0,0,0,0,0,0,0,0,0,0,5,0,0,0,0,0,0,0,0,0,0,0,0,0,0,5,-1,0
C:\Users\Madhu\Downloads\Billing-Software-in-JAVA-with-Print-API-master\src\gstbilling\employee\UpdateInvoice.java,gstbilling.employee.UpdateInvoice$Anonymous9,anonymous,1,1,0,1,1,1,0,1,0,0.0,NaN,NaN,1,0,1,0,0,0,1,0,0,0,0,0,0,0,0,0,0,0,0,5,0,0,0,0,0,0,0,0,0,0,0,0,0,0,6,-1,0
C:\Users\Madhu\Downloads\Billing-Software-in-JAVA-with-Print-API-master\src\gstbilling\admin\EditClassification.java,gstbilling.admin.EditClassification$Anonymous10,anonymous,1,1,0,1,1,1,0,1,0,0.0,NaN,NaN,1,0,1,0,0,0,1,0,0,0,0,0,0,0,0,0,0,0,0,5,0,0,0,0,0,0,0,0,0,0,0,0,0,0,5,-1,0
C:\Users\Madhu\Downloads\Billing-Software-in-JAVA-with-Print-API-master\src\gstbilling\admin\EditClassification.java,gstbilling.admin.EditClassification$Anonymous11,anonymous,1,1,0,1,1,1,0,1,0,0.0,NaN,NaN,1,0,1,0,0,0,1,0,0,0,0,0,0,0,0,0,0,0,0,5,0,0,0,0,0,0,0,0,0,0,0,0,0,0,5,-1,0
C:\Users\Madhu\Downloads\Billing-Software-in-JAVA-with-Print-API-master\src\gstbilling\employee\DateFill.java,gstbilling.employee.DateFill,class,1,3,2,1,7,1,0,7,15,0.7142857,0.14285715,0.14285715,7,0,7,0,0,0,7,0,0,0,1,1,0,1,0,0,0,0,1,33,3,0,0,0,0,1,4,10,1,9,0,0,0,0,18,1,0
C:\Users\Madhu\Downloads\Billing-Software-in-JAVA-with-Print-API-master\src\gstbilling\employee\UpdateInvoice.java,gstbilling.employee.UpdateInvoice$Anonymous1,anonymous,1,1,0,1,1,1,0,1,0,0.0,NaN,NaN,1,0,1,0,0,0,1,0,0,0,0,0,0,0,0,0,0,0,0,5,0,0,0,0,0,0,0,0,0,0,0,0,0,0,5,-1,0
C:\Users\Madhu\Downloads\Billing-Software-in-JAVA-with-Print-API-master\src\gstbilling\employee\UpdateInvoice.java,gstbilling.employee.UpdateInvoice$Anonymous2,anonymous,1,1,0,1,1,1,0,1,0,0.0,NaN,NaN,1,0,1,0,0,0,1,0,0,0,0,0,0,0,0,0,0,0,0,5,0,0,0,0,0,0,0,0,0,0,0,0,0,0,5,-1,0
C:\Users\Madhu\Downloads\Billing-Software-in-JAVA-with-Print-API-master\src\gstbilling\Login.java,gstbilling.Login$Anonymous4,anonymous,1,1,0,1,1,1,0,1,0,0.0,NaN,NaN,1,0,1,0,0,0,1,0,0,0,0,0,0,0,0,0,0,0,0,5,0,0,0,0,0,0,0,0,0,0,0,0,0,0,3,-1,0
C:\Users\Madhu\Downloads\Billing-Software-in-JAVA-with-Print-API-master\src\gstbilling\employee\CreateInvoice.java,gstbilling.employee.CreateInvoice$Anonymous20,anonymous,1,1,0,1,1,1,0,1,0,0.0,NaN,NaN,1,0,1,0,0,0,1,0,0,0,0,0,0,0,0,0,0,0,0,5,0,0,0,0,0,0,0,0,0,0,0,0,0,0,5,-1,0
C:\Users\Madhu\Downloads\Billing-Software-in-JAVA-with-Print-API-master\src\gstbilling\employee\UpdateInvoice.java,gstbilling.employee.UpdateInvoice$Anonymous3,anonymous,1,1,0,1,1,1,0,1,0,0.0,NaN,NaN,1,0,1,0,0,0,1,0,0,0,0,0,0,0,0,0,0,0,0,5,0,0,0,0,0,0,0,0,0,0,0,0,0,0,6,-1,0
C:\Users\Madhu\Downloads\Billing-Software-in-JAVA-with-Print-API-master\src\gstbilling\Login.java,gstbilling.Login$Anonymous3,anonymous,1,1,0,1,1,1,0,1,0,0.0,NaN,NaN,1,0,1,0,0,0,1,0,0,0,0,0,0,0,0,0,0,0,0,5,0,0,0,0,0,0,0,0,0,0,0,0,0,0,5,-1,0
C:\Users\Madhu\Downloads\Billing-Software-in-JAVA-with-Print-API-master\src\gstbilling\employee\CreateInvoice.java,gstbilling.employee.CreateInvoice$Anonymous21,anonymous,1,1,0,1,1,1,0,1,0,0.0,NaN,NaN,1,0,1,0,0,0,1,0,0,0,0,0,0,0,0,0,0,0,0,5,0,0,0,0,0,0,0,0,0,0,0,0,0,0,5,-1,0
C:\Users\Madhu\Downloads\Billing-Software-in-JAVA-with-Print-API-master\src\gstbilling\employee\UpdateInvoice.java,gstbilling.employee.UpdateInvoice$Anonymous4,anonymous,1,1,0,1,1,1,0,1,0,0.0,NaN,NaN,1,0,1,0,0,0,1,0,0,0,0,0,0,0,0,0,0,0,0,5,0,0,0,0,0,0,0,0,0,0,0,0,0,0,5,-1,0
C:\Users\Madhu\Downloads\Billing-Software-in-JAVA-with-Print-API-master\src\gstbilling\Login.java,gstbilling.Login$Anonymous2,anonymous,1,1,0,1,1,1,0,1,0,0.0,NaN,NaN,1,0,1,0,0,0,1,0,0,0,0,0,0,0,0,0,0,0,0,5,0,0,0,0,0,0,0,0,0,0,0,0,0,0,5,-1,0
C:\Users\Madhu\Downloads\Billing-Software-in-JAVA-with-Print-API-master\src\gstbilling\employee\CreateInvoice.java,gstbilling.employee.CreateInvoice$Anonymous22,anonymous,1,1,0,1,1,1,0,1,0,0.0,NaN,NaN,1,0,1,0,0,0,1,0,0,0,0,0,0,0,0,0,0,0,0,5,0,0,0,0,0,0,0,0,0,0,0,0,0,0,5,-1,0
C:\Users\Madhu\Downloads\Billing-Software-in-JAVA-with-Print-API-master\src\gstbilling\employee\UpdateInvoice.java,gstbilling.employee.UpdateInvoice$Anonymous5,anonymous,1,1,0,1,1,1,0,1,0,0.0,NaN,NaN,1,0,1,0,0,0,1,0,0,0,0,0,0,0,0,0,0,0,0,5,0,0,0,0,0,0,0,0,0,0,0,0,0,0,5,-1,0
C:\Users\Madhu\Downloads\Billing-Software-in-JAVA-with-Print-API-master\src\gstbilling\Login.java,gstbilling.Login$Anonymous1,anonymous,1,1,0,1,1,1,0,1,0,0.0,NaN,NaN,1,0,1,0,0,0,1,0,0,0,0,0,0,0,0,0,0,0,0,5,0,0,0,0,0,0,0,0,0,0,0,0,0,0,5,-1,0
C:\Users\Madhu\Downloads\Billing-Software-in-JAVA-with-Print-API-master\src\gstbilling\employee\UpdateInvoice.java,gstbilling.employee.UpdateInvoice$Anonymous6,anonymous,1,1,0,1,1,1,0,1,0,0.0,NaN,NaN,1,0,1,0,0,0,1,0,0,0,0,0,0,0,0,0,0,0,0,5,0,0,0,0,0,0,0,0,0,0,0,0,0,0,5,-1,0
C:\Users\Madhu\Downloads\Billing-Software-in-JAVA-with-Print-API-master\src\gstbilling\admin\DateFill.java,gstbilling.admin.DateFill,class,1,5,4,1,7,1,0,7,15,0.7142857,0.14285715,0.14285715,7,0,7,0,0,0,7,0,0,0,1,1,0,1,0,0,0,0,1,33,3,0,0,0,0,1,4,10,1,9,0,0,0,0,18,1,0
C:\Users\Madhu\Downloads\Billing-Software-in-JAVA-with-Print-API-master\src\gstbilling\employee\UpdateInvoice.java,gstbilling.employee.UpdateInvoice$Anonymous7,anonymous,1,1,0,1,1,1,0,1,0,0.0,NaN,NaN,1,0,1,0,0,0,1,0,0,0,0,0,0,0,0,0,0,0,0,5,0,0,0,0,0,0,0,0,0,0,0,0,0,0,5,-1,0
C:\Users\Madhu\Downloads\Billing-Software-in-JAVA-with-Print-API-master\src\gstbilling\admin\CreateInvoice.java,gstbilling.admin.CreateInvoice,class,4,38,34,4,65,5,0,83,814,0.97499406,0.0,0.0,41,2,2,37,2,0,4,0,0,0,115,2,0,113,0,2,0,0,67,1202,3,1,4,11,38,587,542,256,62,219,4,33,1,0,261,1,0
C:\Users\Madhu\Downloads\Billing-Software-in-JAVA-with-Print-API-master\src\gstbilling\employee\CreateInvoice.java,gstbilling.employee.CreateInvoice$Anonymous14,anonymous,1,1,0,1,1,1,0,1,0,0.0,NaN,NaN,1,0,1,0,0,0,1,0,0,0,0,0,0,0,0,0,0,0,0,5,0,0,0,0,0,0,0,0,0,0,0,0,0,0,5,-1,0
C:\Users\Madhu\Downloads\Billing-Software-in-JAVA-with-Print-API-master\src\gstbilling\employee\CreateInvoice.java,gstbilling.employee.CreateInvoice$Anonymous15,anonymous,1,1,0,1,1,1,0,1,0,0.0,NaN,NaN,1,0,1,0,0,0,1,0,0,0,0,0,0,0,0,0,0,0,0,5,0,0,0,0,0,0,0,0,0,0,0,0,0,0,5,-1,0
C:\Users\Madhu\Downloads\Billing-Software-in-JAVA-with-Print-API-master\src\gstbilling\employee\CreateInvoice.java,gstbilling.employee.CreateInvoice$Anonymous16,anonymous,1,1,0,1,1,1,0,1,0,0.0,NaN,NaN,1,0,1,0,0,0,1,0,0,0,0,0,0,0,0,0,0,0,0,5,0,0,0,0,0,0,0,0,0,0,0,0,0,0,5,-1,0
C:\Users\Madhu\Downloads\Billing-Software-in-JAVA-with-Print-API-master\src\gstbilling\employee\CreateInvoice.java,gstbilling.employee.CreateInvoice$Anonymous17,anonymous,1,1,0,1,1,1,0,1,0,0.0,NaN,NaN,1,0,1,0,0,0,1,0,0,0,0,0,0,0,0,0,0,0,0,5,0,0,0,0,0,0,0,0,0,0,0,0,0,0,6,-1,0
C:\Users\Madhu\Downloads\Billing-Software-in-JAVA-with-Print-API-master\src\gstbilling\employee\CreateInvoice.java,gstbilling.employee.CreateInvoice$Anonymous18,anonymous,1,1,0,1,1,1,0,1,0,0.0,NaN,NaN,1,0,1,0,0,0,1,0,0,0,0,0,0,0,0,0,0,0,0,5,0,0,0,0,0,0,0,0,0,0,0,0,0,0,5,-1,0
C:\Users\Madhu\Downloads\Billing-Software-in-JAVA-with-Print-API-master\src\gstbilling\employee\CreateInvoice.java,gstbilling.employee.CreateInvoice$Anonymous19,anonymous,1,1,0,1,1,1,0,1,0,0.0,NaN,NaN,1,0,1,0,0,0,1,0,0,0,0,0,0,0,0,0,0,0,0,5,0,0,0,0,0,0,0,0,0,0,0,0,0,0,5,-1,0
C:\Users\Madhu\Downloads\Billing-Software-in-JAVA-with-Print-API-master\src\gstbilling\admin\EditClassification.java,gstbilling.admin.EditClassification,class,2,15,13,2,26,5,0,53,79,0.9230768,0.0,0.0,14,0,2,12,0,0,2,0,0,0,39,0,0,38,0,1,0,0,11,333,0,2,0,4,0,286,198,55,3,54,3,11,0,0,120,1,0
C:\Users\Madhu\Downloads\Billing-Software-in-JAVA-with-Print-API-master\src\gstbilling\admin\GstCompanyDetail.java,gstbilling.admin.GstCompanyDetail$Anonymous1,anonymous,1,1,0,1,1,1,0,1,0,0.0,NaN,NaN,1,0,1,0,0,0,1,0,0,0,0,0,0,0,0,0,0,0,0,5,0,0,0,0,0,0,0,0,0,0,0,0,0,0,5,-1,0
C:\Users\Madhu\Downloads\Billing-Software-in-JAVA-with-Print-API-master\src\gstbilling\employee\CreateInvoice.java,gstbilling.employee.CreateInvoice$Anonymous10,anonymous,1,1,0,1,1,1,0,1,0,0.0,NaN,NaN,1,0,1,0,0,0,1,0,0,0,0,0,0,0,0,0,0,0,0,5,0,0,0,0,0,0,0,0,0,0,0,0,0,0,5,-1,0
C:\Users\Madhu\Downloads\Billing-Software-in-JAVA-with-Print-API-master\src\gstbilling\admin\CreateInvoice.java,gstbilling.admin.CreateInvoice$BillPrintable,innerclass,0,0,0,0,5,1,0,14,0,0.0,NaN,NaN,1,0,1,0,0,0,1,0,0,0,0,0,0,0,0,0,0,0,0,152,1,0,1,1,0,59,95,59,28,18,3,0,0,0,59,1,0
C:\Users\Madhu\Downloads\Billing-Software-in-JAVA-with-Print-API-master\src\gstbilling\admin\GstCompanyDetail.java,gstbilling.admin.GstCompanyDetail$Anonymous2,anonymous,1,1,0,1,1,1,0,1,0,0.0,NaN,NaN,1,0,1,0,0,0,1,0,0,0,0,0,0,0,0,0,0,0,0,5,0,0,0,0,0,0,0,0,0,0,0,0,0,0,5,-1,0
C:\Users\Madhu\Downloads\Billing-Software-in-JAVA-with-Print-API-master\src\gstbilling\employee\CreateInvoice.java,gstbilling.employee.CreateInvoice$Anonymous11,anonymous,1,1,0,1,1,1,0,1,0,0.0,NaN,NaN,1,0,1,0,0,0,1,0,0,0,0,0,0,0,0,0,0,0,0,5,0,0,0,0,0,0,0,0,0,0,0,0,0,0,5,-1,0
C:\Users\Madhu\Downloads\Billing-Software-in-JAVA-with-Print-API-master\src\gstbilling\admin\GstCompanyDetail.java,gstbilling.admin.GstCompanyDetail$Anonymous3,anonymous,1,1,0,1,1,1,0,1,0,0.0,NaN,NaN,1,0,1,0,0,0,1,0,0,0,0,0,0,0,0,0,0,0,0,5,0,0,0,0,0,0,0,0,0,0,0,0,0,0,6,-1,0
C:\Users\Madhu\Downloads\Billing-Software-in-JAVA-with-Print-API-master\src\gstbilling\employee\CreateInvoice.java,gstbilling.employee.CreateInvoice$Anonymous12,anonymous,1,1,0,1,1,1,0,1,0,0.0,NaN,NaN,1,0,1,0,0,0,1,0,0,0,0,0,0,0,0,0,0,0,0,5,0,0,0,0,0,0,0,0,0,0,0,0,0,0,5,-1,0
C:\Users\Madhu\Downloads\Billing-Software-in-JAVA-with-Print-API-master\src\gstbilling\employee\CreateInvoice.java,gstbilling.employee.CreateInvoice$Anonymous13,anonymous,1,1,0,1,1,1,0,1,0,0.0,NaN,NaN,1,0,1,0,0,0,1,0,0,0,0,0,0,0,0,0,0,0,0,5,0,0,0,0,0,0,0,0,0,0,0,0,0,0,5,-1,0
