file,class,type,cbo,cboModified,fanin,fanout,wmc,dit,noc,rfc,lcom,lcom*,tcc,lcc,totalMethodsQty,staticMethodsQty,publicMethodsQty,privateMethodsQty,protectedMethodsQty,defaultMethodsQty,visibleMethodsQty,abstractMethodsQty,finalMethodsQty,synchronizedMethodsQty,totalFieldsQty,staticFieldsQty,publicFieldsQty,privateFieldsQty,protectedFieldsQty,defaultFieldsQty,finalFieldsQty,synchronizedFieldsQty,nosi,loc,returnQty,loopQty,comparisonsQty,tryCatchQty,parenthesizedExpsQty,stringLiteralsQty,numbersQty,assignmentsQty,mathOperationsQty,variablesQty,maxNestedBlocksQty,anonymousClassesQty,innerClassesQty,lambdasQty,uniqueWordsQty,modifiers,logStatementsQty
C:\Users\Madhu\Downloads\Email-Admin-master\src\com\neelp\EmailApp.java,com.neelp.EmailApp,class,3,4,1,3,8,1,0,11,3,0.0,0.0,0.0,3,3,3,0,0,0,3,0,0,0,0,0,0,0,0,0,0,0,12,39,2,1,0,2,0,11,5,8,1,6,2,0,0,0,38,1,0
C:\Users\Madhu\Downloads\Email-Admin-master\src\com\neelp\writer.java,com.neelp.writer,class,0,0,0,0,0,1,0,0,0,0.0,-1.0,-1.0,0,0,0,0,0,0,0,0,0,0,0,0,0,0,0,0,0,0,0,2,0,0,0,0,0,0,0,0,0,0,0,0,0,0,1,1,0
C:\Users\Madhu\Downloads\Email-Admin-master\src\com\neelp\Employees.java,com.neelp.Employees,class,2,4,2,2,5,4,0,5,6,0.0,0.0,0.0,4,0,4,0,0,0,4,0,0,0,0,0,0,0,0,0,0,0,2,17,2,1,0,0,0,4,0,0,1,0,1,0,0,0,23,1,0
C:\Users\Madhu\Downloads\Email-Admin-master\src\com\neelp\Email.java,com.neelp.Email,class,2,5,3,2,10,1,0,10,6,0.6666667,0.6666667,1.0,5,0,3,2,0,0,3,0,0,0,6,0,0,6,0,0,4,0,5,51,6,1,0,0,2,26,6,14,6,13,1,0,0,0,28,1,0
