file,class,method,variable,usage
C:\Users\Madhu\Downloads\Email-Admin-master\src\com\neelp\Email.java,com.neelp.Email,"Email/2[java.lang.String,java.lang.String]",firstName,6
C:\Users\Madhu\Downloads\Email-Admin-master\src\com\neelp\Email.java,com.neelp.Email,"Email/2[java.lang.String,java.lang.String]",lastName,6
C:\Users\Madhu\Downloads\Email-Admin-master\src\com\neelp\Email.java,com.neelp.Email,"Email/2[java.lang.String,java.lang.String]",department,4
C:\Users\Madhu\Downloads\Email-Admin-master\src\com\neelp\Email.java,com.neelp.Email,"Email/2[java.lang.String,java.lang.String]",email,2
C:\Users\Madhu\Downloads\Email-Admin-master\src\com\neelp\Email.java,com.neelp.Email,setAltEmail/1[java.lang.String],alternateEmail,1
C:\Users\Madhu\Downloads\Email-Admin-master\src\com\neelp\Email.java,com.neelp.Email,display/0,firstName,1
C:\Users\Madhu\Downloads\Email-Admin-master\src\com\neelp\Email.java,com.neelp.Email,display/0,lastName,1
C:\Users\Madhu\Downloads\Email-Admin-master\src\com\neelp\Email.java,com.neelp.Email,display/0,alternateEmail,1
C:\Users\Madhu\Downloads\Email-Admin-master\src\com\neelp\Email.java,com.neelp.Email,display/0,department,1
C:\Users\Madhu\Downloads\Email-Admin-master\src\com\neelp\Email.java,com.neelp.Email,display/0,email,1
