file,class,method,constructor,line,cbo,cboModified,fanin,fanout,wmc,rfc,loc,returnsQty,variablesQty,parametersQty,methodsInvokedQty,methodsInvokedLocalQty,methodsInvokedIndirectLocalQty,loopQty,comparisonsQty,tryCatchQty,parenthesizedExpsQty,stringLiteralsQty,numbersQty,assignmentsQty,mathOperationsQty,maxNestedBlocksQty,anonymousClassesQty,innerClassesQty,lambdasQty,uniqueWordsQty,modifiers,logStatementsQty,hasJavaDoc
C:\Users\Madhu\Downloads\Email-Admin-master\src\com\neelp\EmailApp.java,com.neelp.EmailApp,"addInfo/2[com.neelp.Employees,int]",false,23,2,4,1,3,3,5,9,0,3,2,5,0,0,1,0,0,0,7,2,3,1,2,0,0,0,13,9,0,false
C:\Users\Madhu\Downloads\Email-Admin-master\src\com\neelp\EmailApp.java,com.neelp.EmailApp,isNumeric/1[java.lang.String],false,14,0,1,1,0,2,1,9,2,0,1,1,0,0,0,0,1,0,0,0,0,0,1,0,0,0,9,9,0,false
C:\Users\Madhu\Downloads\Email-Admin-master\src\com\neelp\EmailApp.java,com.neelp.EmailApp,main/1[java.lang.String[]],false,55,2,4,0,4,3,6,19,0,3,1,6,2,1,0,0,1,0,4,3,5,0,2,0,0,0,24,9,0,false
C:\Users\Madhu\Downloads\Email-Admin-master\src\com\neelp\Employees.java,com.neelp.Employees,getEmpArr/0,false,27,1,2,1,1,2,2,5,0,0,0,2,0,0,1,0,0,0,0,0,0,0,1,0,0,0,5,1,0,false
C:\Users\Madhu\Downloads\Email-Admin-master\src\com\neelp\Employees.java,com.neelp.Employees,add/1[com.neelp.Email],false,23,1,1,1,0,1,1,3,1,0,1,1,0,0,0,0,0,0,0,0,0,0,0,0,0,0,3,1,0,false
C:\Users\Madhu\Downloads\Email-Admin-master\src\com\neelp\Employees.java,com.neelp.Employees,startUp/0,false,33,0,1,1,0,1,0,3,1,0,0,0,0,0,0,0,0,0,3,0,0,1,0,0,0,0,14,1,0,false
C:\Users\Madhu\Downloads\Email-Admin-master\src\com\neelp\Employees.java,com.neelp.Employees,Employees/0,true,14,1,2,1,1,1,2,4,0,0,0,2,1,1,0,0,0,0,1,0,0,0,0,0,0,0,2,1,0,false
C:\Users\Madhu\Downloads\Email-Admin-master\src\com\neelp\Email.java,com.neelp.Email,"Email/2[java.lang.String,java.lang.String]",true,21,1,2,1,1,2,4,14,0,1,2,4,1,1,0,0,0,0,11,0,6,4,1,0,0,0,8,1,0,false
C:\Users\Madhu\Downloads\Email-Admin-master\src\com\neelp\Email.java,com.neelp.Email,setDepartment/0,false,42,0,1,1,0,4,2,13,4,1,0,2,0,0,0,0,0,0,6,3,1,0,1,0,0,0,7,2,0,false
C:\Users\Madhu\Downloads\Email-Admin-master\src\com\neelp\Email.java,com.neelp.Email,setAltEmail/1[java.lang.String],false,77,0,1,1,0,1,0,3,0,0,1,0,0,0,0,0,0,0,0,0,1,0,0,0,0,0,4,1,0,false
C:\Users\Madhu\Downloads\Email-Admin-master\src\com\neelp\Email.java,com.neelp.Email,genPassword/1[int],false,64,1,1,1,0,2,3,9,1,4,1,3,0,0,1,0,0,2,1,1,5,1,1,0,0,0,7,2,0,false
C:\Users\Madhu\Downloads\Email-Admin-master\src\com\neelp\Email.java,com.neelp.Email,display/0,false,82,1,2,1,1,1,1,4,1,1,0,1,1,1,0,0,0,0,8,2,1,1,0,0,0,0,12,1,0,false
