file,class,method,variable,usage
C:\Users\Madhu\Downloads\Email-Admin-master\src\com\neelp\EmailApp.java,com.neelp.EmailApp,"addInfo/2[com.neelp.Employees,int]",firstName,1
C:\Users\Madhu\Downloads\Email-Admin-master\src\com\neelp\EmailApp.java,com.neelp.EmailApp,"addInfo/2[com.neelp.Employees,int]",lastName,1
C:\Users\Madhu\Downloads\Email-Admin-master\src\com\neelp\EmailApp.java,com.neelp.EmailApp,"addInfo/2[com.neelp.Employees,int]",numEmployees,2
C:\Users\Madhu\Downloads\Email-Admin-master\src\com\neelp\EmailApp.java,com.neelp.EmailApp,"addInfo/2[com.neelp.Employees,int]",i,4
C:\Users\Madhu\Downloads\Email-Admin-master\src\com\neelp\EmailApp.java,com.neelp.EmailApp,"addInfo/2[com.neelp.Employees,int]",employees,2
C:\Users\Madhu\Downloads\Email-Admin-master\src\com\neelp\EmailApp.java,com.neelp.EmailApp,isNumeric/1[java.lang.String],str,1
C:\Users\Madhu\Downloads\Email-Admin-master\src\com\neelp\EmailApp.java,com.neelp.EmailApp,isNumeric/1[java.lang.String],e,0
C:\Users\Madhu\Downloads\Email-Admin-master\src\com\neelp\EmailApp.java,com.neelp.EmailApp,main/1[java.lang.String[]],args,0
C:\Users\Madhu\Downloads\Email-Admin-master\src\com\neelp\EmailApp.java,com.neelp.EmailApp,main/1[java.lang.String[]],s,2
C:\Users\Madhu\Downloads\Email-Admin-master\src\com\neelp\EmailApp.java,com.neelp.EmailApp,main/1[java.lang.String[]],numEmployees,3
C:\Users\Madhu\Downloads\Email-Admin-master\src\com\neelp\EmailApp.java,com.neelp.EmailApp,main/1[java.lang.String[]],e,0
C:\Users\Madhu\Downloads\Email-Admin-master\src\com\neelp\EmailApp.java,com.neelp.EmailApp,main/1[java.lang.String[]],employees,2
C:\Users\Madhu\Downloads\Email-Admin-master\src\com\neelp\Employees.java,com.neelp.Employees,getEmpArr/0,i,1
C:\Users\Madhu\Downloads\Email-Admin-master\src\com\neelp\Employees.java,com.neelp.Employees,add/1[com.neelp.Email],e,1
C:\Users\Madhu\Downloads\Email-Admin-master\src\com\neelp\Email.java,com.neelp.Email,"Email/2[java.lang.String,java.lang.String]",firstName,5
C:\Users\Madhu\Downloads\Email-Admin-master\src\com\neelp\Email.java,com.neelp.Email,"Email/2[java.lang.String,java.lang.String]",lastName,5
C:\Users\Madhu\Downloads\Email-Admin-master\src\com\neelp\Email.java,com.neelp.Email,"Email/2[java.lang.String,java.lang.String]",company,2
C:\Users\Madhu\Downloads\Email-Admin-master\src\com\neelp\Email.java,com.neelp.Email,setDepartment/0,depChoice,1
C:\Users\Madhu\Downloads\Email-Admin-master\src\com\neelp\Email.java,com.neelp.Email,setAltEmail/1[java.lang.String],newEmail,1
C:\Users\Madhu\Downloads\Email-Admin-master\src\com\neelp\Email.java,com.neelp.Email,genPassword/1[int],random,2
C:\Users\Madhu\Downloads\Email-Admin-master\src\com\neelp\Email.java,com.neelp.Email,genPassword/1[int],len,1
C:\Users\Madhu\Downloads\Email-Admin-master\src\com\neelp\Email.java,com.neelp.Email,genPassword/1[int],pass,3
C:\Users\Madhu\Downloads\Email-Admin-master\src\com\neelp\Email.java,com.neelp.Email,genPassword/1[int],i,3
C:\Users\Madhu\Downloads\Email-Admin-master\src\com\neelp\Email.java,com.neelp.Email,genPassword/1[int],letters,2
C:\Users\Madhu\Downloads\Email-Admin-master\src\com\neelp\Email.java,com.neelp.Email,display/0,mailboxCapacity,1
