file,class,method,variable,usage
C:\Users\Madhu\Downloads\Clock-Stopwatch-master\Clock-Stopwatch\src\Clock_Stopwatch.java,Clock_Stopwatch,start/0,timer,1
C:\Users\Madhu\Downloads\Clock-Stopwatch-master\Clock-Stopwatch\src\Clock_Stopwatch.java,Clock_Stopwatch,actionPerformed/1[java.awt.event.ActionEvent],startButton,4
C:\Users\Madhu\Downloads\Clock-Stopwatch-master\Clock-Stopwatch\src\Clock_Stopwatch.java,Clock_Stopwatch,actionPerformed/1[java.awt.event.ActionEvent],started,4
C:\Users\Madhu\Downloads\Clock-Stopwatch-master\Clock-Stopwatch\src\Clock_Stopwatch.java,Clock_Stopwatch,actionPerformed/1[java.awt.event.ActionEvent],resetButton,1
C:\Users\Madhu\Downloads\Clock-Stopwatch-master\Clock-Stopwatch\src\Clock_Stopwatch.java,Clock_Stopwatch,Clock_Stopwatch/0,image,1
C:\Users\Madhu\Downloads\Clock-Stopwatch-master\Clock-Stopwatch\src\Clock_Stopwatch.java,Clock_Stopwatch,Clock_Stopwatch/0,min_string,1
C:\Users\Madhu\Downloads\Clock-Stopwatch-master\Clock-Stopwatch\src\Clock_Stopwatch.java,Clock_Stopwatch,Clock_Stopwatch/0,firstCard,7
C:\Users\Madhu\Downloads\Clock-Stopwatch-master\Clock-Stopwatch\src\Clock_Stopwatch.java,Clock_Stopwatch,Clock_Stopwatch/0,startButton,6
C:\Users\Madhu\Downloads\Clock-Stopwatch-master\Clock-Stopwatch\src\Clock_Stopwatch.java,Clock_Stopwatch,Clock_Stopwatch/0,deck,5
C:\Users\Madhu\Downloads\Clock-Stopwatch-master\Clock-Stopwatch\src\Clock_Stopwatch.java,Clock_Stopwatch,Clock_Stopwatch/0,sec_string,1
C:\Users\Madhu\Downloads\Clock-Stopwatch-master\Clock-Stopwatch\src\Clock_Stopwatch.java,Clock_Stopwatch,Clock_Stopwatch/0,timeLabel1,8
C:\Users\Madhu\Downloads\Clock-Stopwatch-master\Clock-Stopwatch\src\Clock_Stopwatch.java,Clock_Stopwatch,Clock_Stopwatch/0,timeformat,1
C:\Users\Madhu\Downloads\Clock-Stopwatch-master\Clock-Stopwatch\src\Clock_Stopwatch.java,Clock_Stopwatch,Clock_Stopwatch/0,clock,6
C:\Users\Madhu\Downloads\Clock-Stopwatch-master\Clock-Stopwatch\src\Clock_Stopwatch.java,Clock_Stopwatch,Clock_Stopwatch/0,dayformat,1
C:\Users\Madhu\Downloads\Clock-Stopwatch-master\Clock-Stopwatch\src\Clock_Stopwatch.java,Clock_Stopwatch,Clock_Stopwatch/0,layout,2
C:\Users\Madhu\Downloads\Clock-Stopwatch-master\Clock-Stopwatch\src\Clock_Stopwatch.java,Clock_Stopwatch,Clock_Stopwatch/0,daylabel,4
C:\Users\Madhu\Downloads\Clock-Stopwatch-master\Clock-Stopwatch\src\Clock_Stopwatch.java,Clock_Stopwatch,Clock_Stopwatch/0,timelabel,4
C:\Users\Madhu\Downloads\Clock-Stopwatch-master\Clock-Stopwatch\src\Clock_Stopwatch.java,Clock_Stopwatch,Clock_Stopwatch/0,dateformat,1
C:\Users\Madhu\Downloads\Clock-Stopwatch-master\Clock-Stopwatch\src\Clock_Stopwatch.java,Clock_Stopwatch,Clock_Stopwatch/0,stopwatch,7
C:\Users\Madhu\Downloads\Clock-Stopwatch-master\Clock-Stopwatch\src\Clock_Stopwatch.java,Clock_Stopwatch,Clock_Stopwatch/0,resetButton,6
C:\Users\Madhu\Downloads\Clock-Stopwatch-master\Clock-Stopwatch\src\Clock_Stopwatch.java,Clock_Stopwatch,Clock_Stopwatch/0,hour_string,1
C:\Users\Madhu\Downloads\Clock-Stopwatch-master\Clock-Stopwatch\src\Clock_Stopwatch.java,Clock_Stopwatch,Clock_Stopwatch/0,secondCard,7
C:\Users\Madhu\Downloads\Clock-Stopwatch-master\Clock-Stopwatch\src\Clock_Stopwatch.java,Clock_Stopwatch,Clock_Stopwatch/0,datelabel,4
C:\Users\Madhu\Downloads\Clock-Stopwatch-master\Clock-Stopwatch\src\Clock_Stopwatch.java,Clock_Stopwatch,Clock_Stopwatch/0,frame,8
C:\Users\Madhu\Downloads\Clock-Stopwatch-master\Clock-Stopwatch\src\Clock_Stopwatch.java,Clock_Stopwatch,reset/0,timer,1
C:\Users\Madhu\Downloads\Clock-Stopwatch-master\Clock-Stopwatch\src\Clock_Stopwatch.java,Clock_Stopwatch,reset/0,seconds,2
C:\Users\Madhu\Downloads\Clock-Stopwatch-master\Clock-Stopwatch\src\Clock_Stopwatch.java,Clock_Stopwatch,reset/0,hours,2
C:\Users\Madhu\Downloads\Clock-Stopwatch-master\Clock-Stopwatch\src\Clock_Stopwatch.java,Clock_Stopwatch,reset/0,min_string,2
C:\Users\Madhu\Downloads\Clock-Stopwatch-master\Clock-Stopwatch\src\Clock_Stopwatch.java,Clock_Stopwatch,reset/0,minutes,2
C:\Users\Madhu\Downloads\Clock-Stopwatch-master\Clock-Stopwatch\src\Clock_Stopwatch.java,Clock_Stopwatch,reset/0,sec_string,2
C:\Users\Madhu\Downloads\Clock-Stopwatch-master\Clock-Stopwatch\src\Clock_Stopwatch.java,Clock_Stopwatch,reset/0,timeLabel1,1
C:\Users\Madhu\Downloads\Clock-Stopwatch-master\Clock-Stopwatch\src\Clock_Stopwatch.java,Clock_Stopwatch,reset/0,hour_string,2
C:\Users\Madhu\Downloads\Clock-Stopwatch-master\Clock-Stopwatch\src\Clock_Stopwatch.java,Clock_Stopwatch,reset/0,elapsedTime,1
C:\Users\Madhu\Downloads\Clock-Stopwatch-master\Clock-Stopwatch\src\Clock_Stopwatch.java,Clock_Stopwatch,setTime/0,date,2
C:\Users\Madhu\Downloads\Clock-Stopwatch-master\Clock-Stopwatch\src\Clock_Stopwatch.java,Clock_Stopwatch,setTime/0,daylabel,1
C:\Users\Madhu\Downloads\Clock-Stopwatch-master\Clock-Stopwatch\src\Clock_Stopwatch.java,Clock_Stopwatch,setTime/0,timeformat,1
C:\Users\Madhu\Downloads\Clock-Stopwatch-master\Clock-Stopwatch\src\Clock_Stopwatch.java,Clock_Stopwatch,setTime/0,timelabel,1
C:\Users\Madhu\Downloads\Clock-Stopwatch-master\Clock-Stopwatch\src\Clock_Stopwatch.java,Clock_Stopwatch,setTime/0,time,2
C:\Users\Madhu\Downloads\Clock-Stopwatch-master\Clock-Stopwatch\src\Clock_Stopwatch.java,Clock_Stopwatch,setTime/0,dayformat,1
C:\Users\Madhu\Downloads\Clock-Stopwatch-master\Clock-Stopwatch\src\Clock_Stopwatch.java,Clock_Stopwatch,setTime/0,day,2
C:\Users\Madhu\Downloads\Clock-Stopwatch-master\Clock-Stopwatch\src\Clock_Stopwatch.java,Clock_Stopwatch,setTime/0,dateformat,1
C:\Users\Madhu\Downloads\Clock-Stopwatch-master\Clock-Stopwatch\src\Clock_Stopwatch.java,Clock_Stopwatch,setTime/0,datelabel,1
C:\Users\Madhu\Downloads\Clock-Stopwatch-master\Clock-Stopwatch\src\Clock_Stopwatch.java,Clock_Stopwatch,stop/0,timer,1
