file,class,method,variable,usage
C:\Users\Madhu\Downloads\Clock-Stopwatch-master\Clock-Stopwatch\src\Clock_Stopwatch.java,Clock_Stopwatch,actionPerformed/1[java.awt.event.ActionEvent],arg0,2
C:\Users\Madhu\Downloads\Clock-Stopwatch-master\Clock-Stopwatch\src\Clock_Stopwatch.java,Clock_Stopwatch,setTime/0,e,1
C:\Users\Madhu\Downloads\Clock-Stopwatch-master\Clock-Stopwatch\src\Clock_Stopwatch.java,Clock_Stopwatch$Anonymous1,actionPerformed/1[java.awt.event.ActionEvent],e,0
C:\Users\Madhu\Downloads\Clock-Stopwatch-master\Clock-Stopwatch\src\Clock_Stopwatch.java,Clock_Stopwatch$Anonymous2,actionPerformed/1[java.awt.event.ActionEvent],e,0
C:\Users\Madhu\Downloads\Clock-Stopwatch-master\Clock-Stopwatch\src\Main.java,Main,main/1[java.lang.String[]],args,0
C:\Users\Madhu\Downloads\Clock-Stopwatch-master\Clock-Stopwatch\src\Clock_Stopwatch.java,Clock_Stopwatch$Anonymous3,actionPerformed/1[java.awt.event.ActionEvent],e,0
