file,class,type,cbo,cboModified,fanin,fanout,wmc,dit,noc,rfc,lcom,lcom*,tcc,lcc,totalMethodsQty,staticMethodsQty,publicMethodsQty,privateMethodsQty,protectedMethodsQty,defaultMethodsQty,visibleMethodsQty,abstractMethodsQty,finalMethodsQty,synchronizedMethodsQty,totalFieldsQty,staticFieldsQty,publicFieldsQty,privateFieldsQty,protectedFieldsQty,defaultFieldsQty,finalFieldsQty,synchronizedFieldsQty,nosi,loc,returnQty,loopQty,comparisonsQty,tryCatchQty,parenthesizedExpsQty,stringLiteralsQty,numbersQty,assignmentsQty,mathOperationsQty,variablesQty,maxNestedBlocksQty,anonymousClassesQty,innerClassesQty,lambdasQty,uniqueWordsQty,modifiers,logStatementsQty
C:\Users\Madhu\Downloads\carRentalManagementSystem-master\Vehicle.java,Vehicle,class,4,8,4,4,28,1,2,8,0,0.48979595,0.71428573,1.0,7,0,6,0,0,1,7,0,0,0,7,0,0,0,7,0,0,0,6,93,10,1,6,0,0,38,22,30,10,13,3,0,0,0,87,1,0
C:\Users\Madhu\Downloads\carRentalManagementSystem-master\Van.java,Van,class,5,7,2,5,17,2,0,14,13,0.75,0.06666667,0.06666667,6,0,5,0,0,1,6,0,0,0,2,0,0,2,0,0,0,0,5,59,9,3,4,0,1,11,17,25,6,13,4,0,0,0,75,0,0
C:\Users\Madhu\Downloads\carRentalManagementSystem-master\Car.java,Car,class,5,7,2,5,17,2,0,12,4,0.6666667,0.3,0.3,5,0,4,0,0,1,5,0,0,0,3,0,0,3,0,0,0,0,5,57,7,3,5,0,0,9,19,22,4,11,3,0,0,0,76,1,0
C:\Users\Madhu\Downloads\carRentalManagementSystem-master\RentalRecord.java,RentalRecord,class,1,5,4,1,12,2,0,3,0,0.44444442,0.73333335,1.0,6,0,5,0,0,1,6,0,0,0,6,0,0,6,0,0,0,0,2,42,6,0,6,0,0,19,0,8,4,8,1,0,0,0,21,1,0
C:\Users\Madhu\Downloads\carRentalManagementSystem-master\Start.java,Start,class,1,1,0,1,1,1,0,1,0,0.0,NaN,NaN,1,1,1,0,0,0,1,0,0,0,0,0,0,0,0,0,0,0,0,6,0,0,0,0,0,0,0,1,0,1,0,0,0,0,23,1,0
C:\Users\Madhu\Downloads\carRentalManagementSystem-master\VehicleType.java,VehicleType,class,2,7,5,2,21,1,0,4,19,0.725,0.3611111,0.7777778,10,0,7,1,0,2,9,0,0,0,4,0,0,4,0,0,0,0,1,60,12,1,0,0,0,12,13,9,2,6,2,0,0,0,69,0,0
C:\Users\Madhu\Downloads\carRentalManagementSystem-master\ThriftyRentSystem.java,ThriftyRentSystem,class,7,9,2,7,109,1,0,33,0,0.33333334,NaN,NaN,7,0,1,6,0,0,1,0,0,0,3,1,1,2,0,0,0,0,20,384,31,20,42,0,17,117,76,84,16,58,5,0,0,0,158,0,0
C:\Users\Madhu\Downloads\carRentalManagementSystem-master\DateTime.java,DateTime,class,1,8,7,1,13,1,1,12,44,0.65384614,0.18181819,0.22727273,13,2,12,1,0,0,12,0,0,0,2,0,0,2,0,0,0,0,5,64,7,0,0,0,6,3,18,25,18,20,0,0,0,0,59,1,0
