file,class,method,variable,usage
C:\Users\Madhu\Downloads\carRentalManagementSystem-master\Vehicle.java,Vehicle,"rent/3[java.lang.String,DateTime,int]",records,2
C:\Users\Madhu\Downloads\carRentalManagementSystem-master\Vehicle.java,Vehicle,"rent/3[java.lang.String,DateTime,int]",Vehicle_id,3
C:\Users\Madhu\Downloads\carRentalManagementSystem-master\Vehicle.java,Vehicle,"rent/3[java.lang.String,DateTime,int]",vehicleType,2
C:\Users\Madhu\Downloads\carRentalManagementSystem-master\Vehicle.java,Vehicle,"rent/3[java.lang.String,DateTime,int]",vehicleStatus,4
C:\Users\Madhu\Downloads\carRentalManagementSystem-master\Vehicle.java,Vehicle,getLastElementIndex/0,records,1
C:\Users\Madhu\Downloads\carRentalManagementSystem-master\Vehicle.java,Vehicle,"Vehicle/6[java.lang.String,int,java.lang.String,java.lang.String,int,VehicleType]",Year,3
C:\Users\Madhu\Downloads\carRentalManagementSystem-master\Vehicle.java,Vehicle,"Vehicle/6[java.lang.String,int,java.lang.String,java.lang.String,int,VehicleType]",Model,3
C:\Users\Madhu\Downloads\carRentalManagementSystem-master\Vehicle.java,Vehicle,"Vehicle/6[java.lang.String,int,java.lang.String,java.lang.String,int,VehicleType]",Make,3
C:\Users\Madhu\Downloads\carRentalManagementSystem-master\Vehicle.java,Vehicle,"Vehicle/6[java.lang.String,int,java.lang.String,java.lang.String,int,VehicleType]",Vehicle_id,1
C:\Users\Madhu\Downloads\carRentalManagementSystem-master\Vehicle.java,Vehicle,"Vehicle/6[java.lang.String,int,java.lang.String,java.lang.String,int,VehicleType]",vehicleType,3
C:\Users\Madhu\Downloads\carRentalManagementSystem-master\Vehicle.java,Vehicle,"Vehicle/6[java.lang.String,int,java.lang.String,java.lang.String,int,VehicleType]",vehicleStatus,1
C:\Users\Madhu\Downloads\carRentalManagementSystem-master\Vehicle.java,Vehicle,performMaintenance/0,vehicleStatus,3
C:\Users\Madhu\Downloads\carRentalManagementSystem-master\Vehicle.java,Vehicle,getVehicleId/0,Vehicle_id,1
C:\Users\Madhu\Downloads\carRentalManagementSystem-master\Vehicle.java,Vehicle,toString/0,Year,2
C:\Users\Madhu\Downloads\carRentalManagementSystem-master\Vehicle.java,Vehicle,toString/0,Model,2
C:\Users\Madhu\Downloads\carRentalManagementSystem-master\Vehicle.java,Vehicle,toString/0,Make,2
C:\Users\Madhu\Downloads\carRentalManagementSystem-master\Vehicle.java,Vehicle,toString/0,Vehicle_id,4
C:\Users\Madhu\Downloads\carRentalManagementSystem-master\Vehicle.java,Vehicle,toString/0,vehicleType,1
C:\Users\Madhu\Downloads\carRentalManagementSystem-master\Vehicle.java,Vehicle,toString/0,vehicleStatus,1
C:\Users\Madhu\Downloads\carRentalManagementSystem-master\Vehicle.java,Vehicle,getDetails/0,Year,1
C:\Users\Madhu\Downloads\carRentalManagementSystem-master\Vehicle.java,Vehicle,getDetails/0,Model,1
C:\Users\Madhu\Downloads\carRentalManagementSystem-master\Vehicle.java,Vehicle,getDetails/0,Make,1
C:\Users\Madhu\Downloads\carRentalManagementSystem-master\Vehicle.java,Vehicle,getDetails/0,Vehicle_id,2
C:\Users\Madhu\Downloads\carRentalManagementSystem-master\Vehicle.java,Vehicle,getDetails/0,vehicleType,2
C:\Users\Madhu\Downloads\carRentalManagementSystem-master\Vehicle.java,Vehicle,getDetails/0,vehicleStatus,1
C:\Users\Madhu\Downloads\carRentalManagementSystem-master\Van.java,Van,"getLateFee/2[DateTime,DateTime]",lateFee,2
C:\Users\Madhu\Downloads\carRentalManagementSystem-master\Van.java,Van,returnVehicle/1[DateTime],rate,1
C:\Users\Madhu\Downloads\carRentalManagementSystem-master\Van.java,Van,"Van/6[java.lang.String,int,java.lang.String,java.lang.String,int,VehicleType]",rate,2
C:\Users\Madhu\Downloads\carRentalManagementSystem-master\Car.java,Car,"getLateFee/2[DateTime,DateTime]",rentRate,1
C:\Users\Madhu\Downloads\carRentalManagementSystem-master\Car.java,Car,"getLateFee/2[DateTime,DateTime]",lateFee,3
C:\Users\Madhu\Downloads\carRentalManagementSystem-master\Car.java,Car,"Car/6[java.lang.String,int,java.lang.String,java.lang.String,int,VehicleType]",rentRate,1
C:\Users\Madhu\Downloads\carRentalManagementSystem-master\Car.java,Car,"Car/6[java.lang.String,int,java.lang.String,java.lang.String,int,VehicleType]",seats,2
C:\Users\Madhu\Downloads\carRentalManagementSystem-master\Car.java,Car,returnVehicle/1[DateTime],rentRate,1
C:\Users\Madhu\Downloads\carRentalManagementSystem-master\RentalRecord.java,RentalRecord,toString/0,LateFee,2
C:\Users\Madhu\Downloads\carRentalManagementSystem-master\RentalRecord.java,RentalRecord,toString/0,ActualReturnDate,2
C:\Users\Madhu\Downloads\carRentalManagementSystem-master\RentalRecord.java,RentalRecord,toString/0,RentId,2
C:\Users\Madhu\Downloads\carRentalManagementSystem-master\RentalRecord.java,RentalRecord,toString/0,RentalFee,2
C:\Users\Madhu\Downloads\carRentalManagementSystem-master\RentalRecord.java,RentalRecord,toString/0,RentDate,2
C:\Users\Madhu\Downloads\carRentalManagementSystem-master\RentalRecord.java,RentalRecord,toString/0,EstimatedReturnDate,2
C:\Users\Madhu\Downloads\carRentalManagementSystem-master\RentalRecord.java,RentalRecord,getDetails/0,LateFee,2
C:\Users\Madhu\Downloads\carRentalManagementSystem-master\RentalRecord.java,RentalRecord,getDetails/0,ActualReturnDate,2
C:\Users\Madhu\Downloads\carRentalManagementSystem-master\RentalRecord.java,RentalRecord,getDetails/0,RentId,2
C:\Users\Madhu\Downloads\carRentalManagementSystem-master\RentalRecord.java,RentalRecord,getDetails/0,RentalFee,2
C:\Users\Madhu\Downloads\carRentalManagementSystem-master\RentalRecord.java,RentalRecord,getDetails/0,RentDate,2
C:\Users\Madhu\Downloads\carRentalManagementSystem-master\RentalRecord.java,RentalRecord,getDetails/0,EstimatedReturnDate,2
C:\Users\Madhu\Downloads\carRentalManagementSystem-master\RentalRecord.java,RentalRecord,getRentDate/0,RentDate,1
C:\Users\Madhu\Downloads\carRentalManagementSystem-master\RentalRecord.java,RentalRecord,"RentalRecord/3[java.lang.String,DateTime,DateTime]",RentId,3
C:\Users\Madhu\Downloads\carRentalManagementSystem-master\RentalRecord.java,RentalRecord,"RentalRecord/3[java.lang.String,DateTime,DateTime]",EstimatedReturnDate,3
C:\Users\Madhu\Downloads\carRentalManagementSystem-master\RentalRecord.java,RentalRecord,"RentalRecord/3[java.lang.String,DateTime,DateTime]",RentDate,1
C:\Users\Madhu\Downloads\carRentalManagementSystem-master\RentalRecord.java,RentalRecord,"setData/3[DateTime,java.lang.Double,java.lang.Double]",LateFee,3
C:\Users\Madhu\Downloads\carRentalManagementSystem-master\RentalRecord.java,RentalRecord,"setData/3[DateTime,java.lang.Double,java.lang.Double]",ActualReturnDate,1
C:\Users\Madhu\Downloads\carRentalManagementSystem-master\RentalRecord.java,RentalRecord,"setData/3[DateTime,java.lang.Double,java.lang.Double]",RentalFee,3
C:\Users\Madhu\Downloads\carRentalManagementSystem-master\RentalRecord.java,RentalRecord,getEstimatedReturnDate/0,EstimatedReturnDate,1
C:\Users\Madhu\Downloads\carRentalManagementSystem-master\VehicleType.java,VehicleType,getCarSeats/0,carSeats,1
C:\Users\Madhu\Downloads\carRentalManagementSystem-master\VehicleType.java,VehicleType,VehicleType/1[int],carSeats,1
C:\Users\Madhu\Downloads\carRentalManagementSystem-master\VehicleType.java,VehicleType,"IsUnderMaintenance/3[DateTime,java.lang.String,int]",LastMaintenance,1
C:\Users\Madhu\Downloads\carRentalManagementSystem-master\VehicleType.java,VehicleType,setCarSeats/1[int],carSeats,1
C:\Users\Madhu\Downloads\carRentalManagementSystem-master\VehicleType.java,VehicleType,setLastMaintenance/1[DateTime],LastMaintenance,1
C:\Users\Madhu\Downloads\carRentalManagementSystem-master\VehicleType.java,VehicleType,getLastMaintenance/0,LastMaintenance,1
C:\Users\Madhu\Downloads\carRentalManagementSystem-master\VehicleType.java,VehicleType,getSeats/1[java.lang.String],carSeats,1
C:\Users\Madhu\Downloads\carRentalManagementSystem-master\VehicleType.java,VehicleType,getSeats/1[java.lang.String],vanSeats,1
C:\Users\Madhu\Downloads\carRentalManagementSystem-master\VehicleType.java,VehicleType,"VehicleType/2[int,DateTime]",vanSeats,1
C:\Users\Madhu\Downloads\carRentalManagementSystem-master\VehicleType.java,VehicleType,"VehicleType/2[int,DateTime]",LastMaintenance,3
C:\Users\Madhu\Downloads\carRentalManagementSystem-master\VehicleType.java,VehicleType,indexOf/1[java.lang.String],days,1
C:\Users\Madhu\Downloads\carRentalManagementSystem-master\ThriftyRentSystem.java,ThriftyRentSystem,getDetails/0,cars,4
C:\Users\Madhu\Downloads\carRentalManagementSystem-master\ThriftyRentSystem.java,ThriftyRentSystem,getDetails/0,vans,4
C:\Users\Madhu\Downloads\carRentalManagementSystem-master\ThriftyRentSystem.java,ThriftyRentSystem,add/1[java.util.Scanner],cars,4
C:\Users\Madhu\Downloads\carRentalManagementSystem-master\ThriftyRentSystem.java,ThriftyRentSystem,add/1[java.util.Scanner],vans,4
C:\Users\Madhu\Downloads\carRentalManagementSystem-master\ThriftyRentSystem.java,ThriftyRentSystem,add/1[java.util.Scanner],format,2
C:\Users\Madhu\Downloads\carRentalManagementSystem-master\ThriftyRentSystem.java,ThriftyRentSystem,returnCar/1[java.util.Scanner],cars,7
C:\Users\Madhu\Downloads\carRentalManagementSystem-master\ThriftyRentSystem.java,ThriftyRentSystem,returnCar/1[java.util.Scanner],vans,7
C:\Users\Madhu\Downloads\carRentalManagementSystem-master\ThriftyRentSystem.java,ThriftyRentSystem,rent/1[java.util.Scanner],cars,8
C:\Users\Madhu\Downloads\carRentalManagementSystem-master\ThriftyRentSystem.java,ThriftyRentSystem,rent/1[java.util.Scanner],vans,8
C:\Users\Madhu\Downloads\carRentalManagementSystem-master\ThriftyRentSystem.java,ThriftyRentSystem,rent/1[java.util.Scanner],format,2
C:\Users\Madhu\Downloads\carRentalManagementSystem-master\ThriftyRentSystem.java,ThriftyRentSystem,vehicleMaintenance/1[java.util.Scanner],cars,5
C:\Users\Madhu\Downloads\carRentalManagementSystem-master\ThriftyRentSystem.java,ThriftyRentSystem,vehicleMaintenance/1[java.util.Scanner],vans,5
C:\Users\Madhu\Downloads\carRentalManagementSystem-master\ThriftyRentSystem.java,ThriftyRentSystem,completeMaintenance/1[java.util.Scanner],cars,5
C:\Users\Madhu\Downloads\carRentalManagementSystem-master\ThriftyRentSystem.java,ThriftyRentSystem,completeMaintenance/1[java.util.Scanner],vans,5
C:\Users\Madhu\Downloads\carRentalManagementSystem-master\DateTime.java,DateTime,getTime/0,time,1
C:\Users\Madhu\Downloads\carRentalManagementSystem-master\DateTime.java,DateTime,"DateTime/2[DateTime,int]",time,1
C:\Users\Madhu\Downloads\carRentalManagementSystem-master\DateTime.java,DateTime,"DateTime/2[DateTime,int]",advance,2
C:\Users\Madhu\Downloads\carRentalManagementSystem-master\DateTime.java,DateTime,"setAdvance/3[int,int,int]",advance,1
C:\Users\Madhu\Downloads\carRentalManagementSystem-master\DateTime.java,DateTime,getNameOfDay/0,time,1
C:\Users\Madhu\Downloads\carRentalManagementSystem-master\DateTime.java,DateTime,DateTime/0,time,1
C:\Users\Madhu\Downloads\carRentalManagementSystem-master\DateTime.java,DateTime,"setDate/3[int,int,int]",time,1
C:\Users\Madhu\Downloads\carRentalManagementSystem-master\DateTime.java,DateTime,DateTime/1[int],time,1
C:\Users\Madhu\Downloads\carRentalManagementSystem-master\DateTime.java,DateTime,DateTime/1[int],advance,2
