file,class,method,constructor,line,cbo,cboModified,fanin,fanout,wmc,rfc,loc,returnsQty,variablesQty,parametersQty,methodsInvokedQty,methodsInvokedLocalQty,methodsInvokedIndirectLocalQty,loopQty,comparisonsQty,tryCatchQty,parenthesizedExpsQty,stringLiteralsQty,numbersQty,assignmentsQty,mathOperationsQty,maxNestedBlocksQty,anonymousClassesQty,innerClassesQty,lambdasQty,uniqueWordsQty,modifiers,logStatementsQty,hasJavaDoc
C:\Users\Madhu\Downloads\carRentalManagementSystem-master\Vehicle.java,Vehicle,"rent/3[java.lang.String,DateTime,int]",false,39,4,7,1,6,10,6,23,4,3,3,6,1,1,0,3,0,0,8,9,8,4,3,0,0,0,35,1,0,true
C:\Users\Madhu\Downloads\carRentalManagementSystem-master\Vehicle.java,Vehicle,getLastElementIndex/0,false,132,0,4,4,0,2,0,5,1,1,0,0,0,0,1,1,0,0,0,3,2,1,1,0,0,0,11,1,0,true
C:\Users\Madhu\Downloads\carRentalManagementSystem-master\Vehicle.java,Vehicle,"Vehicle/6[java.lang.String,int,java.lang.String,java.lang.String,int,VehicleType]",true,17,1,0,0,0,1,0,8,0,0,6,0,0,0,0,0,0,0,0,0,6,0,0,0,0,0,8,0,0,false
C:\Users\Madhu\Downloads\carRentalManagementSystem-master\Vehicle.java,Vehicle,performMaintenance/0,false,73,0,1,1,0,3,0,5,2,0,0,0,0,0,0,2,0,0,0,3,1,0,1,0,0,0,14,1,0,true
C:\Users\Madhu\Downloads\carRentalManagementSystem-master\Vehicle.java,Vehicle,getVehicleId/0,false,29,0,5,5,0,1,0,3,1,0,0,0,0,0,0,0,0,0,0,0,0,0,0,0,0,0,8,1,0,true
C:\Users\Madhu\Downloads\carRentalManagementSystem-master\Vehicle.java,Vehicle,toString/0,false,83,1,2,1,1,6,3,21,1,1,0,3,0,0,0,0,0,0,17,3,6,2,1,0,0,0,9,1,0,true
C:\Users\Madhu\Downloads\carRentalManagementSystem-master\Vehicle.java,Vehicle,getDetails/0,false,108,1,1,0,1,5,3,19,1,1,0,3,0,0,0,0,0,0,13,3,6,3,2,0,0,0,16,1,0,true
C:\Users\Madhu\Downloads\carRentalManagementSystem-master\Van.java,Van,toString/0,false,79,2,2,0,2,1,3,6,1,2,0,3,0,0,0,0,0,0,1,0,3,1,0,0,0,0,12,1,0,true
C:\Users\Madhu\Downloads\carRentalManagementSystem-master\Van.java,Van,"getLateFee/2[DateTime,DateTime]",false,24,1,2,1,1,2,1,4,2,0,2,1,0,0,0,0,0,0,0,2,1,1,1,0,0,0,21,1,0,true
C:\Users\Madhu\Downloads\carRentalManagementSystem-master\Van.java,Van,returnVehicle/1[DateTime],false,37,4,7,1,6,5,8,19,3,4,1,8,1,1,0,1,0,0,4,3,6,1,2,0,0,0,32,1,0,true
C:\Users\Madhu\Downloads\carRentalManagementSystem-master\Van.java,Van,"Van/6[java.lang.String,int,java.lang.String,java.lang.String,int,VehicleType]",true,14,1,1,1,0,1,0,4,0,0,6,0,0,0,0,0,0,0,0,0,1,0,0,0,0,0,4,0,0,false
C:\Users\Madhu\Downloads\carRentalManagementSystem-master\Van.java,Van,getDetails/0,false,92,3,4,1,3,5,4,16,1,5,0,4,0,0,3,2,0,1,6,7,11,3,4,0,0,0,21,1,0,true
C:\Users\Madhu\Downloads\carRentalManagementSystem-master\Van.java,Van,completeMaintenance/1[DateTime],false,65,2,4,1,3,3,3,6,2,0,1,3,0,0,0,1,0,0,0,3,1,0,1,0,0,0,30,1,0,true
C:\Users\Madhu\Downloads\carRentalManagementSystem-master\Car.java,Car,"getLateFee/2[DateTime,DateTime]",false,29,1,2,1,1,2,1,5,1,0,2,1,0,0,0,0,0,0,0,3,2,1,1,0,0,0,21,1,0,true
C:\Users\Madhu\Downloads\carRentalManagementSystem-master\Car.java,Car,getDetails/0,false,87,1,2,1,1,5,2,17,1,5,0,2,0,0,3,2,0,0,5,7,10,2,3,0,0,0,20,1,0,true
C:\Users\Madhu\Downloads\carRentalManagementSystem-master\Car.java,Car,"Car/6[java.lang.String,int,java.lang.String,java.lang.String,int,VehicleType]",true,16,1,2,1,1,2,1,5,0,0,6,1,0,0,0,1,0,0,0,2,2,0,1,0,0,0,6,0,0,false
C:\Users\Madhu\Downloads\carRentalManagementSystem-master\Car.java,Car,returnVehicle/1[DateTime],false,44,5,8,1,7,6,9,20,3,3,1,9,1,1,0,1,0,0,4,3,5,1,2,0,0,0,32,1,0,true
C:\Users\Madhu\Downloads\carRentalManagementSystem-master\Car.java,Car,completeMaintenance/0,false,74,0,1,1,0,2,0,5,2,0,0,0,0,0,0,1,0,0,0,2,1,0,1,0,0,0,14,1,0,true
C:\Users\Madhu\Downloads\carRentalManagementSystem-master\RentalRecord.java,RentalRecord,toString/0,false,32,1,1,0,1,4,2,9,2,1,0,2,0,0,0,3,0,0,8,0,1,2,1,0,0,0,4,1,0,false
C:\Users\Madhu\Downloads\carRentalManagementSystem-master\RentalRecord.java,RentalRecord,getDetails/0,false,43,1,4,3,1,4,2,9,2,1,0,2,0,0,0,3,0,0,11,0,1,2,1,0,0,0,5,1,0,false
C:\Users\Madhu\Downloads\carRentalManagementSystem-master\RentalRecord.java,RentalRecord,getRentDate/0,false,27,1,2,2,0,1,0,3,1,0,0,0,0,0,0,0,0,0,0,0,0,0,0,0,0,0,4,1,0,false
C:\Users\Madhu\Downloads\carRentalManagementSystem-master\RentalRecord.java,RentalRecord,"RentalRecord/3[java.lang.String,DateTime,DateTime]",true,10,1,1,1,0,1,0,5,0,0,3,0,0,0,0,0,0,0,0,0,3,0,0,0,0,0,8,0,0,false
C:\Users\Madhu\Downloads\carRentalManagementSystem-master\RentalRecord.java,RentalRecord,"setData/3[DateTime,java.lang.Double,java.lang.Double]",false,17,1,2,2,0,1,0,5,0,0,3,0,0,0,0,0,0,0,0,0,3,0,0,0,0,0,8,1,0,false
C:\Users\Madhu\Downloads\carRentalManagementSystem-master\RentalRecord.java,RentalRecord,getEstimatedReturnDate/0,false,22,1,2,2,0,1,0,3,1,0,0,0,0,0,0,0,0,0,0,0,0,0,0,0,0,0,5,1,0,false
C:\Users\Madhu\Downloads\carRentalManagementSystem-master\Start.java,Start,main/1[java.lang.String[]],false,13,1,2,0,2,1,1,4,0,1,1,1,0,0,0,0,0,0,0,0,1,0,0,0,0,0,6,9,0,false
C:\Users\Madhu\Downloads\carRentalManagementSystem-master\VehicleType.java,VehicleType,getCarSeats/0,false,41,0,1,1,0,1,0,3,1,0,0,0,0,0,0,0,0,0,0,0,0,0,0,0,0,0,8,1,0,true
C:\Users\Madhu\Downloads\carRentalManagementSystem-master\VehicleType.java,VehicleType,VehicleType/1[int],true,15,0,1,1,0,1,0,3,0,0,1,0,0,0,0,0,0,0,0,0,1,0,0,0,0,0,3,0,0,false
C:\Users\Madhu\Downloads\carRentalManagementSystem-master\VehicleType.java,VehicleType,"IsUnderMaintenance/3[DateTime,java.lang.String,int]",false,102,1,3,1,2,5,2,12,3,1,3,2,0,0,0,0,0,0,2,3,1,0,1,0,0,0,26,1,0,true
C:\Users\Madhu\Downloads\carRentalManagementSystem-master\VehicleType.java,VehicleType,setCarSeats/1[int],false,49,0,0,0,0,1,0,3,0,0,1,0,0,0,0,0,0,0,0,0,1,0,0,0,0,0,10,1,0,true
C:\Users\Madhu\Downloads\carRentalManagementSystem-master\VehicleType.java,VehicleType,setLastMaintenance/1[DateTime],false,74,1,1,1,0,1,0,3,0,0,1,0,0,0,0,0,0,0,0,0,1,0,0,0,0,0,8,1,0,true
C:\Users\Madhu\Downloads\carRentalManagementSystem-master\VehicleType.java,VehicleType,getLastMaintenance/0,false,66,1,3,3,0,1,0,3,1,0,0,0,0,0,0,0,0,0,0,0,0,0,0,0,0,0,7,1,0,true
C:\Users\Madhu\Downloads\carRentalManagementSystem-master\VehicleType.java,VehicleType,getSeats/1[java.lang.String],false,28,0,2,2,0,2,1,8,2,0,1,1,0,0,0,0,0,0,1,0,0,0,1,0,0,0,10,1,0,true
C:\Users\Madhu\Downloads\carRentalManagementSystem-master\VehicleType.java,VehicleType,"VehicleType/2[int,DateTime]",true,19,1,1,1,0,1,0,4,0,0,2,0,0,0,0,0,0,0,0,0,2,0,0,0,0,0,5,0,0,false
C:\Users\Madhu\Downloads\carRentalManagementSystem-master\VehicleType.java,VehicleType,"canBeRentedForMinimumDays/2[DateTime,java.lang.String]",false,84,2,4,2,2,5,3,11,3,0,2,3,1,1,0,0,0,0,2,7,0,2,1,0,0,0,30,1,0,true
C:\Users\Madhu\Downloads\carRentalManagementSystem-master\VehicleType.java,VehicleType,indexOf/1[java.lang.String],false,56,0,1,1,0,3,1,4,2,1,1,1,0,0,1,0,0,0,0,2,1,0,2,0,0,0,10,2,0,true
C:\Users\Madhu\Downloads\carRentalManagementSystem-master\ThriftyRentSystem.java,ThriftyRentSystem,run/0,false,22,1,7,1,6,9,10,38,1,2,0,10,6,1,1,0,0,0,9,7,2,0,2,0,0,0,28,1,0,true
C:\Users\Madhu\Downloads\carRentalManagementSystem-master\ThriftyRentSystem.java,ThriftyRentSystem,getDetails/0,false,500,2,3,1,2,7,3,14,1,2,0,3,0,0,2,6,0,0,3,6,2,0,2,0,0,0,27,2,0,true
C:\Users\Madhu\Downloads\carRentalManagementSystem-master\ThriftyRentSystem.java,ThriftyRentSystem,add/1[java.util.Scanner],false,72,5,8,1,7,20,15,75,2,13,1,15,0,0,6,7,0,5,24,19,28,2,4,0,0,0,56,2,0,true
C:\Users\Madhu\Downloads\carRentalManagementSystem-master\ThriftyRentSystem.java,ThriftyRentSystem,returnCar/1[java.util.Scanner],false,285,5,7,1,6,15,12,60,6,11,1,12,0,0,2,6,0,2,13,12,13,0,4,0,0,0,50,2,0,true
C:\Users\Madhu\Downloads\carRentalManagementSystem-master\ThriftyRentSystem.java,ThriftyRentSystem,rent/1[java.util.Scanner],false,167,2,4,1,3,28,15,90,9,13,1,15,0,0,5,11,0,6,34,15,18,6,5,0,0,0,66,2,0,true
C:\Users\Madhu\Downloads\carRentalManagementSystem-master\ThriftyRentSystem.java,ThriftyRentSystem,vehicleMaintenance/1[java.util.Scanner],false,364,1,3,1,2,15,7,48,6,5,1,7,0,0,2,6,0,2,15,6,7,4,5,0,0,0,34,2,0,true
C:\Users\Madhu\Downloads\carRentalManagementSystem-master\ThriftyRentSystem.java,ThriftyRentSystem,completeMaintenance/1[java.util.Scanner],false,430,4,5,1,4,15,10,54,6,9,1,10,0,0,2,6,0,2,18,9,11,4,5,0,0,0,46,2,0,true
C:\Users\Madhu\Downloads\carRentalManagementSystem-master\DateTime.java,DateTime,getTime/0,false,28,0,4,4,0,1,0,3,1,0,0,0,0,0,0,0,0,0,0,0,0,0,0,0,0,0,3,1,0,false
C:\Users\Madhu\Downloads\carRentalManagementSystem-master\DateTime.java,DateTime,getEightDigitDate/0,false,55,1,2,1,1,1,2,6,1,3,0,2,1,1,0,0,0,0,1,0,3,0,0,0,0,0,10,1,0,false
C:\Users\Madhu\Downloads\carRentalManagementSystem-master\DateTime.java,DateTime,getFormattedDate/0,false,47,1,2,1,1,1,2,6,1,3,0,2,1,1,0,0,0,0,1,0,3,0,0,0,0,0,10,1,0,false
C:\Users\Madhu\Downloads\carRentalManagementSystem-master\DateTime.java,DateTime,"DateTime/2[DateTime,int]",true,19,1,3,2,1,1,1,4,0,0,2,1,1,1,0,0,0,2,0,4,2,5,0,0,0,0,13,1,0,false
C:\Users\Madhu\Downloads\carRentalManagementSystem-master\DateTime.java,DateTime,"diffDays/2[DateTime,DateTime]",false,64,1,7,6,1,1,2,11,1,8,2,2,1,1,0,0,0,0,0,4,8,3,0,0,0,0,28,9,0,false
C:\Users\Madhu\Downloads\carRentalManagementSystem-master\DateTime.java,DateTime,"DateTime/3[int,int,int]",true,24,1,5,4,1,1,1,3,0,0,3,1,1,1,0,0,0,0,0,0,0,0,0,0,0,0,4,1,0,false
C:\Users\Madhu\Downloads\carRentalManagementSystem-master\DateTime.java,DateTime,"setAdvance/3[int,int,int]",false,87,0,0,0,0,1,0,3,0,0,3,0,0,0,0,0,0,2,0,3,1,4,0,0,0,0,10,1,0,false
C:\Users\Madhu\Downloads\carRentalManagementSystem-master\DateTime.java,DateTime,toString/0,false,38,1,5,4,1,1,1,3,1,0,0,1,1,2,0,0,0,0,0,0,0,0,0,0,0,0,5,1,0,false
C:\Users\Madhu\Downloads\carRentalManagementSystem-master\DateTime.java,DateTime,getCurrentTime/0,false,42,0,0,0,0,1,2,4,1,1,0,2,0,0,0,0,0,0,0,0,1,0,0,0,0,0,5,9,0,false
C:\Users\Madhu\Downloads\carRentalManagementSystem-master\DateTime.java,DateTime,getNameOfDay/0,false,33,0,1,1,0,1,1,4,1,1,0,1,0,0,0,0,0,0,1,0,1,0,0,0,0,0,9,1,0,false
C:\Users\Madhu\Downloads\carRentalManagementSystem-master\DateTime.java,DateTime,DateTime/0,true,10,0,0,0,0,1,1,3,0,0,0,1,0,0,0,0,0,0,0,0,1,0,0,0,0,0,3,1,0,false
C:\Users\Madhu\Downloads\carRentalManagementSystem-master\DateTime.java,DateTime,"setDate/3[int,int,int]",false,76,0,1,1,0,1,4,6,0,2,3,4,0,0,0,0,0,0,0,3,3,1,0,0,0,0,7,2,0,false
C:\Users\Madhu\Downloads\carRentalManagementSystem-master\DateTime.java,DateTime,DateTime/1[int],true,14,0,0,0,0,1,1,4,0,0,1,1,0,0,0,0,0,2,0,4,2,5,0,0,0,0,13,1,0,false
