file,class,method,variable,usage
C:\Users\Madhu\Downloads\carRentalManagementSystem-master\Vehicle.java,Vehicle,"rent/3[java.lang.String,DateTime,int]",rentDate,8
C:\Users\Madhu\Downloads\carRentalManagementSystem-master\Vehicle.java,Vehicle,"rent/3[java.lang.String,DateTime,int]",numOfRentDay,7
C:\Users\Madhu\Downloads\carRentalManagementSystem-master\Vehicle.java,Vehicle,"rent/3[java.lang.String,DateTime,int]",customerId,2
C:\Users\Madhu\Downloads\carRentalManagementSystem-master\Vehicle.java,Vehicle,"rent/3[java.lang.String,DateTime,int]",typeOfVehicle,5
C:\Users\Madhu\Downloads\carRentalManagementSystem-master\Vehicle.java,Vehicle,"rent/3[java.lang.String,DateTime,int]",rentId,3
C:\Users\Madhu\Downloads\carRentalManagementSystem-master\Vehicle.java,Vehicle,getLastElementIndex/0,index,4
C:\Users\Madhu\Downloads\carRentalManagementSystem-master\Vehicle.java,Vehicle,"Vehicle/6[java.lang.String,int,java.lang.String,java.lang.String,int,VehicleType]",Year,2
C:\Users\Madhu\Downloads\carRentalManagementSystem-master\Vehicle.java,Vehicle,"Vehicle/6[java.lang.String,int,java.lang.String,java.lang.String,int,VehicleType]",Model,2
C:\Users\Madhu\Downloads\carRentalManagementSystem-master\Vehicle.java,Vehicle,"Vehicle/6[java.lang.String,int,java.lang.String,java.lang.String,int,VehicleType]",VehicleId,1
C:\Users\Madhu\Downloads\carRentalManagementSystem-master\Vehicle.java,Vehicle,"Vehicle/6[java.lang.String,int,java.lang.String,java.lang.String,int,VehicleType]",Make,2
C:\Users\Madhu\Downloads\carRentalManagementSystem-master\Vehicle.java,Vehicle,"Vehicle/6[java.lang.String,int,java.lang.String,java.lang.String,int,VehicleType]",vehicleType,2
C:\Users\Madhu\Downloads\carRentalManagementSystem-master\Vehicle.java,Vehicle,"Vehicle/6[java.lang.String,int,java.lang.String,java.lang.String,int,VehicleType]",status,1
C:\Users\Madhu\Downloads\carRentalManagementSystem-master\Vehicle.java,Vehicle,toString/0,repository,6
C:\Users\Madhu\Downloads\carRentalManagementSystem-master\Vehicle.java,Vehicle,getDetails/0,data,6
C:\Users\Madhu\Downloads\carRentalManagementSystem-master\Van.java,Van,toString/0,lastMaintenanceDate,1
C:\Users\Madhu\Downloads\carRentalManagementSystem-master\Van.java,Van,toString/0,details,2
C:\Users\Madhu\Downloads\carRentalManagementSystem-master\Van.java,Van,"getLateFee/2[DateTime,DateTime]",endDate,2
C:\Users\Madhu\Downloads\carRentalManagementSystem-master\Van.java,Van,"getLateFee/2[DateTime,DateTime]",startDate,2
C:\Users\Madhu\Downloads\carRentalManagementSystem-master\Van.java,Van,returnVehicle/1[DateTime],returnDate,4
C:\Users\Madhu\Downloads\carRentalManagementSystem-master\Van.java,Van,returnVehicle/1[DateTime],rentDate,1
C:\Users\Madhu\Downloads\carRentalManagementSystem-master\Van.java,Van,returnVehicle/1[DateTime],estimatedDate,1
C:\Users\Madhu\Downloads\carRentalManagementSystem-master\Van.java,Van,returnVehicle/1[DateTime],rent,1
C:\Users\Madhu\Downloads\carRentalManagementSystem-master\Van.java,Van,returnVehicle/1[DateTime],vehicleType,3
C:\Users\Madhu\Downloads\carRentalManagementSystem-master\Van.java,Van,"Van/6[java.lang.String,int,java.lang.String,java.lang.String,int,VehicleType]",year,1
C:\Users\Madhu\Downloads\carRentalManagementSystem-master\Van.java,Van,"Van/6[java.lang.String,int,java.lang.String,java.lang.String,int,VehicleType]",model,1
C:\Users\Madhu\Downloads\carRentalManagementSystem-master\Van.java,Van,"Van/6[java.lang.String,int,java.lang.String,java.lang.String,int,VehicleType]",vehicleId,1
C:\Users\Madhu\Downloads\carRentalManagementSystem-master\Van.java,Van,"Van/6[java.lang.String,int,java.lang.String,java.lang.String,int,VehicleType]",make,1
C:\Users\Madhu\Downloads\carRentalManagementSystem-master\Van.java,Van,"Van/6[java.lang.String,int,java.lang.String,java.lang.String,int,VehicleType]",vehicleType,1
C:\Users\Madhu\Downloads\carRentalManagementSystem-master\Van.java,Van,"Van/6[java.lang.String,int,java.lang.String,java.lang.String,int,VehicleType]",status,1
C:\Users\Madhu\Downloads\carRentalManagementSystem-master\Van.java,Van,getDetails/0,innerIndex,2
C:\Users\Madhu\Downloads\carRentalManagementSystem-master\Van.java,Van,getDetails/0,count,2
C:\Users\Madhu\Downloads\carRentalManagementSystem-master\Van.java,Van,getDetails/0,index,6
C:\Users\Madhu\Downloads\carRentalManagementSystem-master\Van.java,Van,getDetails/0,details,7
C:\Users\Madhu\Downloads\carRentalManagementSystem-master\Van.java,Van,completeMaintenance/1[DateTime],completionDate,2
C:\Users\Madhu\Downloads\carRentalManagementSystem-master\Car.java,Car,"getLateFee/2[DateTime,DateTime]",endDate,2
C:\Users\Madhu\Downloads\carRentalManagementSystem-master\Car.java,Car,"getLateFee/2[DateTime,DateTime]",startDate,2
C:\Users\Madhu\Downloads\carRentalManagementSystem-master\Car.java,Car,getDetails/0,innerIndex,2
C:\Users\Madhu\Downloads\carRentalManagementSystem-master\Car.java,Car,getDetails/0,count,2
C:\Users\Madhu\Downloads\carRentalManagementSystem-master\Car.java,Car,getDetails/0,index,6
C:\Users\Madhu\Downloads\carRentalManagementSystem-master\Car.java,Car,getDetails/0,details,6
C:\Users\Madhu\Downloads\carRentalManagementSystem-master\Car.java,Car,"Car/6[java.lang.String,int,java.lang.String,java.lang.String,int,VehicleType]",Year,1
C:\Users\Madhu\Downloads\carRentalManagementSystem-master\Car.java,Car,"Car/6[java.lang.String,int,java.lang.String,java.lang.String,int,VehicleType]",Model,1
C:\Users\Madhu\Downloads\carRentalManagementSystem-master\Car.java,Car,"Car/6[java.lang.String,int,java.lang.String,java.lang.String,int,VehicleType]",VehicleId,1
C:\Users\Madhu\Downloads\carRentalManagementSystem-master\Car.java,Car,"Car/6[java.lang.String,int,java.lang.String,java.lang.String,int,VehicleType]",Make,1
C:\Users\Madhu\Downloads\carRentalManagementSystem-master\Car.java,Car,"Car/6[java.lang.String,int,java.lang.String,java.lang.String,int,VehicleType]",vehicleType,2
C:\Users\Madhu\Downloads\carRentalManagementSystem-master\Car.java,Car,"Car/6[java.lang.String,int,java.lang.String,java.lang.String,int,VehicleType]",status,1
C:\Users\Madhu\Downloads\carRentalManagementSystem-master\Car.java,Car,returnVehicle/1[DateTime],estdate,2
C:\Users\Madhu\Downloads\carRentalManagementSystem-master\Car.java,Car,returnVehicle/1[DateTime],returnDate,5
C:\Users\Madhu\Downloads\carRentalManagementSystem-master\Car.java,Car,returnVehicle/1[DateTime],rentDate,3
C:\Users\Madhu\Downloads\carRentalManagementSystem-master\Car.java,Car,returnVehicle/1[DateTime],vehicleType,5
C:\Users\Madhu\Downloads\carRentalManagementSystem-master\RentalRecord.java,RentalRecord,toString/0,data,1
C:\Users\Madhu\Downloads\carRentalManagementSystem-master\RentalRecord.java,RentalRecord,getDetails/0,data,1
C:\Users\Madhu\Downloads\carRentalManagementSystem-master\RentalRecord.java,RentalRecord,"RentalRecord/3[java.lang.String,DateTime,DateTime]",RentId,2
C:\Users\Madhu\Downloads\carRentalManagementSystem-master\RentalRecord.java,RentalRecord,"RentalRecord/3[java.lang.String,DateTime,DateTime]",EstimatedReturnDate,2
C:\Users\Madhu\Downloads\carRentalManagementSystem-master\RentalRecord.java,RentalRecord,"RentalRecord/3[java.lang.String,DateTime,DateTime]",Rentdate,1
C:\Users\Madhu\Downloads\carRentalManagementSystem-master\RentalRecord.java,RentalRecord,"setData/3[DateTime,java.lang.Double,java.lang.Double]",LateFee,2
C:\Users\Madhu\Downloads\carRentalManagementSystem-master\RentalRecord.java,RentalRecord,"setData/3[DateTime,java.lang.Double,java.lang.Double]",RentalFee,2
C:\Users\Madhu\Downloads\carRentalManagementSystem-master\RentalRecord.java,RentalRecord,"setData/3[DateTime,java.lang.Double,java.lang.Double]",ActualDate,1
C:\Users\Madhu\Downloads\carRentalManagementSystem-master\Start.java,Start,main/1[java.lang.String[]],args,0
C:\Users\Madhu\Downloads\carRentalManagementSystem-master\Start.java,Start,main/1[java.lang.String[]],rentSystem,1
C:\Users\Madhu\Downloads\carRentalManagementSystem-master\VehicleType.java,VehicleType,VehicleType/1[int],seats,1
C:\Users\Madhu\Downloads\carRentalManagementSystem-master\VehicleType.java,VehicleType,"IsUnderMaintenance/3[DateTime,java.lang.String,int]",rentDate,1
C:\Users\Madhu\Downloads\carRentalManagementSystem-master\VehicleType.java,VehicleType,"IsUnderMaintenance/3[DateTime,java.lang.String,int]",numOfRentDays,2
C:\Users\Madhu\Downloads\carRentalManagementSystem-master\VehicleType.java,VehicleType,"IsUnderMaintenance/3[DateTime,java.lang.String,int]",nextMaintenance,1
C:\Users\Madhu\Downloads\carRentalManagementSystem-master\VehicleType.java,VehicleType,"IsUnderMaintenance/3[DateTime,java.lang.String,int]",type,2
C:\Users\Madhu\Downloads\carRentalManagementSystem-master\VehicleType.java,VehicleType,setCarSeats/1[int],seats,1
C:\Users\Madhu\Downloads\carRentalManagementSystem-master\VehicleType.java,VehicleType,setLastMaintenance/1[DateTime],date,1
C:\Users\Madhu\Downloads\carRentalManagementSystem-master\VehicleType.java,VehicleType,getSeats/1[java.lang.String],type,1
C:\Users\Madhu\Downloads\carRentalManagementSystem-master\VehicleType.java,VehicleType,"VehicleType/2[int,DateTime]",seats,1
C:\Users\Madhu\Downloads\carRentalManagementSystem-master\VehicleType.java,VehicleType,"VehicleType/2[int,DateTime]",LastMaintenance,2
C:\Users\Madhu\Downloads\carRentalManagementSystem-master\VehicleType.java,VehicleType,"canBeRentedForMinimumDays/2[DateTime,java.lang.String]",date,2
C:\Users\Madhu\Downloads\carRentalManagementSystem-master\VehicleType.java,VehicleType,"canBeRentedForMinimumDays/2[DateTime,java.lang.String]",type,2
C:\Users\Madhu\Downloads\carRentalManagementSystem-master\VehicleType.java,VehicleType,indexOf/1[java.lang.String],index,4
C:\Users\Madhu\Downloads\carRentalManagementSystem-master\VehicleType.java,VehicleType,indexOf/1[java.lang.String],day,1
C:\Users\Madhu\Downloads\carRentalManagementSystem-master\ThriftyRentSystem.java,ThriftyRentSystem,run/0,sc,7
C:\Users\Madhu\Downloads\carRentalManagementSystem-master\ThriftyRentSystem.java,ThriftyRentSystem,run/0,choice,1
C:\Users\Madhu\Downloads\carRentalManagementSystem-master\ThriftyRentSystem.java,ThriftyRentSystem,getDetails/0,i,7
C:\Users\Madhu\Downloads\carRentalManagementSystem-master\ThriftyRentSystem.java,ThriftyRentSystem,add/1[java.util.Scanner],year,5
C:\Users\Madhu\Downloads\carRentalManagementSystem-master\ThriftyRentSystem.java,ThriftyRentSystem,add/1[java.util.Scanner],Lastmain,1
C:\Users\Madhu\Downloads\carRentalManagementSystem-master\ThriftyRentSystem.java,ThriftyRentSystem,add/1[java.util.Scanner],scan,12
C:\Users\Madhu\Downloads\carRentalManagementSystem-master\ThriftyRentSystem.java,ThriftyRentSystem,add/1[java.util.Scanner],maintenanceDate,4
C:\Users\Madhu\Downloads\carRentalManagementSystem-master\ThriftyRentSystem.java,ThriftyRentSystem,add/1[java.util.Scanner],i,12
C:\Users\Madhu\Downloads\carRentalManagementSystem-master\ThriftyRentSystem.java,ThriftyRentSystem,add/1[java.util.Scanner],seats,7
C:\Users\Madhu\Downloads\carRentalManagementSystem-master\ThriftyRentSystem.java,ThriftyRentSystem,add/1[java.util.Scanner],dateSplit,3
C:\Users\Madhu\Downloads\carRentalManagementSystem-master\ThriftyRentSystem.java,ThriftyRentSystem,add/1[java.util.Scanner],model,2
C:\Users\Madhu\Downloads\carRentalManagementSystem-master\ThriftyRentSystem.java,ThriftyRentSystem,add/1[java.util.Scanner],newVehicle,5
C:\Users\Madhu\Downloads\carRentalManagementSystem-master\ThriftyRentSystem.java,ThriftyRentSystem,add/1[java.util.Scanner],vehicleID,12
C:\Users\Madhu\Downloads\carRentalManagementSystem-master\ThriftyRentSystem.java,ThriftyRentSystem,add/1[java.util.Scanner],perDayRent,0
C:\Users\Madhu\Downloads\carRentalManagementSystem-master\ThriftyRentSystem.java,ThriftyRentSystem,add/1[java.util.Scanner],make,2
C:\Users\Madhu\Downloads\carRentalManagementSystem-master\ThriftyRentSystem.java,ThriftyRentSystem,add/1[java.util.Scanner],vehicleType,5
C:\Users\Madhu\Downloads\carRentalManagementSystem-master\ThriftyRentSystem.java,ThriftyRentSystem,returnCar/1[java.util.Scanner],sc,3
C:\Users\Madhu\Downloads\carRentalManagementSystem-master\ThriftyRentSystem.java,ThriftyRentSystem,returnCar/1[java.util.Scanner],date,3
C:\Users\Madhu\Downloads\carRentalManagementSystem-master\ThriftyRentSystem.java,ThriftyRentSystem,returnCar/1[java.util.Scanner],returnDate,1
C:\Users\Madhu\Downloads\carRentalManagementSystem-master\ThriftyRentSystem.java,ThriftyRentSystem,returnCar/1[java.util.Scanner],flag,5
C:\Users\Madhu\Downloads\carRentalManagementSystem-master\ThriftyRentSystem.java,ThriftyRentSystem,returnCar/1[java.util.Scanner],returndate,1
C:\Users\Madhu\Downloads\carRentalManagementSystem-master\ThriftyRentSystem.java,ThriftyRentSystem,returnCar/1[java.util.Scanner],i,13
C:\Users\Madhu\Downloads\carRentalManagementSystem-master\ThriftyRentSystem.java,ThriftyRentSystem,returnCar/1[java.util.Scanner],dates,7
C:\Users\Madhu\Downloads\carRentalManagementSystem-master\ThriftyRentSystem.java,ThriftyRentSystem,returnCar/1[java.util.Scanner],id,4
C:\Users\Madhu\Downloads\carRentalManagementSystem-master\ThriftyRentSystem.java,ThriftyRentSystem,rent/1[java.util.Scanner],sc,5
C:\Users\Madhu\Downloads\carRentalManagementSystem-master\ThriftyRentSystem.java,ThriftyRentSystem,rent/1[java.util.Scanner],date,3
C:\Users\Madhu\Downloads\carRentalManagementSystem-master\ThriftyRentSystem.java,ThriftyRentSystem,rent/1[java.util.Scanner],flag,5
C:\Users\Madhu\Downloads\carRentalManagementSystem-master\ThriftyRentSystem.java,ThriftyRentSystem,rent/1[java.util.Scanner],rentDate,2
C:\Users\Madhu\Downloads\carRentalManagementSystem-master\ThriftyRentSystem.java,ThriftyRentSystem,rent/1[java.util.Scanner],cusId,4
C:\Users\Madhu\Downloads\carRentalManagementSystem-master\ThriftyRentSystem.java,ThriftyRentSystem,rent/1[java.util.Scanner],i,17
C:\Users\Madhu\Downloads\carRentalManagementSystem-master\ThriftyRentSystem.java,ThriftyRentSystem,rent/1[java.util.Scanner],days,2
C:\Users\Madhu\Downloads\carRentalManagementSystem-master\ThriftyRentSystem.java,ThriftyRentSystem,rent/1[java.util.Scanner],dates,3
C:\Users\Madhu\Downloads\carRentalManagementSystem-master\ThriftyRentSystem.java,ThriftyRentSystem,rent/1[java.util.Scanner],id,16
C:\Users\Madhu\Downloads\carRentalManagementSystem-master\ThriftyRentSystem.java,ThriftyRentSystem,rent/1[java.util.Scanner],type,4
C:\Users\Madhu\Downloads\carRentalManagementSystem-master\ThriftyRentSystem.java,ThriftyRentSystem,vehicleMaintenance/1[java.util.Scanner],sc,1
C:\Users\Madhu\Downloads\carRentalManagementSystem-master\ThriftyRentSystem.java,ThriftyRentSystem,vehicleMaintenance/1[java.util.Scanner],flag,5
C:\Users\Madhu\Downloads\carRentalManagementSystem-master\ThriftyRentSystem.java,ThriftyRentSystem,vehicleMaintenance/1[java.util.Scanner],i,9
C:\Users\Madhu\Downloads\carRentalManagementSystem-master\ThriftyRentSystem.java,ThriftyRentSystem,vehicleMaintenance/1[java.util.Scanner],id,8
C:\Users\Madhu\Downloads\carRentalManagementSystem-master\ThriftyRentSystem.java,ThriftyRentSystem,completeMaintenance/1[java.util.Scanner],sc,3
C:\Users\Madhu\Downloads\carRentalManagementSystem-master\ThriftyRentSystem.java,ThriftyRentSystem,completeMaintenance/1[java.util.Scanner],date,2
C:\Users\Madhu\Downloads\carRentalManagementSystem-master\ThriftyRentSystem.java,ThriftyRentSystem,completeMaintenance/1[java.util.Scanner],flag,5
C:\Users\Madhu\Downloads\carRentalManagementSystem-master\ThriftyRentSystem.java,ThriftyRentSystem,completeMaintenance/1[java.util.Scanner],maintenanceDate,1
C:\Users\Madhu\Downloads\carRentalManagementSystem-master\ThriftyRentSystem.java,ThriftyRentSystem,completeMaintenance/1[java.util.Scanner],i,9
C:\Users\Madhu\Downloads\carRentalManagementSystem-master\ThriftyRentSystem.java,ThriftyRentSystem,completeMaintenance/1[java.util.Scanner],dates,3
C:\Users\Madhu\Downloads\carRentalManagementSystem-master\ThriftyRentSystem.java,ThriftyRentSystem,completeMaintenance/1[java.util.Scanner],id,8
C:\Users\Madhu\Downloads\carRentalManagementSystem-master\DateTime.java,DateTime,getEightDigitDate/0,currentTime,1
C:\Users\Madhu\Downloads\carRentalManagementSystem-master\DateTime.java,DateTime,getEightDigitDate/0,sdf,1
C:\Users\Madhu\Downloads\carRentalManagementSystem-master\DateTime.java,DateTime,getEightDigitDate/0,gct,1
C:\Users\Madhu\Downloads\carRentalManagementSystem-master\DateTime.java,DateTime,getFormattedDate/0,currentTime,1
C:\Users\Madhu\Downloads\carRentalManagementSystem-master\DateTime.java,DateTime,getFormattedDate/0,sdf,1
C:\Users\Madhu\Downloads\carRentalManagementSystem-master\DateTime.java,DateTime,getFormattedDate/0,gct,1
C:\Users\Madhu\Downloads\carRentalManagementSystem-master\DateTime.java,DateTime,"DateTime/2[DateTime,int]",setClockForwardInDays,1
C:\Users\Madhu\Downloads\carRentalManagementSystem-master\DateTime.java,DateTime,"DateTime/2[DateTime,int]",startDate,1
C:\Users\Madhu\Downloads\carRentalManagementSystem-master\DateTime.java,DateTime,"diffDays/2[DateTime,DateTime]",HOURS_IN_DAY,1
C:\Users\Madhu\Downloads\carRentalManagementSystem-master\DateTime.java,DateTime,"diffDays/2[DateTime,DateTime]",MILLISECONDS_IN_SECOND,1
C:\Users\Madhu\Downloads\carRentalManagementSystem-master\DateTime.java,DateTime,"diffDays/2[DateTime,DateTime]",round,2
C:\Users\Madhu\Downloads\carRentalManagementSystem-master\DateTime.java,DateTime,"diffDays/2[DateTime,DateTime]",endDate,1
C:\Users\Madhu\Downloads\carRentalManagementSystem-master\DateTime.java,DateTime,"diffDays/2[DateTime,DateTime]",MINUTES_IN_HOUR,1
C:\Users\Madhu\Downloads\carRentalManagementSystem-master\DateTime.java,DateTime,"diffDays/2[DateTime,DateTime]",convertToDays,1
C:\Users\Madhu\Downloads\carRentalManagementSystem-master\DateTime.java,DateTime,"diffDays/2[DateTime,DateTime]",difference,1
C:\Users\Madhu\Downloads\carRentalManagementSystem-master\DateTime.java,DateTime,"diffDays/2[DateTime,DateTime]",SECONDS_IN_MINUTES,1
C:\Users\Madhu\Downloads\carRentalManagementSystem-master\DateTime.java,DateTime,"diffDays/2[DateTime,DateTime]",startDate,1
C:\Users\Madhu\Downloads\carRentalManagementSystem-master\DateTime.java,DateTime,"diffDays/2[DateTime,DateTime]",hirePeriod,1
C:\Users\Madhu\Downloads\carRentalManagementSystem-master\DateTime.java,DateTime,"DateTime/3[int,int,int]",month,1
C:\Users\Madhu\Downloads\carRentalManagementSystem-master\DateTime.java,DateTime,"DateTime/3[int,int,int]",year,1
C:\Users\Madhu\Downloads\carRentalManagementSystem-master\DateTime.java,DateTime,"DateTime/3[int,int,int]",day,1
C:\Users\Madhu\Downloads\carRentalManagementSystem-master\DateTime.java,DateTime,"setAdvance/3[int,int,int]",hours,1
C:\Users\Madhu\Downloads\carRentalManagementSystem-master\DateTime.java,DateTime,"setAdvance/3[int,int,int]",mins,0
C:\Users\Madhu\Downloads\carRentalManagementSystem-master\DateTime.java,DateTime,"setAdvance/3[int,int,int]",days,1
C:\Users\Madhu\Downloads\carRentalManagementSystem-master\DateTime.java,DateTime,getCurrentTime/0,date,1
C:\Users\Madhu\Downloads\carRentalManagementSystem-master\DateTime.java,DateTime,getNameOfDay/0,sdf,1
C:\Users\Madhu\Downloads\carRentalManagementSystem-master\DateTime.java,DateTime,"setDate/3[int,int,int]",calendar,2
C:\Users\Madhu\Downloads\carRentalManagementSystem-master\DateTime.java,DateTime,"setDate/3[int,int,int]",date,1
C:\Users\Madhu\Downloads\carRentalManagementSystem-master\DateTime.java,DateTime,"setDate/3[int,int,int]",month,1
C:\Users\Madhu\Downloads\carRentalManagementSystem-master\DateTime.java,DateTime,"setDate/3[int,int,int]",year,1
C:\Users\Madhu\Downloads\carRentalManagementSystem-master\DateTime.java,DateTime,"setDate/3[int,int,int]",day,1
C:\Users\Madhu\Downloads\carRentalManagementSystem-master\DateTime.java,DateTime,DateTime/1[int],setClockForwardInDays,1
