file,class,method,variable,usage
C:\Users\Madhu\Downloads\Racing-Kart-Game-main\src\kartracinggame\KartUpdateRequest.java,kartracinggame.KartUpdateRequest,getAngle/0,angle,1
C:\Users\Madhu\Downloads\Racing-Kart-Game-main\src\kartracinggame\KartUpdateRequest.java,kartracinggame.KartUpdateRequest,toString/0,action,1
C:\Users\Madhu\Downloads\Racing-Kart-Game-main\src\kartracinggame\KartUpdateRequest.java,kartracinggame.KartUpdateRequest,toString/0,angle,1
C:\Users\Madhu\Downloads\Racing-Kart-Game-main\src\kartracinggame\KartUpdateRequest.java,kartracinggame.KartUpdateRequest,setAngle/1[double],angle,3
C:\Users\Madhu\Downloads\Racing-Kart-Game-main\src\kartracinggame\KartUpdateRequest.java,kartracinggame.KartUpdateRequest,setAction/1[kartracinggame.KartAction],action,3
C:\Users\Madhu\Downloads\Racing-Kart-Game-main\src\kartracinggame\KartUpdateRequest.java,kartracinggame.KartUpdateRequest,getAction/0,action,1
C:\Users\Madhu\Downloads\Racing-Kart-Game-main\src\kartracinggame\KartUpdateRequest.java,kartracinggame.KartUpdateRequest,"KartUpdateRequest/2[kartracinggame.KartAction,double]",action,2
C:\Users\Madhu\Downloads\Racing-Kart-Game-main\src\kartracinggame\KartUpdateRequest.java,kartracinggame.KartUpdateRequest,"KartUpdateRequest/2[kartracinggame.KartAction,double]",angle,2
C:\Users\Madhu\Downloads\Racing-Kart-Game-main\src\kartracinggame\Status.java,kartracinggame.Status,"Status/2[int,java.lang.String]",code,3
C:\Users\Madhu\Downloads\Racing-Kart-Game-main\src\kartracinggame\Status.java,kartracinggame.Status,"Status/2[int,java.lang.String]",text,3
C:\Users\Madhu\Downloads\Racing-Kart-Game-main\src\kartracinggame\Status.java,kartracinggame.Status,getCode/0,code,1
C:\Users\Madhu\Downloads\Racing-Kart-Game-main\src\kartracinggame\Status.java,kartracinggame.Status,getText/0,text,1
C:\Users\Madhu\Downloads\Racing-Kart-Game-main\src\kartracinggame\Status.java,kartracinggame.Status,fromString/1[java.lang.String],INVALID_DATA,1
C:\Users\Madhu\Downloads\Racing-Kart-Game-main\src\kartracinggame\Status.java,kartracinggame.Status,fromString/1[java.lang.String],OK,1
C:\Users\Madhu\Downloads\Racing-Kart-Game-main\src\kartracinggame\Status.java,kartracinggame.Status,fromString/1[java.lang.String],INVALID_TYPE,1
C:\Users\Madhu\Downloads\Racing-Kart-Game-main\src\kartracinggame\RaceScene.java,kartracinggame.RaceScene,"RaceScene/1[java.util.HashMap<java.lang.String,java.lang.Object>]",kartDataBuffer,1
C:\Users\Madhu\Downloads\Racing-Kart-Game-main\src\kartracinggame\RaceScene.java,kartracinggame.RaceScene,"RaceScene/1[java.util.HashMap<java.lang.String,java.lang.Object>]",roadManager,1
C:\Users\Madhu\Downloads\Racing-Kart-Game-main\src\kartracinggame\RaceScene.java,kartracinggame.RaceScene,"RaceScene/1[java.util.HashMap<java.lang.String,java.lang.Object>]",client,1
C:\Users\Madhu\Downloads\Racing-Kart-Game-main\src\kartracinggame\RaceScene.java,kartracinggame.RaceScene,initComponents/0,enemySpeedMeter,1
C:\Users\Madhu\Downloads\Racing-Kart-Game-main\src\kartracinggame\RaceScene.java,kartracinggame.RaceScene,initComponents/0,enemyKart,3
C:\Users\Madhu\Downloads\Racing-Kart-Game-main\src\kartracinggame\RaceScene.java,kartracinggame.RaceScene,initComponents/0,kartDataBuffer,2
C:\Users\Madhu\Downloads\Racing-Kart-Game-main\src\kartracinggame\RaceScene.java,kartracinggame.RaceScene,initComponents/0,yourKart,3
C:\Users\Madhu\Downloads\Racing-Kart-Game-main\src\kartracinggame\RaceScene.java,kartracinggame.RaceScene,initComponents/0,roadManager,5
C:\Users\Madhu\Downloads\Racing-Kart-Game-main\src\kartracinggame\RaceScene.java,kartracinggame.RaceScene,initComponents/0,enemyKartLabel,2
C:\Users\Madhu\Downloads\Racing-Kart-Game-main\src\kartracinggame\RaceScene.java,kartracinggame.RaceScene,initComponents/0,yourKartLabel,2
C:\Users\Madhu\Downloads\Racing-Kart-Game-main\src\kartracinggame\RaceScene.java,kartracinggame.RaceScene,initComponents/0,yourSpeedMeter,1
C:\Users\Madhu\Downloads\Racing-Kart-Game-main\src\kartracinggame\RaceScene.java,kartracinggame.RaceScene,initComponents/0,rankPanel,5
C:\Users\Madhu\Downloads\Racing-Kart-Game-main\src\kartracinggame\RaceScene.java,kartracinggame.RaceScene,initComponents/0,rankTitle,2
C:\Users\Madhu\Downloads\Racing-Kart-Game-main\src\kartracinggame\RaceScene.java,kartracinggame.RaceScene,initComponents/0,rankSecond,2
C:\Users\Madhu\Downloads\Racing-Kart-Game-main\src\kartracinggame\RaceScene.java,kartracinggame.RaceScene,initComponents/0,rankFirst,2
C:\Users\Madhu\Downloads\Racing-Kart-Game-main\src\kartracinggame\RaceScene.java,kartracinggame.RaceScene,setupDisplay/1[java.awt.Graphics],enemyKart,3
C:\Users\Madhu\Downloads\Racing-Kart-Game-main\src\kartracinggame\RaceScene.java,kartracinggame.RaceScene,setupDisplay/1[java.awt.Graphics],yourKart,3
C:\Users\Madhu\Downloads\Racing-Kart-Game-main\src\kartracinggame\RaceScene.java,kartracinggame.RaceScene,setupDisplay/1[java.awt.Graphics],enemyKartLabel,3
C:\Users\Madhu\Downloads\Racing-Kart-Game-main\src\kartracinggame\RaceScene.java,kartracinggame.RaceScene,setupDisplay/1[java.awt.Graphics],START_LINE_X,2
C:\Users\Madhu\Downloads\Racing-Kart-Game-main\src\kartracinggame\RaceScene.java,kartracinggame.RaceScene,setupDisplay/1[java.awt.Graphics],yourKartLabel,3
C:\Users\Madhu\Downloads\Racing-Kart-Game-main\src\kartracinggame\RaceScene.java,kartracinggame.RaceScene,kartCollided/1[kartracinggame.Kart],enemyKart,1
C:\Users\Madhu\Downloads\Racing-Kart-Game-main\src\kartracinggame\RaceScene.java,kartracinggame.RaceScene,kartCollided/1[kartracinggame.Kart],isYourKartCollided,1
C:\Users\Madhu\Downloads\Racing-Kart-Game-main\src\kartracinggame\RaceScene.java,kartracinggame.RaceScene,kartCollided/1[kartracinggame.Kart],isEnemyKartCollided,1
C:\Users\Madhu\Downloads\Racing-Kart-Game-main\src\kartracinggame\RaceScene.java,kartracinggame.RaceScene,kartCollided/1[kartracinggame.Kart],yourKart,1
C:\Users\Madhu\Downloads\Racing-Kart-Game-main\src\kartracinggame\RaceScene.java,kartracinggame.RaceScene,updateRankPanel/0,firstRank,2
C:\Users\Madhu\Downloads\Racing-Kart-Game-main\src\kartracinggame\RaceScene.java,kartracinggame.RaceScene,updateRankPanel/0,enemyKart,1
C:\Users\Madhu\Downloads\Racing-Kart-Game-main\src\kartracinggame\RaceScene.java,kartracinggame.RaceScene,updateRankPanel/0,isYourKartCollided,2
C:\Users\Madhu\Downloads\Racing-Kart-Game-main\src\kartracinggame\RaceScene.java,kartracinggame.RaceScene,updateRankPanel/0,isEnemyKartCollided,2
C:\Users\Madhu\Downloads\Racing-Kart-Game-main\src\kartracinggame\RaceScene.java,kartracinggame.RaceScene,updateRankPanel/0,yourKart,1
C:\Users\Madhu\Downloads\Racing-Kart-Game-main\src\kartracinggame\RaceScene.java,kartracinggame.RaceScene,updateRankPanel/0,rankPanel,7
C:\Users\Madhu\Downloads\Racing-Kart-Game-main\src\kartracinggame\RaceScene.java,kartracinggame.RaceScene,updateRankPanel/0,rankTitle,5
C:\Users\Madhu\Downloads\Racing-Kart-Game-main\src\kartracinggame\RaceScene.java,kartracinggame.RaceScene,updateRankPanel/0,rankSecond,4
C:\Users\Madhu\Downloads\Racing-Kart-Game-main\src\kartracinggame\RaceScene.java,kartracinggame.RaceScene,updateRankPanel/0,rankFirst,4
C:\Users\Madhu\Downloads\Racing-Kart-Game-main\src\kartracinggame\RaceScene.java,kartracinggame.RaceScene,handleKeyPressed/1[int],isYourKartCollided,1
C:\Users\Madhu\Downloads\Racing-Kart-Game-main\src\kartracinggame\RaceScene.java,kartracinggame.RaceScene,handleKeyPressed/1[int],client,1
C:\Users\Madhu\Downloads\Racing-Kart-Game-main\src\kartracinggame\RaceScene.java,kartracinggame.RaceScene,handleKeyPressed/1[int],yourKart,1
C:\Users\Madhu\Downloads\Racing-Kart-Game-main\src\kartracinggame\RaceScene.java,kartracinggame.RaceScene,handleKeyPressed/1[int],isYourKartDone,1
C:\Users\Madhu\Downloads\Racing-Kart-Game-main\src\kartracinggame\RaceScene.java,kartracinggame.RaceScene,updateFirstRank/1[kartracinggame.Kart],firstRank,11
C:\Users\Madhu\Downloads\Racing-Kart-Game-main\src\kartracinggame\RaceScene.java,kartracinggame.RaceScene,updateFirstRank/1[kartracinggame.Kart],isEnemyKartDone,2
C:\Users\Madhu\Downloads\Racing-Kart-Game-main\src\kartracinggame\RaceScene.java,kartracinggame.RaceScene,updateFirstRank/1[kartracinggame.Kart],roadManager,2
C:\Users\Madhu\Downloads\Racing-Kart-Game-main\src\kartracinggame\RaceScene.java,kartracinggame.RaceScene,updateFirstRank/1[kartracinggame.Kart],yourKart,1
C:\Users\Madhu\Downloads\Racing-Kart-Game-main\src\kartracinggame\RaceScene.java,kartracinggame.RaceScene,updateFirstRank/1[kartracinggame.Kart],START_LINE_X,1
C:\Users\Madhu\Downloads\Racing-Kart-Game-main\src\kartracinggame\RaceScene.java,kartracinggame.RaceScene,updateFirstRank/1[kartracinggame.Kart],isYourKartDone,2
C:\Users\Madhu\Downloads\Racing-Kart-Game-main\src\kartracinggame\RaceScene.java,kartracinggame.RaceScene,kartMoved/1[kartracinggame.Kart],enemySpeedMeter,1
C:\Users\Madhu\Downloads\Racing-Kart-Game-main\src\kartracinggame\RaceScene.java,kartracinggame.RaceScene,kartMoved/1[kartracinggame.Kart],enemyKart,2
C:\Users\Madhu\Downloads\Racing-Kart-Game-main\src\kartracinggame\RaceScene.java,kartracinggame.RaceScene,kartMoved/1[kartracinggame.Kart],isYourKartCollided,1
C:\Users\Madhu\Downloads\Racing-Kart-Game-main\src\kartracinggame\RaceScene.java,kartracinggame.RaceScene,kartMoved/1[kartracinggame.Kart],yourKart,2
C:\Users\Madhu\Downloads\Racing-Kart-Game-main\src\kartracinggame\RaceScene.java,kartracinggame.RaceScene,kartMoved/1[kartracinggame.Kart],client,1
C:\Users\Madhu\Downloads\Racing-Kart-Game-main\src\kartracinggame\RaceScene.java,kartracinggame.RaceScene,kartMoved/1[kartracinggame.Kart],yourSpeedMeter,1
C:\Users\Madhu\Downloads\Racing-Kart-Game-main\src\kartracinggame\RaceScene.java,kartracinggame.RaceScene,kartMoved/1[kartracinggame.Kart],isYourKartDone,1
C:\Users\Madhu\Downloads\Racing-Kart-Game-main\src\kartracinggame\RaceScene.java,kartracinggame.RaceScene,updateKartData/1[java.lang.String],enemyKart,1
C:\Users\Madhu\Downloads\Racing-Kart-Game-main\src\kartracinggame\RaceScene.java,kartracinggame.RaceScene,updateKartData/1[java.lang.String],kartDataBuffer,1
C:\Users\Madhu\Downloads\Racing-Kart-Game-main\src\kartracinggame\RaceScene.java,kartracinggame.RaceScene,updateKartData/1[java.lang.String],yourKart,1
C:\Users\Madhu\Downloads\Racing-Kart-Game-main\src\kartracinggame\RaceScene.java,kartracinggame.RaceScene,serverUpdated/1[kartracinggame.Response],firstRank,1
C:\Users\Madhu\Downloads\Racing-Kart-Game-main\src\kartracinggame\RaceScene.java,kartracinggame.RaceScene,serverUpdated/1[kartracinggame.Response],kartDataBuffer,2
C:\Users\Madhu\Downloads\Racing-Kart-Game-main\src\kartracinggame\RaceScene.java,kartracinggame.RaceScene,serverUpdated/1[kartracinggame.Response],yourKart,1
C:\Users\Madhu\Downloads\Racing-Kart-Game-main\src\kartracinggame\SceneManager.java,kartracinggame.SceneManager,addListener/1[kartracinggame.SceneChangeListener],listeners,1
C:\Users\Madhu\Downloads\Racing-Kart-Game-main\src\kartracinggame\SceneManager.java,kartracinggame.SceneManager,getCurrentScene/0,currentScene,1
C:\Users\Madhu\Downloads\Racing-Kart-Game-main\src\kartracinggame\SceneManager.java,kartracinggame.SceneManager,SceneManager/0,listeners,1
C:\Users\Madhu\Downloads\Racing-Kart-Game-main\src\kartracinggame\SceneManager.java,kartracinggame.SceneManager,updateListeners/0,listeners,1
C:\Users\Madhu\Downloads\Racing-Kart-Game-main\src\kartracinggame\SceneManager.java,kartracinggame.SceneManager,updateListeners/0,currentScene,1
C:\Users\Madhu\Downloads\Racing-Kart-Game-main\src\kartracinggame\SceneManager.java,kartracinggame.SceneManager,getInstance/0,sceneManager,3
C:\Users\Madhu\Downloads\Racing-Kart-Game-main\src\kartracinggame\SceneManager.java,kartracinggame.SceneManager,setCurrentScene/1[kartracinggame.Scene],currentScene,3
C:\Users\Madhu\Downloads\Racing-Kart-Game-main\src\kartracinggame\KartDataFactory.java,kartracinggame.KartDataFactory,getNumKarts/0,kartsCount,1
C:\Users\Madhu\Downloads\Racing-Kart-Game-main\src\kartracinggame\KartDataFactory.java,kartracinggame.KartDataFactory,getLastData/1[java.lang.String],lastKartDatas,1
C:\Users\Madhu\Downloads\Racing-Kart-Game-main\src\kartracinggame\KartDataFactory.java,kartracinggame.KartDataFactory,getBufferSize/1[java.lang.String],kartDatasBuffer,1
C:\Users\Madhu\Downloads\Racing-Kart-Game-main\src\kartracinggame\KartDataFactory.java,kartracinggame.KartDataFactory,"KartDataFactory/2[int,int]",lastKartDatas,1
C:\Users\Madhu\Downloads\Racing-Kart-Game-main\src\kartracinggame\KartDataFactory.java,kartracinggame.KartDataFactory,"KartDataFactory/2[int,int]",kartDatasBuffer,1
C:\Users\Madhu\Downloads\Racing-Kart-Game-main\src\kartracinggame\KartDataFactory.java,kartracinggame.KartDataFactory,"KartDataFactory/2[int,int]",startPosition,1
C:\Users\Madhu\Downloads\Racing-Kart-Game-main\src\kartracinggame\KartDataFactory.java,kartracinggame.KartDataFactory,"addToBuffer/2[java.lang.String,kartracinggame.KartData]",lastKartDatas,1
C:\Users\Madhu\Downloads\Racing-Kart-Game-main\src\kartracinggame\KartDataFactory.java,kartracinggame.KartDataFactory,"addToBuffer/2[java.lang.String,kartracinggame.KartData]",kartDatasBuffer,1
C:\Users\Madhu\Downloads\Racing-Kart-Game-main\src\kartracinggame\KartDataFactory.java,kartracinggame.KartDataFactory,getKartDatasString/1[java.lang.String],accessCount,3
C:\Users\Madhu\Downloads\Racing-Kart-Game-main\src\kartracinggame\KartDataFactory.java,kartracinggame.KartDataFactory,getKartDatasString/1[java.lang.String],kartDatasBuffer,1
C:\Users\Madhu\Downloads\Racing-Kart-Game-main\src\kartracinggame\KartDataFactory.java,kartracinggame.KartDataFactory,getKartDatasString/1[java.lang.String],kartsCount,1
C:\Users\Madhu\Downloads\Racing-Kart-Game-main\src\kartracinggame\KartDataFactory.java,kartracinggame.KartDataFactory,removeData/1[java.lang.String],lastKartDatas,1
C:\Users\Madhu\Downloads\Racing-Kart-Game-main\src\kartracinggame\KartDataFactory.java,kartracinggame.KartDataFactory,removeData/1[java.lang.String],kartDatasBuffer,1
C:\Users\Madhu\Downloads\Racing-Kart-Game-main\src\kartracinggame\KartDataFactory.java,kartracinggame.KartDataFactory,removeData/1[java.lang.String],kartsCount,3
C:\Users\Madhu\Downloads\Racing-Kart-Game-main\src\kartracinggame\KartDataFactory.java,kartracinggame.KartDataFactory,"createKart/2[java.lang.String,java.lang.String]",lastKartDatas,1
C:\Users\Madhu\Downloads\Racing-Kart-Game-main\src\kartracinggame\KartDataFactory.java,kartracinggame.KartDataFactory,"createKart/2[java.lang.String,java.lang.String]",kartDatasBuffer,1
C:\Users\Madhu\Downloads\Racing-Kart-Game-main\src\kartracinggame\KartDataFactory.java,kartracinggame.KartDataFactory,"createKart/2[java.lang.String,java.lang.String]",startPosition,2
C:\Users\Madhu\Downloads\Racing-Kart-Game-main\src\kartracinggame\KartDataFactory.java,kartracinggame.KartDataFactory,"createKart/2[java.lang.String,java.lang.String]",kartsCount,2
C:\Users\Madhu\Downloads\Racing-Kart-Game-main\src\kartracinggame\KartDataFactory.java,kartracinggame.KartDataFactory,"setStartPosition/2[int,int]",startPosition,2
C:\Users\Madhu\Downloads\Racing-Kart-Game-main\src\kartracinggame\KartAction.java,kartracinggame.KartAction,fromString/1[java.lang.String],MOVE_BACKWARD,1
C:\Users\Madhu\Downloads\Racing-Kart-Game-main\src\kartracinggame\KartAction.java,kartracinggame.KartAction,fromString/1[java.lang.String],MOVE_LEFT,1
C:\Users\Madhu\Downloads\Racing-Kart-Game-main\src\kartracinggame\KartAction.java,kartracinggame.KartAction,fromString/1[java.lang.String],MOVE_RIGHT,1
C:\Users\Madhu\Downloads\Racing-Kart-Game-main\src\kartracinggame\KartAction.java,kartracinggame.KartAction,fromString/1[java.lang.String],ROTATE,1
C:\Users\Madhu\Downloads\Racing-Kart-Game-main\src\kartracinggame\KartAction.java,kartracinggame.KartAction,fromString/1[java.lang.String],MOVE_FORWARD,1
C:\Users\Madhu\Downloads\Racing-Kart-Game-main\src\kartracinggame\KartAction.java,kartracinggame.KartAction,fromString/1[java.lang.String],NONE,1
C:\Users\Madhu\Downloads\Racing-Kart-Game-main\src\kartracinggame\Scene.java,kartracinggame.Scene,getName/0,name,1
C:\Users\Madhu\Downloads\Racing-Kart-Game-main\src\kartracinggame\Scene.java,kartracinggame.Scene,setName/1[java.lang.String],name,3
C:\Users\Madhu\Downloads\Racing-Kart-Game-main\src\kartracinggame\Scene.java,kartracinggame.Scene,"setParams/1[java.util.HashMap<java.lang.String,java.lang.Object>]",params,3
C:\Users\Madhu\Downloads\Racing-Kart-Game-main\src\kartracinggame\Scene.java,kartracinggame.Scene,getParams/0,params,1
C:\Users\Madhu\Downloads\Racing-Kart-Game-main\src\kartracinggame\Scene.java,kartracinggame.Scene,"Scene/1[java.util.HashMap<java.lang.String,java.lang.Object>]",params,2
C:\Users\Madhu\Downloads\Racing-Kart-Game-main\src\kartracinggame\Main.java,kartracinggame.Main,keyReleased/1[java.awt.event.KeyEvent],pressedKeys,1
C:\Users\Madhu\Downloads\Racing-Kart-Game-main\src\kartracinggame\Main.java,kartracinggame.Main,serverUpdated/1[kartracinggame.Response],isAllowedExit,1
C:\Users\Madhu\Downloads\Racing-Kart-Game-main\src\kartracinggame\Main.java,kartracinggame.Main,serverUpdated/1[kartracinggame.Response],client,1
C:\Users\Madhu\Downloads\Racing-Kart-Game-main\src\kartracinggame\Main.java,kartracinggame.Main,showScene/1[kartracinggame.Scene],scene,6
C:\Users\Madhu\Downloads\Racing-Kart-Game-main\src\kartracinggame\Main.java,kartracinggame.Main,Main/0,pressedKeys,1
C:\Users\Madhu\Downloads\Racing-Kart-Game-main\src\kartracinggame\Main.java,kartracinggame.Main,Main/0,client,2
C:\Users\Madhu\Downloads\Racing-Kart-Game-main\src\kartracinggame\Main.java,kartracinggame.Main,keyPressed/1[java.awt.event.KeyEvent],pressedKeys,2
C:\Users\Madhu\Downloads\Racing-Kart-Game-main\src\kartracinggame\Main.java,kartracinggame.Main,keyPressed/1[java.awt.event.KeyEvent],scene,1
C:\Users\Madhu\Downloads\Racing-Kart-Game-main\src\kartracinggame\ClientListenerThread.java,kartracinggame.ClientListenerThread,run/0,clientSocket,10
C:\Users\Madhu\Downloads\Racing-Kart-Game-main\src\kartracinggame\ClientListenerThread.java,kartracinggame.ClientListenerThread,run/0,server,7
C:\Users\Madhu\Downloads\Racing-Kart-Game-main\src\kartracinggame\ClientListenerThread.java,kartracinggame.ClientListenerThread,ClientListenerThread/1[java.net.Socket],clientSocket,1
C:\Users\Madhu\Downloads\Racing-Kart-Game-main\src\kartracinggame\ClientListenerThread.java,kartracinggame.ClientListenerThread,ClientListenerThread/1[java.net.Socket],server,2
C:\Users\Madhu\Downloads\Racing-Kart-Game-main\src\kartracinggame\Payload.java,kartracinggame.Payload,Payload/1[kartracinggame.PayloadType],type,2
C:\Users\Madhu\Downloads\Racing-Kart-Game-main\src\kartracinggame\Payload.java,kartracinggame.Payload,setType/1[kartracinggame.PayloadType],type,3
C:\Users\Madhu\Downloads\Racing-Kart-Game-main\src\kartracinggame\Payload.java,kartracinggame.Payload,toString/0,type,1
C:\Users\Madhu\Downloads\Racing-Kart-Game-main\src\kartracinggame\Payload.java,kartracinggame.Payload,getType/0,type,1
C:\Users\Madhu\Downloads\Racing-Kart-Game-main\src\kartracinggame\RoadManager.java,kartracinggame.RoadManager,"paint/2[java.awt.Graphics,java.awt.Color]",roads,1
C:\Users\Madhu\Downloads\Racing-Kart-Game-main\src\kartracinggame\RoadManager.java,kartracinggame.RoadManager,getCurrentRoadInd/1[kartracinggame.Kart],roads,2
C:\Users\Madhu\Downloads\Racing-Kart-Game-main\src\kartracinggame\RoadManager.java,kartracinggame.RoadManager,getCurrentRoadInd/1[kartracinggame.Kart],kartsRoad,3
C:\Users\Madhu\Downloads\Racing-Kart-Game-main\src\kartracinggame\RoadManager.java,kartracinggame.RoadManager,RoadManager/0,roads,1
C:\Users\Madhu\Downloads\Racing-Kart-Game-main\src\kartracinggame\RoadManager.java,kartracinggame.RoadManager,RoadManager/0,kartsRoad,1
C:\Users\Madhu\Downloads\Racing-Kart-Game-main\src\kartracinggame\RoadManager.java,kartracinggame.RoadManager,addRoad/1[java.awt.Rectangle],roads,1
C:\Users\Madhu\Downloads\Racing-Kart-Game-main\src\kartracinggame\SelectKartScene.java,kartracinggame.SelectKartScene,init/0,client,1
C:\Users\Madhu\Downloads\Racing-Kart-Game-main\src\kartracinggame\SelectKartScene.java,kartracinggame.SelectKartScene,setupDisplay/1[java.awt.Graphics],buttonB,7
C:\Users\Madhu\Downloads\Racing-Kart-Game-main\src\kartracinggame\SelectKartScene.java,kartracinggame.SelectKartScene,setupDisplay/1[java.awt.Graphics],demoKartB,1
C:\Users\Madhu\Downloads\Racing-Kart-Game-main\src\kartracinggame\SelectKartScene.java,kartracinggame.SelectKartScene,setupDisplay/1[java.awt.Graphics],demoKartA,1
C:\Users\Madhu\Downloads\Racing-Kart-Game-main\src\kartracinggame\SelectKartScene.java,kartracinggame.SelectKartScene,setupDisplay/1[java.awt.Graphics],isAllClientsJoined,1
C:\Users\Madhu\Downloads\Racing-Kart-Game-main\src\kartracinggame\SelectKartScene.java,kartracinggame.SelectKartScene,setupDisplay/1[java.awt.Graphics],clientsStatus,3
C:\Users\Madhu\Downloads\Racing-Kart-Game-main\src\kartracinggame\SelectKartScene.java,kartracinggame.SelectKartScene,setupDisplay/1[java.awt.Graphics],title,3
C:\Users\Madhu\Downloads\Racing-Kart-Game-main\src\kartracinggame\SelectKartScene.java,kartracinggame.SelectKartScene,setupDisplay/1[java.awt.Graphics],buttonA,7
C:\Users\Madhu\Downloads\Racing-Kart-Game-main\src\kartracinggame\SelectKartScene.java,kartracinggame.SelectKartScene,setupDisplay/1[java.awt.Graphics],raceStatus,6
C:\Users\Madhu\Downloads\Racing-Kart-Game-main\src\kartracinggame\SelectKartScene.java,kartracinggame.SelectKartScene,serverUpdated/1[kartracinggame.Response],isAllClientsJoined,1
C:\Users\Madhu\Downloads\Racing-Kart-Game-main\src\kartracinggame\SelectKartScene.java,kartracinggame.SelectKartScene,initComponents/0,buttonB,3
C:\Users\Madhu\Downloads\Racing-Kart-Game-main\src\kartracinggame\SelectKartScene.java,kartracinggame.SelectKartScene,initComponents/0,demoKartB,1
C:\Users\Madhu\Downloads\Racing-Kart-Game-main\src\kartracinggame\SelectKartScene.java,kartracinggame.SelectKartScene,initComponents/0,demoKartA,1
C:\Users\Madhu\Downloads\Racing-Kart-Game-main\src\kartracinggame\SelectKartScene.java,kartracinggame.SelectKartScene,initComponents/0,clientsStatus,2
C:\Users\Madhu\Downloads\Racing-Kart-Game-main\src\kartracinggame\SelectKartScene.java,kartracinggame.SelectKartScene,initComponents/0,title,2
C:\Users\Madhu\Downloads\Racing-Kart-Game-main\src\kartracinggame\SelectKartScene.java,kartracinggame.SelectKartScene,initComponents/0,buttonA,3
C:\Users\Madhu\Downloads\Racing-Kart-Game-main\src\kartracinggame\SelectKartScene.java,kartracinggame.SelectKartScene,initComponents/0,raceStatus,2
C:\Users\Madhu\Downloads\Racing-Kart-Game-main\src\kartracinggame\ServerTester.java,kartracinggame.ServerTester,main/1[java.lang.String[]],clientSocket,5
C:\Users\Madhu\Downloads\Racing-Kart-Game-main\src\kartracinggame\ServerTester.java,kartracinggame.ServerTester,main/1[java.lang.String[]],SERVER_PORT,1
C:\Users\Madhu\Downloads\Racing-Kart-Game-main\src\kartracinggame\ServerTester.java,kartracinggame.ServerTester,main/1[java.lang.String[]],scanner,3
C:\Users\Madhu\Downloads\Racing-Kart-Game-main\src\kartracinggame\CollisionManager.java,kartracinggame.CollisionManager,setScene/1[kartracinggame.Scene],scene,3
C:\Users\Madhu\Downloads\Racing-Kart-Game-main\src\kartracinggame\CollisionManager.java,kartracinggame.CollisionManager,reset/0,collisionManager,1
C:\Users\Madhu\Downloads\Racing-Kart-Game-main\src\kartracinggame\CollisionManager.java,kartracinggame.CollisionManager,getInstance/0,collisionManager,3
C:\Users\Madhu\Downloads\Racing-Kart-Game-main\src\kartracinggame\CollisionManager.java,kartracinggame.CollisionManager,getColliders/0,colliders,1
C:\Users\Madhu\Downloads\Racing-Kart-Game-main\src\kartracinggame\CollisionManager.java,kartracinggame.CollisionManager,isHit/1[kartracinggame.Collider],colliders,1
C:\Users\Madhu\Downloads\Racing-Kart-Game-main\src\kartracinggame\CollisionManager.java,kartracinggame.CollisionManager,"paint/2[java.awt.Graphics,java.awt.Color]",colliders,1
C:\Users\Madhu\Downloads\Racing-Kart-Game-main\src\kartracinggame\CollisionManager.java,kartracinggame.CollisionManager,CollisionManager/0,colliders,1
C:\Users\Madhu\Downloads\Racing-Kart-Game-main\src\kartracinggame\CollisionManager.java,kartracinggame.CollisionManager,addCollider/1[kartracinggame.Collider],colliders,1
C:\Users\Madhu\Downloads\Racing-Kart-Game-main\src\kartracinggame\Client.java,kartracinggame.Client,Client/0,SERVER_PORT,1
C:\Users\Madhu\Downloads\Racing-Kart-Game-main\src\kartracinggame\Client.java,kartracinggame.Client,Client/0,listeners,1
C:\Users\Madhu\Downloads\Racing-Kart-Game-main\src\kartracinggame\Client.java,kartracinggame.Client,Client/0,socket,2
C:\Users\Madhu\Downloads\Racing-Kart-Game-main\src\kartracinggame\Client.java,kartracinggame.Client,updateListeners/1[kartracinggame.Response],listeners,1
C:\Users\Madhu\Downloads\Racing-Kart-Game-main\src\kartracinggame\Client.java,kartracinggame.Client,removeListener/1[kartracinggame.ServerUpdateListener],listeners,1
C:\Users\Madhu\Downloads\Racing-Kart-Game-main\src\kartracinggame\Client.java,kartracinggame.Client,notifyServer/1[kartracinggame.Payload],socket,2
C:\Users\Madhu\Downloads\Racing-Kart-Game-main\src\kartracinggame\Client.java,kartracinggame.Client,getInstance/0,client,1
C:\Users\Madhu\Downloads\Racing-Kart-Game-main\src\kartracinggame\Client.java,kartracinggame.Client,addListener/1[kartracinggame.ServerUpdateListener],listeners,1
C:\Users\Madhu\Downloads\Racing-Kart-Game-main\src\kartracinggame\PayloadType.java,kartracinggame.PayloadType,fromString/1[java.lang.String],ALL_JOINED,1
C:\Users\Madhu\Downloads\Racing-Kart-Game-main\src\kartracinggame\PayloadType.java,kartracinggame.PayloadType,fromString/1[java.lang.String],KART_UPDATE,1
C:\Users\Madhu\Downloads\Racing-Kart-Game-main\src\kartracinggame\PayloadType.java,kartracinggame.PayloadType,fromString/1[java.lang.String],CLIENT_EXIT,1
C:\Users\Madhu\Downloads\Racing-Kart-Game-main\src\kartracinggame\PayloadType.java,kartracinggame.PayloadType,fromString/1[java.lang.String],KART_SELECTED,1
C:\Users\Madhu\Downloads\Racing-Kart-Game-main\src\kartracinggame\PayloadType.java,kartracinggame.PayloadType,fromString/1[java.lang.String],KART_EXIT,1
C:\Users\Madhu\Downloads\Racing-Kart-Game-main\src\kartracinggame\SpeedMeter.java,kartracinggame.SpeedMeter,getSpeed/0,speed,1
C:\Users\Madhu\Downloads\Racing-Kart-Game-main\src\kartracinggame\SpeedMeter.java,kartracinggame.SpeedMeter,setSpeed/1[double],speed,3
C:\Users\Madhu\Downloads\Racing-Kart-Game-main\src\kartracinggame\SpeedMeter.java,kartracinggame.SpeedMeter,updateFrame/0,speed,1
C:\Users\Madhu\Downloads\Racing-Kart-Game-main\src\kartracinggame\KartData.java,kartracinggame.KartData,getAction/0,action,1
C:\Users\Madhu\Downloads\Racing-Kart-Game-main\src\kartracinggame\KartData.java,kartracinggame.KartData,getY/0,y,1
C:\Users\Madhu\Downloads\Racing-Kart-Game-main\src\kartracinggame\KartData.java,kartracinggame.KartData,setSpeed/1[double],speed,3
C:\Users\Madhu\Downloads\Racing-Kart-Game-main\src\kartracinggame\KartData.java,kartracinggame.KartData,getX/0,x,1
C:\Users\Madhu\Downloads\Racing-Kart-Game-main\src\kartracinggame\KartData.java,kartracinggame.KartData,"setPosition/2[double,double]",x,3
C:\Users\Madhu\Downloads\Racing-Kart-Game-main\src\kartracinggame\KartData.java,kartracinggame.KartData,"setPosition/2[double,double]",y,3
C:\Users\Madhu\Downloads\Racing-Kart-Game-main\src\kartracinggame\KartData.java,kartracinggame.KartData,setAction/1[kartracinggame.KartAction],action,1
C:\Users\Madhu\Downloads\Racing-Kart-Game-main\src\kartracinggame\KartData.java,kartracinggame.KartData,getName/0,kartName,1
C:\Users\Madhu\Downloads\Racing-Kart-Game-main\src\kartracinggame\KartData.java,kartracinggame.KartData,getSpeed/0,speed,1
C:\Users\Madhu\Downloads\Racing-Kart-Game-main\src\kartracinggame\KartData.java,kartracinggame.KartData,"KartData/5[java.lang.String,double,double,kartracinggame.KartAction,double]",x,2
C:\Users\Madhu\Downloads\Racing-Kart-Game-main\src\kartracinggame\KartData.java,kartracinggame.KartData,"KartData/5[java.lang.String,double,double,kartracinggame.KartAction,double]",kartName,2
C:\Users\Madhu\Downloads\Racing-Kart-Game-main\src\kartracinggame\KartData.java,kartracinggame.KartData,"KartData/5[java.lang.String,double,double,kartracinggame.KartAction,double]",y,2
C:\Users\Madhu\Downloads\Racing-Kart-Game-main\src\kartracinggame\KartData.java,kartracinggame.KartData,"KartData/5[java.lang.String,double,double,kartracinggame.KartAction,double]",action,2
C:\Users\Madhu\Downloads\Racing-Kart-Game-main\src\kartracinggame\KartData.java,kartracinggame.KartData,"KartData/5[java.lang.String,double,double,kartracinggame.KartAction,double]",speed,2
C:\Users\Madhu\Downloads\Racing-Kart-Game-main\src\kartracinggame\KartData.java,kartracinggame.KartData,setAngle/1[double],angle,3
C:\Users\Madhu\Downloads\Racing-Kart-Game-main\src\kartracinggame\KartData.java,kartracinggame.KartData,setName/1[java.lang.String],kartName,3
C:\Users\Madhu\Downloads\Racing-Kart-Game-main\src\kartracinggame\KartData.java,kartracinggame.KartData,"KartData/3[java.lang.String,double,double]",x,2
C:\Users\Madhu\Downloads\Racing-Kart-Game-main\src\kartracinggame\KartData.java,kartracinggame.KartData,"KartData/3[java.lang.String,double,double]",kartName,2
C:\Users\Madhu\Downloads\Racing-Kart-Game-main\src\kartracinggame\KartData.java,kartracinggame.KartData,"KartData/3[java.lang.String,double,double]",y,2
C:\Users\Madhu\Downloads\Racing-Kart-Game-main\src\kartracinggame\KartData.java,kartracinggame.KartData,toString/0,x,1
C:\Users\Madhu\Downloads\Racing-Kart-Game-main\src\kartracinggame\KartData.java,kartracinggame.KartData,toString/0,kartName,1
C:\Users\Madhu\Downloads\Racing-Kart-Game-main\src\kartracinggame\KartData.java,kartracinggame.KartData,toString/0,action,1
C:\Users\Madhu\Downloads\Racing-Kart-Game-main\src\kartracinggame\KartData.java,kartracinggame.KartData,toString/0,y,1
C:\Users\Madhu\Downloads\Racing-Kart-Game-main\src\kartracinggame\KartData.java,kartracinggame.KartData,toString/0,speed,1
C:\Users\Madhu\Downloads\Racing-Kart-Game-main\src\kartracinggame\KartData.java,kartracinggame.KartData,getAngle/0,angle,1
C:\Users\Madhu\Downloads\Racing-Kart-Game-main\src\kartracinggame\Server.java,kartracinggame.Server,Server/0,PORT,1
C:\Users\Madhu\Downloads\Racing-Kart-Game-main\src\kartracinggame\Server.java,kartracinggame.Server,Server/0,exitedKarts,1
C:\Users\Madhu\Downloads\Racing-Kart-Game-main\src\kartracinggame\Server.java,kartracinggame.Server,Server/0,serverSocket,2
C:\Users\Madhu\Downloads\Racing-Kart-Game-main\src\kartracinggame\Server.java,kartracinggame.Server,Server/0,kartDataFactory,1
C:\Users\Madhu\Downloads\Racing-Kart-Game-main\src\kartracinggame\Server.java,kartracinggame.Server,Server/0,clientSockets,1
C:\Users\Madhu\Downloads\Racing-Kart-Game-main\src\kartracinggame\Server.java,kartracinggame.Server,acceptClients/0,serverSocket,1
C:\Users\Madhu\Downloads\Racing-Kart-Game-main\src\kartracinggame\Server.java,kartracinggame.Server,acceptClients/0,MAX_NUM_KARTS,1
C:\Users\Madhu\Downloads\Racing-Kart-Game-main\src\kartracinggame\Server.java,kartracinggame.Server,acceptClients/0,clientSockets,2
C:\Users\Madhu\Downloads\Racing-Kart-Game-main\src\kartracinggame\Server.java,kartracinggame.Server,acceptClients/0,clientCount,2
C:\Users\Madhu\Downloads\Racing-Kart-Game-main\src\kartracinggame\Server.java,kartracinggame.Server,"updateKart/3[java.net.Socket,kartracinggame.KartAction,double]",kartDataFactory,2
C:\Users\Madhu\Downloads\Racing-Kart-Game-main\src\kartracinggame\Server.java,kartracinggame.Server,removeKartData/1[java.net.Socket],exitedKarts,3
C:\Users\Madhu\Downloads\Racing-Kart-Game-main\src\kartracinggame\Server.java,kartracinggame.Server,removeKartData/1[java.net.Socket],executor,1
C:\Users\Madhu\Downloads\Racing-Kart-Game-main\src\kartracinggame\Server.java,kartracinggame.Server,removeKartData/1[java.net.Socket],kartDataFactory,1
C:\Users\Madhu\Downloads\Racing-Kart-Game-main\src\kartracinggame\Server.java,kartracinggame.Server,removeKartData/1[java.net.Socket],MAX_NUM_KARTS,2
C:\Users\Madhu\Downloads\Racing-Kart-Game-main\src\kartracinggame\Server.java,kartracinggame.Server,removeKartData/1[java.net.Socket],clientSockets,2
C:\Users\Madhu\Downloads\Racing-Kart-Game-main\src\kartracinggame\Server.java,kartracinggame.Server,removeKartData/1[java.net.Socket],kartExitCount,3
C:\Users\Madhu\Downloads\Racing-Kart-Game-main\src\kartracinggame\Server.java,kartracinggame.Server,getInstance/0,server,1
C:\Users\Madhu\Downloads\Racing-Kart-Game-main\src\kartracinggame\Server.java,kartracinggame.Server,removeClient/1[java.net.Socket],clientCount,1
C:\Users\Madhu\Downloads\Racing-Kart-Game-main\src\kartracinggame\Server.java,kartracinggame.Server,removeClient/1[java.net.Socket],clientSockets,1
C:\Users\Madhu\Downloads\Racing-Kart-Game-main\src\kartracinggame\Server.java,kartracinggame.Server,"addKart/2[java.net.Socket,java.lang.String]",kartDataFactory,3
C:\Users\Madhu\Downloads\Racing-Kart-Game-main\src\kartracinggame\Server.java,kartracinggame.Server,"addKart/2[java.net.Socket,java.lang.String]",MAX_NUM_KARTS,1
C:\Users\Madhu\Downloads\Racing-Kart-Game-main\src\kartracinggame\Server.java,kartracinggame.Server,"addKart/2[java.net.Socket,java.lang.String]",clientSockets,1
C:\Users\Madhu\Downloads\Racing-Kart-Game-main\src\kartracinggame\Server.java,kartracinggame.Server,updateKartAtInterval/0,executor,2
C:\Users\Madhu\Downloads\Racing-Kart-Game-main\src\kartracinggame\Animated.java,kartracinggame.Animated,setTotalFrames/1[int],totalFrames,3
C:\Users\Madhu\Downloads\Racing-Kart-Game-main\src\kartracinggame\Animated.java,kartracinggame.Animated,getCurrentFrameIcon/0,frames,1
C:\Users\Madhu\Downloads\Racing-Kart-Game-main\src\kartracinggame\Animated.java,kartracinggame.Animated,getCurrentFrameIcon/0,currentFrame,1
C:\Users\Madhu\Downloads\Racing-Kart-Game-main\src\kartracinggame\Animated.java,kartracinggame.Animated,getName/0,name,1
C:\Users\Madhu\Downloads\Racing-Kart-Game-main\src\kartracinggame\Animated.java,kartracinggame.Animated,getFrameIcon/1[int],frames,1
C:\Users\Madhu\Downloads\Racing-Kart-Game-main\src\kartracinggame\Animated.java,kartracinggame.Animated,getWidth/0,width,1
C:\Users\Madhu\Downloads\Racing-Kart-Game-main\src\kartracinggame\Animated.java,kartracinggame.Animated,getIsPaint/0,isPaint,1
C:\Users\Madhu\Downloads\Racing-Kart-Game-main\src\kartracinggame\Animated.java,kartracinggame.Animated,getX/0,x,1
C:\Users\Madhu\Downloads\Racing-Kart-Game-main\src\kartracinggame\Animated.java,kartracinggame.Animated,getHeight/0,height,1
C:\Users\Madhu\Downloads\Racing-Kart-Game-main\src\kartracinggame\Animated.java,kartracinggame.Animated,getTotalFrames/0,totalFrames,1
C:\Users\Madhu\Downloads\Racing-Kart-Game-main\src\kartracinggame\Animated.java,kartracinggame.Animated,initFrames/1[java.lang.String],FRAMES_FOLDER,1
C:\Users\Madhu\Downloads\Racing-Kart-Game-main\src\kartracinggame\Animated.java,kartracinggame.Animated,initFrames/1[java.lang.String],frames,2
C:\Users\Madhu\Downloads\Racing-Kart-Game-main\src\kartracinggame\Animated.java,kartracinggame.Animated,initFrames/1[java.lang.String],totalFrames,4
C:\Users\Madhu\Downloads\Racing-Kart-Game-main\src\kartracinggame\Animated.java,kartracinggame.Animated,"paint/2[javax.swing.JPanel,java.awt.Graphics]",frames,1
C:\Users\Madhu\Downloads\Racing-Kart-Game-main\src\kartracinggame\Animated.java,kartracinggame.Animated,"paint/2[javax.swing.JPanel,java.awt.Graphics]",currentFrame,1
C:\Users\Madhu\Downloads\Racing-Kart-Game-main\src\kartracinggame\Animated.java,kartracinggame.Animated,"paint/2[javax.swing.JPanel,java.awt.Graphics]",x,1
C:\Users\Madhu\Downloads\Racing-Kart-Game-main\src\kartracinggame\Animated.java,kartracinggame.Animated,"paint/2[javax.swing.JPanel,java.awt.Graphics]",y,1
C:\Users\Madhu\Downloads\Racing-Kart-Game-main\src\kartracinggame\Animated.java,kartracinggame.Animated,"Animated/2[double,double]",x,2
C:\Users\Madhu\Downloads\Racing-Kart-Game-main\src\kartracinggame\Animated.java,kartracinggame.Animated,"Animated/2[double,double]",y,2
C:\Users\Madhu\Downloads\Racing-Kart-Game-main\src\kartracinggame\Animated.java,kartracinggame.Animated,setCurrentFrame/1[int],frames,2
C:\Users\Madhu\Downloads\Racing-Kart-Game-main\src\kartracinggame\Animated.java,kartracinggame.Animated,setCurrentFrame/1[int],currentFrame,9
C:\Users\Madhu\Downloads\Racing-Kart-Game-main\src\kartracinggame\Animated.java,kartracinggame.Animated,setCurrentFrame/1[int],width,1
C:\Users\Madhu\Downloads\Racing-Kart-Game-main\src\kartracinggame\Animated.java,kartracinggame.Animated,setCurrentFrame/1[int],totalFrames,2
C:\Users\Madhu\Downloads\Racing-Kart-Game-main\src\kartracinggame\Animated.java,kartracinggame.Animated,setCurrentFrame/1[int],height,1
C:\Users\Madhu\Downloads\Racing-Kart-Game-main\src\kartracinggame\Animated.java,kartracinggame.Animated,setName/1[java.lang.String],name,4
C:\Users\Madhu\Downloads\Racing-Kart-Game-main\src\kartracinggame\Animated.java,kartracinggame.Animated,getCurrentFrame/0,currentFrame,1
C:\Users\Madhu\Downloads\Racing-Kart-Game-main\src\kartracinggame\Animated.java,kartracinggame.Animated,getY/0,y,1
C:\Users\Madhu\Downloads\Racing-Kart-Game-main\src\kartracinggame\Animated.java,kartracinggame.Animated,setIsPaint/1[boolean],isPaint,3
C:\Users\Madhu\Downloads\Racing-Kart-Game-main\src\kartracinggame\Animated.java,kartracinggame.Animated,setX/1[double],x,3
C:\Users\Madhu\Downloads\Racing-Kart-Game-main\src\kartracinggame\Animated.java,kartracinggame.Animated,setY/1[double],y,3
C:\Users\Madhu\Downloads\Racing-Kart-Game-main\src\kartracinggame\Response.java,kartracinggame.Response,setData/1[java.lang.String],data,3
C:\Users\Madhu\Downloads\Racing-Kart-Game-main\src\kartracinggame\Response.java,kartracinggame.Response,getLines/0,lines,1
C:\Users\Madhu\Downloads\Racing-Kart-Game-main\src\kartracinggame\Response.java,kartracinggame.Response,Response/1[kartracinggame.Status],status,2
C:\Users\Madhu\Downloads\Racing-Kart-Game-main\src\kartracinggame\Response.java,kartracinggame.Response,extractStatusAndType/0,lines,1
C:\Users\Madhu\Downloads\Racing-Kart-Game-main\src\kartracinggame\Response.java,kartracinggame.Response,setStatus/1[kartracinggame.Status],status,3
C:\Users\Madhu\Downloads\Racing-Kart-Game-main\src\kartracinggame\Response.java,kartracinggame.Response,setLines/1[java.lang.String[]],lines,3
C:\Users\Madhu\Downloads\Racing-Kart-Game-main\src\kartracinggame\Response.java,kartracinggame.Response,convertDataToHashMap/1[java.lang.String[]],data,3
C:\Users\Madhu\Downloads\Racing-Kart-Game-main\src\kartracinggame\Response.java,kartracinggame.Response,toString/0,data,3
C:\Users\Madhu\Downloads\Racing-Kart-Game-main\src\kartracinggame\Response.java,kartracinggame.Response,toString/0,status,2
C:\Users\Madhu\Downloads\Racing-Kart-Game-main\src\kartracinggame\Response.java,kartracinggame.Response,"Response/2[kartracinggame.Status,kartracinggame.PayloadType]",status,2
C:\Users\Madhu\Downloads\Racing-Kart-Game-main\src\kartracinggame\Response.java,kartracinggame.Response,getData/0,data,1
C:\Users\Madhu\Downloads\Racing-Kart-Game-main\src\kartracinggame\Response.java,kartracinggame.Response,getStatus/0,status,1
C:\Users\Madhu\Downloads\Racing-Kart-Game-main\src\kartracinggame\Response.java,kartracinggame.Response,"Response/3[kartracinggame.Status,kartracinggame.PayloadType,java.lang.String]",data,2
C:\Users\Madhu\Downloads\Racing-Kart-Game-main\src\kartracinggame\Response.java,kartracinggame.Response,"Response/3[kartracinggame.Status,kartracinggame.PayloadType,java.lang.String]",status,2
C:\Users\Madhu\Downloads\Racing-Kart-Game-main\src\kartracinggame\Animator.java,kartracinggame.Animator,getInstance/0,animator,3
C:\Users\Madhu\Downloads\Racing-Kart-Game-main\src\kartracinggame\Animator.java,kartracinggame.Animator,stopAnimation/0,timer,1
C:\Users\Madhu\Downloads\Racing-Kart-Game-main\src\kartracinggame\Animator.java,kartracinggame.Animator,setScene/1[kartracinggame.Scene],bufferedImage,1
C:\Users\Madhu\Downloads\Racing-Kart-Game-main\src\kartracinggame\Animator.java,kartracinggame.Animator,setScene/1[kartracinggame.Scene],scene,3
C:\Users\Madhu\Downloads\Racing-Kart-Game-main\src\kartracinggame\Animator.java,kartracinggame.Animator,reset/0,animator,1
C:\Users\Madhu\Downloads\Racing-Kart-Game-main\src\kartracinggame\Animator.java,kartracinggame.Animator,update/0,timer,1
C:\Users\Madhu\Downloads\Racing-Kart-Game-main\src\kartracinggame\Animator.java,kartracinggame.Animator,update/0,animatedElements,1
C:\Users\Madhu\Downloads\Racing-Kart-Game-main\src\kartracinggame\Animator.java,kartracinggame.Animator,update/0,bufferedImage,2
C:\Users\Madhu\Downloads\Racing-Kart-Game-main\src\kartracinggame\Animator.java,kartracinggame.Animator,update/0,scene,3
C:\Users\Madhu\Downloads\Racing-Kart-Game-main\src\kartracinggame\Animator.java,kartracinggame.Animator,startAnimation/1[int],timer,2
C:\Users\Madhu\Downloads\Racing-Kart-Game-main\src\kartracinggame\Animator.java,kartracinggame.Animator,addAnimated/1[kartracinggame.Animated],animatedElements,1
C:\Users\Madhu\Downloads\Racing-Kart-Game-main\src\kartracinggame\Animator.java,kartracinggame.Animator,Animator/0,animatedElements,1
C:\Users\Madhu\Downloads\Racing-Kart-Game-main\src\kartracinggame\Kart.java,kartracinggame.Kart,getSpeed/0,data,1
C:\Users\Madhu\Downloads\Racing-Kart-Game-main\src\kartracinggame\Kart.java,kartracinggame.Kart,Kart/1[kartracinggame.KartData],collider,2
C:\Users\Madhu\Downloads\Racing-Kart-Game-main\src\kartracinggame\Kart.java,kartracinggame.Kart,Kart/1[kartracinggame.KartData],data,7
C:\Users\Madhu\Downloads\Racing-Kart-Game-main\src\kartracinggame\Kart.java,kartracinggame.Kart,Kart/1[kartracinggame.KartData],moveListeners,1
C:\Users\Madhu\Downloads\Racing-Kart-Game-main\src\kartracinggame\Kart.java,kartracinggame.Kart,Kart/1[kartracinggame.KartData],collideListeners,1
C:\Users\Madhu\Downloads\Racing-Kart-Game-main\src\kartracinggame\Kart.java,kartracinggame.Kart,setData/1[kartracinggame.KartData],data,3
C:\Users\Madhu\Downloads\Racing-Kart-Game-main\src\kartracinggame\Kart.java,kartracinggame.Kart,playAudio/0,isHit,1
C:\Users\Madhu\Downloads\Racing-Kart-Game-main\src\kartracinggame\Kart.java,kartracinggame.Kart,playAudio/0,data,3
C:\Users\Madhu\Downloads\Racing-Kart-Game-main\src\kartracinggame\Kart.java,kartracinggame.Kart,playAudio/0,audio,5
C:\Users\Madhu\Downloads\Racing-Kart-Game-main\src\kartracinggame\Kart.java,kartracinggame.Kart,playAudio/0,CAR_EXPLOSION_AUDIO,1
C:\Users\Madhu\Downloads\Racing-Kart-Game-main\src\kartracinggame\Kart.java,kartracinggame.Kart,playAudio/0,CAR_MOVING_AUDIO,3
C:\Users\Madhu\Downloads\Racing-Kart-Game-main\src\kartracinggame\Kart.java,kartracinggame.Kart,getIsHit/0,isHit,1
C:\Users\Madhu\Downloads\Racing-Kart-Game-main\src\kartracinggame\Kart.java,kartracinggame.Kart,initAudio/0,audio,4
C:\Users\Madhu\Downloads\Racing-Kart-Game-main\src\kartracinggame\Kart.java,kartracinggame.Kart,initAudio/0,CAR_MOVING_AUDIO,1
C:\Users\Madhu\Downloads\Racing-Kart-Game-main\src\kartracinggame\Kart.java,kartracinggame.Kart,initAudio/0,CAR_EXPLOSION_AUDIO,1
C:\Users\Madhu\Downloads\Racing-Kart-Game-main\src\kartracinggame\Kart.java,kartracinggame.Kart,setAction/1[kartracinggame.KartAction],data,1
C:\Users\Madhu\Downloads\Racing-Kart-Game-main\src\kartracinggame\Kart.java,kartracinggame.Kart,updateFrame/0,collider,3
C:\Users\Madhu\Downloads\Racing-Kart-Game-main\src\kartracinggame\Kart.java,kartracinggame.Kart,updateFrame/0,data,6
C:\Users\Madhu\Downloads\Racing-Kart-Game-main\src\kartracinggame\Kart.java,kartracinggame.Kart,updateFrame/0,isHit,3
C:\Users\Madhu\Downloads\Racing-Kart-Game-main\src\kartracinggame\Kart.java,kartracinggame.Kart,updateCollideListeners/0,collideListeners,1
C:\Users\Madhu\Downloads\Racing-Kart-Game-main\src\kartracinggame\Kart.java,kartracinggame.Kart,updateMoveListeners/0,moveListeners,1
C:\Users\Madhu\Downloads\Racing-Kart-Game-main\src\kartracinggame\Kart.java,kartracinggame.Kart,addMoveListener/1[kartracinggame.KartMoveListener],moveListeners,1
C:\Users\Madhu\Downloads\Racing-Kart-Game-main\src\kartracinggame\Kart.java,kartracinggame.Kart,addCollideListener/1[kartracinggame.KartCollideListener],collideListeners,1
C:\Users\Madhu\Downloads\Racing-Kart-Game-main\src\kartracinggame\Kart.java,kartracinggame.Kart,getAction/0,data,1
C:\Users\Madhu\Downloads\Racing-Kart-Game-main\src\kartracinggame\AudioController.java,kartracinggame.AudioController,getClip/1[java.lang.String],clips,1
C:\Users\Madhu\Downloads\Racing-Kart-Game-main\src\kartracinggame\AudioController.java,kartracinggame.AudioController,AudioController/0,clips,1
C:\Users\Madhu\Downloads\Racing-Kart-Game-main\src\kartracinggame\AudioController.java,kartracinggame.AudioController,addClip/1[java.lang.String],clips,1
C:\Users\Madhu\Downloads\Racing-Kart-Game-main\src\kartracinggame\AudioController.java,kartracinggame.AudioController,addClip/1[java.lang.String],AUDIO_FOLDER,1
C:\Users\Madhu\Downloads\Racing-Kart-Game-main\src\kartracinggame\KartSelectedRequest.java,kartracinggame.KartSelectedRequest,setKartName/1[java.lang.String],kartName,3
C:\Users\Madhu\Downloads\Racing-Kart-Game-main\src\kartracinggame\KartSelectedRequest.java,kartracinggame.KartSelectedRequest,getKartName/0,kartName,1
C:\Users\Madhu\Downloads\Racing-Kart-Game-main\src\kartracinggame\KartSelectedRequest.java,kartracinggame.KartSelectedRequest,toString/0,kartName,1
C:\Users\Madhu\Downloads\Racing-Kart-Game-main\src\kartracinggame\KartSelectedRequest.java,kartracinggame.KartSelectedRequest,KartSelectedRequest/1[java.lang.String],kartName,2
