file,class,method,constructor,line,cbo,cboModified,fanin,fanout,wmc,rfc,loc,returnsQty,variablesQty,parametersQty,methodsInvokedQty,methodsInvokedLocalQty,methodsInvokedIndirectLocalQty,loopQty,comparisonsQty,tryCatchQty,parenthesizedExpsQty,stringLiteralsQty,numbersQty,assignmentsQty,mathOperationsQty,maxNestedBlocksQty,anonymousClassesQty,innerClassesQty,lambdasQty,uniqueWordsQty,modifiers,logStatementsQty,hasJavaDoc
C:\Users\Madhu\Downloads\Racing-Kart-Game-main\src\kartracinggame\KartUpdateRequest.java,kartracinggame.KartUpdateRequest,getAngle/0,false,26,0,0,0,0,1,0,3,1,0,0,0,0,0,0,0,0,0,0,0,0,0,0,0,0,0,3,1,0,false
C:\Users\Madhu\Downloads\Racing-Kart-Game-main\src\kartracinggame\KartUpdateRequest.java,kartracinggame.KartUpdateRequest,toString/0,false,31,1,1,0,1,1,2,3,1,0,0,2,0,0,0,0,0,0,1,0,0,0,0,0,0,0,2,1,0,false
C:\Users\Madhu\Downloads\Racing-Kart-Game-main\src\kartracinggame\KartUpdateRequest.java,kartracinggame.KartUpdateRequest,setAngle/1[double],false,22,0,1,1,0,1,0,3,0,0,1,0,0,0,0,0,0,0,0,0,1,0,0,0,0,0,3,1,0,false
C:\Users\Madhu\Downloads\Racing-Kart-Game-main\src\kartracinggame\KartUpdateRequest.java,kartracinggame.KartUpdateRequest,setAction/1[kartracinggame.KartAction],false,14,1,1,1,0,1,0,3,0,0,1,0,0,0,0,0,0,0,0,0,1,0,0,0,0,0,4,1,0,false
C:\Users\Madhu\Downloads\Racing-Kart-Game-main\src\kartracinggame\KartUpdateRequest.java,kartracinggame.KartUpdateRequest,getAction/0,false,18,1,0,0,0,1,0,3,1,0,0,0,0,0,0,0,0,0,0,0,0,0,0,0,0,0,4,1,0,false
C:\Users\Madhu\Downloads\Racing-Kart-Game-main\src\kartracinggame\KartUpdateRequest.java,kartracinggame.KartUpdateRequest,"KartUpdateRequest/2[kartracinggame.KartAction,double]",true,8,2,3,1,2,1,2,5,0,0,2,2,2,1,0,0,0,0,0,0,0,0,0,0,0,0,8,1,0,false
C:\Users\Madhu\Downloads\Racing-Kart-Game-main\src\kartracinggame\Main.java,kartracinggame.Main$Anonymous1,windowClosing/1[java.awt.event.WindowEvent],false,31,2,3,0,3,3,4,11,0,0,1,4,0,0,1,0,1,0,0,1,0,0,2,0,0,0,11,1,0,false
C:\Users\Madhu\Downloads\Racing-Kart-Game-main\src\kartracinggame\SceneChangeListener.java,kartracinggame.SceneChangeListener,sceneChanged/1[kartracinggame.Scene],false,5,1,1,1,0,1,0,1,0,0,1,0,0,0,0,0,0,0,0,0,0,0,0,0,0,0,4,1,0,false
C:\Users\Madhu\Downloads\Racing-Kart-Game-main\src\kartracinggame\Status.java,kartracinggame.Status,"Status/2[int,java.lang.String]",true,12,0,0,0,0,1,0,4,0,0,2,0,0,0,0,0,0,0,0,0,2,0,0,0,0,0,3,0,0,false
C:\Users\Madhu\Downloads\Racing-Kart-Game-main\src\kartracinggame\Status.java,kartracinggame.Status,getCode/0,false,17,0,1,1,0,1,0,3,1,0,0,0,0,0,0,0,0,0,0,0,0,0,0,0,0,0,3,1,0,false
C:\Users\Madhu\Downloads\Racing-Kart-Game-main\src\kartracinggame\Status.java,kartracinggame.Status,getText/0,false,21,0,1,1,0,1,0,3,1,0,0,0,0,0,0,0,0,0,0,0,0,0,0,0,0,0,3,1,0,false
C:\Users\Madhu\Downloads\Racing-Kart-Game-main\src\kartracinggame\Status.java,kartracinggame.Status,fromString/1[java.lang.String],false,25,1,1,1,0,4,0,11,4,0,1,0,0,0,0,0,0,0,3,0,0,0,1,0,0,0,19,9,0,false
C:\Users\Madhu\Downloads\Racing-Kart-Game-main\src\kartracinggame\RaceScene.java,kartracinggame.RaceScene,"RaceScene/1[java.util.HashMap<java.lang.String,java.lang.Object>]",true,36,5,7,1,6,1,5,9,0,0,1,5,1,1,0,0,0,0,1,1,3,0,0,0,0,0,14,1,0,false
C:\Users\Madhu\Downloads\Racing-Kart-Game-main\src\kartracinggame\RaceScene.java,kartracinggame.RaceScene,initComponents/0,false,48,6,8,1,7,3,10,46,0,3,0,10,0,0,1,0,0,0,5,56,13,0,2,0,0,0,25,1,0,false
C:\Users\Madhu\Downloads\Racing-Kart-Game-main\src\kartracinggame\RaceScene.java,kartracinggame.RaceScene,setupDisplay/1[java.awt.Graphics],false,138,2,5,0,5,1,16,30,0,8,1,16,2,1,0,0,0,2,6,33,8,7,0,0,0,0,23,1,0,false
C:\Users\Madhu\Downloads\Racing-Kart-Game-main\src\kartracinggame\RaceScene.java,kartracinggame.RaceScene,kartCollided/1[kartracinggame.Kart],false,262,1,0,0,0,3,0,8,0,0,1,0,0,0,0,2,0,0,0,0,2,0,1,0,0,0,9,1,0,false
C:\Users\Madhu\Downloads\Racing-Kart-Game-main\src\kartracinggame\RaceScene.java,kartracinggame.RaceScene,updateRankPanel/0,false,188,0,1,1,0,7,9,28,0,2,0,9,0,0,0,2,0,4,18,23,6,6,1,0,0,0,19,2,0,false
C:\Users\Madhu\Downloads\Racing-Kart-Game-main\src\kartracinggame\RaceScene.java,kartracinggame.RaceScene,handleKeyPressed/1[int],false,109,4,3,0,3,7,2,22,0,1,1,2,0,0,0,0,0,1,0,4,5,0,1,0,0,0,14,1,0,false
C:\Users\Madhu\Downloads\Racing-Kart-Game-main\src\kartracinggame\RaceScene.java,kartracinggame.RaceScene,updateFirstRank/1[kartracinggame.Kart],false,271,3,6,1,5,21,5,27,0,2,1,5,0,0,0,11,0,6,0,6,7,1,4,0,0,0,25,2,0,false
C:\Users\Madhu\Downloads\Racing-Kart-Game-main\src\kartracinggame\RaceScene.java,kartracinggame.RaceScene,kartMoved/1[kartracinggame.Kart],false,244,5,5,0,5,5,4,12,0,0,1,4,1,1,0,2,0,0,0,0,0,0,1,0,0,0,13,1,0,false
C:\Users\Madhu\Downloads\Racing-Kart-Game-main\src\kartracinggame\RaceScene.java,kartracinggame.RaceScene,updateKartData/1[java.lang.String],false,227,2,2,1,1,4,5,13,0,3,1,5,0,0,0,0,0,0,2,1,3,0,2,0,0,0,16,34,0,true
C:\Users\Madhu\Downloads\Racing-Kart-Game-main\src\kartracinggame\RaceScene.java,kartracinggame.RaceScene,serverUpdated/1[kartracinggame.Response],false,313,6,8,0,8,7,13,26,0,8,1,13,0,0,1,2,0,0,10,1,8,0,4,0,0,0,19,1,0,false
C:\Users\Madhu\Downloads\Racing-Kart-Game-main\src\kartracinggame\DemoKart.java,kartracinggame.DemoKart,updateFrame/0,false,12,1,3,0,3,1,3,5,0,2,0,3,0,0,0,0,0,1,0,1,2,2,0,0,0,0,9,1,0,false
C:\Users\Madhu\Downloads\Racing-Kart-Game-main\src\kartracinggame\DemoKart.java,kartracinggame.DemoKart,"DemoKart/3[java.lang.String,int,int]",true,5,1,3,1,2,1,2,5,0,0,3,2,0,0,0,0,0,0,0,0,0,0,0,0,0,0,9,1,0,false
C:\Users\Madhu\Downloads\Racing-Kart-Game-main\src\kartracinggame\SceneManager.java,kartracinggame.SceneManager,addListener/1[kartracinggame.SceneChangeListener],false,24,1,1,1,0,1,1,3,0,0,1,1,0,0,0,0,0,0,0,0,0,0,0,0,0,0,5,1,0,false
C:\Users\Madhu\Downloads\Racing-Kart-Game-main\src\kartracinggame\SceneManager.java,kartracinggame.SceneManager,getCurrentScene/0,false,39,1,0,0,0,1,0,3,1,0,0,0,0,0,0,0,0,0,0,0,0,0,0,0,0,0,4,1,0,false
C:\Users\Madhu\Downloads\Racing-Kart-Game-main\src\kartracinggame\SceneManager.java,kartracinggame.SceneManager,SceneManager/0,true,12,1,1,1,0,1,0,3,0,0,0,0,0,0,0,0,0,0,0,0,1,0,0,0,0,0,3,1,0,false
C:\Users\Madhu\Downloads\Racing-Kart-Game-main\src\kartracinggame\SceneManager.java,kartracinggame.SceneManager,updateListeners/0,false,28,1,2,1,1,2,1,5,0,0,0,1,0,0,1,0,0,0,0,0,0,0,1,0,0,0,8,2,0,false
C:\Users\Madhu\Downloads\Racing-Kart-Game-main\src\kartracinggame\SceneManager.java,kartracinggame.SceneManager,getInstance/0,false,16,1,3,2,1,2,0,6,1,0,0,0,0,0,0,1,0,0,0,0,1,0,1,0,0,0,6,9,0,false
C:\Users\Madhu\Downloads\Racing-Kart-Game-main\src\kartracinggame\SceneManager.java,kartracinggame.SceneManager,setCurrentScene/1[kartracinggame.Scene],false,34,2,2,1,1,1,1,4,0,0,1,1,1,1,0,0,0,0,0,0,1,0,0,0,0,0,6,1,0,false
C:\Users\Madhu\Downloads\Racing-Kart-Game-main\src\kartracinggame\Collider.java,kartracinggame.Collider,"centerize/2[double,double]",false,12,0,2,2,0,1,2,3,0,0,2,2,0,0,0,0,0,2,0,2,0,4,0,0,0,0,7,1,0,false
C:\Users\Madhu\Downloads\Racing-Kart-Game-main\src\kartracinggame\Collider.java,kartracinggame.Collider,"Collider/4[int,int,int,int]",true,7,1,4,2,2,1,2,4,0,0,4,2,0,0,0,0,0,0,0,0,0,0,0,0,0,0,2,1,0,false
C:\Users\Madhu\Downloads\Racing-Kart-Game-main\src\kartracinggame\KartCollideListener.java,kartracinggame.KartCollideListener,kartCollided/1[kartracinggame.Kart],false,5,1,1,1,0,1,0,1,0,0,1,0,0,0,0,0,0,0,0,0,0,0,0,0,0,0,3,1,0,false
C:\Users\Madhu\Downloads\Racing-Kart-Game-main\src\kartracinggame\Client.java,kartracinggame.Client$Anonymous1,run/0,false,34,3,13,0,13,4,8,17,0,3,0,8,0,0,1,1,1,0,1,0,3,0,3,0,0,0,15,1,0,false
C:\Users\Madhu\Downloads\Racing-Kart-Game-main\src\kartracinggame\KartDataFactory.java,kartracinggame.KartDataFactory,getNumKarts/0,false,45,0,1,1,0,1,0,3,1,0,0,0,0,0,0,0,0,0,0,0,0,0,0,0,0,0,5,1,0,false
C:\Users\Madhu\Downloads\Racing-Kart-Game-main\src\kartracinggame\KartDataFactory.java,kartracinggame.KartDataFactory,getLastData/1[java.lang.String],false,49,1,2,2,0,1,1,3,1,0,1,1,0,0,0,0,0,0,0,0,0,0,0,0,0,0,6,1,0,false
C:\Users\Madhu\Downloads\Racing-Kart-Game-main\src\kartracinggame\KartDataFactory.java,kartracinggame.KartDataFactory,getBufferSize/1[java.lang.String],false,62,1,1,1,0,2,2,7,2,1,1,2,0,0,0,1,0,0,0,1,1,0,1,0,0,0,7,1,0,false
C:\Users\Madhu\Downloads\Racing-Kart-Game-main\src\kartracinggame\KartDataFactory.java,kartracinggame.KartDataFactory,"KartDataFactory/2[int,int]",true,17,3,2,1,1,1,1,6,0,0,2,1,1,1,0,0,0,0,0,1,3,0,0,0,0,0,12,1,0,false
C:\Users\Madhu\Downloads\Racing-Kart-Game-main\src\kartracinggame\KartDataFactory.java,kartracinggame.KartDataFactory,"addToBuffer/2[java.lang.String,kartracinggame.KartData]",false,70,1,1,1,0,1,3,4,0,0,2,3,0,0,0,0,0,0,0,0,0,0,0,0,0,0,7,1,0,false
C:\Users\Madhu\Downloads\Racing-Kart-Game-main\src\kartracinggame\KartDataFactory.java,kartracinggame.KartDataFactory,getKartDatasString/1[java.lang.String],false,82,1,3,2,1,8,9,21,1,4,1,9,0,0,1,2,0,0,4,2,6,0,3,0,0,0,32,1,0,true
C:\Users\Madhu\Downloads\Racing-Kart-Game-main\src\kartracinggame\KartDataFactory.java,kartracinggame.KartDataFactory,removeData/1[java.lang.String],false,53,0,1,1,0,2,2,8,0,0,1,2,0,0,0,0,0,0,0,2,1,0,1,0,0,0,6,1,0,false
C:\Users\Madhu\Downloads\Racing-Kart-Game-main\src\kartracinggame\KartDataFactory.java,kartracinggame.KartDataFactory,"createKart/2[java.lang.String,java.lang.String]",false,30,1,2,1,1,1,3,8,0,2,2,3,0,0,0,0,0,0,0,3,2,2,0,0,0,0,27,1,0,true
C:\Users\Madhu\Downloads\Racing-Kart-Game-main\src\kartracinggame\KartDataFactory.java,kartracinggame.KartDataFactory,"setStartPosition/2[int,int]",false,40,0,1,1,0,1,0,4,0,0,2,0,0,0,0,0,0,0,0,2,2,0,0,0,0,0,5,1,0,false
C:\Users\Madhu\Downloads\Racing-Kart-Game-main\src\kartracinggame\KartAction.java,kartracinggame.KartAction,fromString/1[java.lang.String],false,12,1,3,3,0,7,0,17,7,0,1,0,0,0,0,0,0,0,6,0,0,0,1,0,0,0,25,9,0,false
C:\Users\Madhu\Downloads\Racing-Kart-Game-main\src\kartracinggame\Scene.java,kartracinggame.Scene,initComponents/0,false,33,0,0,0,0,1,0,1,0,0,0,0,0,0,0,0,0,0,0,0,0,0,0,0,0,0,2,1025,0,false
C:\Users\Madhu\Downloads\Racing-Kart-Game-main\src\kartracinggame\Scene.java,kartracinggame.Scene,handleKeyPressed/1[int],false,37,0,1,1,0,1,0,1,0,0,1,0,0,0,0,0,0,0,0,0,0,0,0,0,0,0,5,1025,0,false
C:\Users\Madhu\Downloads\Racing-Kart-Game-main\src\kartracinggame\Scene.java,kartracinggame.Scene,getName/0,false,62,0,0,0,0,1,0,3,1,0,0,0,0,0,0,0,0,0,0,0,0,0,0,0,0,0,3,1,0,false
C:\Users\Madhu\Downloads\Racing-Kart-Game-main\src\kartracinggame\Scene.java,kartracinggame.Scene,setName/1[java.lang.String],false,66,0,2,2,0,1,0,3,0,0,1,0,0,0,0,0,0,0,0,0,1,0,0,0,0,0,3,1,0,false
C:\Users\Madhu\Downloads\Racing-Kart-Game-main\src\kartracinggame\Scene.java,kartracinggame.Scene,Scene/0,true,15,3,7,0,7,1,9,10,0,1,0,9,0,0,0,0,0,0,0,1,1,0,0,0,0,0,7,1,0,false
C:\Users\Madhu\Downloads\Racing-Kart-Game-main\src\kartracinggame\Scene.java,kartracinggame.Scene,"setParams/1[java.util.HashMap<java.lang.String,java.lang.Object>]",false,58,0,1,1,0,1,0,3,0,0,1,0,0,0,0,0,0,0,0,0,1,0,0,0,0,0,3,1,0,false
C:\Users\Madhu\Downloads\Racing-Kart-Game-main\src\kartracinggame\Scene.java,kartracinggame.Scene,finalize/0,false,70,1,3,1,2,1,3,4,0,0,0,3,0,0,0,0,0,0,0,0,0,0,0,0,0,0,2,4,0,false
C:\Users\Madhu\Downloads\Racing-Kart-Game-main\src\kartracinggame\Scene.java,kartracinggame.Scene,setupDisplay/1[java.awt.Graphics],false,35,0,1,1,0,1,0,1,0,0,1,0,0,0,0,0,0,0,0,0,0,0,0,0,0,0,4,1025,0,false
C:\Users\Madhu\Downloads\Racing-Kart-Game-main\src\kartracinggame\Scene.java,kartracinggame.Scene,getParams/0,false,54,0,2,2,0,1,0,3,1,0,0,0,0,0,0,0,0,0,0,0,0,0,0,0,0,0,5,1,0,true
C:\Users\Madhu\Downloads\Racing-Kart-Game-main\src\kartracinggame\Scene.java,kartracinggame.Scene,paintComponent/1[java.awt.Graphics],false,40,1,2,1,1,1,2,4,0,0,1,2,1,1,0,0,0,0,0,0,0,0,0,0,0,0,6,1,0,false
C:\Users\Madhu\Downloads\Racing-Kart-Game-main\src\kartracinggame\Scene.java,kartracinggame.Scene,"Scene/1[java.util.HashMap<java.lang.String,java.lang.Object>]",true,28,1,1,0,1,1,1,4,0,0,1,1,1,1,0,0,0,0,0,0,0,0,0,0,0,0,4,1,0,false
C:\Users\Madhu\Downloads\Racing-Kart-Game-main\src\kartracinggame\Scene.java,kartracinggame.Scene,navigateTo/1[kartracinggame.Scene],false,45,2,4,2,2,1,2,3,0,0,1,2,0,0,0,0,0,0,0,0,0,0,0,0,0,0,4,1,0,false
C:\Users\Madhu\Downloads\Racing-Kart-Game-main\src\kartracinggame\Main.java,kartracinggame.Main,main/1[java.lang.String[]],false,45,1,1,0,1,1,1,3,0,0,1,1,0,0,0,0,0,0,0,0,0,0,0,0,0,0,4,9,0,false
C:\Users\Madhu\Downloads\Racing-Kart-Game-main\src\kartracinggame\Main.java,kartracinggame.Main,keyTyped/1[java.awt.event.KeyEvent],false,63,0,0,0,0,1,0,2,0,0,1,0,0,0,0,0,0,0,0,0,0,0,0,0,0,0,5,1,0,false
C:\Users\Madhu\Downloads\Racing-Kart-Game-main\src\kartracinggame\Main.java,kartracinggame.Main,initComponents/0,false,49,2,3,1,2,1,2,4,0,0,0,2,1,1,0,0,0,0,0,0,0,0,0,0,0,0,9,2,0,false
C:\Users\Madhu\Downloads\Racing-Kart-Game-main\src\kartracinggame\Main.java,kartracinggame.Main,keyReleased/1[java.awt.event.KeyEvent],false,68,0,0,0,0,1,2,3,0,0,1,2,0,0,0,0,0,0,0,0,0,0,0,0,0,0,5,1,0,false
C:\Users\Madhu\Downloads\Racing-Kart-Game-main\src\kartracinggame\Main.java,kartracinggame.Main,serverUpdated/1[kartracinggame.Response],false,97,3,3,0,3,3,3,6,0,0,1,3,0,0,0,2,0,0,0,0,1,0,1,0,0,0,8,1,0,false
C:\Users\Madhu\Downloads\Racing-Kart-Game-main\src\kartracinggame\Main.java,kartracinggame.Main,showScene/1[kartracinggame.Scene],false,78,1,3,2,1,3,8,16,0,0,1,8,0,0,0,1,1,0,0,0,1,0,2,0,0,0,14,2,0,false
C:\Users\Madhu\Downloads\Racing-Kart-Game-main\src\kartracinggame\Main.java,kartracinggame.Main,Main/0,true,17,3,7,1,6,1,8,23,0,0,0,8,1,2,0,0,0,0,0,2,2,0,0,1,0,0,35,1,0,false
C:\Users\Madhu\Downloads\Racing-Kart-Game-main\src\kartracinggame\Main.java,kartracinggame.Main,keyPressed/1[java.awt.event.KeyEvent],false,55,1,1,0,1,2,3,6,0,0,1,3,0,0,1,0,0,0,0,0,0,0,1,0,0,0,7,1,0,false
C:\Users\Madhu\Downloads\Racing-Kart-Game-main\src\kartracinggame\Main.java,kartracinggame.Main,sceneChanged/1[kartracinggame.Scene],false,73,2,1,0,1,1,1,3,0,0,1,1,1,1,0,0,0,0,0,0,0,0,0,0,0,0,5,1,0,false
C:\Users\Madhu\Downloads\Racing-Kart-Game-main\src\kartracinggame\ClientListenerThread.java,kartracinggame.ClientListenerThread,run/0,false,19,4,8,0,8,12,20,49,0,6,0,20,0,0,1,1,1,0,9,5,6,0,5,0,0,0,21,1,0,false
C:\Users\Madhu\Downloads\Racing-Kart-Game-main\src\kartracinggame\ClientListenerThread.java,kartracinggame.ClientListenerThread,ClientListenerThread/1[java.net.Socket],true,13,1,2,1,1,1,1,4,0,0,1,1,0,0,0,0,0,0,0,0,2,0,0,0,0,0,7,1,0,false
C:\Users\Madhu\Downloads\Racing-Kart-Game-main\src\kartracinggame\Payload.java,kartracinggame.Payload,Payload/1[kartracinggame.PayloadType],true,7,2,3,2,1,1,1,3,0,0,1,1,1,1,0,0,0,0,0,0,0,0,0,0,0,0,4,1,0,false
C:\Users\Madhu\Downloads\Racing-Kart-Game-main\src\kartracinggame\Payload.java,kartracinggame.Payload,setType/1[kartracinggame.PayloadType],false,11,1,2,2,0,1,0,3,0,0,1,0,0,0,0,0,0,0,0,0,1,0,0,0,0,0,4,1,0,false
C:\Users\Madhu\Downloads\Racing-Kart-Game-main\src\kartracinggame\Payload.java,kartracinggame.Payload,toString/0,false,20,0,1,1,0,1,1,3,1,0,0,1,0,0,0,0,0,0,0,0,0,0,0,0,0,0,2,1,0,false
C:\Users\Madhu\Downloads\Racing-Kart-Game-main\src\kartracinggame\Payload.java,kartracinggame.Payload,getType/0,false,15,1,7,7,0,1,0,3,1,0,0,0,0,0,0,0,0,0,0,0,0,0,0,0,0,0,4,1,0,false
C:\Users\Madhu\Downloads\Racing-Kart-Game-main\src\kartracinggame\RoadManager.java,kartracinggame.RoadManager,"paint/2[java.awt.Graphics,java.awt.Color]",false,59,0,0,0,0,2,3,8,0,1,2,3,0,0,1,0,0,0,0,0,1,0,1,0,0,0,10,1,0,false
C:\Users\Madhu\Downloads\Racing-Kart-Game-main\src\kartracinggame\RoadManager.java,kartracinggame.RoadManager,getCurrentRoadInd/1[kartracinggame.Kart],false,31,2,3,1,2,8,9,22,2,9,1,9,0,0,1,1,0,4,0,2,10,3,3,0,0,0,22,1,0,true
C:\Users\Madhu\Downloads\Racing-Kart-Game-main\src\kartracinggame\RoadManager.java,kartracinggame.RoadManager,RoadManager/0,true,16,1,1,1,0,1,0,4,0,0,0,0,0,0,0,0,0,0,0,0,2,0,0,0,0,0,4,1,0,false
C:\Users\Madhu\Downloads\Racing-Kart-Game-main\src\kartracinggame\RoadManager.java,kartracinggame.RoadManager,addRoad/1[java.awt.Rectangle],false,21,0,1,1,0,1,1,3,0,0,1,1,0,0,0,0,0,0,0,0,0,0,0,0,0,0,4,1,0,false
C:\Users\Madhu\Downloads\Racing-Kart-Game-main\src\kartracinggame\SelectKartScene.java,kartracinggame.SelectKartScene,init/0,false,33,3,5,2,3,1,3,5,0,0,0,3,1,1,0,0,0,0,1,0,1,0,0,0,0,0,5,2,0,false
C:\Users\Madhu\Downloads\Racing-Kart-Game-main\src\kartracinggame\SelectKartScene.java,kartracinggame.SelectKartScene,setupDisplay/1[java.awt.Graphics],false,76,2,2,0,2,3,16,38,0,4,1,16,0,0,0,1,0,2,12,33,4,15,1,0,0,0,28,1,0,false
C:\Users\Madhu\Downloads\Racing-Kart-Game-main\src\kartracinggame\SelectKartScene.java,kartracinggame.SelectKartScene,"SelectKartScene/1[java.util.HashMap<java.lang.String,java.lang.Object>]",true,28,1,2,1,1,1,1,4,0,0,1,1,1,2,0,0,0,0,0,0,0,0,0,0,0,0,5,1,0,false
C:\Users\Madhu\Downloads\Racing-Kart-Game-main\src\kartracinggame\SelectKartScene.java,kartracinggame.SelectKartScene,handleKeyPressed/1[int],false,72,0,0,0,0,1,0,2,0,0,1,0,0,0,0,0,0,0,0,0,0,0,0,0,0,0,5,1,0,false
C:\Users\Madhu\Downloads\Racing-Kart-Game-main\src\kartracinggame\SelectKartScene.java,kartracinggame.SelectKartScene,SelectKartScene/0,true,23,1,2,1,1,1,1,4,0,0,0,1,1,2,0,0,0,0,0,0,0,0,0,0,0,0,4,1,0,false
C:\Users\Madhu\Downloads\Racing-Kart-Game-main\src\kartracinggame\SelectKartScene.java,kartracinggame.SelectKartScene,serverUpdated/1[kartracinggame.Response],false,124,6,8,0,8,5,10,18,0,6,1,10,0,0,1,3,0,0,7,1,7,0,3,0,0,0,21,1,0,false
C:\Users\Madhu\Downloads\Racing-Kart-Game-main\src\kartracinggame\SelectKartScene.java,kartracinggame.SelectKartScene,initComponents/0,false,40,1,3,1,2,1,2,26,0,0,0,2,0,0,0,0,0,0,2,4,7,0,0,2,0,0,24,1,0,false
C:\Users\Madhu\Downloads\Racing-Kart-Game-main\src\kartracinggame\ServerTester.java,kartracinggame.ServerTester,main/1[java.lang.String[]],false,15,0,0,0,0,6,13,32,0,5,1,13,0,0,2,1,1,0,8,0,9,0,3,0,0,0,21,9,0,false
C:\Users\Madhu\Downloads\Racing-Kart-Game-main\src\kartracinggame\ServerMain.java,kartracinggame.ServerMain,main/1[java.lang.String[]],false,5,1,2,0,2,1,2,4,0,1,1,2,0,0,0,0,0,0,0,0,1,0,0,0,0,0,4,9,0,false
C:\Users\Madhu\Downloads\Racing-Kart-Game-main\src\kartracinggame\CollisionManager.java,kartracinggame.CollisionManager,setScene/1[kartracinggame.Scene],false,79,1,0,0,0,1,0,3,0,0,1,0,0,0,0,0,0,0,0,0,1,0,0,0,0,0,3,1,0,false
C:\Users\Madhu\Downloads\Racing-Kart-Game-main\src\kartracinggame\CollisionManager.java,kartracinggame.CollisionManager,reset/0,false,30,0,1,1,0,1,0,3,0,0,0,0,0,0,0,0,0,0,0,0,1,0,0,0,0,0,4,9,0,false
C:\Users\Madhu\Downloads\Racing-Kart-Game-main\src\kartracinggame\CollisionManager.java,kartracinggame.CollisionManager,getInstance/0,false,19,1,3,2,1,2,0,6,1,0,0,0,0,0,0,1,0,0,0,0,1,0,1,0,0,0,6,9,0,false
C:\Users\Madhu\Downloads\Racing-Kart-Game-main\src\kartracinggame\CollisionManager.java,kartracinggame.CollisionManager,getColliders/0,false,83,1,0,0,0,1,0,3,1,0,0,0,0,0,0,0,0,0,0,0,0,0,0,0,0,0,3,1,0,false
C:\Users\Madhu\Downloads\Racing-Kart-Game-main\src\kartracinggame\CollisionManager.java,kartracinggame.CollisionManager,isHit/1[kartracinggame.Collider],false,34,2,3,1,2,5,3,10,2,0,1,3,2,1,1,0,0,0,0,0,0,0,3,0,0,0,10,1,0,false
C:\Users\Madhu\Downloads\Racing-Kart-Game-main\src\kartracinggame\CollisionManager.java,kartracinggame.CollisionManager,"paint/2[java.awt.Graphics,java.awt.Color]",false,70,0,0,0,0,2,3,8,0,1,2,3,0,0,1,0,0,0,0,0,1,0,1,0,0,0,10,1,0,false
C:\Users\Madhu\Downloads\Racing-Kart-Game-main\src\kartracinggame\CollisionManager.java,kartracinggame.CollisionManager,CollisionManager/0,true,15,1,1,1,0,1,0,3,0,0,0,0,0,0,0,0,0,0,0,0,1,0,0,0,0,0,3,1,0,false
C:\Users\Madhu\Downloads\Racing-Kart-Game-main\src\kartracinggame\CollisionManager.java,kartracinggame.CollisionManager,"isHitVertical/2[kartracinggame.Collider,kartracinggame.Collider]",false,58,1,1,1,0,5,2,7,1,4,2,2,0,0,0,0,0,6,0,0,4,2,0,0,0,0,10,2,0,false
C:\Users\Madhu\Downloads\Racing-Kart-Game-main\src\kartracinggame\CollisionManager.java,kartracinggame.CollisionManager,addCollider/1[kartracinggame.Collider],false,26,1,1,1,0,1,1,3,0,0,1,1,0,0,0,0,0,0,0,0,0,0,0,0,0,0,3,1,0,false
C:\Users\Madhu\Downloads\Racing-Kart-Game-main\src\kartracinggame\CollisionManager.java,kartracinggame.CollisionManager,"isHitHorizontal/2[kartracinggame.Collider,kartracinggame.Collider]",false,46,1,1,1,0,5,2,7,1,4,2,2,0,0,0,0,0,6,0,0,4,2,0,0,0,0,10,2,0,false
C:\Users\Madhu\Downloads\Racing-Kart-Game-main\src\kartracinggame\Animator.java,kartracinggame.Animator$TimerHandler,actionPerformed/1[java.awt.event.ActionEvent],false,73,1,1,0,1,2,2,5,0,0,1,2,0,0,0,1,0,0,0,0,0,0,1,0,0,0,6,1,0,false
C:\Users\Madhu\Downloads\Racing-Kart-Game-main\src\kartracinggame\Client.java,kartracinggame.Client,Client/0,true,17,2,1,0,1,3,3,13,0,0,0,3,1,1,1,1,1,0,2,0,2,0,2,0,0,0,13,1,0,false
C:\Users\Madhu\Downloads\Racing-Kart-Game-main\src\kartracinggame\Client.java,kartracinggame.Client,updateListeners/1[kartracinggame.Response],false,68,2,2,1,1,2,1,5,0,0,1,1,0,0,1,0,0,0,0,0,0,0,1,0,0,0,9,2,0,false
C:\Users\Madhu\Downloads\Racing-Kart-Game-main\src\kartracinggame\Client.java,kartracinggame.Client,removeListener/1[kartracinggame.ServerUpdateListener],false,78,1,2,2,0,1,1,3,0,0,1,1,0,0,0,0,0,0,0,0,0,0,0,0,0,0,5,1,0,false
C:\Users\Madhu\Downloads\Racing-Kart-Game-main\src\kartracinggame\Client.java,kartracinggame.Client,listenToServer/0,false,31,0,2,1,1,1,1,22,0,0,0,1,0,0,0,0,0,0,0,0,0,0,0,1,0,0,20,2,0,false
C:\Users\Madhu\Downloads\Racing-Kart-Game-main\src\kartracinggame\Client.java,kartracinggame.Client,notifyServer/1[kartracinggame.Payload],false,56,1,5,4,1,3,4,11,0,1,1,4,0,0,0,1,1,0,0,0,1,0,2,0,0,0,12,1,0,false
C:\Users\Madhu\Downloads\Racing-Kart-Game-main\src\kartracinggame\Client.java,kartracinggame.Client,getInstance/0,false,82,1,6,6,0,1,0,3,1,0,0,0,0,0,0,0,0,0,0,0,0,0,0,0,0,0,4,9,0,false
C:\Users\Madhu\Downloads\Racing-Kart-Game-main\src\kartracinggame\Client.java,kartracinggame.Client,addListener/1[kartracinggame.ServerUpdateListener],false,74,1,2,2,0,1,1,3,0,0,1,1,0,0,0,0,0,0,0,0,0,0,0,0,0,0,5,1,0,false
C:\Users\Madhu\Downloads\Racing-Kart-Game-main\src\kartracinggame\Server.java,kartracinggame.Server$Anonymous1,run/0,false,112,4,13,0,13,5,10,18,0,4,0,10,0,0,1,1,0,0,0,3,4,1,4,0,0,0,20,1,0,false
C:\Users\Madhu\Downloads\Racing-Kart-Game-main\src\kartracinggame\PayloadType.java,kartracinggame.PayloadType,fromString/1[java.lang.String],false,11,1,2,2,0,6,0,15,6,0,1,0,0,0,0,0,0,0,5,0,0,0,1,0,0,0,23,9,0,false
C:\Users\Madhu\Downloads\Racing-Kart-Game-main\src\kartracinggame\SpeedMeter.java,kartracinggame.SpeedMeter,getSpeed/0,false,18,0,0,0,0,1,0,3,1,0,0,0,0,0,0,0,0,0,0,0,0,0,0,0,0,0,3,1,0,false
C:\Users\Madhu\Downloads\Racing-Kart-Game-main\src\kartracinggame\SpeedMeter.java,kartracinggame.SpeedMeter,setSpeed/1[double],false,22,0,1,1,0,1,0,3,0,0,1,0,0,0,0,0,0,0,0,0,1,0,0,0,0,0,3,1,0,false
C:\Users\Madhu\Downloads\Racing-Kart-Game-main\src\kartracinggame\SpeedMeter.java,kartracinggame.SpeedMeter,updateFrame/0,false,14,1,1,0,1,1,1,3,0,0,0,1,0,0,0,0,0,1,0,2,0,2,0,0,0,0,5,1,0,false
C:\Users\Madhu\Downloads\Racing-Kart-Game-main\src\kartracinggame\SpeedMeter.java,kartracinggame.SpeedMeter,"SpeedMeter/2[int,int]",true,7,1,4,1,3,1,3,5,0,0,2,3,0,0,0,0,0,0,1,0,0,0,0,0,0,0,8,1,0,false
C:\Users\Madhu\Downloads\Racing-Kart-Game-main\src\kartracinggame\KartData.java,kartracinggame.KartData,getAction/0,false,35,1,3,3,0,1,0,3,1,0,0,0,0,0,0,0,0,0,0,0,0,0,0,0,0,0,4,1,0,false
C:\Users\Madhu\Downloads\Racing-Kart-Game-main\src\kartracinggame\KartData.java,kartracinggame.KartData,getY/0,false,48,0,3,3,0,1,0,3,1,0,0,0,0,0,0,0,0,0,0,0,0,0,0,0,0,0,3,1,0,false
C:\Users\Madhu\Downloads\Racing-Kart-Game-main\src\kartracinggame\KartData.java,kartracinggame.KartData,setSpeed/1[double],false,52,0,1,1,0,1,0,3,0,0,1,0,0,0,0,0,0,0,0,0,1,0,0,0,0,0,3,1,0,false
C:\Users\Madhu\Downloads\Racing-Kart-Game-main\src\kartracinggame\KartData.java,kartracinggame.KartData,getX/0,false,44,0,3,3,0,1,0,3,1,0,0,0,0,0,0,0,0,0,0,0,0,0,0,0,0,0,3,1,0,false
C:\Users\Madhu\Downloads\Racing-Kart-Game-main\src\kartracinggame\KartData.java,kartracinggame.KartData,"setPosition/2[double,double]",false,39,0,2,2,0,1,0,4,0,0,2,0,0,0,0,0,0,0,0,0,2,0,0,0,0,0,4,1,0,false
C:\Users\Madhu\Downloads\Racing-Kart-Game-main\src\kartracinggame\KartData.java,kartracinggame.KartData,setAction/1[kartracinggame.KartAction],false,31,1,3,3,0,1,0,3,0,0,1,0,0,0,0,0,0,0,0,0,1,0,0,0,0,0,4,1,0,false
C:\Users\Madhu\Downloads\Racing-Kart-Game-main\src\kartracinggame\KartData.java,kartracinggame.KartData,getName/0,false,27,0,2,2,0,1,0,3,1,0,0,0,0,0,0,0,0,0,0,0,0,0,0,0,0,0,3,1,0,false
C:\Users\Madhu\Downloads\Racing-Kart-Game-main\src\kartracinggame\KartData.java,kartracinggame.KartData,getSpeed/0,false,56,0,4,4,0,1,0,3,1,0,0,0,0,0,0,0,0,0,0,0,0,0,0,0,0,0,3,1,0,false
C:\Users\Madhu\Downloads\Racing-Kart-Game-main\src\kartracinggame\KartData.java,kartracinggame.KartData,"KartData/5[java.lang.String,double,double,kartracinggame.KartAction,double]",true,16,2,7,3,4,1,4,6,0,0,5,4,4,1,0,0,0,0,0,0,0,0,0,0,0,0,10,1,0,false
C:\Users\Madhu\Downloads\Racing-Kart-Game-main\src\kartracinggame\KartData.java,kartracinggame.KartData,setAngle/1[double],false,60,0,1,1,0,1,0,3,0,0,1,0,0,0,0,0,0,0,0,0,1,0,0,0,0,0,3,1,0,false
C:\Users\Madhu\Downloads\Racing-Kart-Game-main\src\kartracinggame\KartData.java,kartracinggame.KartData,setName/1[java.lang.String],false,23,0,2,2,0,1,0,3,0,0,1,0,0,0,0,0,0,0,0,0,1,0,0,0,0,0,3,1,0,false
C:\Users\Madhu\Downloads\Racing-Kart-Game-main\src\kartracinggame\KartData.java,kartracinggame.KartData,"KartData/3[java.lang.String,double,double]",true,11,1,3,1,2,1,2,4,0,0,3,2,2,1,0,0,0,0,0,0,0,0,0,0,0,0,7,1,0,false
C:\Users\Madhu\Downloads\Racing-Kart-Game-main\src\kartracinggame\KartData.java,kartracinggame.KartData,toString/0,false,69,0,1,1,0,1,1,3,1,0,0,1,0,0,0,0,0,0,5,0,0,1,0,0,0,0,2,1,0,false
C:\Users\Madhu\Downloads\Racing-Kart-Game-main\src\kartracinggame\KartData.java,kartracinggame.KartData,getAngle/0,false,64,0,1,1,0,1,0,3,1,0,0,0,0,0,0,0,0,0,0,0,0,0,0,0,0,0,3,1,0,false
C:\Users\Madhu\Downloads\Racing-Kart-Game-main\src\kartracinggame\Server.java,kartracinggame.Server,Server/0,true,31,1,1,0,1,3,2,14,0,0,0,2,0,0,1,1,1,0,1,2,4,0,2,0,0,0,20,1,0,false
C:\Users\Madhu\Downloads\Racing-Kart-Game-main\src\kartracinggame\Server.java,kartracinggame.Server,acceptClients/0,false,50,3,5,1,4,6,8,24,0,1,0,8,1,1,2,1,1,0,2,1,1,0,4,0,0,0,30,1,0,false
C:\Users\Madhu\Downloads\Racing-Kart-Game-main\src\kartracinggame\Server.java,kartracinggame.Server,"updateKart/3[java.net.Socket,kartracinggame.KartAction,double]",false,146,4,11,2,9,76,8,159,0,6,3,8,1,1,0,1,0,0,0,130,67,119,3,0,0,0,23,33,0,true
C:\Users\Madhu\Downloads\Racing-Kart-Game-main\src\kartracinggame\Server.java,kartracinggame.Server,removeKartData/1[java.net.Socket],false,322,3,7,2,5,5,9,21,0,2,1,9,2,1,1,2,0,0,0,1,4,0,3,0,0,0,36,33,0,true
C:\Users\Madhu\Downloads\Racing-Kart-Game-main\src\kartracinggame\Server.java,kartracinggame.Server,getSocketAddress/1[java.net.Socket],false,352,0,4,4,0,1,2,3,1,0,1,2,0,0,0,0,0,0,1,0,0,1,0,0,0,0,4,1,0,false
C:\Users\Madhu\Downloads\Racing-Kart-Game-main\src\kartracinggame\Server.java,kartracinggame.Server,getInstance/0,false,46,1,2,2,0,1,0,3,1,0,0,0,0,0,0,0,0,0,0,0,0,0,0,0,0,0,4,9,0,false
C:\Users\Madhu\Downloads\Racing-Kart-Game-main\src\kartracinggame\Server.java,kartracinggame.Server,"sendError/2[java.net.Socket,kartracinggame.Status]",false,89,3,4,1,3,1,2,3,0,0,2,2,1,1,0,0,0,0,0,0,0,0,0,0,0,0,7,1,0,false
C:\Users\Madhu\Downloads\Racing-Kart-Game-main\src\kartracinggame\Server.java,kartracinggame.Server,removeClient/1[java.net.Socket],false,345,2,5,1,4,1,4,6,0,0,1,4,2,2,0,0,0,0,0,0,0,0,0,0,0,0,10,33,0,false
C:\Users\Madhu\Downloads\Racing-Kart-Game-main\src\kartracinggame\Server.java,kartracinggame.Server,"notifyClient/2[java.net.Socket,java.lang.String]",false,76,0,6,6,0,3,5,12,0,1,2,5,0,0,0,0,1,0,1,0,1,0,2,0,0,0,13,2,0,false
C:\Users\Madhu\Downloads\Racing-Kart-Game-main\src\kartracinggame\Server.java,kartracinggame.Server,"addKart/2[java.net.Socket,java.lang.String]",false,93,3,9,1,8,3,7,9,0,0,2,7,3,1,1,1,0,0,0,0,0,0,2,0,0,0,27,33,0,false
C:\Users\Madhu\Downloads\Racing-Kart-Game-main\src\kartracinggame\Server.java,kartracinggame.Server,updateKartAtInterval/0,false,108,0,2,1,1,1,2,25,0,1,0,2,0,0,0,0,0,0,0,2,2,0,0,1,0,0,34,2,0,true
C:\Users\Madhu\Downloads\Racing-Kart-Game-main\src\kartracinggame\Animated.java,kartracinggame.Animated,setTotalFrames/1[int],false,71,0,0,0,0,1,0,3,0,0,1,0,0,0,0,0,0,0,0,0,1,0,0,0,0,0,6,1,0,true
C:\Users\Madhu\Downloads\Racing-Kart-Game-main\src\kartracinggame\Animated.java,kartracinggame.Animated,getCurrentFrameIcon/0,false,95,0,1,1,0,1,0,3,1,0,0,0,0,0,0,0,0,0,0,0,0,0,0,0,0,0,5,1,0,false
C:\Users\Madhu\Downloads\Racing-Kart-Game-main\src\kartracinggame\Animated.java,kartracinggame.Animated,getName/0,false,135,0,1,1,0,1,0,3,1,0,0,0,0,0,0,0,0,0,0,0,0,0,0,0,0,0,3,1,0,false
C:\Users\Madhu\Downloads\Racing-Kart-Game-main\src\kartracinggame\Animated.java,kartracinggame.Animated,updateFrame/0,false,63,0,1,1,0,1,0,1,0,0,0,0,0,0,0,0,0,0,0,0,0,0,0,0,0,0,4,1025,0,true
C:\Users\Madhu\Downloads\Racing-Kart-Game-main\src\kartracinggame\Animated.java,kartracinggame.Animated,getFrameIcon/1[int],false,99,0,0,0,0,1,0,3,1,0,1,0,0,0,0,0,0,0,0,0,0,0,0,0,0,0,5,1,0,false
C:\Users\Madhu\Downloads\Racing-Kart-Game-main\src\kartracinggame\Animated.java,kartracinggame.Animated,getWidth/0,false,119,0,4,4,0,1,0,3,1,0,0,0,0,0,0,0,0,0,0,0,0,0,0,0,0,0,3,1,0,false
C:\Users\Madhu\Downloads\Racing-Kart-Game-main\src\kartracinggame\Animated.java,kartracinggame.Animated,getIsPaint/0,false,131,0,1,1,0,1,0,3,1,0,0,0,0,0,0,0,0,0,0,0,0,0,0,0,0,0,4,1,0,false
C:\Users\Madhu\Downloads\Racing-Kart-Game-main\src\kartracinggame\Animated.java,kartracinggame.Animated,getX/0,false,107,0,3,3,0,1,0,3,1,0,0,0,0,0,0,0,0,0,0,0,0,0,0,0,0,0,3,1,0,false
C:\Users\Madhu\Downloads\Racing-Kart-Game-main\src\kartracinggame\Animated.java,kartracinggame.Animated,getHeight/0,false,123,0,2,2,0,1,0,3,1,0,0,0,0,0,0,0,0,0,0,0,0,0,0,0,0,0,3,1,0,false
C:\Users\Madhu\Downloads\Racing-Kart-Game-main\src\kartracinggame\Animated.java,kartracinggame.Animated,getTotalFrames/0,false,75,0,3,3,0,1,0,3,1,0,0,0,0,0,0,0,0,0,0,0,0,0,0,0,0,0,4,1,0,false
C:\Users\Madhu\Downloads\Racing-Kart-Game-main\src\kartracinggame\Animated.java,kartracinggame.Animated,initFrames/1[java.lang.String],false,32,0,2,2,0,4,6,17,0,3,1,6,0,0,1,1,1,0,4,3,6,2,2,0,0,0,22,1,0,true
C:\Users\Madhu\Downloads\Racing-Kart-Game-main\src\kartracinggame\Animated.java,kartracinggame.Animated,"paint/2[javax.swing.JPanel,java.awt.Graphics]",false,59,0,1,1,0,1,1,3,0,0,2,1,0,0,0,0,0,0,0,0,0,0,0,0,0,0,9,1,0,true
C:\Users\Madhu\Downloads\Racing-Kart-Game-main\src\kartracinggame\Animated.java,kartracinggame.Animated,"Animated/2[double,double]",true,23,2,4,0,4,1,4,5,0,0,2,4,2,1,0,0,0,0,0,0,0,0,0,0,0,0,6,1,0,false
C:\Users\Madhu\Downloads\Racing-Kart-Game-main\src\kartracinggame\Animated.java,kartracinggame.Animated,setCurrentFrame/1[int],false,79,0,4,4,0,3,2,11,0,0,1,2,0,0,0,1,0,0,0,3,5,1,1,0,0,0,8,1,0,false
C:\Users\Madhu\Downloads\Racing-Kart-Game-main\src\kartracinggame\Animated.java,kartracinggame.Animated,setName/1[java.lang.String],false,139,1,4,3,1,1,1,4,0,0,1,1,1,1,0,0,0,0,0,0,1,0,0,0,0,0,5,1,0,false
C:\Users\Madhu\Downloads\Racing-Kart-Game-main\src\kartracinggame\Animated.java,kartracinggame.Animated,getCurrentFrame/0,false,91,0,3,3,0,1,0,3,1,0,0,0,0,0,0,0,0,0,0,0,0,0,0,0,0,0,4,1,0,false
C:\Users\Madhu\Downloads\Racing-Kart-Game-main\src\kartracinggame\Animated.java,kartracinggame.Animated,getY/0,false,115,0,3,3,0,1,0,3,1,0,0,0,0,0,0,0,0,0,0,0,0,0,0,0,0,0,3,1,0,false
C:\Users\Madhu\Downloads\Racing-Kart-Game-main\src\kartracinggame\Animated.java,kartracinggame.Animated,setIsPaint/1[boolean],false,127,0,1,1,0,1,0,3,0,0,1,0,0,0,0,0,0,0,0,0,1,0,0,0,0,0,4,1,0,false
C:\Users\Madhu\Downloads\Racing-Kart-Game-main\src\kartracinggame\Animated.java,kartracinggame.Animated,setX/1[double],false,103,0,2,2,0,1,0,3,0,0,1,0,0,0,0,0,0,0,0,0,1,0,0,0,0,0,3,1,0,false
C:\Users\Madhu\Downloads\Racing-Kart-Game-main\src\kartracinggame\Animated.java,kartracinggame.Animated,setY/1[double],false,111,0,2,2,0,1,0,3,0,0,1,0,0,0,0,0,0,0,0,0,1,0,0,0,0,0,3,1,0,false
C:\Users\Madhu\Downloads\Racing-Kart-Game-main\src\kartracinggame\Response.java,kartracinggame.Response,setData/1[java.lang.String],false,70,0,1,1,0,1,0,3,0,0,1,0,0,0,0,0,0,0,0,0,1,0,0,0,0,0,3,1,0,false
C:\Users\Madhu\Downloads\Racing-Kart-Game-main\src\kartracinggame\Response.java,kartracinggame.Response,getLines/0,false,53,0,2,2,0,1,0,3,1,0,0,0,0,0,0,0,0,0,0,0,0,0,0,0,0,0,3,1,0,false
C:\Users\Madhu\Downloads\Racing-Kart-Game-main\src\kartracinggame\Response.java,kartracinggame.Response,Response/1[kartracinggame.Status],true,28,2,2,1,1,1,1,4,0,0,1,1,1,1,0,0,0,0,0,0,0,0,0,0,0,0,12,1,0,true
C:\Users\Madhu\Downloads\Racing-Kart-Game-main\src\kartracinggame\Response.java,kartracinggame.Response,extractStatusAndType/0,false,44,4,5,1,4,2,5,8,0,2,0,5,1,1,0,0,0,0,1,4,2,0,1,0,0,0,7,1,0,false
C:\Users\Madhu\Downloads\Racing-Kart-Game-main\src\kartracinggame\Response.java,kartracinggame.Response,Response/1[java.lang.String],true,14,1,2,1,1,1,2,4,0,0,1,2,1,3,0,0,0,0,1,0,0,0,0,0,0,0,13,1,0,true
C:\Users\Madhu\Downloads\Racing-Kart-Game-main\src\kartracinggame\Response.java,kartracinggame.Response,setStatus/1[kartracinggame.Status],false,62,1,3,3,0,1,0,3,0,0,1,0,0,0,0,0,0,0,0,0,1,0,0,0,0,0,3,1,0,false
C:\Users\Madhu\Downloads\Racing-Kart-Game-main\src\kartracinggame\Response.java,kartracinggame.Response,setLines/1[java.lang.String[]],false,57,1,2,1,1,1,1,4,0,0,1,1,1,2,0,0,0,0,0,0,1,0,0,0,0,0,7,1,0,false
C:\Users\Madhu\Downloads\Racing-Kart-Game-main\src\kartracinggame\Response.java,kartracinggame.Response,convertDataToHashMap/1[java.lang.String[]],false,88,0,3,3,0,3,4,12,1,4,1,4,0,0,1,0,0,0,1,3,4,1,2,0,0,0,15,9,0,true
C:\Users\Madhu\Downloads\Racing-Kart-Game-main\src\kartracinggame\Response.java,kartracinggame.Response,toString/0,false,103,2,9,6,3,4,6,7,1,1,0,6,0,0,0,2,0,0,1,0,2,0,1,0,0,0,7,1,0,false
C:\Users\Madhu\Downloads\Racing-Kart-Game-main\src\kartracinggame\Response.java,kartracinggame.Response,"Response/2[kartracinggame.Status,kartracinggame.PayloadType]",true,33,3,4,3,1,1,1,4,0,0,2,1,1,1,0,0,0,0,0,0,0,0,0,0,0,0,5,1,0,false
C:\Users\Madhu\Downloads\Racing-Kart-Game-main\src\kartracinggame\Response.java,kartracinggame.Response,getData/0,false,74,0,0,0,0,1,0,3,1,0,0,0,0,0,0,0,0,0,0,0,0,0,0,0,0,0,3,1,0,false
C:\Users\Madhu\Downloads\Racing-Kart-Game-main\src\kartracinggame\Response.java,kartracinggame.Response,getStatus/0,false,66,1,3,3,0,1,0,3,1,0,0,0,0,0,0,0,0,0,0,0,0,0,0,0,0,0,3,1,0,false
C:\Users\Madhu\Downloads\Racing-Kart-Game-main\src\kartracinggame\Response.java,kartracinggame.Response,"Response/3[kartracinggame.Status,kartracinggame.PayloadType,java.lang.String]",true,38,3,3,2,1,1,1,4,0,0,3,1,1,1,0,0,0,0,0,0,0,0,0,0,0,0,5,1,0,false
C:\Users\Madhu\Downloads\Racing-Kart-Game-main\src\kartracinggame\ServerUpdateListener.java,kartracinggame.ServerUpdateListener,serverUpdated/1[kartracinggame.Response],false,5,1,1,1,0,1,0,1,0,0,1,0,0,0,0,0,0,0,0,0,0,0,0,0,0,0,4,1,0,false
C:\Users\Madhu\Downloads\Racing-Kart-Game-main\src\kartracinggame\Animator.java,kartracinggame.Animator,getInstance/0,false,22,1,4,3,1,2,0,6,1,0,0,0,0,0,0,1,0,0,0,0,1,0,1,0,0,0,5,9,0,false
C:\Users\Madhu\Downloads\Racing-Kart-Game-main\src\kartracinggame\Animator.java,kartracinggame.Animator,stopAnimation/0,false,68,0,0,0,0,1,1,3,0,0,0,1,0,0,0,0,0,0,0,0,0,0,0,0,0,0,2,1,0,false
C:\Users\Madhu\Downloads\Racing-Kart-Game-main\src\kartracinggame\Animator.java,kartracinggame.Animator,setScene/1[kartracinggame.Scene],false,80,1,1,1,0,1,0,4,0,0,1,0,0,0,0,0,0,0,0,2,2,0,0,0,0,0,6,1,0,false
C:\Users\Madhu\Downloads\Racing-Kart-Game-main\src\kartracinggame\Animator.java,kartracinggame.Animator,reset/0,false,30,0,1,1,0,1,0,3,0,0,0,0,0,0,0,0,0,0,0,0,1,0,0,0,0,0,3,9,0,false
C:\Users\Madhu\Downloads\Racing-Kart-Game-main\src\kartracinggame\Animator.java,kartracinggame.Animator,update/0,false,43,2,5,1,4,5,8,16,0,2,0,8,0,0,1,1,0,0,0,2,2,0,3,0,0,0,17,1,0,true
C:\Users\Madhu\Downloads\Racing-Kart-Game-main\src\kartracinggame\Animator.java,kartracinggame.Animator,startAnimation/1[int],false,63,1,3,2,1,1,1,4,0,0,1,1,0,0,0,0,0,0,0,0,1,0,0,0,0,0,7,1,0,false
C:\Users\Madhu\Downloads\Racing-Kart-Game-main\src\kartracinggame\Animator.java,kartracinggame.Animator,addAnimated/1[kartracinggame.Animated],false,34,1,1,1,0,1,1,3,0,0,1,1,0,0,0,0,0,0,0,0,0,0,0,0,0,0,3,1,0,false
C:\Users\Madhu\Downloads\Racing-Kart-Game-main\src\kartracinggame\Animator.java,kartracinggame.Animator,Animator/0,true,18,1,1,1,0,1,0,3,0,0,0,0,0,0,0,0,0,0,0,0,1,0,0,0,0,0,3,1,0,false
C:\Users\Madhu\Downloads\Racing-Kart-Game-main\src\kartracinggame\Kart.java,kartracinggame.Kart,getSpeed/0,false,132,1,2,1,1,1,1,3,1,0,0,1,0,0,0,0,0,0,0,0,0,0,0,0,0,0,2,1,0,false
C:\Users\Madhu\Downloads\Racing-Kart-Game-main\src\kartracinggame\Kart.java,kartracinggame.Kart,Kart/1[kartracinggame.KartData],true,19,6,12,1,11,1,10,11,0,0,1,10,2,1,0,0,0,2,0,3,3,2,0,0,0,0,17,1,0,false
C:\Users\Madhu\Downloads\Racing-Kart-Game-main\src\kartracinggame\Kart.java,kartracinggame.Kart,setData/1[kartracinggame.KartData],false,124,1,2,2,0,1,0,3,0,0,1,0,0,0,0,0,0,0,0,0,1,0,0,0,0,0,6,1,0,true
C:\Users\Madhu\Downloads\Racing-Kart-Game-main\src\kartracinggame\Kart.java,kartracinggame.Kart,playAudio/0,false,79,2,6,1,5,5,5,16,0,0,0,5,0,0,0,2,0,0,0,3,0,2,3,0,0,0,18,2,0,false
C:\Users\Madhu\Downloads\Racing-Kart-Game-main\src\kartracinggame\Kart.java,kartracinggame.Kart,getIsHit/0,false,128,0,0,0,0,1,0,3,1,0,0,0,0,0,0,0,0,0,0,0,0,0,0,0,0,0,4,1,0,false
C:\Users\Madhu\Downloads\Racing-Kart-Game-main\src\kartracinggame\Kart.java,kartracinggame.Kart,initAudio/0,false,33,1,3,1,2,2,2,11,0,0,0,2,0,0,0,0,1,0,0,0,2,0,1,0,0,0,24,2,0,false
C:\Users\Madhu\Downloads\Racing-Kart-Game-main\src\kartracinggame\Kart.java,kartracinggame.Kart,setAction/1[kartracinggame.KartAction],false,136,2,1,0,1,1,1,3,0,0,1,1,0,0,0,0,0,0,0,0,0,0,0,0,0,0,4,1,0,false
C:\Users\Madhu\Downloads\Racing-Kart-Game-main\src\kartracinggame\Kart.java,kartracinggame.Kart,updateFrame/0,false,47,5,17,0,17,5,18,25,0,2,0,18,3,1,0,0,0,2,0,2,3,4,1,0,0,0,21,1,0,false
C:\Users\Madhu\Downloads\Racing-Kart-Game-main\src\kartracinggame\Kart.java,kartracinggame.Kart,updateCollideListeners/0,false,110,1,2,1,1,2,1,5,0,0,0,1,0,0,1,0,0,0,0,0,0,0,1,0,0,0,7,2,0,false
C:\Users\Madhu\Downloads\Racing-Kart-Game-main\src\kartracinggame\Kart.java,kartracinggame.Kart,updateMoveListeners/0,false,100,1,2,1,1,2,1,5,0,0,0,1,0,0,1,0,0,0,0,0,0,0,1,0,0,0,7,2,0,false
C:\Users\Madhu\Downloads\Racing-Kart-Game-main\src\kartracinggame\Kart.java,kartracinggame.Kart,addMoveListener/1[kartracinggame.KartMoveListener],false,106,1,1,1,0,1,1,3,0,0,1,1,0,0,0,0,0,0,0,0,0,0,0,0,0,0,5,1,0,false
C:\Users\Madhu\Downloads\Racing-Kart-Game-main\src\kartracinggame\Kart.java,kartracinggame.Kart,addCollideListener/1[kartracinggame.KartCollideListener],false,116,1,1,1,0,1,1,3,0,0,1,1,0,0,0,0,0,0,0,0,0,0,0,0,0,0,5,1,0,false
C:\Users\Madhu\Downloads\Racing-Kart-Game-main\src\kartracinggame\Kart.java,kartracinggame.Kart,getAction/0,false,140,2,2,1,1,1,1,3,1,0,0,1,0,0,0,0,0,0,0,0,0,0,0,0,0,0,3,1,0,false
C:\Users\Madhu\Downloads\Racing-Kart-Game-main\src\kartracinggame\Kart.java,kartracinggame.Kart,getRotationAngle/0,false,96,1,3,1,2,1,2,3,1,0,0,2,0,0,0,0,0,0,0,1,0,2,0,0,0,0,7,1,0,false
C:\Users\Madhu\Downloads\Racing-Kart-Game-main\src\kartracinggame\AudioController.java,kartracinggame.AudioController,getClip/1[java.lang.String],false,65,0,3,3,0,1,1,3,1,0,1,1,0,0,0,0,0,0,0,0,0,0,0,0,0,0,3,1,0,false
C:\Users\Madhu\Downloads\Racing-Kart-Game-main\src\kartracinggame\AudioController.java,kartracinggame.AudioController,"play/2[java.lang.String,boolean]",false,38,1,2,1,1,3,5,10,0,1,2,5,1,1,0,0,0,0,0,1,1,0,1,0,0,0,7,1,0,false
C:\Users\Madhu\Downloads\Racing-Kart-Game-main\src\kartracinggame\AudioController.java,kartracinggame.AudioController,stop/1[java.lang.String],false,51,1,2,1,1,1,2,3,0,0,1,2,1,1,0,0,0,0,0,0,0,0,0,0,0,0,4,1,0,false
C:\Users\Madhu\Downloads\Racing-Kart-Game-main\src\kartracinggame\AudioController.java,kartracinggame.AudioController,AudioController/0,true,19,0,1,1,0,1,0,3,0,0,0,0,0,0,0,0,0,0,0,0,1,0,0,0,0,0,3,1,0,false
C:\Users\Madhu\Downloads\Racing-Kart-Game-main\src\kartracinggame\AudioController.java,kartracinggame.AudioController,addClip/1[java.lang.String],false,30,0,1,1,0,1,6,7,0,3,1,6,0,0,0,0,0,0,1,0,3,0,0,0,0,0,21,1,0,true
C:\Users\Madhu\Downloads\Racing-Kart-Game-main\src\kartracinggame\AudioController.java,kartracinggame.AudioController,"updateVolume/2[java.lang.String,float]",false,60,1,2,1,1,1,3,4,0,1,2,3,1,1,0,0,0,0,0,0,1,0,0,0,0,0,13,1,0,true
C:\Users\Madhu\Downloads\Racing-Kart-Game-main\src\kartracinggame\SelectKartScene.java,kartracinggame.SelectKartScene$Anonymous2,actionPerformed/1[java.awt.event.ActionEvent],false,55,2,2,0,2,1,1,3,0,0,1,1,0,0,0,0,0,0,1,0,0,0,0,0,0,0,8,1,0,false
C:\Users\Madhu\Downloads\Racing-Kart-Game-main\src\kartracinggame\KartSelectedRequest.java,kartracinggame.KartSelectedRequest,setKartName/1[java.lang.String],false,12,0,1,1,0,1,0,3,0,0,1,0,0,0,0,0,0,0,0,0,1,0,0,0,0,0,4,1,0,false
C:\Users\Madhu\Downloads\Racing-Kart-Game-main\src\kartracinggame\KartSelectedRequest.java,kartracinggame.KartSelectedRequest,getKartName/0,false,16,0,0,0,0,1,0,3,1,0,0,0,0,0,0,0,0,0,0,0,0,0,0,0,0,0,4,1,0,false
C:\Users\Madhu\Downloads\Racing-Kart-Game-main\src\kartracinggame\KartSelectedRequest.java,kartracinggame.KartSelectedRequest,toString/0,false,21,1,1,0,1,1,2,3,1,0,0,2,0,0,0,0,0,0,1,0,0,0,0,0,0,0,2,1,0,false
C:\Users\Madhu\Downloads\Racing-Kart-Game-main\src\kartracinggame\KartSelectedRequest.java,kartracinggame.KartSelectedRequest,KartSelectedRequest/1[java.lang.String],true,7,1,2,1,1,1,1,4,0,0,1,1,1,1,0,0,0,0,0,0,0,0,0,0,0,0,6,1,0,false
C:\Users\Madhu\Downloads\Racing-Kart-Game-main\src\kartracinggame\SelectKartScene.java,kartracinggame.SelectKartScene$Anonymous1,actionPerformed/1[java.awt.event.ActionEvent],false,47,2,2,0,2,1,1,3,0,0,1,1,0,0,0,0,0,0,1,0,0,0,0,0,0,0,8,1,0,false
C:\Users\Madhu\Downloads\Racing-Kart-Game-main\src\kartracinggame\KartMoveListener.java,kartracinggame.KartMoveListener,kartMoved/1[kartracinggame.Kart],false,5,1,1,1,0,1,0,1,0,0,1,0,0,0,0,0,0,0,0,0,0,0,0,0,0,0,3,1,0,false
