file,class,method,variable,usage
C:\Users\Madhu\Downloads\Racing-Kart-Game-main\src\kartracinggame\KartUpdateRequest.java,kartracinggame.KartUpdateRequest,setAngle/1[double],angle,2
C:\Users\Madhu\Downloads\Racing-Kart-Game-main\src\kartracinggame\KartUpdateRequest.java,kartracinggame.KartUpdateRequest,setAction/1[kartracinggame.KartAction],action,2
C:\Users\Madhu\Downloads\Racing-Kart-Game-main\src\kartracinggame\KartUpdateRequest.java,kartracinggame.KartUpdateRequest,"KartUpdateRequest/2[kartracinggame.KartAction,double]",action,1
C:\Users\Madhu\Downloads\Racing-Kart-Game-main\src\kartracinggame\KartUpdateRequest.java,kartracinggame.KartUpdateRequest,"KartUpdateRequest/2[kartracinggame.KartAction,double]",angle,1
C:\Users\Madhu\Downloads\Racing-Kart-Game-main\src\kartracinggame\Main.java,kartracinggame.Main$Anonymous1,windowClosing/1[java.awt.event.WindowEvent],ex,1
C:\Users\Madhu\Downloads\Racing-Kart-Game-main\src\kartracinggame\Main.java,kartracinggame.Main$Anonymous1,windowClosing/1[java.awt.event.WindowEvent],e,0
C:\Users\Madhu\Downloads\Racing-Kart-Game-main\src\kartracinggame\SceneChangeListener.java,kartracinggame.SceneChangeListener,sceneChanged/1[kartracinggame.Scene],currentScene,0
C:\Users\Madhu\Downloads\Racing-Kart-Game-main\src\kartracinggame\Status.java,kartracinggame.Status,"Status/2[int,java.lang.String]",code,2
C:\Users\Madhu\Downloads\Racing-Kart-Game-main\src\kartracinggame\Status.java,kartracinggame.Status,"Status/2[int,java.lang.String]",text,2
C:\Users\Madhu\Downloads\Racing-Kart-Game-main\src\kartracinggame\Status.java,kartracinggame.Status,fromString/1[java.lang.String],codeStr,1
C:\Users\Madhu\Downloads\Racing-Kart-Game-main\src\kartracinggame\RaceScene.java,kartracinggame.RaceScene,"RaceScene/1[java.util.HashMap<java.lang.String,java.lang.Object>]",params,1
C:\Users\Madhu\Downloads\Racing-Kart-Game-main\src\kartracinggame\RaceScene.java,kartracinggame.RaceScene,initComponents/0,socketAddr,1
C:\Users\Madhu\Downloads\Racing-Kart-Game-main\src\kartracinggame\RaceScene.java,kartracinggame.RaceScene,initComponents/0,item,2
C:\Users\Madhu\Downloads\Racing-Kart-Game-main\src\kartracinggame\RaceScene.java,kartracinggame.RaceScene,initComponents/0,data,2
C:\Users\Madhu\Downloads\Racing-Kart-Game-main\src\kartracinggame\RaceScene.java,kartracinggame.RaceScene,initComponents/0,params,1
C:\Users\Madhu\Downloads\Racing-Kart-Game-main\src\kartracinggame\RaceScene.java,kartracinggame.RaceScene,setupDisplay/1[java.awt.Graphics],c3,1
C:\Users\Madhu\Downloads\Racing-Kart-Game-main\src\kartracinggame\RaceScene.java,kartracinggame.RaceScene,setupDisplay/1[java.awt.Graphics],startLinePath,1
C:\Users\Madhu\Downloads\Racing-Kart-Game-main\src\kartracinggame\RaceScene.java,kartracinggame.RaceScene,setupDisplay/1[java.awt.Graphics],c4,1
C:\Users\Madhu\Downloads\Racing-Kart-Game-main\src\kartracinggame\RaceScene.java,kartracinggame.RaceScene,setupDisplay/1[java.awt.Graphics],g,11
C:\Users\Madhu\Downloads\Racing-Kart-Game-main\src\kartracinggame\RaceScene.java,kartracinggame.RaceScene,setupDisplay/1[java.awt.Graphics],startLine,1
C:\Users\Madhu\Downloads\Racing-Kart-Game-main\src\kartracinggame\RaceScene.java,kartracinggame.RaceScene,setupDisplay/1[java.awt.Graphics],track,1
C:\Users\Madhu\Downloads\Racing-Kart-Game-main\src\kartracinggame\RaceScene.java,kartracinggame.RaceScene,setupDisplay/1[java.awt.Graphics],c1,1
C:\Users\Madhu\Downloads\Racing-Kart-Game-main\src\kartracinggame\RaceScene.java,kartracinggame.RaceScene,setupDisplay/1[java.awt.Graphics],trackPath,1
C:\Users\Madhu\Downloads\Racing-Kart-Game-main\src\kartracinggame\RaceScene.java,kartracinggame.RaceScene,setupDisplay/1[java.awt.Graphics],c2,1
C:\Users\Madhu\Downloads\Racing-Kart-Game-main\src\kartracinggame\RaceScene.java,kartracinggame.RaceScene,kartCollided/1[kartracinggame.Kart],kart,2
C:\Users\Madhu\Downloads\Racing-Kart-Game-main\src\kartracinggame\RaceScene.java,kartracinggame.RaceScene,updateRankPanel/0,firstRankName,3
C:\Users\Madhu\Downloads\Racing-Kart-Game-main\src\kartracinggame\RaceScene.java,kartracinggame.RaceScene,updateRankPanel/0,secondRankName,3
C:\Users\Madhu\Downloads\Racing-Kart-Game-main\src\kartracinggame\RaceScene.java,kartracinggame.RaceScene,handleKeyPressed/1[int],keyCode,1
C:\Users\Madhu\Downloads\Racing-Kart-Game-main\src\kartracinggame\RaceScene.java,kartracinggame.RaceScene,handleKeyPressed/1[int],action,5
C:\Users\Madhu\Downloads\Racing-Kart-Game-main\src\kartracinggame\RaceScene.java,kartracinggame.RaceScene,updateFirstRank/1[kartracinggame.Kart],firstRoadInd,2
C:\Users\Madhu\Downloads\Racing-Kart-Game-main\src\kartracinggame\RaceScene.java,kartracinggame.RaceScene,updateFirstRank/1[kartracinggame.Kart],kart,14
C:\Users\Madhu\Downloads\Racing-Kart-Game-main\src\kartracinggame\RaceScene.java,kartracinggame.RaceScene,updateFirstRank/1[kartracinggame.Kart],kartRoadInd,8
C:\Users\Madhu\Downloads\Racing-Kart-Game-main\src\kartracinggame\RaceScene.java,kartracinggame.RaceScene,kartMoved/1[kartracinggame.Kart],kart,3
C:\Users\Madhu\Downloads\Racing-Kart-Game-main\src\kartracinggame\RaceScene.java,kartracinggame.RaceScene,updateKartData/1[java.lang.String],kartDatasSize,1
C:\Users\Madhu\Downloads\Racing-Kart-Game-main\src\kartracinggame\RaceScene.java,kartracinggame.RaceScene,updateKartData/1[java.lang.String],userKartDatas,2
C:\Users\Madhu\Downloads\Racing-Kart-Game-main\src\kartracinggame\RaceScene.java,kartracinggame.RaceScene,updateKartData/1[java.lang.String],nextKartData,2
C:\Users\Madhu\Downloads\Racing-Kart-Game-main\src\kartracinggame\RaceScene.java,kartracinggame.RaceScene,updateKartData/1[java.lang.String],user,3
C:\Users\Madhu\Downloads\Racing-Kart-Game-main\src\kartracinggame\RaceScene.java,kartracinggame.RaceScene,serverUpdated/1[kartracinggame.Response],data,1
C:\Users\Madhu\Downloads\Racing-Kart-Game-main\src\kartracinggame\RaceScene.java,kartracinggame.RaceScene,serverUpdated/1[kartracinggame.Response],response,3
C:\Users\Madhu\Downloads\Racing-Kart-Game-main\src\kartracinggame\RaceScene.java,kartracinggame.RaceScene,serverUpdated/1[kartracinggame.Response],mappedData,6
C:\Users\Madhu\Downloads\Racing-Kart-Game-main\src\kartracinggame\RaceScene.java,kartracinggame.RaceScene,serverUpdated/1[kartracinggame.Response],kartData,1
C:\Users\Madhu\Downloads\Racing-Kart-Game-main\src\kartracinggame\RaceScene.java,kartracinggame.RaceScene,serverUpdated/1[kartracinggame.Response],userKartDatas,1
C:\Users\Madhu\Downloads\Racing-Kart-Game-main\src\kartracinggame\RaceScene.java,kartracinggame.RaceScene,serverUpdated/1[kartracinggame.Response],i,3
C:\Users\Madhu\Downloads\Racing-Kart-Game-main\src\kartracinggame\RaceScene.java,kartracinggame.RaceScene,serverUpdated/1[kartracinggame.Response],lines,2
C:\Users\Madhu\Downloads\Racing-Kart-Game-main\src\kartracinggame\RaceScene.java,kartracinggame.RaceScene,serverUpdated/1[kartracinggame.Response],params,2
C:\Users\Madhu\Downloads\Racing-Kart-Game-main\src\kartracinggame\RaceScene.java,kartracinggame.RaceScene,serverUpdated/1[kartracinggame.Response],user,2
C:\Users\Madhu\Downloads\Racing-Kart-Game-main\src\kartracinggame\DemoKart.java,kartracinggame.DemoKart,updateFrame/0,currentFrame,1
C:\Users\Madhu\Downloads\Racing-Kart-Game-main\src\kartracinggame\DemoKart.java,kartracinggame.DemoKart,updateFrame/0,totalFrames,1
C:\Users\Madhu\Downloads\Racing-Kart-Game-main\src\kartracinggame\DemoKart.java,kartracinggame.DemoKart,"DemoKart/3[java.lang.String,int,int]",name,1
C:\Users\Madhu\Downloads\Racing-Kart-Game-main\src\kartracinggame\DemoKart.java,kartracinggame.DemoKart,"DemoKart/3[java.lang.String,int,int]",x,1
C:\Users\Madhu\Downloads\Racing-Kart-Game-main\src\kartracinggame\DemoKart.java,kartracinggame.DemoKart,"DemoKart/3[java.lang.String,int,int]",y,1
C:\Users\Madhu\Downloads\Racing-Kart-Game-main\src\kartracinggame\SceneManager.java,kartracinggame.SceneManager,addListener/1[kartracinggame.SceneChangeListener],listener,1
C:\Users\Madhu\Downloads\Racing-Kart-Game-main\src\kartracinggame\SceneManager.java,kartracinggame.SceneManager,updateListeners/0,listener,1
C:\Users\Madhu\Downloads\Racing-Kart-Game-main\src\kartracinggame\SceneManager.java,kartracinggame.SceneManager,setCurrentScene/1[kartracinggame.Scene],currentScene,2
C:\Users\Madhu\Downloads\Racing-Kart-Game-main\src\kartracinggame\Collider.java,kartracinggame.Collider,"centerize/2[double,double]",contentWidth,1
C:\Users\Madhu\Downloads\Racing-Kart-Game-main\src\kartracinggame\Collider.java,kartracinggame.Collider,"centerize/2[double,double]",contentHeight,1
C:\Users\Madhu\Downloads\Racing-Kart-Game-main\src\kartracinggame\Collider.java,kartracinggame.Collider,"Collider/4[int,int,int,int]",x,1
C:\Users\Madhu\Downloads\Racing-Kart-Game-main\src\kartracinggame\Collider.java,kartracinggame.Collider,"Collider/4[int,int,int,int]",width,1
C:\Users\Madhu\Downloads\Racing-Kart-Game-main\src\kartracinggame\Collider.java,kartracinggame.Collider,"Collider/4[int,int,int,int]",y,1
C:\Users\Madhu\Downloads\Racing-Kart-Game-main\src\kartracinggame\Collider.java,kartracinggame.Collider,"Collider/4[int,int,int,int]",height,1
C:\Users\Madhu\Downloads\Racing-Kart-Game-main\src\kartracinggame\KartCollideListener.java,kartracinggame.KartCollideListener,kartCollided/1[kartracinggame.Kart],kart,0
C:\Users\Madhu\Downloads\Racing-Kart-Game-main\src\kartracinggame\Client.java,kartracinggame.Client$Anonymous1,run/0,ex,1
C:\Users\Madhu\Downloads\Racing-Kart-Game-main\src\kartracinggame\Client.java,kartracinggame.Client$Anonymous1,run/0,data,1
C:\Users\Madhu\Downloads\Racing-Kart-Game-main\src\kartracinggame\Client.java,kartracinggame.Client$Anonymous1,run/0,stream,1
C:\Users\Madhu\Downloads\Racing-Kart-Game-main\src\kartracinggame\Client.java,kartracinggame.Client$Anonymous1,run/0,response,2
C:\Users\Madhu\Downloads\Racing-Kart-Game-main\src\kartracinggame\KartDataFactory.java,kartracinggame.KartDataFactory,getLastData/1[java.lang.String],socketAddress,1
C:\Users\Madhu\Downloads\Racing-Kart-Game-main\src\kartracinggame\KartDataFactory.java,kartracinggame.KartDataFactory,getBufferSize/1[java.lang.String],buffer,2
C:\Users\Madhu\Downloads\Racing-Kart-Game-main\src\kartracinggame\KartDataFactory.java,kartracinggame.KartDataFactory,getBufferSize/1[java.lang.String],socketAddress,1
C:\Users\Madhu\Downloads\Racing-Kart-Game-main\src\kartracinggame\KartDataFactory.java,kartracinggame.KartDataFactory,"KartDataFactory/2[int,int]",x,1
C:\Users\Madhu\Downloads\Racing-Kart-Game-main\src\kartracinggame\KartDataFactory.java,kartracinggame.KartDataFactory,"KartDataFactory/2[int,int]",y,1
C:\Users\Madhu\Downloads\Racing-Kart-Game-main\src\kartracinggame\KartDataFactory.java,kartracinggame.KartDataFactory,"addToBuffer/2[java.lang.String,kartracinggame.KartData]",kartData,2
C:\Users\Madhu\Downloads\Racing-Kart-Game-main\src\kartracinggame\KartDataFactory.java,kartracinggame.KartDataFactory,"addToBuffer/2[java.lang.String,kartracinggame.KartData]",socketAddress,2
C:\Users\Madhu\Downloads\Racing-Kart-Game-main\src\kartracinggame\KartDataFactory.java,kartracinggame.KartDataFactory,getKartDatasString/1[java.lang.String],res,2
C:\Users\Madhu\Downloads\Racing-Kart-Game-main\src\kartracinggame\KartDataFactory.java,kartracinggame.KartDataFactory,getKartDatasString/1[java.lang.String],item,2
C:\Users\Madhu\Downloads\Racing-Kart-Game-main\src\kartracinggame\KartDataFactory.java,kartracinggame.KartDataFactory,getKartDatasString/1[java.lang.String],datas,3
C:\Users\Madhu\Downloads\Racing-Kart-Game-main\src\kartracinggame\KartDataFactory.java,kartracinggame.KartDataFactory,getKartDatasString/1[java.lang.String],isAccessMax,2
C:\Users\Madhu\Downloads\Racing-Kart-Game-main\src\kartracinggame\KartDataFactory.java,kartracinggame.KartDataFactory,getKartDatasString/1[java.lang.String],nextKartData,2
C:\Users\Madhu\Downloads\Racing-Kart-Game-main\src\kartracinggame\KartDataFactory.java,kartracinggame.KartDataFactory,getKartDatasString/1[java.lang.String],socketAddress,1
C:\Users\Madhu\Downloads\Racing-Kart-Game-main\src\kartracinggame\KartDataFactory.java,kartracinggame.KartDataFactory,removeData/1[java.lang.String],socketAddress,2
C:\Users\Madhu\Downloads\Racing-Kart-Game-main\src\kartracinggame\KartDataFactory.java,kartracinggame.KartDataFactory,"createKart/2[java.lang.String,java.lang.String]",datas,2
C:\Users\Madhu\Downloads\Racing-Kart-Game-main\src\kartracinggame\KartDataFactory.java,kartracinggame.KartDataFactory,"createKart/2[java.lang.String,java.lang.String]",kartName,1
C:\Users\Madhu\Downloads\Racing-Kart-Game-main\src\kartracinggame\KartDataFactory.java,kartracinggame.KartDataFactory,"createKart/2[java.lang.String,java.lang.String]",newKartData,2
C:\Users\Madhu\Downloads\Racing-Kart-Game-main\src\kartracinggame\KartDataFactory.java,kartracinggame.KartDataFactory,"createKart/2[java.lang.String,java.lang.String]",socketAddress,2
C:\Users\Madhu\Downloads\Racing-Kart-Game-main\src\kartracinggame\KartDataFactory.java,kartracinggame.KartDataFactory,"setStartPosition/2[int,int]",x,1
C:\Users\Madhu\Downloads\Racing-Kart-Game-main\src\kartracinggame\KartDataFactory.java,kartracinggame.KartDataFactory,"setStartPosition/2[int,int]",y,1
C:\Users\Madhu\Downloads\Racing-Kart-Game-main\src\kartracinggame\KartAction.java,kartracinggame.KartAction,fromString/1[java.lang.String],actionString,1
C:\Users\Madhu\Downloads\Racing-Kart-Game-main\src\kartracinggame\Scene.java,kartracinggame.Scene,handleKeyPressed/1[int],keyCode,0
C:\Users\Madhu\Downloads\Racing-Kart-Game-main\src\kartracinggame\Scene.java,kartracinggame.Scene,setName/1[java.lang.String],name,2
C:\Users\Madhu\Downloads\Racing-Kart-Game-main\src\kartracinggame\Scene.java,kartracinggame.Scene,Scene/0,animator,2
C:\Users\Madhu\Downloads\Racing-Kart-Game-main\src\kartracinggame\Scene.java,kartracinggame.Scene,"setParams/1[java.util.HashMap<java.lang.String,java.lang.Object>]",params,2
C:\Users\Madhu\Downloads\Racing-Kart-Game-main\src\kartracinggame\Scene.java,kartracinggame.Scene,setupDisplay/1[java.awt.Graphics],g,0
C:\Users\Madhu\Downloads\Racing-Kart-Game-main\src\kartracinggame\Scene.java,kartracinggame.Scene,paintComponent/1[java.awt.Graphics],g,2
C:\Users\Madhu\Downloads\Racing-Kart-Game-main\src\kartracinggame\Scene.java,kartracinggame.Scene,"Scene/1[java.util.HashMap<java.lang.String,java.lang.Object>]",params,1
C:\Users\Madhu\Downloads\Racing-Kart-Game-main\src\kartracinggame\Scene.java,kartracinggame.Scene,navigateTo/1[kartracinggame.Scene],scene,1
C:\Users\Madhu\Downloads\Racing-Kart-Game-main\src\kartracinggame\Main.java,kartracinggame.Main,main/1[java.lang.String[]],args,0
C:\Users\Madhu\Downloads\Racing-Kart-Game-main\src\kartracinggame\Main.java,kartracinggame.Main,keyTyped/1[java.awt.event.KeyEvent],e,0
C:\Users\Madhu\Downloads\Racing-Kart-Game-main\src\kartracinggame\Main.java,kartracinggame.Main,keyReleased/1[java.awt.event.KeyEvent],e,1
C:\Users\Madhu\Downloads\Racing-Kart-Game-main\src\kartracinggame\Main.java,kartracinggame.Main,serverUpdated/1[kartracinggame.Response],response,2
C:\Users\Madhu\Downloads\Racing-Kart-Game-main\src\kartracinggame\Main.java,kartracinggame.Main,showScene/1[kartracinggame.Scene],ex,1
C:\Users\Madhu\Downloads\Racing-Kart-Game-main\src\kartracinggame\Main.java,kartracinggame.Main,showScene/1[kartracinggame.Scene],currentScene,1
C:\Users\Madhu\Downloads\Racing-Kart-Game-main\src\kartracinggame\Main.java,kartracinggame.Main,keyPressed/1[java.awt.event.KeyEvent],e,1
C:\Users\Madhu\Downloads\Racing-Kart-Game-main\src\kartracinggame\Main.java,kartracinggame.Main,keyPressed/1[java.awt.event.KeyEvent],key,1
C:\Users\Madhu\Downloads\Racing-Kart-Game-main\src\kartracinggame\Main.java,kartracinggame.Main,sceneChanged/1[kartracinggame.Scene],currentScene,1
C:\Users\Madhu\Downloads\Racing-Kart-Game-main\src\kartracinggame\ClientListenerThread.java,kartracinggame.ClientListenerThread,run/0,dataArr,1
C:\Users\Madhu\Downloads\Racing-Kart-Game-main\src\kartracinggame\ClientListenerThread.java,kartracinggame.ClientListenerThread,run/0,ex,1
C:\Users\Madhu\Downloads\Racing-Kart-Game-main\src\kartracinggame\ClientListenerThread.java,kartracinggame.ClientListenerThread,run/0,data,1
C:\Users\Madhu\Downloads\Racing-Kart-Game-main\src\kartracinggame\ClientListenerThread.java,kartracinggame.ClientListenerThread,run/0,stream,2
C:\Users\Madhu\Downloads\Racing-Kart-Game-main\src\kartracinggame\ClientListenerThread.java,kartracinggame.ClientListenerThread,run/0,mappedData,4
C:\Users\Madhu\Downloads\Racing-Kart-Game-main\src\kartracinggame\ClientListenerThread.java,kartracinggame.ClientListenerThread,run/0,lines,5
C:\Users\Madhu\Downloads\Racing-Kart-Game-main\src\kartracinggame\ClientListenerThread.java,kartracinggame.ClientListenerThread,run/0,type,2
C:\Users\Madhu\Downloads\Racing-Kart-Game-main\src\kartracinggame\ClientListenerThread.java,kartracinggame.ClientListenerThread,ClientListenerThread/1[java.net.Socket],socket,1
C:\Users\Madhu\Downloads\Racing-Kart-Game-main\src\kartracinggame\Payload.java,kartracinggame.Payload,Payload/1[kartracinggame.PayloadType],type,1
C:\Users\Madhu\Downloads\Racing-Kart-Game-main\src\kartracinggame\Payload.java,kartracinggame.Payload,setType/1[kartracinggame.PayloadType],type,2
C:\Users\Madhu\Downloads\Racing-Kart-Game-main\src\kartracinggame\RoadManager.java,kartracinggame.RoadManager,"paint/2[java.awt.Graphics,java.awt.Color]",color,1
C:\Users\Madhu\Downloads\Racing-Kart-Game-main\src\kartracinggame\RoadManager.java,kartracinggame.RoadManager,"paint/2[java.awt.Graphics,java.awt.Color]",road,2
C:\Users\Madhu\Downloads\Racing-Kart-Game-main\src\kartracinggame\RoadManager.java,kartracinggame.RoadManager,"paint/2[java.awt.Graphics,java.awt.Color]",g,1
C:\Users\Madhu\Downloads\Racing-Kart-Game-main\src\kartracinggame\RoadManager.java,kartracinggame.RoadManager,"paint/2[java.awt.Graphics,java.awt.Color]",g2d,3
C:\Users\Madhu\Downloads\Racing-Kart-Game-main\src\kartracinggame\RoadManager.java,kartracinggame.RoadManager,getCurrentRoadInd/1[kartracinggame.Kart],kartY,2
C:\Users\Madhu\Downloads\Racing-Kart-Game-main\src\kartracinggame\RoadManager.java,kartracinggame.RoadManager,getCurrentRoadInd/1[kartracinggame.Kart],kartX,2
C:\Users\Madhu\Downloads\Racing-Kart-Game-main\src\kartracinggame\RoadManager.java,kartracinggame.RoadManager,getCurrentRoadInd/1[kartracinggame.Kart],roadX,2
C:\Users\Madhu\Downloads\Racing-Kart-Game-main\src\kartracinggame\RoadManager.java,kartracinggame.RoadManager,getCurrentRoadInd/1[kartracinggame.Kart],roadY,2
C:\Users\Madhu\Downloads\Racing-Kart-Game-main\src\kartracinggame\RoadManager.java,kartracinggame.RoadManager,getCurrentRoadInd/1[kartracinggame.Kart],road,4
C:\Users\Madhu\Downloads\Racing-Kart-Game-main\src\kartracinggame\RoadManager.java,kartracinggame.RoadManager,getCurrentRoadInd/1[kartracinggame.Kart],roadHeight,1
C:\Users\Madhu\Downloads\Racing-Kart-Game-main\src\kartracinggame\RoadManager.java,kartracinggame.RoadManager,getCurrentRoadInd/1[kartracinggame.Kart],i,6
C:\Users\Madhu\Downloads\Racing-Kart-Game-main\src\kartracinggame\RoadManager.java,kartracinggame.RoadManager,getCurrentRoadInd/1[kartracinggame.Kart],kart,5
C:\Users\Madhu\Downloads\Racing-Kart-Game-main\src\kartracinggame\RoadManager.java,kartracinggame.RoadManager,getCurrentRoadInd/1[kartracinggame.Kart],currentPos,4
C:\Users\Madhu\Downloads\Racing-Kart-Game-main\src\kartracinggame\RoadManager.java,kartracinggame.RoadManager,getCurrentRoadInd/1[kartracinggame.Kart],roadWidth,1
C:\Users\Madhu\Downloads\Racing-Kart-Game-main\src\kartracinggame\RoadManager.java,kartracinggame.RoadManager,addRoad/1[java.awt.Rectangle],road,1
C:\Users\Madhu\Downloads\Racing-Kart-Game-main\src\kartracinggame\SelectKartScene.java,kartracinggame.SelectKartScene,setupDisplay/1[java.awt.Graphics],buttonColor,2
C:\Users\Madhu\Downloads\Racing-Kart-Game-main\src\kartracinggame\SelectKartScene.java,kartracinggame.SelectKartScene,setupDisplay/1[java.awt.Graphics],g,0
C:\Users\Madhu\Downloads\Racing-Kart-Game-main\src\kartracinggame\SelectKartScene.java,kartracinggame.SelectKartScene,setupDisplay/1[java.awt.Graphics],x,6
C:\Users\Madhu\Downloads\Racing-Kart-Game-main\src\kartracinggame\SelectKartScene.java,kartracinggame.SelectKartScene,setupDisplay/1[java.awt.Graphics],y,6
C:\Users\Madhu\Downloads\Racing-Kart-Game-main\src\kartracinggame\SelectKartScene.java,kartracinggame.SelectKartScene,setupDisplay/1[java.awt.Graphics],params,2
C:\Users\Madhu\Downloads\Racing-Kart-Game-main\src\kartracinggame\SelectKartScene.java,kartracinggame.SelectKartScene,"SelectKartScene/1[java.util.HashMap<java.lang.String,java.lang.Object>]",params,1
C:\Users\Madhu\Downloads\Racing-Kart-Game-main\src\kartracinggame\SelectKartScene.java,kartracinggame.SelectKartScene,handleKeyPressed/1[int],keyCode,0
C:\Users\Madhu\Downloads\Racing-Kart-Game-main\src\kartracinggame\SelectKartScene.java,kartracinggame.SelectKartScene,serverUpdated/1[kartracinggame.Response],kartDatas,2
C:\Users\Madhu\Downloads\Racing-Kart-Game-main\src\kartracinggame\SelectKartScene.java,kartracinggame.SelectKartScene,serverUpdated/1[kartracinggame.Response],data,1
C:\Users\Madhu\Downloads\Racing-Kart-Game-main\src\kartracinggame\SelectKartScene.java,kartracinggame.SelectKartScene,serverUpdated/1[kartracinggame.Response],response,4
C:\Users\Madhu\Downloads\Racing-Kart-Game-main\src\kartracinggame\SelectKartScene.java,kartracinggame.SelectKartScene,serverUpdated/1[kartracinggame.Response],mappedData,6
C:\Users\Madhu\Downloads\Racing-Kart-Game-main\src\kartracinggame\SelectKartScene.java,kartracinggame.SelectKartScene,serverUpdated/1[kartracinggame.Response],kartData,1
C:\Users\Madhu\Downloads\Racing-Kart-Game-main\src\kartracinggame\SelectKartScene.java,kartracinggame.SelectKartScene,serverUpdated/1[kartracinggame.Response],i,3
C:\Users\Madhu\Downloads\Racing-Kart-Game-main\src\kartracinggame\SelectKartScene.java,kartracinggame.SelectKartScene,serverUpdated/1[kartracinggame.Response],lines,2
C:\Users\Madhu\Downloads\Racing-Kart-Game-main\src\kartracinggame\ServerTester.java,kartracinggame.ServerTester,main/1[java.lang.String[]],args,0
C:\Users\Madhu\Downloads\Racing-Kart-Game-main\src\kartracinggame\ServerTester.java,kartracinggame.ServerTester,main/1[java.lang.String[]],ex,1
C:\Users\Madhu\Downloads\Racing-Kart-Game-main\src\kartracinggame\ServerTester.java,kartracinggame.ServerTester,main/1[java.lang.String[]],response,1
C:\Users\Madhu\Downloads\Racing-Kart-Game-main\src\kartracinggame\ServerTester.java,kartracinggame.ServerTester,main/1[java.lang.String[]],line,1
C:\Users\Madhu\Downloads\Racing-Kart-Game-main\src\kartracinggame\ServerTester.java,kartracinggame.ServerTester,main/1[java.lang.String[]],inputStream,1
C:\Users\Madhu\Downloads\Racing-Kart-Game-main\src\kartracinggame\ServerTester.java,kartracinggame.ServerTester,main/1[java.lang.String[]],outputStream,1
C:\Users\Madhu\Downloads\Racing-Kart-Game-main\src\kartracinggame\ServerTester.java,kartracinggame.ServerTester,main/1[java.lang.String[]],typeInput,4
C:\Users\Madhu\Downloads\Racing-Kart-Game-main\src\kartracinggame\ServerTester.java,kartracinggame.ServerTester,main/1[java.lang.String[]],dataInput,2
C:\Users\Madhu\Downloads\Racing-Kart-Game-main\src\kartracinggame\ServerMain.java,kartracinggame.ServerMain,main/1[java.lang.String[]],args,0
C:\Users\Madhu\Downloads\Racing-Kart-Game-main\src\kartracinggame\ServerMain.java,kartracinggame.ServerMain,main/1[java.lang.String[]],server,1
C:\Users\Madhu\Downloads\Racing-Kart-Game-main\src\kartracinggame\CollisionManager.java,kartracinggame.CollisionManager,setScene/1[kartracinggame.Scene],scene,2
C:\Users\Madhu\Downloads\Racing-Kart-Game-main\src\kartracinggame\CollisionManager.java,kartracinggame.CollisionManager,isHit/1[kartracinggame.Collider],collider,3
C:\Users\Madhu\Downloads\Racing-Kart-Game-main\src\kartracinggame\CollisionManager.java,kartracinggame.CollisionManager,isHit/1[kartracinggame.Collider],_collider,3
C:\Users\Madhu\Downloads\Racing-Kart-Game-main\src\kartracinggame\CollisionManager.java,kartracinggame.CollisionManager,"paint/2[java.awt.Graphics,java.awt.Color]",collider,2
C:\Users\Madhu\Downloads\Racing-Kart-Game-main\src\kartracinggame\CollisionManager.java,kartracinggame.CollisionManager,"paint/2[java.awt.Graphics,java.awt.Color]",color,1
C:\Users\Madhu\Downloads\Racing-Kart-Game-main\src\kartracinggame\CollisionManager.java,kartracinggame.CollisionManager,"paint/2[java.awt.Graphics,java.awt.Color]",g,1
C:\Users\Madhu\Downloads\Racing-Kart-Game-main\src\kartracinggame\CollisionManager.java,kartracinggame.CollisionManager,"paint/2[java.awt.Graphics,java.awt.Color]",g2d,3
C:\Users\Madhu\Downloads\Racing-Kart-Game-main\src\kartracinggame\CollisionManager.java,kartracinggame.CollisionManager,"isHitVertical/2[kartracinggame.Collider,kartracinggame.Collider]",colliderA,2
C:\Users\Madhu\Downloads\Racing-Kart-Game-main\src\kartracinggame\CollisionManager.java,kartracinggame.CollisionManager,"isHitVertical/2[kartracinggame.Collider,kartracinggame.Collider]",colliderB,2
C:\Users\Madhu\Downloads\Racing-Kart-Game-main\src\kartracinggame\CollisionManager.java,kartracinggame.CollisionManager,"isHitVertical/2[kartracinggame.Collider,kartracinggame.Collider]",y,4
C:\Users\Madhu\Downloads\Racing-Kart-Game-main\src\kartracinggame\CollisionManager.java,kartracinggame.CollisionManager,"isHitVertical/2[kartracinggame.Collider,kartracinggame.Collider]",_y,4
C:\Users\Madhu\Downloads\Racing-Kart-Game-main\src\kartracinggame\CollisionManager.java,kartracinggame.CollisionManager,"isHitVertical/2[kartracinggame.Collider,kartracinggame.Collider]",_height,1
C:\Users\Madhu\Downloads\Racing-Kart-Game-main\src\kartracinggame\CollisionManager.java,kartracinggame.CollisionManager,"isHitVertical/2[kartracinggame.Collider,kartracinggame.Collider]",height,1
C:\Users\Madhu\Downloads\Racing-Kart-Game-main\src\kartracinggame\CollisionManager.java,kartracinggame.CollisionManager,addCollider/1[kartracinggame.Collider],collider,1
C:\Users\Madhu\Downloads\Racing-Kart-Game-main\src\kartracinggame\CollisionManager.java,kartracinggame.CollisionManager,"isHitHorizontal/2[kartracinggame.Collider,kartracinggame.Collider]",colliderA,2
C:\Users\Madhu\Downloads\Racing-Kart-Game-main\src\kartracinggame\CollisionManager.java,kartracinggame.CollisionManager,"isHitHorizontal/2[kartracinggame.Collider,kartracinggame.Collider]",colliderB,2
C:\Users\Madhu\Downloads\Racing-Kart-Game-main\src\kartracinggame\CollisionManager.java,kartracinggame.CollisionManager,"isHitHorizontal/2[kartracinggame.Collider,kartracinggame.Collider]",x,4
C:\Users\Madhu\Downloads\Racing-Kart-Game-main\src\kartracinggame\CollisionManager.java,kartracinggame.CollisionManager,"isHitHorizontal/2[kartracinggame.Collider,kartracinggame.Collider]",width,1
C:\Users\Madhu\Downloads\Racing-Kart-Game-main\src\kartracinggame\CollisionManager.java,kartracinggame.CollisionManager,"isHitHorizontal/2[kartracinggame.Collider,kartracinggame.Collider]",_x,4
C:\Users\Madhu\Downloads\Racing-Kart-Game-main\src\kartracinggame\CollisionManager.java,kartracinggame.CollisionManager,"isHitHorizontal/2[kartracinggame.Collider,kartracinggame.Collider]",_width,1
C:\Users\Madhu\Downloads\Racing-Kart-Game-main\src\kartracinggame\Animator.java,kartracinggame.Animator$TimerHandler,actionPerformed/1[java.awt.event.ActionEvent],actionEvent,1
C:\Users\Madhu\Downloads\Racing-Kart-Game-main\src\kartracinggame\Client.java,kartracinggame.Client,Client/0,ex,1
C:\Users\Madhu\Downloads\Racing-Kart-Game-main\src\kartracinggame\Client.java,kartracinggame.Client,updateListeners/1[kartracinggame.Response],response,1
C:\Users\Madhu\Downloads\Racing-Kart-Game-main\src\kartracinggame\Client.java,kartracinggame.Client,updateListeners/1[kartracinggame.Response],listener,1
C:\Users\Madhu\Downloads\Racing-Kart-Game-main\src\kartracinggame\Client.java,kartracinggame.Client,removeListener/1[kartracinggame.ServerUpdateListener],listener,1
C:\Users\Madhu\Downloads\Racing-Kart-Game-main\src\kartracinggame\Client.java,kartracinggame.Client,notifyServer/1[kartracinggame.Payload],ex,1
C:\Users\Madhu\Downloads\Racing-Kart-Game-main\src\kartracinggame\Client.java,kartracinggame.Client,notifyServer/1[kartracinggame.Payload],payload,1
C:\Users\Madhu\Downloads\Racing-Kart-Game-main\src\kartracinggame\Client.java,kartracinggame.Client,notifyServer/1[kartracinggame.Payload],stream,1
C:\Users\Madhu\Downloads\Racing-Kart-Game-main\src\kartracinggame\Client.java,kartracinggame.Client,addListener/1[kartracinggame.ServerUpdateListener],listener,1
C:\Users\Madhu\Downloads\Racing-Kart-Game-main\src\kartracinggame\Server.java,kartracinggame.Server$Anonymous1,run/0,lastKartData,2
C:\Users\Madhu\Downloads\Racing-Kart-Game-main\src\kartracinggame\Server.java,kartracinggame.Server$Anonymous1,run/0,_csocket,3
C:\Users\Madhu\Downloads\Racing-Kart-Game-main\src\kartracinggame\Server.java,kartracinggame.Server$Anonymous1,run/0,kartDatasString,2
C:\Users\Madhu\Downloads\Racing-Kart-Game-main\src\kartracinggame\Server.java,kartracinggame.Server$Anonymous1,run/0,socketAddress,3
C:\Users\Madhu\Downloads\Racing-Kart-Game-main\src\kartracinggame\Server.java,kartracinggame.Server$Anonymous1,run/0,bufferSize,1
C:\Users\Madhu\Downloads\Racing-Kart-Game-main\src\kartracinggame\PayloadType.java,kartracinggame.PayloadType,fromString/1[java.lang.String],typeString,1
C:\Users\Madhu\Downloads\Racing-Kart-Game-main\src\kartracinggame\SpeedMeter.java,kartracinggame.SpeedMeter,setSpeed/1[double],speed,2
C:\Users\Madhu\Downloads\Racing-Kart-Game-main\src\kartracinggame\SpeedMeter.java,kartracinggame.SpeedMeter,"SpeedMeter/2[int,int]",x,1
C:\Users\Madhu\Downloads\Racing-Kart-Game-main\src\kartracinggame\SpeedMeter.java,kartracinggame.SpeedMeter,"SpeedMeter/2[int,int]",y,1
C:\Users\Madhu\Downloads\Racing-Kart-Game-main\src\kartracinggame\KartData.java,kartracinggame.KartData,setSpeed/1[double],speed,2
C:\Users\Madhu\Downloads\Racing-Kart-Game-main\src\kartracinggame\KartData.java,kartracinggame.KartData,"setPosition/2[double,double]",x,2
C:\Users\Madhu\Downloads\Racing-Kart-Game-main\src\kartracinggame\KartData.java,kartracinggame.KartData,"setPosition/2[double,double]",y,2
C:\Users\Madhu\Downloads\Racing-Kart-Game-main\src\kartracinggame\KartData.java,kartracinggame.KartData,setAction/1[kartracinggame.KartAction],newAction,1
C:\Users\Madhu\Downloads\Racing-Kart-Game-main\src\kartracinggame\KartData.java,kartracinggame.KartData,"KartData/5[java.lang.String,double,double,kartracinggame.KartAction,double]",x,1
C:\Users\Madhu\Downloads\Racing-Kart-Game-main\src\kartracinggame\KartData.java,kartracinggame.KartData,"KartData/5[java.lang.String,double,double,kartracinggame.KartAction,double]",kartName,1
C:\Users\Madhu\Downloads\Racing-Kart-Game-main\src\kartracinggame\KartData.java,kartracinggame.KartData,"KartData/5[java.lang.String,double,double,kartracinggame.KartAction,double]",y,1
C:\Users\Madhu\Downloads\Racing-Kart-Game-main\src\kartracinggame\KartData.java,kartracinggame.KartData,"KartData/5[java.lang.String,double,double,kartracinggame.KartAction,double]",action,1
C:\Users\Madhu\Downloads\Racing-Kart-Game-main\src\kartracinggame\KartData.java,kartracinggame.KartData,"KartData/5[java.lang.String,double,double,kartracinggame.KartAction,double]",speed,1
C:\Users\Madhu\Downloads\Racing-Kart-Game-main\src\kartracinggame\KartData.java,kartracinggame.KartData,setAngle/1[double],angle,2
C:\Users\Madhu\Downloads\Racing-Kart-Game-main\src\kartracinggame\KartData.java,kartracinggame.KartData,setName/1[java.lang.String],kartName,2
C:\Users\Madhu\Downloads\Racing-Kart-Game-main\src\kartracinggame\KartData.java,kartracinggame.KartData,"KartData/3[java.lang.String,double,double]",x,1
C:\Users\Madhu\Downloads\Racing-Kart-Game-main\src\kartracinggame\KartData.java,kartracinggame.KartData,"KartData/3[java.lang.String,double,double]",kartName,1
C:\Users\Madhu\Downloads\Racing-Kart-Game-main\src\kartracinggame\KartData.java,kartracinggame.KartData,"KartData/3[java.lang.String,double,double]",y,1
C:\Users\Madhu\Downloads\Racing-Kart-Game-main\src\kartracinggame\Server.java,kartracinggame.Server,Server/0,ex,1
C:\Users\Madhu\Downloads\Racing-Kart-Game-main\src\kartracinggame\Server.java,kartracinggame.Server,acceptClients/0,clientSocket,2
C:\Users\Madhu\Downloads\Racing-Kart-Game-main\src\kartracinggame\Server.java,kartracinggame.Server,acceptClients/0,ex,3
C:\Users\Madhu\Downloads\Racing-Kart-Game-main\src\kartracinggame\Server.java,kartracinggame.Server,acceptClients/0,socket,1
C:\Users\Madhu\Downloads\Racing-Kart-Game-main\src\kartracinggame\Server.java,kartracinggame.Server,"updateKart/3[java.net.Socket,kartracinggame.KartAction,double]",lastKartData,5
C:\Users\Madhu\Downloads\Racing-Kart-Game-main\src\kartracinggame\Server.java,kartracinggame.Server,"updateKart/3[java.net.Socket,kartracinggame.KartAction,double]",x,55
C:\Users\Madhu\Downloads\Racing-Kart-Game-main\src\kartracinggame\Server.java,kartracinggame.Server,"updateKart/3[java.net.Socket,kartracinggame.KartAction,double]",action,2
C:\Users\Madhu\Downloads\Racing-Kart-Game-main\src\kartracinggame\Server.java,kartracinggame.Server,"updateKart/3[java.net.Socket,kartracinggame.KartAction,double]",angle,67
C:\Users\Madhu\Downloads\Racing-Kart-Game-main\src\kartracinggame\Server.java,kartracinggame.Server,"updateKart/3[java.net.Socket,kartracinggame.KartAction,double]",y,63
C:\Users\Madhu\Downloads\Racing-Kart-Game-main\src\kartracinggame\Server.java,kartracinggame.Server,"updateKart/3[java.net.Socket,kartracinggame.KartAction,double]",socket,1
C:\Users\Madhu\Downloads\Racing-Kart-Game-main\src\kartracinggame\Server.java,kartracinggame.Server,"updateKart/3[java.net.Socket,kartracinggame.KartAction,double]",newKartData,2
C:\Users\Madhu\Downloads\Racing-Kart-Game-main\src\kartracinggame\Server.java,kartracinggame.Server,"updateKart/3[java.net.Socket,kartracinggame.KartAction,double]",speed,68
C:\Users\Madhu\Downloads\Racing-Kart-Game-main\src\kartracinggame\Server.java,kartracinggame.Server,"updateKart/3[java.net.Socket,kartracinggame.KartAction,double]",socketAddress,2
C:\Users\Madhu\Downloads\Racing-Kart-Game-main\src\kartracinggame\Server.java,kartracinggame.Server,removeKartData/1[java.net.Socket],_csocket,2
C:\Users\Madhu\Downloads\Racing-Kart-Game-main\src\kartracinggame\Server.java,kartracinggame.Server,removeKartData/1[java.net.Socket],socket,2
C:\Users\Madhu\Downloads\Racing-Kart-Game-main\src\kartracinggame\Server.java,kartracinggame.Server,removeKartData/1[java.net.Socket],socketsCount,1
C:\Users\Madhu\Downloads\Racing-Kart-Game-main\src\kartracinggame\Server.java,kartracinggame.Server,removeKartData/1[java.net.Socket],socketAddress,4
C:\Users\Madhu\Downloads\Racing-Kart-Game-main\src\kartracinggame\Server.java,kartracinggame.Server,getSocketAddress/1[java.net.Socket],socket,2
C:\Users\Madhu\Downloads\Racing-Kart-Game-main\src\kartracinggame\Server.java,kartracinggame.Server,"sendError/2[java.net.Socket,kartracinggame.Status]",socket,1
C:\Users\Madhu\Downloads\Racing-Kart-Game-main\src\kartracinggame\Server.java,kartracinggame.Server,"sendError/2[java.net.Socket,kartracinggame.Status]",status,1
C:\Users\Madhu\Downloads\Racing-Kart-Game-main\src\kartracinggame\Server.java,kartracinggame.Server,removeClient/1[java.net.Socket],socket,3
C:\Users\Madhu\Downloads\Racing-Kart-Game-main\src\kartracinggame\Server.java,kartracinggame.Server,"notifyClient/2[java.net.Socket,java.lang.String]",ex,1
C:\Users\Madhu\Downloads\Racing-Kart-Game-main\src\kartracinggame\Server.java,kartracinggame.Server,"notifyClient/2[java.net.Socket,java.lang.String]",data,1
C:\Users\Madhu\Downloads\Racing-Kart-Game-main\src\kartracinggame\Server.java,kartracinggame.Server,"notifyClient/2[java.net.Socket,java.lang.String]",stream,1
C:\Users\Madhu\Downloads\Racing-Kart-Game-main\src\kartracinggame\Server.java,kartracinggame.Server,"notifyClient/2[java.net.Socket,java.lang.String]",socket,2
C:\Users\Madhu\Downloads\Racing-Kart-Game-main\src\kartracinggame\Server.java,kartracinggame.Server,"addKart/2[java.net.Socket,java.lang.String]",_csocket,2
C:\Users\Madhu\Downloads\Racing-Kart-Game-main\src\kartracinggame\Server.java,kartracinggame.Server,"addKart/2[java.net.Socket,java.lang.String]",kartName,1
C:\Users\Madhu\Downloads\Racing-Kart-Game-main\src\kartracinggame\Server.java,kartracinggame.Server,"addKart/2[java.net.Socket,java.lang.String]",socket,1
C:\Users\Madhu\Downloads\Racing-Kart-Game-main\src\kartracinggame\Server.java,kartracinggame.Server,updateKartAtInterval/0,periodicTask,1
C:\Users\Madhu\Downloads\Racing-Kart-Game-main\src\kartracinggame\Animated.java,kartracinggame.Animated,setTotalFrames/1[int],totalFrames,2
C:\Users\Madhu\Downloads\Racing-Kart-Game-main\src\kartracinggame\Animated.java,kartracinggame.Animated,getFrameIcon/1[int],frame,1
C:\Users\Madhu\Downloads\Racing-Kart-Game-main\src\kartracinggame\Animated.java,kartracinggame.Animated,initFrames/1[java.lang.String],targetFolder,2
C:\Users\Madhu\Downloads\Racing-Kart-Game-main\src\kartracinggame\Animated.java,kartracinggame.Animated,initFrames/1[java.lang.String],targetName,1
C:\Users\Madhu\Downloads\Racing-Kart-Game-main\src\kartracinggame\Animated.java,kartracinggame.Animated,initFrames/1[java.lang.String],ex,1
C:\Users\Madhu\Downloads\Racing-Kart-Game-main\src\kartracinggame\Animated.java,kartracinggame.Animated,initFrames/1[java.lang.String],count,4
C:\Users\Madhu\Downloads\Racing-Kart-Game-main\src\kartracinggame\Animated.java,kartracinggame.Animated,initFrames/1[java.lang.String],frameImage,1
C:\Users\Madhu\Downloads\Racing-Kart-Game-main\src\kartracinggame\Animated.java,kartracinggame.Animated,"paint/2[javax.swing.JPanel,java.awt.Graphics]",g,1
C:\Users\Madhu\Downloads\Racing-Kart-Game-main\src\kartracinggame\Animated.java,kartracinggame.Animated,"paint/2[javax.swing.JPanel,java.awt.Graphics]",panel,1
C:\Users\Madhu\Downloads\Racing-Kart-Game-main\src\kartracinggame\Animated.java,kartracinggame.Animated,"Animated/2[double,double]",x,1
C:\Users\Madhu\Downloads\Racing-Kart-Game-main\src\kartracinggame\Animated.java,kartracinggame.Animated,"Animated/2[double,double]",y,1
C:\Users\Madhu\Downloads\Racing-Kart-Game-main\src\kartracinggame\Animated.java,kartracinggame.Animated,setCurrentFrame/1[int],currentFrame,8
C:\Users\Madhu\Downloads\Racing-Kart-Game-main\src\kartracinggame\Animated.java,kartracinggame.Animated,setName/1[java.lang.String],name,3
C:\Users\Madhu\Downloads\Racing-Kart-Game-main\src\kartracinggame\Animated.java,kartracinggame.Animated,setIsPaint/1[boolean],isPaint,2
C:\Users\Madhu\Downloads\Racing-Kart-Game-main\src\kartracinggame\Animated.java,kartracinggame.Animated,setX/1[double],x,2
C:\Users\Madhu\Downloads\Racing-Kart-Game-main\src\kartracinggame\Animated.java,kartracinggame.Animated,setY/1[double],y,2
C:\Users\Madhu\Downloads\Racing-Kart-Game-main\src\kartracinggame\Response.java,kartracinggame.Response,setData/1[java.lang.String],data,2
C:\Users\Madhu\Downloads\Racing-Kart-Game-main\src\kartracinggame\Response.java,kartracinggame.Response,Response/1[kartracinggame.Status],status,1
C:\Users\Madhu\Downloads\Racing-Kart-Game-main\src\kartracinggame\Response.java,kartracinggame.Response,extractStatusAndType/0,line,1
C:\Users\Madhu\Downloads\Racing-Kart-Game-main\src\kartracinggame\Response.java,kartracinggame.Response,extractStatusAndType/0,items,3
C:\Users\Madhu\Downloads\Racing-Kart-Game-main\src\kartracinggame\Response.java,kartracinggame.Response,Response/1[java.lang.String],respString,1
C:\Users\Madhu\Downloads\Racing-Kart-Game-main\src\kartracinggame\Response.java,kartracinggame.Response,setStatus/1[kartracinggame.Status],status,2
C:\Users\Madhu\Downloads\Racing-Kart-Game-main\src\kartracinggame\Response.java,kartracinggame.Response,setLines/1[java.lang.String[]],lines,2
C:\Users\Madhu\Downloads\Racing-Kart-Game-main\src\kartracinggame\Response.java,kartracinggame.Response,convertDataToHashMap/1[java.lang.String[]],res,2
C:\Users\Madhu\Downloads\Racing-Kart-Game-main\src\kartracinggame\Response.java,kartracinggame.Response,convertDataToHashMap/1[java.lang.String[]],colonInd,3
C:\Users\Madhu\Downloads\Racing-Kart-Game-main\src\kartracinggame\Response.java,kartracinggame.Response,convertDataToHashMap/1[java.lang.String[]],data,1
C:\Users\Madhu\Downloads\Racing-Kart-Game-main\src\kartracinggame\Response.java,kartracinggame.Response,convertDataToHashMap/1[java.lang.String[]],d,4
C:\Users\Madhu\Downloads\Racing-Kart-Game-main\src\kartracinggame\Response.java,kartracinggame.Response,convertDataToHashMap/1[java.lang.String[]],value,1
C:\Users\Madhu\Downloads\Racing-Kart-Game-main\src\kartracinggame\Response.java,kartracinggame.Response,convertDataToHashMap/1[java.lang.String[]],key,1
C:\Users\Madhu\Downloads\Racing-Kart-Game-main\src\kartracinggame\Response.java,kartracinggame.Response,toString/0,res,2
C:\Users\Madhu\Downloads\Racing-Kart-Game-main\src\kartracinggame\Response.java,kartracinggame.Response,"Response/2[kartracinggame.Status,kartracinggame.PayloadType]",type,1
C:\Users\Madhu\Downloads\Racing-Kart-Game-main\src\kartracinggame\Response.java,kartracinggame.Response,"Response/2[kartracinggame.Status,kartracinggame.PayloadType]",status,1
C:\Users\Madhu\Downloads\Racing-Kart-Game-main\src\kartracinggame\Response.java,kartracinggame.Response,"Response/3[kartracinggame.Status,kartracinggame.PayloadType,java.lang.String]",data,1
C:\Users\Madhu\Downloads\Racing-Kart-Game-main\src\kartracinggame\Response.java,kartracinggame.Response,"Response/3[kartracinggame.Status,kartracinggame.PayloadType,java.lang.String]",type,1
C:\Users\Madhu\Downloads\Racing-Kart-Game-main\src\kartracinggame\Response.java,kartracinggame.Response,"Response/3[kartracinggame.Status,kartracinggame.PayloadType,java.lang.String]",status,1
C:\Users\Madhu\Downloads\Racing-Kart-Game-main\src\kartracinggame\ServerUpdateListener.java,kartracinggame.ServerUpdateListener,serverUpdated/1[kartracinggame.Response],response,0
C:\Users\Madhu\Downloads\Racing-Kart-Game-main\src\kartracinggame\Animator.java,kartracinggame.Animator,setScene/1[kartracinggame.Scene],scene,2
C:\Users\Madhu\Downloads\Racing-Kart-Game-main\src\kartracinggame\Animator.java,kartracinggame.Animator,update/0,gBuffer,2
C:\Users\Madhu\Downloads\Racing-Kart-Game-main\src\kartracinggame\Animator.java,kartracinggame.Animator,update/0,gScene,2
C:\Users\Madhu\Downloads\Racing-Kart-Game-main\src\kartracinggame\Animator.java,kartracinggame.Animator,update/0,animated,3
C:\Users\Madhu\Downloads\Racing-Kart-Game-main\src\kartracinggame\Animator.java,kartracinggame.Animator,startAnimation/1[int],animationDelay,1
C:\Users\Madhu\Downloads\Racing-Kart-Game-main\src\kartracinggame\Animator.java,kartracinggame.Animator,addAnimated/1[kartracinggame.Animated],animated,1
C:\Users\Madhu\Downloads\Racing-Kart-Game-main\src\kartracinggame\Kart.java,kartracinggame.Kart,Kart/1[kartracinggame.KartData],data,6
C:\Users\Madhu\Downloads\Racing-Kart-Game-main\src\kartracinggame\Kart.java,kartracinggame.Kart,setData/1[kartracinggame.KartData],data,2
C:\Users\Madhu\Downloads\Racing-Kart-Game-main\src\kartracinggame\Kart.java,kartracinggame.Kart,initAudio/0,ex,1
C:\Users\Madhu\Downloads\Racing-Kart-Game-main\src\kartracinggame\Kart.java,kartracinggame.Kart,setAction/1[kartracinggame.KartAction],action,1
C:\Users\Madhu\Downloads\Racing-Kart-Game-main\src\kartracinggame\Kart.java,kartracinggame.Kart,updateFrame/0,currentFrame,2
C:\Users\Madhu\Downloads\Racing-Kart-Game-main\src\kartracinggame\Kart.java,kartracinggame.Kart,updateFrame/0,totalFrames,2
C:\Users\Madhu\Downloads\Racing-Kart-Game-main\src\kartracinggame\Kart.java,kartracinggame.Kart,updateCollideListeners/0,listener,1
C:\Users\Madhu\Downloads\Racing-Kart-Game-main\src\kartracinggame\Kart.java,kartracinggame.Kart,updateMoveListeners/0,listener,1
C:\Users\Madhu\Downloads\Racing-Kart-Game-main\src\kartracinggame\Kart.java,kartracinggame.Kart,addMoveListener/1[kartracinggame.KartMoveListener],listener,1
C:\Users\Madhu\Downloads\Racing-Kart-Game-main\src\kartracinggame\Kart.java,kartracinggame.Kart,addCollideListener/1[kartracinggame.KartCollideListener],listener,1
C:\Users\Madhu\Downloads\Racing-Kart-Game-main\src\kartracinggame\AudioController.java,kartracinggame.AudioController,getClip/1[java.lang.String],name,1
C:\Users\Madhu\Downloads\Racing-Kart-Game-main\src\kartracinggame\AudioController.java,kartracinggame.AudioController,"play/2[java.lang.String,boolean]",name,1
C:\Users\Madhu\Downloads\Racing-Kart-Game-main\src\kartracinggame\AudioController.java,kartracinggame.AudioController,"play/2[java.lang.String,boolean]",doFull,1
C:\Users\Madhu\Downloads\Racing-Kart-Game-main\src\kartracinggame\AudioController.java,kartracinggame.AudioController,"play/2[java.lang.String,boolean]",clip,4
C:\Users\Madhu\Downloads\Racing-Kart-Game-main\src\kartracinggame\AudioController.java,kartracinggame.AudioController,stop/1[java.lang.String],name,1
C:\Users\Madhu\Downloads\Racing-Kart-Game-main\src\kartracinggame\AudioController.java,kartracinggame.AudioController,addClip/1[java.lang.String],newClip,2
C:\Users\Madhu\Downloads\Racing-Kart-Game-main\src\kartracinggame\AudioController.java,kartracinggame.AudioController,addClip/1[java.lang.String],stream,1
C:\Users\Madhu\Downloads\Racing-Kart-Game-main\src\kartracinggame\AudioController.java,kartracinggame.AudioController,addClip/1[java.lang.String],filePath,1
C:\Users\Madhu\Downloads\Racing-Kart-Game-main\src\kartracinggame\AudioController.java,kartracinggame.AudioController,addClip/1[java.lang.String],name,2
C:\Users\Madhu\Downloads\Racing-Kart-Game-main\src\kartracinggame\AudioController.java,kartracinggame.AudioController,"updateVolume/2[java.lang.String,float]",volume,1
C:\Users\Madhu\Downloads\Racing-Kart-Game-main\src\kartracinggame\AudioController.java,kartracinggame.AudioController,"updateVolume/2[java.lang.String,float]",gainControl,1
C:\Users\Madhu\Downloads\Racing-Kart-Game-main\src\kartracinggame\AudioController.java,kartracinggame.AudioController,"updateVolume/2[java.lang.String,float]",name,1
C:\Users\Madhu\Downloads\Racing-Kart-Game-main\src\kartracinggame\SelectKartScene.java,kartracinggame.SelectKartScene$Anonymous2,actionPerformed/1[java.awt.event.ActionEvent],e,0
C:\Users\Madhu\Downloads\Racing-Kart-Game-main\src\kartracinggame\KartSelectedRequest.java,kartracinggame.KartSelectedRequest,setKartName/1[java.lang.String],kartName,2
C:\Users\Madhu\Downloads\Racing-Kart-Game-main\src\kartracinggame\KartSelectedRequest.java,kartracinggame.KartSelectedRequest,KartSelectedRequest/1[java.lang.String],kartName,1
C:\Users\Madhu\Downloads\Racing-Kart-Game-main\src\kartracinggame\SelectKartScene.java,kartracinggame.SelectKartScene$Anonymous1,actionPerformed/1[java.awt.event.ActionEvent],e,0
C:\Users\Madhu\Downloads\Racing-Kart-Game-main\src\kartracinggame\KartMoveListener.java,kartracinggame.KartMoveListener,kartMoved/1[kartracinggame.Kart],kart,0
